2026-09-29T22:49:41.5655899Z Current runner version: '2.337.0'
2026-09-29T22:49:41.5681828Z ##[group]Runner Image Provisioner
2026-09-29T22:49:41.5682858Z Hosted Compute Agent
2026-09-29T22:49:41.5683556Z Version: 20260901.588
2026-09-29T22:49:41.5684263Z Commit: f88ec8081b781fac6c440065ac7ff9e710ce3d0b
2026-09-29T22:49:41.5685036Z Build Date: 2026-09-01T19:56:44Z
2026-09-29T22:49:41.5685890Z Worker ID: {ab9a502e-36bf-43db-86ef-2894bd972062}
2026-09-29T22:49:41.5686603Z Azure Region: eastus2
2026-09-29T22:49:41.5687264Z ##[endgroup]
2026-09-29T22:49:41.5688986Z ##[group]Operating System
2026-09-29T22:49:41.5689640Z Ubuntu
2026-09-29T22:49:41.5690325Z 24.04.5
2026-09-29T22:49:41.5690874Z LTS
2026-09-29T22:49:41.5692010Z ##[endgroup]
2026-09-29T22:49:41.5692623Z ##[group]Runner Image
2026-09-29T22:49:41.5693256Z Image: ubuntu-24.04-arm
2026-09-29T22:49:41.5694018Z Version: 20260927.135.1
2026-09-29T22:49:41.5695326Z Included Software: https://github.com/actions/runner-images/blob/ubuntu24-arm64/20260927.135/images/ubuntu/Ubuntu2404-Arm64-Readme.md
2026-09-29T22:49:41.5697006Z Image Release: https://github.com/actions/runner-images/releases/tag/ubuntu24-arm64%2F20260927.135
2026-09-29T22:49:41.5697978Z ##[endgroup]
2026-09-29T22:49:41.5699320Z ##[group]GITHUB_TOKEN Permissions
2026-09-29T22:49:41.5702241Z Contents: read
2026-09-29T22:49:41.5702894Z Metadata: read
2026-09-29T22:49:41.5703556Z Packages: read
2026-09-29T22:49:41.5704221Z ##[endgroup]
2026-09-29T22:49:41.5706931Z Secret source: Actions
2026-09-29T22:49:41.5708101Z Cache mode: write
2026-09-29T22:49:41.5709050Z Prepare workflow directory
2026-09-29T22:49:41.6043141Z Prepare all required actions
2026-09-29T22:49:41.6090524Z Getting action download info
2026-09-29T22:49:41.8149072Z Download action repository 'actions/checkout@v4' (SHA:11d5960a326750d5838078e36cf38b85af677262)
2026-09-29T22:49:41.8929884Z Download action repository 'actions/setup-python@v5' (SHA:a26af69be951a213d495a4c3e4e4022e16d87065)
2026-09-29T22:49:42.0264250Z Download action repository 'actions/upload-artifact@v4' (SHA:ea165f8d65b6e75b540449e92b4886f43607fa02)
2026-09-29T22:49:42.2055944Z Complete job name: supportability (linux-arm64)
2026-09-29T22:49:42.2902910Z ##[group]Run actions/checkout@v4
2026-09-29T22:49:42.2904135Z with:
2026-09-29T22:49:42.2904962Z   fetch-depth: 0
2026-09-29T22:49:42.2905600Z   repository: PrimeLab-Foundation/strata
2026-09-29T22:49:42.2909261Z   token: ***
2026-09-29T22:49:42.2909876Z   ssh-strict: true
2026-09-29T22:49:42.2910426Z   ssh-user: git
2026-09-29T22:49:42.2911585Z   persist-credentials: true
2026-09-29T22:49:42.2912281Z   clean: true
2026-09-29T22:49:42.2912865Z   sparse-checkout-cone-mode: true
2026-09-29T22:49:42.2913638Z   fetch-tags: false
2026-09-29T22:49:42.2914211Z   show-progress: true
2026-09-29T22:49:42.2914842Z   lfs: false
2026-09-29T22:49:42.2915399Z   submodules: false
2026-09-29T22:49:42.2915970Z   set-safe-directory: true
2026-09-29T22:49:42.2916659Z   allow-unsafe-pr-checkout: false
2026-09-29T22:49:42.2917784Z ##[endgroup]
2026-09-29T22:49:42.3754769Z Syncing repository: PrimeLab-Foundation/strata
2026-09-29T22:49:42.3757070Z ##[group]Getting Git version info
2026-09-29T22:49:42.3758033Z Working directory is '/home/runner/work/strata/strata'
2026-09-29T22:49:42.3759298Z [command]/usr/bin/git version
2026-09-29T22:49:42.3852323Z git version 2.55.0
2026-09-29T22:49:42.3866072Z ##[endgroup]
2026-09-29T22:49:42.3879195Z Temporarily overriding HOME='/home/runner/work/_temp/15eae49c-14bd-4479-8527-e3aec9a4c88d' before making global git config changes
2026-09-29T22:49:42.3880965Z Adding repository directory to the temporary git global config as a safe directory
2026-09-29T22:49:42.3884939Z [command]/usr/bin/git config --global --add safe.directory /home/runner/work/strata/strata
2026-09-29T22:49:42.3909330Z Deleting the contents of '/home/runner/work/strata/strata'
2026-09-29T22:49:42.3914607Z ##[group]Initializing the repository
2026-09-29T22:49:42.3918541Z [command]/usr/bin/git init /home/runner/work/strata/strata
2026-09-29T22:49:42.4010153Z hint: Using 'master' as the name for the initial branch. This default branch name
2026-09-29T22:49:42.4011819Z hint: will change to "main" in Git 3.0. To configure the initial branch name
2026-09-29T22:49:42.4012907Z hint: to use in all of your new repositories, which will suppress this warning,
2026-09-29T22:49:42.4013748Z hint: call:
2026-09-29T22:49:42.4014525Z hint:
2026-09-29T22:49:42.4015209Z hint: 	git config --global init.defaultBranch <name>
2026-09-29T22:49:42.4015944Z hint:
2026-09-29T22:49:42.4016726Z hint: Names commonly chosen instead of 'master' are 'main', 'trunk' and
2026-09-29T22:49:42.4017720Z hint: 'development'. The just-created branch can be renamed via this command:
2026-09-29T22:49:42.4018934Z hint:
2026-09-29T22:49:42.4019965Z hint: 	git branch -m <name>
2026-09-29T22:49:42.4020600Z hint:
2026-09-29T22:49:42.4021683Z hint: Disable this message with "git config set advice.defaultBranchName false"
2026-09-29T22:49:42.4022863Z Initialized empty Git repository in /home/runner/work/strata/strata/.git/
2026-09-29T22:49:42.4025006Z [command]/usr/bin/git remote add origin https://github.com/PrimeLab-Foundation/strata
2026-09-29T22:49:42.4052223Z ##[endgroup]
2026-09-29T22:49:42.4053377Z ##[group]Disabling automatic garbage collection
2026-09-29T22:49:42.4055633Z [command]/usr/bin/git config --local gc.auto 0
2026-09-29T22:49:42.4093457Z ##[endgroup]
2026-09-29T22:49:42.4094789Z ##[group]Setting up auth
2026-09-29T22:49:42.4095976Z [command]/usr/bin/git config --local --name-only --get-regexp core\.sshCommand
2026-09-29T22:49:42.4112372Z [command]/usr/bin/git submodule foreach --recursive sh -c "git config --local --name-only --get-regexp 'core\.sshCommand' && git config --local --unset-all 'core.sshCommand' || :"
2026-09-29T22:49:42.4383565Z [command]/usr/bin/git config --local --name-only --get-regexp http\.https\:\/\/github\.com\/\.extraheader
2026-09-29T22:49:42.4411966Z [command]/usr/bin/git submodule foreach --recursive sh -c "git config --local --name-only --get-regexp 'http\.https\:\/\/github\.com\/\.extraheader' && git config --local --unset-all 'http.https://github.com/.extraheader' || :"
2026-09-29T22:49:42.4584091Z [command]/usr/bin/git config --local --name-only --get-regexp ^includeIf\.gitdir:
2026-09-29T22:49:42.4613877Z [command]/usr/bin/git submodule foreach --recursive git config --local --show-origin --name-only --get-regexp remote.origin.url
2026-09-29T22:49:42.4789829Z [command]/usr/bin/git config --local http.https://github.com/.extraheader AUTHORIZATION: basic ***
2026-09-29T22:49:42.4835457Z ##[endgroup]
2026-09-29T22:49:42.4836573Z ##[group]Fetching the repository
2026-09-29T22:49:42.4844347Z [command]/usr/bin/git -c protocol.version=2 fetch --prune --no-recurse-submodules origin +refs/heads/*:refs/remotes/origin/* +refs/tags/*:refs/tags/*
2026-09-29T22:49:44.3199066Z From https://github.com/PrimeLab-Foundation/strata
2026-09-29T22:49:44.3200591Z  * [new branch]      exp/ab-historic-base        -> origin/exp/ab-historic-base
2026-09-29T22:49:44.3201880Z  * [new branch]      exp/cold-entry              -> origin/exp/cold-entry
2026-09-29T22:49:44.3203285Z  * [new branch]      exp/cold-slot-interleave    -> origin/exp/cold-slot-interleave
2026-09-29T22:49:44.3204508Z  * [new branch]      exp/cross-sample            -> origin/exp/cross-sample
2026-09-29T22:49:44.3205679Z  * [new branch]      exp/emit-n2                 -> origin/exp/emit-n2
2026-09-29T22:49:44.3206850Z  * [new branch]      exp/m12-ab-arm              -> origin/exp/m12-ab-arm
2026-09-29T22:49:44.3208047Z  * [new branch]      exp/m12-base-pin            -> origin/exp/m12-base-pin
2026-09-29T22:49:44.3209259Z  * [new branch]      exp/m12-base-pin2           -> origin/exp/m12-base-pin2
2026-09-29T22:49:44.3210507Z  * [new branch]      exp/m12-default-hook        -> origin/exp/m12-default-hook
2026-09-29T22:49:44.3211901Z  * [new branch]      exp/m12-default-hook-2      -> origin/exp/m12-default-hook-2
2026-09-29T22:49:44.3213271Z  * [new branch]      exp/m12-source-ab           -> origin/exp/m12-source-ab
2026-09-29T22:49:44.3214376Z  * [new branch]      exp/m12b-ab-arm             -> origin/exp/m12b-ab-arm
2026-09-29T22:49:44.3216132Z  * [new branch]      exp/m12b-dumps-with-default -> origin/exp/m12b-dumps-with-default
2026-09-29T22:49:44.3217467Z  * [new branch]      exp/m13-adapters            -> origin/exp/m13-adapters
2026-09-29T22:49:44.3218653Z  * [new branch]      exp/m15-ab-arm              -> origin/exp/m15-ab-arm
2026-09-29T22:49:44.3219866Z  * [new branch]      exp/main-repair             -> origin/exp/main-repair
2026-09-29T22:49:44.3220966Z  * [new branch]      exp/native-gap              -> origin/exp/native-gap
2026-09-29T22:49:44.3222369Z  * [new branch]      exp/native-types            -> origin/exp/native-types
2026-09-29T22:49:44.3223519Z  * [new branch]      exp/p0-integration          -> origin/exp/p0-integration
2026-09-29T22:49:44.3224651Z  * [new branch]      exp/p0p6-integration        -> origin/exp/p0p6-integration
2026-09-29T22:49:44.3225811Z  * [new branch]      exp/p23-b1                  -> origin/exp/p23-b1
2026-09-29T22:49:44.3226984Z  * [new branch]      exp/p23-b1-tests            -> origin/exp/p23-b1-tests
2026-09-29T22:49:44.3228274Z  * [new branch]      exp/p23-general-tables      -> origin/exp/p23-general-tables
2026-09-29T22:49:44.3229450Z  * [new branch]      exp/p23-tests-only          -> origin/exp/p23-tests-only
2026-09-29T22:49:44.3230597Z  * [new branch]      exp/p24-open-cost           -> origin/exp/p24-open-cost
2026-09-29T22:49:44.3232035Z  * [new branch]      exp/p24-tests-only          -> origin/exp/p24-tests-only
2026-09-29T22:49:44.3233254Z  * [new branch]      exp/p26-tests-arm           -> origin/exp/p26-tests-arm
2026-09-29T22:49:44.3234436Z  * [new branch]      exp/p26-win-abi             -> origin/exp/p26-win-abi
2026-09-29T22:49:44.3235758Z  * [new branch]      exp/p6-acceptance2          -> origin/exp/p6-acceptance2
2026-09-29T22:49:44.3237111Z  * [new branch]      exp/p6-windows-ab           -> origin/exp/p6-windows-ab
2026-09-29T22:49:44.3238316Z  * [new branch]      exp/p6-x86-ab               -> origin/exp/p6-x86-ab
2026-09-29T22:49:44.3239669Z  * [new branch]      exp/p6-x86-regs             -> origin/exp/p6-x86-regs
2026-09-29T22:49:44.3240947Z  * [new branch]      exp/p6p7-integration        -> origin/exp/p6p7-integration
2026-09-29T22:49:44.3242322Z  * [new branch]      exp/p7-x86-nofp             -> origin/exp/p7-x86-nofp
2026-09-29T22:49:44.3243454Z  * [new branch]      exp/p7b-tests-only          -> origin/exp/p7b-tests-only
2026-09-29T22:49:44.3244726Z  * [new branch]      exp/p8-b1                   -> origin/exp/p8-b1
2026-09-29T22:49:44.3245751Z  * [new branch]      exp/p8-b12                  -> origin/exp/p8-b12
2026-09-29T22:49:44.3246927Z  * [new branch]      exp/p8-b2                   -> origin/exp/p8-b2
2026-09-29T22:49:44.3248068Z  * [new branch]      exp/p9-fused-dicts          -> origin/exp/p9-fused-dicts
2026-09-29T22:49:44.3249262Z  * [new branch]      exp/p9-probe-flag           -> origin/exp/p9-probe-flag
2026-09-29T22:49:44.3250641Z  * [new branch]      exp/p9-probe-placement      -> origin/exp/p9-probe-placement
2026-09-29T22:49:44.3252145Z  * [new branch]      exp/pin-discovery-ab        -> origin/exp/pin-discovery-ab
2026-09-29T22:49:44.3253372Z  * [new branch]      exp/pin-discovery-test      -> origin/exp/pin-discovery-test
2026-09-29T22:49:44.3254553Z  * [new branch]      exp/t1-ab                   -> origin/exp/t1-ab
2026-09-29T22:49:44.3255733Z  * [new branch]      exp/t1-private-cache-leak   -> origin/exp/t1-private-cache-leak
2026-09-29T22:49:44.3257008Z  * [new branch]      exp/t1-source-ab            -> origin/exp/t1-source-ab
2026-09-29T22:49:44.3258147Z  * [new branch]      exp/t1-tests-only           -> origin/exp/t1-tests-only
2026-09-29T22:49:44.3259310Z  * [new branch]      exp/t2-evidence-gates       -> origin/exp/t2-evidence-gates
2026-09-29T22:49:44.3260569Z  * [new branch]      exp/t3-ab-estimator         -> origin/exp/t3-ab-estimator
2026-09-29T22:49:44.3261851Z  * [new branch]      exp/win-mixed-probe         -> origin/exp/win-mixed-probe
2026-09-29T22:49:44.3263349Z  * [new branch]      exp/win-rawwalk-check       -> origin/exp/win-rawwalk-check
2026-09-29T22:49:44.3264516Z  * [new branch]      main                        -> origin/main
2026-09-29T22:49:44.3265602Z  * [new branch]      work/benchmark-lead         -> origin/work/benchmark-lead
2026-09-29T22:49:44.3266878Z  * [new branch]      work/september-7-plan       -> origin/work/september-7-plan
2026-09-29T22:49:44.3268017Z  * [new tag]         archive/exp/audit-tests     -> archive/exp/audit-tests
2026-09-29T22:49:44.3269111Z  * [new tag]         archive/exp/cursor          -> archive/exp/cursor
2026-09-29T22:49:44.3270134Z  * [new tag]         archive/exp/cursor2         -> archive/exp/cursor2
2026-09-29T22:49:44.3271226Z  * [new tag]         archive/exp/digitchain      -> archive/exp/digitchain
2026-09-29T22:49:44.3272746Z  * [new tag]         archive/exp/dump-flat-macos -> archive/exp/dump-flat-macos
2026-09-29T22:49:44.3273859Z  * [new tag]         archive/exp/dumps-n2        -> archive/exp/dumps-n2
2026-09-29T22:49:44.3275029Z  * [new tag]         archive/exp/e26-p2-profile  -> archive/exp/e26-p2-profile
2026-09-29T22:49:44.3276383Z  * [new tag]         archive/exp/fix1-reentrant-mutation -> archive/exp/fix1-reentrant-mutation
2026-09-29T22:49:44.3277846Z  * [new tag]         archive/exp/fix1-reentrant-mutation-v2 -> archive/exp/fix1-reentrant-mutation-v2
2026-09-29T22:49:44.3279320Z  * [new tag]         archive/exp/fix1-reentrant-mutation-v3 -> archive/exp/fix1-reentrant-mutation-v3
2026-09-29T22:49:44.3280786Z  * [new tag]         archive/exp/fix1-reentrant-mutation-v4 -> archive/exp/fix1-reentrant-mutation-v4
2026-09-29T22:49:44.3282347Z  * [new tag]         archive/exp/fix2-surrogate-key -> archive/exp/fix2-surrogate-key
2026-09-29T22:49:44.3283534Z  * [new tag]         archive/exp/p0-controls     -> archive/exp/p0-controls
2026-09-29T22:49:44.3284622Z  * [new tag]         archive/exp/p1-attribution  -> archive/exp/p1-attribution
2026-09-29T22:49:44.3286084Z  * [new tag]         archive/exp/shrink-cold-instruction-footprint -> archive/exp/shrink-cold-instruction-footprint
2026-09-29T22:49:44.3287927Z  * [new tag]         archive/exp/shrink-write-stack-frames -> archive/exp/shrink-write-stack-frames
2026-09-29T22:49:44.3289305Z  * [new tag]         archive/exp/terminator      -> archive/exp/terminator
2026-09-29T22:49:44.3290718Z  * [new tag]         archive/exp/width-flat-format-int64-above-1e4 -> archive/exp/width-flat-format-int64-above-1e4
2026-09-29T22:49:44.3292319Z  * [new tag]         archive/main-from-scratch-v1 -> archive/main-from-scratch-v1
2026-09-29T22:49:44.3293520Z  * [new tag]         archive/main-v2             -> archive/main-v2
2026-09-29T22:49:44.3294551Z  * [new tag]         archive/main-v2-0.1         -> archive/main-v2-0.1
2026-09-29T22:49:44.3295788Z  * [new tag]         archive/main-v2-long-run-do-nothing -> archive/main-v2-long-run-do-nothing
2026-09-29T22:49:44.3297203Z  * [new tag]         archive/main-v2-prompt-1    -> archive/main-v2-prompt-1
2026-09-29T22:49:44.3298325Z  * [new tag]         archive/main-v2-prompt-2    -> archive/main-v2-prompt-2
2026-09-29T22:49:44.3299494Z  * [new tag]         archive/main-v2-prompt-3    -> archive/main-v2-prompt-3
2026-09-29T22:49:44.3300614Z  * [new tag]         archive/main-v2-prompt-4    -> archive/main-v2-prompt-4
2026-09-29T22:49:44.3303181Z [command]/usr/bin/git branch --list --remote origin/exp/native-gap
2026-09-29T22:49:44.3304134Z   origin/exp/native-gap
2026-09-29T22:49:44.3306026Z [command]/usr/bin/git rev-parse refs/remotes/origin/exp/native-gap
2026-09-29T22:49:44.3307002Z 271a2a0864aa430c4690ca9b609e4201e13cfb51
2026-09-29T22:49:44.3309129Z ##[endgroup]
2026-09-29T22:49:44.3310379Z ##[group]Determining the checkout info
2026-09-29T22:49:44.3311919Z ##[endgroup]
2026-09-29T22:49:44.3312667Z [command]/usr/bin/git sparse-checkout disable
2026-09-29T22:49:44.3315121Z [command]/usr/bin/git config --local --unset-all extensions.worktreeConfig
2026-09-29T22:49:44.3330026Z ##[group]Checking out the ref
2026-09-29T22:49:44.3332438Z [command]/usr/bin/git checkout --progress --force -B exp/native-gap refs/remotes/origin/exp/native-gap
2026-09-29T22:49:44.4780059Z Switched to a new branch 'exp/native-gap'
2026-09-29T22:49:44.4782849Z branch 'exp/native-gap' set up to track 'origin/exp/native-gap'.
2026-09-29T22:49:44.4794545Z ##[endgroup]
2026-09-29T22:49:44.4829366Z [command]/usr/bin/git log -1 --format=%H
2026-09-29T22:49:44.4850342Z 271a2a0864aa430c4690ca9b609e4201e13cfb51
2026-09-29T22:49:44.5164007Z ##[group]Run actions/setup-python@v5
2026-09-29T22:49:44.5165241Z with:
2026-09-29T22:49:44.5166035Z   python-version: 3.12
2026-09-29T22:49:44.5166965Z   check-latest: false
2026-09-29T22:49:44.5174356Z   token: ***
2026-09-29T22:49:44.5175194Z   update-environment: true
2026-09-29T22:49:44.5176153Z   allow-prereleases: false
2026-09-29T22:49:44.5177054Z   freethreaded: false
2026-09-29T22:49:44.5177895Z ##[endgroup]
2026-09-29T22:49:44.6282521Z ##[group]Installed versions
2026-09-29T22:49:44.6379513Z (node:2191) [DEP0040] DeprecationWarning: The `punycode` module is deprecated. Please use a userland alternative instead.
2026-09-29T22:49:44.6381931Z (Use `node --trace-deprecation ...` to show where the warning was created)
2026-09-29T22:49:44.6383338Z Successfully set up CPython (3.12.14)
2026-09-29T22:49:44.6385037Z ##[endgroup]
2026-09-29T22:49:44.6539055Z ##[group]Run sudo apt-get update
2026-09-29T22:49:44.6540222Z sudo apt-get update
2026-09-29T22:49:44.6541213Z sudo apt-get install -y clang llvm cmake
2026-09-29T22:49:44.6664528Z shell: /usr/bin/bash -e {0}
2026-09-29T22:49:44.6665542Z env:
2026-09-29T22:49:44.6666446Z   pythonLocation: /opt/hostedtoolcache/Python/3.12.14/arm64
2026-09-29T22:49:44.6667873Z   PKG_CONFIG_PATH: /opt/hostedtoolcache/Python/3.12.14/arm64/lib/pkgconfig
2026-09-29T22:49:44.6669404Z   Python_ROOT_DIR: /opt/hostedtoolcache/Python/3.12.14/arm64
2026-09-29T22:49:44.6670685Z   Python2_ROOT_DIR: /opt/hostedtoolcache/Python/3.12.14/arm64
2026-09-29T22:49:44.6672346Z   Python3_ROOT_DIR: /opt/hostedtoolcache/Python/3.12.14/arm64
2026-09-29T22:49:44.6673774Z   LD_LIBRARY_PATH: /opt/hostedtoolcache/Python/3.12.14/arm64/lib
2026-09-29T22:49:44.6674933Z ##[endgroup]
2026-09-29T22:49:44.7581665Z Get:1 https://packages.microsoft.com/ubuntu/24.04/prod noble InRelease [3600 B]
2026-09-29T22:49:44.8049069Z Get:2 https://packages.microsoft.com/ubuntu/24.04/prod noble/main amd64 Packages [503 kB]
2026-09-29T22:49:44.8171096Z Get:3 https://packages.microsoft.com/ubuntu/24.04/prod noble/main arm64 Packages [454 kB]
2026-09-29T22:49:45.0436228Z Hit:4 http://ports.ubuntu.com/ubuntu-ports noble InRelease
2026-09-29T22:49:45.1567938Z Get:5 http://ports.ubuntu.com/ubuntu-ports noble-updates InRelease [126 kB]
2026-09-29T22:49:45.6428921Z Get:6 http://ports.ubuntu.com/ubuntu-ports noble-backports InRelease [126 kB]
2026-09-29T22:49:45.8814287Z Get:7 http://ports.ubuntu.com/ubuntu-ports noble-security InRelease [126 kB]
2026-09-29T22:49:46.0407874Z Get:8 http://ports.ubuntu.com/ubuntu-ports noble-updates/main arm64 Packages [1380 kB]
2026-09-29T22:49:46.5749536Z Get:9 http://ports.ubuntu.com/ubuntu-ports noble-updates/main Translation-en [299 kB]
2026-09-29T22:49:46.7104768Z Get:10 http://ports.ubuntu.com/ubuntu-ports noble-updates/main arm64 Components [178 kB]
2026-09-29T22:49:46.8362942Z Get:11 http://ports.ubuntu.com/ubuntu-ports noble-updates/universe arm64 Packages [1734 kB]
2026-09-29T22:49:47.1229950Z Get:12 http://ports.ubuntu.com/ubuntu-ports noble-updates/universe arm64 Components [387 kB]
2026-09-29T22:49:47.2516218Z Get:13 http://ports.ubuntu.com/ubuntu-ports noble-updates/restricted arm64 Packages [2478 kB]
2026-09-29T22:49:47.5025994Z Get:14 http://ports.ubuntu.com/ubuntu-ports noble-updates/restricted Translation-en [379 kB]
2026-09-29T22:49:47.6223323Z Get:15 http://ports.ubuntu.com/ubuntu-ports noble-backports/main arm64 Components [3560 B]
2026-09-29T22:49:47.7357757Z Get:16 http://ports.ubuntu.com/ubuntu-ports noble-backports/universe arm64 Components [12.6 kB]
2026-09-29T22:49:47.8492959Z Get:17 http://ports.ubuntu.com/ubuntu-ports noble-security/main arm64 Packages [1124 kB]
2026-09-29T22:49:48.1386954Z Get:18 http://ports.ubuntu.com/ubuntu-ports noble-security/main Translation-en [220 kB]
2026-09-29T22:49:48.2564983Z Get:19 http://ports.ubuntu.com/ubuntu-ports noble-security/main arm64 Components [43.3 kB]
2026-09-29T22:49:48.3701143Z Get:20 http://ports.ubuntu.com/ubuntu-ports noble-security/universe arm64 Packages [1286 kB]
2026-09-29T22:49:48.5092591Z Get:21 http://ports.ubuntu.com/ubuntu-ports noble-security/universe Translation-en [244 kB]
2026-09-29T22:49:48.6266033Z Get:22 http://ports.ubuntu.com/ubuntu-ports noble-security/universe arm64 Components [76.3 kB]
2026-09-29T22:49:48.7405292Z Get:23 http://ports.ubuntu.com/ubuntu-ports noble-security/restricted arm64 Packages [2355 kB]
2026-09-29T22:49:48.9023601Z Get:24 http://ports.ubuntu.com/ubuntu-ports noble-security/restricted Translation-en [359 kB]
2026-09-29T22:49:51.9461730Z Fetched 13.9 MB in 4s (3256 kB/s)
2026-09-29T22:49:52.7878911Z Reading package lists...
2026-09-29T22:49:52.8152291Z Reading package lists...
2026-09-29T22:49:52.9965944Z Building dependency tree...
2026-09-29T22:49:52.9972050Z Reading state information...
2026-09-29T22:49:53.2045749Z The following additional packages will be installed:
2026-09-29T22:49:53.2052717Z   cmake-data libjsoncpp25 librhash0 llvm-runtime
2026-09-29T22:49:53.2060194Z Suggested packages:
2026-09-29T22:49:53.2060756Z   cmake-doc cmake-format elpa-cmake-mode ninja-build
2026-09-29T22:49:53.2226811Z The following NEW packages will be installed:
2026-09-29T22:49:53.2234426Z   clang cmake cmake-data libjsoncpp25 librhash0 llvm llvm-runtime
2026-09-29T22:49:53.5595137Z 0 upgraded, 7 newly installed, 0 to remove and 16 not upgraded.
2026-09-29T22:49:53.5595641Z Need to get 12.7 MB of archives.
2026-09-29T22:49:53.5595996Z After this operation, 45.1 MB of additional disk space will be used.
2026-09-29T22:49:53.5596915Z Get:1 http://ports.ubuntu.com/ubuntu-ports noble/universe arm64 clang arm64 1:18.0-59~exp2 [5854 B]
2026-09-29T22:49:53.6741638Z Get:2 http://ports.ubuntu.com/ubuntu-ports noble/main arm64 libjsoncpp25 arm64 1.9.5-6build1 [78.2 kB]
2026-09-29T22:49:54.0343424Z Get:3 http://ports.ubuntu.com/ubuntu-ports noble/main arm64 librhash0 arm64 1.4.3-3build1 [126 kB]
2026-09-29T22:49:54.2926948Z Get:4 http://ports.ubuntu.com/ubuntu-ports noble/main arm64 cmake-data all 3.28.3-1build7 [2155 kB]
2026-09-29T22:49:55.0287665Z Get:5 http://ports.ubuntu.com/ubuntu-ports noble/main arm64 cmake arm64 3.28.3-1build7 [10.3 MB]
2026-09-29T22:49:55.6339907Z Get:6 http://ports.ubuntu.com/ubuntu-ports noble/universe arm64 llvm-runtime arm64 1:18.0-59~exp2 [5498 B]
2026-09-29T22:49:55.7483432Z Get:7 http://ports.ubuntu.com/ubuntu-ports noble/universe arm64 llvm arm64 1:18.0-59~exp2 [4150 B]
2026-09-29T22:49:55.9632174Z Fetched 12.7 MB in 3s (5042 kB/s)
2026-09-29T22:49:55.9809429Z Selecting previously unselected package clang.
2026-09-29T22:49:55.9985435Z (Reading database ... 
2026-09-29T22:49:55.9985744Z (Reading database ... 5%
2026-09-29T22:49:55.9986158Z (Reading database ... 10%
2026-09-29T22:49:55.9986412Z (Reading database ... 15%
2026-09-29T22:49:55.9986775Z (Reading database ... 20%
2026-09-29T22:49:55.9987088Z (Reading database ... 25%
2026-09-29T22:49:55.9987506Z (Reading database ... 30%
2026-09-29T22:49:55.9988097Z (Reading database ... 35%
2026-09-29T22:49:55.9988434Z (Reading database ... 40%
2026-09-29T22:49:55.9989188Z (Reading database ... 45%
2026-09-29T22:49:55.9989479Z (Reading database ... 50%
2026-09-29T22:49:56.0089789Z (Reading database ... 55%
2026-09-29T22:49:56.1372942Z (Reading database ... 60%
2026-09-29T22:49:56.3226864Z (Reading database ... 65%
2026-09-29T22:49:56.5299110Z (Reading database ... 70%
2026-09-29T22:49:56.7327293Z (Reading database ... 75%
2026-09-29T22:49:56.8289278Z (Reading database ... 80%
2026-09-29T22:49:56.9322052Z (Reading database ... 85%
2026-09-29T22:49:57.0397025Z (Reading database ... 90%
2026-09-29T22:49:57.1773985Z (Reading database ... 95%
2026-09-29T22:49:57.1774625Z (Reading database ... 100%
2026-09-29T22:49:57.1775145Z (Reading database ... 201617 files and directories currently installed.)
2026-09-29T22:49:57.1806107Z Preparing to unpack .../0-clang_1%3a18.0-59~exp2_arm64.deb ...
2026-09-29T22:49:57.1829378Z Unpacking clang (1:18.0-59~exp2) ...
2026-09-29T22:49:57.2017248Z Selecting previously unselected package libjsoncpp25:arm64.
2026-09-29T22:49:57.2135589Z Preparing to unpack .../1-libjsoncpp25_1.9.5-6build1_arm64.deb ...
2026-09-29T22:49:57.2152371Z Unpacking libjsoncpp25:arm64 (1.9.5-6build1) ...
2026-09-29T22:49:57.2327692Z Selecting previously unselected package librhash0:arm64.
2026-09-29T22:49:57.2441788Z Preparing to unpack .../2-librhash0_1.4.3-3build1_arm64.deb ...
2026-09-29T22:49:57.2449441Z Unpacking librhash0:arm64 (1.4.3-3build1) ...
2026-09-29T22:49:57.2632366Z Selecting previously unselected package cmake-data.
2026-09-29T22:49:57.2749992Z Preparing to unpack .../3-cmake-data_3.28.3-1build7_all.deb ...
2026-09-29T22:49:57.2809230Z Unpacking cmake-data (3.28.3-1build7) ...
2026-09-29T22:49:57.7742090Z Selecting previously unselected package cmake.
2026-09-29T22:49:57.7917307Z Preparing to unpack .../4-cmake_3.28.3-1build7_arm64.deb ...
2026-09-29T22:49:57.7925439Z Unpacking cmake (3.28.3-1build7) ...
2026-09-29T22:49:57.9445802Z Selecting previously unselected package llvm-runtime:arm64.
2026-09-29T22:49:57.9581582Z Preparing to unpack .../5-llvm-runtime_1%3a18.0-59~exp2_arm64.deb ...
2026-09-29T22:49:57.9589794Z Unpacking llvm-runtime:arm64 (1:18.0-59~exp2) ...
2026-09-29T22:49:57.9757427Z Selecting previously unselected package llvm.
2026-09-29T22:49:57.9880370Z Preparing to unpack .../6-llvm_1%3a18.0-59~exp2_arm64.deb ...
2026-09-29T22:49:57.9905810Z Unpacking llvm (1:18.0-59~exp2) ...
2026-09-29T22:49:58.0282932Z Setting up clang (1:18.0-59~exp2) ...
2026-09-29T22:49:58.0430595Z Setting up llvm-runtime:arm64 (1:18.0-59~exp2) ...
2026-09-29T22:49:58.0447543Z Setting up libjsoncpp25:arm64 (1.9.5-6build1) ...
2026-09-29T22:49:58.0462494Z Setting up llvm (1:18.0-59~exp2) ...
2026-09-29T22:49:58.0485625Z Setting up librhash0:arm64 (1.4.3-3build1) ...
2026-09-29T22:49:58.0501862Z Setting up cmake-data (3.28.3-1build7) ...
2026-09-29T22:49:58.0555845Z Setting up cmake (3.28.3-1build7) ...
2026-09-29T22:49:58.0578308Z Processing triggers for man-db (2.12.0-4build2) ...
2026-09-29T22:49:58.0601073Z Not building database; man-db/auto-update is not 'true'.
2026-09-29T22:49:58.0613380Z Processing triggers for libc-bin (2.39-0ubuntu8.9) ...
2026-09-29T22:50:00.2011023Z 
2026-09-29T22:50:00.2011978Z Running kernel seems to be up-to-date.
2026-09-29T22:50:00.2012436Z 
2026-09-29T22:50:00.2012553Z No services need to be restarted.
2026-09-29T22:50:00.2012772Z 
2026-09-29T22:50:00.2012878Z No containers need to be restarted.
2026-09-29T22:50:00.2013060Z 
2026-09-29T22:50:00.2013257Z No user sessions are running outdated binaries.
2026-09-29T22:50:00.2013466Z 
2026-09-29T22:50:00.2013719Z No VM guests are running outdated hypervisor (qemu) binaries on this host.
2026-09-29T22:50:01.0878270Z ##[group]Run make install-bench
2026-09-29T22:50:01.0878783Z make install-bench
2026-09-29T22:50:01.0939339Z shell: /usr/bin/bash -e {0}
2026-09-29T22:50:01.0939646Z env:
2026-09-29T22:50:01.0939950Z   pythonLocation: /opt/hostedtoolcache/Python/3.12.14/arm64
2026-09-29T22:50:01.0940454Z   PKG_CONFIG_PATH: /opt/hostedtoolcache/Python/3.12.14/arm64/lib/pkgconfig
2026-09-29T22:50:01.0940950Z   Python_ROOT_DIR: /opt/hostedtoolcache/Python/3.12.14/arm64
2026-09-29T22:50:01.0941772Z   Python2_ROOT_DIR: /opt/hostedtoolcache/Python/3.12.14/arm64
2026-09-29T22:50:01.0942204Z   Python3_ROOT_DIR: /opt/hostedtoolcache/Python/3.12.14/arm64
2026-09-29T22:50:01.0942615Z   LD_LIBRARY_PATH: /opt/hostedtoolcache/Python/3.12.14/arm64/lib
2026-09-29T22:50:01.0942997Z   CC: clang
2026-09-29T22:50:01.0943222Z   CXX: clang++
2026-09-29T22:50:01.0943423Z ##[endgroup]
2026-09-29T22:50:01.1042740Z python3 -m venv .venv
2026-09-29T22:50:03.3702033Z .venv/bin/python -m pip install -U pip setuptools wheel
2026-09-29T22:50:03.6744279Z Requirement already satisfied: pip in ./.venv/lib/python3.12/site-packages (25.0.1)
2026-09-29T22:50:03.8110637Z Collecting pip
2026-09-29T22:50:03.8540251Z   Downloading pip-26.2.1-py3-none-any.whl.metadata (4.6 kB)
2026-09-29T22:50:03.9525677Z Collecting setuptools
2026-09-29T22:50:03.9598442Z   Downloading setuptools-84.0.0-py3-none-any.whl.metadata (6.6 kB)
2026-09-29T22:50:03.9850386Z Collecting wheel
2026-09-29T22:50:03.9918864Z   Downloading wheel-0.48.0-py3-none-any.whl.metadata (2.3 kB)
2026-09-29T22:50:04.0172428Z Collecting packaging>=24.0 (from wheel)
2026-09-29T22:50:04.0241323Z   Downloading packaging-26.3-py3-none-any.whl.metadata (3.5 kB)
2026-09-29T22:50:04.0345564Z Downloading pip-26.2.1-py3-none-any.whl (1.8 MB)
2026-09-29T22:50:04.0803255Z    ━━━━━━━━━━━━━━━━━━━━━━━━━━━━━━━━━━━━━━━━ 1.8/1.8 MB 54.7 MB/s eta 0:00:00
2026-09-29T22:50:04.0873065Z Downloading setuptools-84.0.0-py3-none-any.whl (818 kB)
2026-09-29T22:50:04.0922373Z    ━━━━━━━━━━━━━━━━━━━━━━━━━━━━━━━━━━━━━━━ 818.2/818.2 kB 190.7 MB/s eta 0:00:00
2026-09-29T22:50:04.0991704Z Downloading wheel-0.48.0-py3-none-any.whl (33 kB)
2026-09-29T22:50:04.1077141Z Downloading packaging-26.3-py3-none-any.whl (129 kB)
2026-09-29T22:50:04.1292315Z Installing collected packages: setuptools, pip, packaging, wheel
2026-09-29T22:50:04.4876243Z   Attempting uninstall: pip
2026-09-29T22:50:04.4893225Z     Found existing installation: pip 25.0.1
2026-09-29T22:50:04.5115738Z     Uninstalling pip-25.0.1:
2026-09-29T22:50:04.5156405Z       Successfully uninstalled pip-25.0.1
2026-09-29T22:50:05.2687523Z Successfully installed packaging-26.3 pip-26.2.1 setuptools-84.0.0 wheel-0.48.0
2026-09-29T22:50:05.3992193Z .venv/bin/python -m pip install -e '.[dev,bench]'
2026-09-29T22:50:05.6530620Z Obtaining file:///home/runner/work/strata/strata
2026-09-29T22:50:05.6546080Z   Installing build dependencies: started
2026-09-29T22:50:07.5661822Z   Installing build dependencies: finished with status 'done'
2026-09-29T22:50:07.5666552Z   Checking if build backend supports build_editable: started
2026-09-29T22:50:07.8385517Z   Checking if build backend supports build_editable: finished with status 'done'
2026-09-29T22:50:07.8391341Z   Getting requirements to build editable: started
2026-09-29T22:50:08.1726752Z   Getting requirements to build editable: finished with status 'done'
2026-09-29T22:50:08.1733128Z   Preparing editable metadata (pyproject.toml): started
2026-09-29T22:50:08.3601819Z   Preparing editable metadata (pyproject.toml): finished with status 'done'
2026-09-29T22:50:08.4289337Z Collecting cmake>=3.20 (from strata==2026.8.10)
2026-09-29T22:50:08.4300684Z   Using cached cmake-4.4.3-py3-none-manylinux2014_aarch64.manylinux_2_17_aarch64.whl.metadata (7.0 kB)
2026-09-29T22:50:08.4435172Z Collecting pytest>=7 (from strata==2026.8.10)
2026-09-29T22:50:08.4444919Z   Using cached pytest-9.1.1-py3-none-any.whl.metadata (7.6 kB)
2026-09-29T22:50:08.5128286Z Collecting pytest-cov>=4 (from strata==2026.8.10)
2026-09-29T22:50:08.5758273Z   Downloading pytest_cov-7.1.0-py3-none-any.whl.metadata (32 kB)
2026-09-29T22:50:08.8628865Z Collecting ruff>=0.5 (from strata==2026.8.10)
2026-09-29T22:50:08.8903326Z   Downloading ruff-0.16.9-py3-none-manylinux_2_17_aarch64.manylinux2014_aarch64.whl.metadata (20 kB)
2026-09-29T22:50:08.9680911Z Collecting pre-commit>=3.5 (from strata==2026.8.10)
2026-09-29T22:50:08.9750490Z   Downloading pre_commit-4.6.2-py2.py3-none-any.whl.metadata (1.2 kB)
2026-09-29T22:50:09.0780805Z Collecting clang-format<22,>=21 (from strata==2026.8.10)
2026-09-29T22:50:09.0877258Z   Downloading clang_format-21.1.8-py2.py3-none-manylinux_2_26_aarch64.manylinux_2_28_aarch64.whl.metadata (4.7 kB)
2026-09-29T22:50:09.8955320Z Collecting orjson (from strata==2026.8.10)
2026-09-29T22:50:09.9054206Z   Downloading orjson-3.12.0-cp312-cp312-manylinux_2_17_aarch64.manylinux2014_aarch64.whl.metadata (41 kB)
2026-09-29T22:50:10.0298661Z Collecting msgspec (from strata==2026.8.10)
2026-09-29T22:50:10.0383953Z   Downloading msgspec-0.22.0-cp312-cp312-manylinux2014_aarch64.manylinux_2_17_aarch64.manylinux_2_28_aarch64.whl.metadata (6.0 kB)
2026-09-29T22:50:10.1448608Z Collecting ujson (from strata==2026.8.10)
2026-09-29T22:50:10.1555122Z   Downloading ujson-6.0.0-cp312-cp312-manylinux_2_24_aarch64.manylinux_2_28_aarch64.whl.metadata (10.0 kB)
2026-09-29T22:50:10.5307767Z Collecting pysimdjson (from strata==2026.8.10)
2026-09-29T22:50:10.5409638Z   Downloading pysimdjson-7.0.2-cp312-cp312-manylinux_2_17_aarch64.manylinux2014_aarch64.whl.metadata (1.1 kB)
2026-09-29T22:50:10.5540367Z Collecting jmespath (from strata==2026.8.10)
2026-09-29T22:50:10.5608576Z   Downloading jmespath-1.1.0-py3-none-any.whl.metadata (7.6 kB)
2026-09-29T22:50:10.5740613Z Collecting jsonpath-ng (from strata==2026.8.10)
2026-09-29T22:50:10.5816964Z   Downloading jsonpath_ng-1.8.0-py3-none-any.whl.metadata (18 kB)
2026-09-29T22:50:10.6412204Z Collecting psutil>=5 (from strata==2026.8.10)
2026-09-29T22:50:10.6480740Z   Downloading psutil-7.2.2-cp36-abi3-manylinux2014_aarch64.manylinux_2_17_aarch64.manylinux_2_28_aarch64.whl.metadata (22 kB)
2026-09-29T22:50:10.6678507Z Collecting cfgv>=2.0.0 (from pre-commit>=3.5->strata==2026.8.10)
2026-09-29T22:50:10.6747261Z   Downloading cfgv-3.5.0-py2.py3-none-any.whl.metadata (8.9 kB)
2026-09-29T22:50:10.7039552Z Collecting identify>=1.0.0 (from pre-commit>=3.5->strata==2026.8.10)
2026-09-29T22:50:10.7109446Z   Downloading identify-2.6.20-py2.py3-none-any.whl.metadata (4.4 kB)
2026-09-29T22:50:10.7338023Z Collecting nodeenv>=0.11.1 (from pre-commit>=3.5->strata==2026.8.10)
2026-09-29T22:50:10.7410912Z   Downloading nodeenv-1.11.0-py2.py3-none-any.whl.metadata (40 kB)
2026-09-29T22:50:10.7765451Z Collecting pyyaml>=5.1 (from pre-commit>=3.5->strata==2026.8.10)
2026-09-29T22:50:10.7866624Z   Downloading pyyaml-6.0.3-cp312-cp312-manylinux2014_aarch64.manylinux_2_17_aarch64.manylinux_2_28_aarch64.whl.metadata (2.4 kB)
2026-09-29T22:50:10.8195618Z Collecting virtualenv>=20.10.0 (from pre-commit>=3.5->strata==2026.8.10)
2026-09-29T22:50:10.8270398Z   Downloading virtualenv-21.14.0-py3-none-any.whl.metadata (4.1 kB)
2026-09-29T22:50:10.8338957Z Collecting iniconfig>=1.0.1 (from pytest>=7->strata==2026.8.10)
2026-09-29T22:50:10.8349238Z   Using cached iniconfig-2.3.0-py3-none-any.whl.metadata (2.5 kB)
2026-09-29T22:50:10.8363486Z Requirement already satisfied: packaging>=22 in ./.venv/lib/python3.12/site-packages (from pytest>=7->strata==2026.8.10) (26.3)
2026-09-29T22:50:10.8395846Z Collecting pluggy<2,>=1.5 (from pytest>=7->strata==2026.8.10)
2026-09-29T22:50:10.8405966Z   Using cached pluggy-1.6.0-py3-none-any.whl.metadata (4.8 kB)
2026-09-29T22:50:10.8495298Z Collecting pygments>=2.7.2 (from pytest>=7->strata==2026.8.10)
2026-09-29T22:50:10.8505611Z   Using cached pygments-2.21.0-py3-none-any.whl.metadata (2.5 kB)
2026-09-29T22:50:11.1505549Z Collecting coverage>=7.10.6 (from coverage[toml]>=7.10.6->pytest-cov>=4->strata==2026.8.10)
2026-09-29T22:50:11.1595266Z   Downloading coverage-7.16.2-cp312-cp312-manylinux2014_aarch64.manylinux_2_17_aarch64.manylinux_2_28_aarch64.whl.metadata (8.2 kB)
2026-09-29T22:50:11.1768106Z Collecting distlib<1,>=0.3.7 (from virtualenv>=20.10.0->pre-commit>=3.5->strata==2026.8.10)
2026-09-29T22:50:11.1839914Z   Downloading distlib-0.4.3-py2.py3-none-any.whl.metadata (5.3 kB)
2026-09-29T22:50:11.2046565Z Collecting filelock<5,>=3.24.2 (from virtualenv>=20.10.0->pre-commit>=3.5->strata==2026.8.10)
2026-09-29T22:50:11.2115000Z   Downloading filelock-4.0.6-py3-none-any.whl.metadata (2.0 kB)
2026-09-29T22:50:11.2304441Z Collecting platformdirs<5,>=3.9.1 (from virtualenv>=20.10.0->pre-commit>=3.5->strata==2026.8.10)
2026-09-29T22:50:11.2386382Z   Downloading platformdirs-4.12.2-py3-none-any.whl.metadata (5.5 kB)
2026-09-29T22:50:11.2521092Z Collecting python-discovery>=1.6 (from virtualenv>=20.10.0->pre-commit>=3.5->strata==2026.8.10)
2026-09-29T22:50:11.2590042Z   Downloading python_discovery-1.6.1-py3-none-any.whl.metadata (5.1 kB)
2026-09-29T22:50:11.2765476Z Downloading clang_format-21.1.8-py2.py3-none-manylinux_2_26_aarch64.manylinux_2_28_aarch64.whl (1.7 MB)
2026-09-29T22:50:11.3818210Z    ━━━━━━━━━━━━━━━━━━━━━━━━━━━━━━━━━━━━━━━━ 1.7/1.7 MB 18.2 MB/s  0:00:00
2026-09-29T22:50:11.3827614Z Using cached cmake-4.4.3-py3-none-manylinux2014_aarch64.manylinux_2_17_aarch64.whl (30.3 MB)
2026-09-29T22:50:11.3998897Z Downloading pre_commit-4.6.2-py2.py3-none-any.whl (226 kB)
2026-09-29T22:50:11.4156115Z Downloading cfgv-3.5.0-py2.py3-none-any.whl (7.4 kB)
2026-09-29T22:50:11.4250853Z Downloading identify-2.6.20-py2.py3-none-any.whl (99 kB)
2026-09-29T22:50:11.4370234Z Downloading nodeenv-1.11.0-py2.py3-none-any.whl (34 kB)
2026-09-29T22:50:11.4457891Z Downloading psutil-7.2.2-cp36-abi3-manylinux2014_aarch64.manylinux_2_17_aarch64.manylinux_2_28_aarch64.whl (156 kB)
2026-09-29T22:50:11.4538431Z Using cached pytest-9.1.1-py3-none-any.whl (386 kB)
2026-09-29T22:50:11.4549220Z Using cached pluggy-1.6.0-py3-none-any.whl (20 kB)
2026-09-29T22:50:11.4559034Z Using cached iniconfig-2.3.0-py3-none-any.whl (7.5 kB)
2026-09-29T22:50:11.4568618Z Using cached pygments-2.21.0-py3-none-any.whl (1.3 MB)
2026-09-29T22:50:11.4640946Z Downloading pytest_cov-7.1.0-py3-none-any.whl (22 kB)
2026-09-29T22:50:11.5119337Z Downloading coverage-7.16.2-cp312-cp312-manylinux2014_aarch64.manylinux_2_17_aarch64.manylinux_2_28_aarch64.whl (259 kB)
2026-09-29T22:50:11.5277630Z Downloading pyyaml-6.0.3-cp312-cp312-manylinux2014_aarch64.manylinux_2_17_aarch64.manylinux_2_28_aarch64.whl (775 kB)
2026-09-29T22:50:11.5527183Z    ━━━━━━━━━━━━━━━━━━━━━━━━━━━━━━━━━━━━━━━━ 775.1/775.1 kB 30.2 MB/s  0:00:00
2026-09-29T22:50:11.5603101Z Downloading ruff-0.16.9-py3-none-manylinux_2_17_aarch64.manylinux2014_aarch64.whl (10.0 MB)
2026-09-29T22:50:11.7254624Z    ━━━━━━━━━━━━━━━━━━━━━━━━━━━━━━━━━━━━━━━━ 10.0/10.0 MB 62.2 MB/s  0:00:00
2026-09-29T22:50:11.7347168Z Downloading virtualenv-21.14.0-py3-none-any.whl (5.5 MB)
2026-09-29T22:50:11.7851217Z    ━━━━━━━━━━━━━━━━━━━━━━━━━━━━━━━━━━━━━━━━ 5.5/5.5 MB 108.8 MB/s  0:00:00
2026-09-29T22:50:11.7919200Z Downloading distlib-0.4.3-py2.py3-none-any.whl (470 kB)
2026-09-29T22:50:11.8028811Z Downloading filelock-4.0.6-py3-none-any.whl (109 kB)
2026-09-29T22:50:11.8132778Z Downloading platformdirs-4.12.2-py3-none-any.whl (32 kB)
2026-09-29T22:50:11.8242265Z Downloading python_discovery-1.6.1-py3-none-any.whl (38 kB)
2026-09-29T22:50:11.8357552Z Downloading jmespath-1.1.0-py3-none-any.whl (20 kB)
2026-09-29T22:50:11.8445737Z Downloading jsonpath_ng-1.8.0-py3-none-any.whl (67 kB)
2026-09-29T22:50:11.8574321Z Downloading msgspec-0.22.0-cp312-cp312-manylinux2014_aarch64.manylinux_2_17_aarch64.manylinux_2_28_aarch64.whl (224 kB)
2026-09-29T22:50:11.8663204Z Downloading orjson-3.12.0-cp312-cp312-manylinux_2_17_aarch64.manylinux2014_aarch64.whl (130 kB)
2026-09-29T22:50:11.8815680Z Downloading pysimdjson-7.0.2-cp312-cp312-manylinux_2_17_aarch64.manylinux2014_aarch64.whl (2.8 MB)
2026-09-29T22:50:11.9185008Z    ━━━━━━━━━━━━━━━━━━━━━━━━━━━━━━━━━━━━━━━━ 2.8/2.8 MB 72.9 MB/s  0:00:00
2026-09-29T22:50:11.9253839Z Downloading ujson-6.0.0-cp312-cp312-manylinux_2_24_aarch64.manylinux_2_28_aarch64.whl (57 kB)
2026-09-29T22:50:12.0302505Z Building wheels for collected packages: strata
2026-09-29T22:50:12.0307619Z   Building editable for strata (pyproject.toml): started
2026-09-29T22:51:13.3036532Z   Building editable for strata (pyproject.toml): still running...
2026-09-29T22:52:13.3938901Z   Building editable for strata (pyproject.toml): still running...
2026-09-29T22:53:10.7359235Z   Building editable for strata (pyproject.toml): finished with status 'done'
2026-09-29T22:53:10.7364919Z   Created wheel for strata: filename=strata-2026.8.10-0.editable-cp312-cp312-linux_aarch64.whl size=4450 sha256=9508cfb83f8248746ccd67e3569097f7a3b1d0146e1607594e35a9983307af0d
2026-09-29T22:53:10.7366194Z   Stored in directory: /tmp/pip-ephem-wheel-cache-ez4re_14/wheels/ab/73/9c/71109b0f5a731622820d2f6d25f1f3cfd677e39fdd3b3110b6
2026-09-29T22:53:10.7383389Z Successfully built strata
2026-09-29T22:53:10.8037391Z Installing collected packages: jsonpath-ng, distlib, clang-format, ujson, strata, ruff, pyyaml, pysimdjson, pygments, psutil, pluggy, platformdirs, orjson, nodeenv, msgspec, jmespath, iniconfig, identify, filelock, coverage, cmake, cfgv, python-discovery, pytest, virtualenv, pytest-cov, pre-commit
2026-09-29T22:53:12.9178326Z 
2026-09-29T22:53:12.9202350Z Successfully installed cfgv-3.5.0 clang-format-21.1.8 cmake-4.4.3 coverage-7.16.2 distlib-0.4.3 filelock-4.0.6 identify-2.6.20 iniconfig-2.3.0 jmespath-1.1.0 jsonpath-ng-1.8.0 msgspec-0.22.0 nodeenv-1.11.0 orjson-3.12.0 platformdirs-4.12.2 pluggy-1.6.0 pre-commit-4.6.2 psutil-7.2.2 pygments-2.21.0 pysimdjson-7.0.2 pytest-9.1.1 pytest-cov-7.1.0 python-discovery-1.6.1 pyyaml-6.0.3 ruff-0.16.9 strata-2026.8.10 ujson-6.0.0 virtualenv-21.14.0
2026-09-29T22:53:13.2249923Z ##[group]Run make pgo
2026-09-29T22:53:13.2250340Z make pgo
2026-09-29T22:53:13.2294033Z shell: /usr/bin/bash -e {0}
2026-09-29T22:53:13.2294439Z env:
2026-09-29T22:53:13.2294724Z   pythonLocation: /opt/hostedtoolcache/Python/3.12.14/arm64
2026-09-29T22:53:13.2295191Z   PKG_CONFIG_PATH: /opt/hostedtoolcache/Python/3.12.14/arm64/lib/pkgconfig
2026-09-29T22:53:13.2295740Z   Python_ROOT_DIR: /opt/hostedtoolcache/Python/3.12.14/arm64
2026-09-29T22:53:13.2296153Z   Python2_ROOT_DIR: /opt/hostedtoolcache/Python/3.12.14/arm64
2026-09-29T22:53:13.2296589Z   Python3_ROOT_DIR: /opt/hostedtoolcache/Python/3.12.14/arm64
2026-09-29T22:53:13.2297024Z   LD_LIBRARY_PATH: /opt/hostedtoolcache/Python/3.12.14/arm64/lib
2026-09-29T22:53:13.2297369Z   PYTHON: python
2026-09-29T22:53:13.2297651Z   CC: clang
2026-09-29T22:53:13.2297910Z   CXX: clang++
2026-09-29T22:53:13.2298140Z ##[endgroup]
2026-09-29T22:53:13.2522174Z ==> PGO: compiler is clang
2026-09-29T22:53:13.2542893Z ==> PGO phase 1: instrumented build
2026-09-29T22:53:13.5086613Z Obtaining file:///home/runner/work/strata/strata
2026-09-29T22:53:13.5103127Z   Installing build dependencies: started
2026-09-29T22:53:14.7537377Z   Installing build dependencies: finished with status 'done'
2026-09-29T22:53:14.7542553Z   Checking if build backend supports build_editable: started
2026-09-29T22:53:14.9860096Z   Checking if build backend supports build_editable: finished with status 'done'
2026-09-29T22:53:14.9866473Z   Getting requirements to build editable: started
2026-09-29T22:53:15.2760303Z   Getting requirements to build editable: finished with status 'done'
2026-09-29T22:53:15.2768593Z   Preparing editable metadata (pyproject.toml): started
2026-09-29T22:53:15.4596883Z   Preparing editable metadata (pyproject.toml): finished with status 'done'
2026-09-29T22:53:15.4640070Z Building wheels for collected packages: strata
2026-09-29T22:53:15.4646271Z   Building editable for strata (pyproject.toml): started
2026-09-29T22:54:03.9826110Z   Building editable for strata (pyproject.toml): finished with status 'done'
2026-09-29T22:54:03.9831854Z   Created wheel for strata: filename=strata-2026.8.10-0.editable-cp312-cp312-linux_aarch64.whl size=4450 sha256=8ace35c68150caf32547a45a25607ce415ee11f766ce03728d84051659221f0b
2026-09-29T22:54:03.9832919Z   Stored in directory: /tmp/pip-ephem-wheel-cache-u0ngkafh/wheels/ab/73/9c/71109b0f5a731622820d2f6d25f1f3cfd677e39fdd3b3110b6
2026-09-29T22:54:03.9854752Z Successfully built strata
2026-09-29T22:54:03.9942665Z Installing collected packages: strata
2026-09-29T22:54:03.9943555Z   Attempting uninstall: strata
2026-09-29T22:54:03.9960366Z     Found existing installation: strata 2026.8.10
2026-09-29T22:54:03.9973617Z     Uninstalling strata-2026.8.10:
2026-09-29T22:54:04.0166657Z       Successfully uninstalled strata-2026.8.10
2026-09-29T22:54:04.0238518Z Successfully installed strata-2026.8.10
2026-09-29T22:54:04.2710413Z ==> PGO: the hook image must carry no profile
2026-09-29T22:54:04.3153587Z + strata._dumps_hook is unprofiled: _dumps_hook.cpython-312-aarch64-linux-gnu.so.build.json records no profile or profile flag,
2026-09-29T22:54:04.3154418Z   and the image links no profile runtime
2026-09-29T22:54:04.3207283Z ==> PGO: generating training data
2026-09-29T22:54:04.6813292Z   build/pgo/train.json (10.0 MB)
2026-09-29T22:54:04.6814200Z   build/pgo/train.ndjson (10.0 MB)
2026-09-29T22:54:04.6857093Z ==> PGO: running the training workload
2026-09-29T22:54:04.8757759Z PGO training workload
2026-09-29T22:54:04.8758282Z   corpus: 4001 records, 10.0 MB
2026-09-29T22:54:04.8758567Z [1/7] loads
2026-09-29T22:54:04.8758787Z   loads(str): 1x in 0.04s
2026-09-29T22:54:04.9312154Z   loads(bytes): 1x in 0.04s
2026-09-29T22:54:04.9549248Z   loads(sample): 5x in 0.01s
2026-09-29T22:54:04.9804078Z   loads(cursor): 5x in 0.01s
2026-09-29T22:54:05.0000242Z   loads(iterator): 3x in 0.01s
2026-09-29T22:54:05.0419375Z [2/7] dumps
2026-09-29T22:54:05.0419810Z   dumps(str): 1x in 0.03s
2026-09-29T22:54:05.0875626Z   dumps(bytes): 3x in 0.03s
2026-09-29T22:54:05.1045816Z   dumps(sample, bytes): 5x in 0.00s
2026-09-29T22:54:05.1225398Z   dumps(sample): 5x in 0.00s
2026-09-29T22:54:05.1382114Z   dumps(parsed sample, bytes): 2x in 0.00s
2026-09-29T22:54:05.1920506Z [3/7] load
2026-09-29T22:54:05.1921472Z   load(json): 1x in 0.04s
2026-09-29T22:54:05.2489455Z   load(ndjson): 1x in 0.04s
2026-09-29T22:54:05.3073254Z   load(ndjson, iterator): 1x in 0.04s
2026-09-29T22:54:05.3248316Z [4/7] dump
2026-09-29T22:54:05.3249390Z   dump(json): 3x in 0.00s
2026-09-29T22:54:05.3394350Z [5/7] query
2026-09-29T22:54:05.3394833Z   query $[0].name: 3x in 0.00s
2026-09-29T22:54:05.3540748Z   query $[*].id: 3x in 0.00s
2026-09-29T22:54:05.3688726Z   query $[*].items[*].sku: 3x in 0.00s
2026-09-29T22:54:05.3838277Z   query $..leaf: 3x in 0.00s
2026-09-29T22:54:05.3984451Z   query $[0:50].score: 3x in 0.00s
2026-09-29T22:54:05.4130433Z   query $[?(@.id > 100)].name: 3x in 0.00s
2026-09-29T22:54:05.4276016Z   query $[?(@.id <= 500)]: 3x in 0.00s
2026-09-29T22:54:05.4422436Z   query $[?(@.name == 'alpha')]: 3x in 0.00s
2026-09-29T22:54:05.4568984Z   query $[?(@.name != 'alpha')].id: 3x in 0.00s
2026-09-29T22:54:05.4714537Z   query $[?(@['id'] >= 0)].name: 3x in 0.00s
2026-09-29T22:54:05.4860628Z   query $[*].nested.child: 3x in 0.00s
2026-09-29T22:54:05.5005988Z   query $[*].tags[0]: 3x in 0.00s
2026-09-29T22:54:05.5150787Z   query $.*: 3x in 0.00s
2026-09-29T22:54:05.5295857Z   query(compiled): 5x in 0.00s
2026-09-29T22:54:05.5599110Z [6/7] search
2026-09-29T22:54:05.5599590Z   search json $[*].id: 1x in 0.02s
2026-09-29T22:54:05.6157492Z   search ndjson $[*].id: 1x in 0.04s
2026-09-29T22:54:05.6723916Z   search json $..leaf: 1x in 0.04s
2026-09-29T22:54:05.7307929Z   search ndjson $..leaf: 1x in 0.04s
2026-09-29T22:54:05.7849280Z   search json $[?(@.id > 100)].name: 1x in 0.04s
2026-09-29T22:54:05.8409804Z   search ndjson $[?(@.id > 100)].name: 1x in 0.04s
2026-09-29T22:54:05.8568451Z [7/7] folder mode
2026-09-29T22:54:05.8568747Z   dump(split_by): 1x in 0.00s
2026-09-29T22:54:05.8732144Z   load(folder): 1x in 0.00s
2026-09-29T22:54:05.8885446Z   search(folder): 1x in 0.00s
2026-09-29T22:54:05.9012250Z PGO training workload complete
2026-09-29T22:54:05.9083515Z ==> PGO: gate tests on the instrumented build
2026-09-29T22:54:05.9338046Z + /home/runner/work/strata/strata/.venv/bin/cmake -S . -B build/cmake -DCMAKE_BUILD_TYPE=Release
2026-09-29T22:54:06.0529644Z -- Configuring done (0.0s)
2026-09-29T22:54:06.0952300Z -- Generating done (0.0s)
2026-09-29T22:54:06.0955889Z -- Build files have been written to: /home/runner/work/strata/strata/build/cmake
2026-09-29T22:54:06.0965751Z + /home/runner/work/strata/strata/.venv/bin/cmake --build build/cmake --config Release
2026-09-29T22:54:06.2097782Z gmake[1]: Entering directory '/home/runner/work/strata/strata/build/cmake'
2026-09-29T22:54:06.2150707Z gmake[2]: Entering directory '/home/runner/work/strata/strata/build/cmake'
2026-09-29T22:54:06.2159325Z gmake[3]: Entering directory '/home/runner/work/strata/strata/build/cmake'
2026-09-29T22:54:06.2247630Z gmake[3]: Leaving directory '/home/runner/work/strata/strata/build/cmake'
2026-09-29T22:54:06.2276358Z gmake[3]: Entering directory '/home/runner/work/strata/strata/build/cmake'
2026-09-29T22:54:06.2296186Z [  0%] Linking CXX executable smoke_tests
2026-09-29T22:54:06.2823978Z gmake[3]: Leaving directory '/home/runner/work/strata/strata/build/cmake'
2026-09-29T22:54:06.2845683Z [  6%] Built target smoke_tests
2026-09-29T22:54:06.2859139Z gmake[3]: Entering directory '/home/runner/work/strata/strata/build/cmake'
2026-09-29T22:54:06.2945644Z gmake[3]: Leaving directory '/home/runner/work/strata/strata/build/cmake'
2026-09-29T22:54:06.2973891Z gmake[3]: Entering directory '/home/runner/work/strata/strata/build/cmake'
2026-09-29T22:54:06.2994422Z [  7%] Linking CXX executable json_core_tests
2026-09-29T22:54:06.3540794Z gmake[3]: Leaving directory '/home/runner/work/strata/strata/build/cmake'
2026-09-29T22:54:06.3564590Z [ 13%] Built target json_core_tests
2026-09-29T22:54:06.3579149Z gmake[3]: Entering directory '/home/runner/work/strata/strata/build/cmake'
2026-09-29T22:54:06.3669191Z gmake[3]: Leaving directory '/home/runner/work/strata/strata/build/cmake'
2026-09-29T22:54:06.3698642Z gmake[3]: Entering directory '/home/runner/work/strata/strata/build/cmake'
2026-09-29T22:54:06.3718582Z [ 13%] Linking CXX executable json_parse_tests
2026-09-29T22:54:06.4243584Z gmake[3]: Leaving directory '/home/runner/work/strata/strata/build/cmake'
2026-09-29T22:54:06.4266287Z [ 19%] Built target json_parse_tests
2026-09-29T22:54:06.4280109Z gmake[3]: Entering directory '/home/runner/work/strata/strata/build/cmake'
2026-09-29T22:54:06.4369326Z gmake[3]: Leaving directory '/home/runner/work/strata/strata/build/cmake'
2026-09-29T22:54:06.4398135Z gmake[3]: Entering directory '/home/runner/work/strata/strata/build/cmake'
2026-09-29T22:54:06.4418515Z [ 20%] Linking CXX executable fast_parse_tests
2026-09-29T22:54:06.4966659Z gmake[3]: Leaving directory '/home/runner/work/strata/strata/build/cmake'
2026-09-29T22:54:06.4989857Z [ 25%] Built target fast_parse_tests
2026-09-29T22:54:06.5004285Z gmake[3]: Entering directory '/home/runner/work/strata/strata/build/cmake'
2026-09-29T22:54:06.5092502Z gmake[3]: Leaving directory '/home/runner/work/strata/strata/build/cmake'
2026-09-29T22:54:06.5120737Z gmake[3]: Entering directory '/home/runner/work/strata/strata/build/cmake'
2026-09-29T22:54:06.5140944Z [ 26%] Linking CXX executable value_cursor_tests
2026-09-29T22:54:06.5676727Z gmake[3]: Leaving directory '/home/runner/work/strata/strata/build/cmake'
2026-09-29T22:54:06.5699339Z [ 32%] Built target value_cursor_tests
2026-09-29T22:54:06.5713164Z gmake[3]: Entering directory '/home/runner/work/strata/strata/build/cmake'
2026-09-29T22:54:06.5800819Z gmake[3]: Leaving directory '/home/runner/work/strata/strata/build/cmake'
2026-09-29T22:54:06.5829474Z gmake[3]: Entering directory '/home/runner/work/strata/strata/build/cmake'
2026-09-29T22:54:06.5849577Z [ 32%] Linking CXX executable json_serialize_tests
2026-09-29T22:54:06.6372191Z gmake[3]: Leaving directory '/home/runner/work/strata/strata/build/cmake'
2026-09-29T22:54:06.6393792Z [ 38%] Built target json_serialize_tests
2026-09-29T22:54:06.6407171Z gmake[3]: Entering directory '/home/runner/work/strata/strata/build/cmake'
2026-09-29T22:54:06.6496925Z gmake[3]: Leaving directory '/home/runner/work/strata/strata/build/cmake'
2026-09-29T22:54:06.6524396Z gmake[3]: Entering directory '/home/runner/work/strata/strata/build/cmake'
2026-09-29T22:54:06.6544116Z [ 39%] Linking CXX executable float_precision_tests
2026-09-29T22:54:06.7062403Z gmake[3]: Leaving directory '/home/runner/work/strata/strata/build/cmake'
2026-09-29T22:54:06.7085621Z [ 44%] Built target float_precision_tests
2026-09-29T22:54:06.7098611Z gmake[3]: Entering directory '/home/runner/work/strata/strata/build/cmake'
2026-09-29T22:54:06.7187921Z gmake[3]: Leaving directory '/home/runner/work/strata/strata/build/cmake'
2026-09-29T22:54:06.7216180Z gmake[3]: Entering directory '/home/runner/work/strata/strata/build/cmake'
2026-09-29T22:54:06.7236299Z [ 45%] Linking CXX executable json_cursor_tests
2026-09-29T22:54:06.7759730Z gmake[3]: Leaving directory '/home/runner/work/strata/strata/build/cmake'
2026-09-29T22:54:06.7780577Z [ 50%] Built target json_cursor_tests
2026-09-29T22:54:06.7793816Z gmake[3]: Entering directory '/home/runner/work/strata/strata/build/cmake'
2026-09-29T22:54:06.7881444Z gmake[3]: Leaving directory '/home/runner/work/strata/strata/build/cmake'
2026-09-29T22:54:06.7908791Z gmake[3]: Entering directory '/home/runner/work/strata/strata/build/cmake'
2026-09-29T22:54:06.7928808Z [ 51%] Linking CXX executable ndjson_tests
2026-09-29T22:54:06.8456238Z gmake[3]: Leaving directory '/home/runner/work/strata/strata/build/cmake'
2026-09-29T22:54:06.8478818Z [ 56%] Built target ndjson_tests
2026-09-29T22:54:06.8492293Z gmake[3]: Entering directory '/home/runner/work/strata/strata/build/cmake'
2026-09-29T22:54:06.8582593Z gmake[3]: Leaving directory '/home/runner/work/strata/strata/build/cmake'
2026-09-29T22:54:06.8610427Z gmake[3]: Entering directory '/home/runner/work/strata/strata/build/cmake'
2026-09-29T22:54:06.8630498Z [ 57%] Linking CXX executable jsonpath_tests
2026-09-29T22:54:06.9163180Z gmake[3]: Leaving directory '/home/runner/work/strata/strata/build/cmake'
2026-09-29T22:54:06.9188015Z [ 63%] Built target jsonpath_tests
2026-09-29T22:54:06.9201915Z gmake[3]: Entering directory '/home/runner/work/strata/strata/build/cmake'
2026-09-29T22:54:06.9290935Z gmake[3]: Leaving directory '/home/runner/work/strata/strata/build/cmake'
2026-09-29T22:54:06.9319449Z gmake[3]: Entering directory '/home/runner/work/strata/strata/build/cmake'
2026-09-29T22:54:06.9340204Z [ 63%] Linking CXX executable jsonpath_stream_tests
2026-09-29T22:54:06.9873816Z gmake[3]: Leaving directory '/home/runner/work/strata/strata/build/cmake'
2026-09-29T22:54:06.9896256Z [ 69%] Built target jsonpath_stream_tests
2026-09-29T22:54:06.9909547Z gmake[3]: Entering directory '/home/runner/work/strata/strata/build/cmake'
2026-09-29T22:54:06.9995991Z gmake[3]: Leaving directory '/home/runner/work/strata/strata/build/cmake'
2026-09-29T22:54:07.0024089Z gmake[3]: Entering directory '/home/runner/work/strata/strata/build/cmake'
2026-09-29T22:54:07.0043381Z [ 69%] Linking CXX executable scan_tests
2026-09-29T22:54:07.0548456Z gmake[3]: Leaving directory '/home/runner/work/strata/strata/build/cmake'
2026-09-29T22:54:07.0572991Z [ 75%] Built target scan_tests
2026-09-29T22:54:07.0586574Z gmake[3]: Entering directory '/home/runner/work/strata/strata/build/cmake'
2026-09-29T22:54:07.0677154Z gmake[3]: Leaving directory '/home/runner/work/strata/strata/build/cmake'
2026-09-29T22:54:07.0706163Z gmake[3]: Entering directory '/home/runner/work/strata/strata/build/cmake'
2026-09-29T22:54:07.0726655Z [ 75%] Linking CXX executable temporal_tests
2026-09-29T22:54:07.1272162Z gmake[3]: Leaving directory '/home/runner/work/strata/strata/build/cmake'
2026-09-29T22:54:07.1295257Z [ 81%] Built target temporal_tests
2026-09-29T22:54:07.1308817Z gmake[3]: Entering directory '/home/runner/work/strata/strata/build/cmake'
2026-09-29T22:54:07.1397921Z gmake[3]: Leaving directory '/home/runner/work/strata/strata/build/cmake'
2026-09-29T22:54:07.1427158Z gmake[3]: Entering directory '/home/runner/work/strata/strata/build/cmake'
2026-09-29T22:54:07.1446708Z [ 81%] Linking CXX executable folder_tests
2026-09-29T22:54:07.1983227Z gmake[3]: Leaving directory '/home/runner/work/strata/strata/build/cmake'
2026-09-29T22:54:07.2006469Z [ 87%] Built target folder_tests
2026-09-29T22:54:07.2019629Z gmake[3]: Entering directory '/home/runner/work/strata/strata/build/cmake'
2026-09-29T22:54:07.2110184Z gmake[3]: Leaving directory '/home/runner/work/strata/strata/build/cmake'
2026-09-29T22:54:07.2139056Z gmake[3]: Entering directory '/home/runner/work/strata/strata/build/cmake'
2026-09-29T22:54:07.2159198Z [ 87%] Linking CXX executable fuzz_corpus_tests
2026-09-29T22:54:07.2704009Z gmake[3]: Leaving directory '/home/runner/work/strata/strata/build/cmake'
2026-09-29T22:54:07.2728651Z [ 93%] Built target fuzz_corpus_tests
2026-09-29T22:54:07.2743011Z gmake[3]: Entering directory '/home/runner/work/strata/strata/build/cmake'
2026-09-29T22:54:07.2831932Z gmake[3]: Leaving directory '/home/runner/work/strata/strata/build/cmake'
2026-09-29T22:54:07.2860818Z gmake[3]: Entering directory '/home/runner/work/strata/strata/build/cmake'
2026-09-29T22:54:07.2882115Z [ 94%] Linking CXX executable stress_deep_tests
2026-09-29T22:54:07.3430142Z gmake[3]: Leaving directory '/home/runner/work/strata/strata/build/cmake'
2026-09-29T22:54:07.3454397Z [100%] Built target stress_deep_tests
2026-09-29T22:54:07.3458252Z gmake[2]: Leaving directory '/home/runner/work/strata/strata/build/cmake'
2026-09-29T22:54:07.3491094Z gmake[1]: Leaving directory '/home/runner/work/strata/strata/build/cmake'
2026-09-29T22:54:07.3500485Z + /home/runner/work/strata/strata/.venv/bin/ctest --test-dir build/cmake --build-config Release --output-on-failure --no-tests=error
2026-09-29T22:54:07.4618559Z Test project /home/runner/work/strata/strata/build/cmake
2026-09-29T22:54:07.4622613Z       Start  1: smoke_tests
2026-09-29T22:54:07.4635603Z  1/16 Test  #1: smoke_tests ......................   Passed    0.00 sec
2026-09-29T22:54:07.4636496Z       Start  2: json_core_tests
2026-09-29T22:54:07.4649278Z  2/16 Test  #2: json_core_tests ..................   Passed    0.00 sec
2026-09-29T22:54:07.4650066Z       Start  3: json_parse_tests
2026-09-29T22:54:07.4663078Z  3/16 Test  #3: json_parse_tests .................   Passed    0.00 sec
2026-09-29T22:54:07.4664283Z       Start  4: fast_parse_tests
2026-09-29T22:54:07.5297889Z  4/16 Test  #4: fast_parse_tests .................   Passed    0.06 sec
2026-09-29T22:54:07.5298994Z       Start  5: value_cursor_tests
2026-09-29T22:54:07.5358991Z  5/16 Test  #5: value_cursor_tests ...............   Passed    0.01 sec
2026-09-29T22:54:07.5359733Z       Start  6: json_serialize_tests
2026-09-29T22:54:07.5373006Z  6/16 Test  #6: json_serialize_tests .............   Passed    0.00 sec
2026-09-29T22:54:07.5373803Z       Start  7: float_precision_tests
2026-09-29T22:54:09.8398467Z  7/16 Test  #7: float_precision_tests ............   Passed    2.30 sec
2026-09-29T22:54:09.8398946Z       Start  8: json_cursor_tests
2026-09-29T22:54:09.8416634Z  8/16 Test  #8: json_cursor_tests ................   Passed    0.00 sec
2026-09-29T22:54:09.8417291Z       Start  9: ndjson_tests
2026-09-29T22:54:09.8458941Z  9/16 Test  #9: ndjson_tests .....................   Passed    0.00 sec
2026-09-29T22:54:09.8459412Z       Start 10: jsonpath_tests
2026-09-29T22:54:09.8472043Z 10/16 Test #10: jsonpath_tests ...................   Passed    0.00 sec
2026-09-29T22:54:09.8472603Z       Start 11: jsonpath_stream_tests
2026-09-29T22:54:09.8489074Z 11/16 Test #11: jsonpath_stream_tests ............   Passed    0.00 sec
2026-09-29T22:54:09.8489820Z       Start 12: scan_tests
2026-09-29T22:54:09.8655880Z 12/16 Test #12: scan_tests .......................   Passed    0.02 sec
2026-09-29T22:54:09.8656537Z       Start 13: temporal_tests
2026-09-29T22:54:09.8787738Z 13/16 Test #13: temporal_tests ...................   Passed    0.01 sec
2026-09-29T22:54:09.8788521Z       Start 14: folder_tests
2026-09-29T22:54:09.8813925Z 14/16 Test #14: folder_tests .....................   Passed    0.00 sec
2026-09-29T22:54:09.8814685Z       Start 15: fuzz_corpus_tests
2026-09-29T22:54:09.8845998Z 15/16 Test #15: fuzz_corpus_tests ................   Passed    0.00 sec
2026-09-29T22:54:09.8846845Z       Start 16: stress_deep_tests
2026-09-29T22:54:09.8872330Z 16/16 Test #16: stress_deep_tests ................   Passed    0.00 sec
2026-09-29T22:54:09.8876484Z 
2026-09-29T22:54:09.8876673Z 100% tests passed out of 16
2026-09-29T22:54:09.8876972Z 
2026-09-29T22:54:09.8877099Z Total Test time (real) =   2.43 sec
2026-09-29T22:54:09.9235167Z + pytest tests/py tests/unit --ignore=tests/unit/native_types --ignore=tests/py/native_types --basetemp=/tmp/pytest-of-runner/73ks8zbz
2026-09-29T22:54:10.4176786Z ============================= test session starts ==============================
2026-09-29T22:54:10.4177495Z platform linux -- Python 3.12.14, pytest-9.1.1, pluggy-1.6.0
2026-09-29T22:54:10.4177908Z rootdir: /home/runner/work/strata/strata
2026-09-29T22:54:10.4178209Z configfile: pyproject.toml
2026-09-29T22:54:10.4178541Z plugins: platformdirs-4.12.2, cov-7.1.0
2026-09-29T22:54:10.4179186Z collected 3183 items
2026-09-29T22:54:10.4179337Z 
2026-09-29T22:54:10.4356782Z tests/py/test_dumps_brace_fold.py .........                              [  0%]
2026-09-29T22:54:10.4692006Z tests/py/test_dumps_cycles_fused.py .................................... [  1%]
2026-09-29T22:54:10.5196162Z ....................................................                     [  3%]
2026-09-29T22:54:10.7068534Z tests/py/test_dumps_general_tables.py ............................       [  3%]
2026-09-29T22:54:11.0547490Z tests/py/test_dumps_with_default.py .................................... [  5%]
2026-09-29T22:54:11.2617566Z .............................ss                                          [  6%]
2026-09-29T22:54:11.2927738Z tests/py/test_dumps_with_default_contract.py ........................... [  6%]
2026-09-29T22:54:11.3827328Z ........................................................................ [  9%]
2026-09-29T22:54:11.4736052Z ........................................................................ [ 11%]
2026-09-29T22:54:11.5200559Z ..........................                                               [ 12%]
2026-09-29T22:54:11.5238072Z tests/py/test_fused_verification.py ..                                   [ 12%]
2026-09-29T22:54:11.5520192Z tests/py/test_json_parity.py ........................................... [ 13%]
2026-09-29T22:54:11.5984367Z ........................................................................ [ 15%]
2026-09-29T22:54:11.6451850Z ........................................................................ [ 18%]
2026-09-29T22:54:11.6914748Z ........................................................................ [ 20%]
2026-09-29T22:54:11.7378841Z ........................................................................ [ 22%]
2026-09-29T22:54:11.7830469Z ........................................................................ [ 24%]
2026-09-29T22:54:11.8288640Z ........................................................................ [ 27%]
2026-09-29T22:54:11.8739047Z ........................................................................ [ 29%]
2026-09-29T22:54:11.9188624Z ........................................................................ [ 31%]
2026-09-29T22:54:11.9645507Z ........................................................................ [ 33%]
2026-09-29T22:54:12.0090325Z ........................................................................ [ 36%]
2026-09-29T22:54:12.0535536Z ........................................................................ [ 38%]
2026-09-29T22:54:12.0978631Z ........................................................................ [ 40%]
2026-09-29T22:54:12.1417863Z ........................................................................ [ 43%]
2026-09-29T22:54:12.1855400Z ........................................................................ [ 45%]
2026-09-29T22:54:12.2298182Z ........................................................................ [ 47%]
2026-09-29T22:54:12.2744984Z ........................................................................ [ 49%]
2026-09-29T22:54:12.2985891Z .................................                                        [ 50%]
2026-09-29T22:54:12.3372870Z tests/py/test_path_dispatch.py ................................          [ 51%]
2026-09-29T22:54:12.3388817Z tests/py/test_py_tests_basetemp.py ..                                    [ 51%]
2026-09-29T22:54:12.3405908Z tests/py/test_smoke.py ...                                               [ 52%]
2026-09-29T22:54:12.6556581Z tests/unit/test_ab_analysis.py ......................................    [ 53%]
2026-09-29T22:54:12.6669062Z tests/unit/test_build_manifest.py ...........                            [ 53%]
2026-09-29T22:54:12.6764368Z tests/unit/test_canonical_builds.py ....                                 [ 53%]
2026-09-29T22:54:12.8345144Z tests/unit/test_ci_fetch.py ........................                     [ 54%]
2026-09-29T22:54:12.9120468Z tests/unit/test_ci_summary.py .......................                    [ 55%]
2026-09-29T22:54:12.9290072Z tests/unit/test_config.py ...........................                    [ 56%]
2026-09-29T22:54:12.9441558Z tests/unit/test_core_purity.py ....                                      [ 56%]
2026-09-29T22:54:12.9538902Z tests/unit/test_cross_sample.py ......                                   [ 56%]
2026-09-29T22:54:13.0008146Z tests/unit/test_dumps.py ............................................... [ 57%]
2026-09-29T22:54:13.0140647Z ..........                                                               [ 58%]
2026-09-29T22:54:13.0314081Z tests/unit/test_dumps_brace_fold.py .........                            [ 58%]
2026-09-29T22:54:13.2069045Z tests/unit/test_dumps_cold_start.py ....                                 [ 58%]
2026-09-29T22:54:13.2348084Z tests/unit/test_dumps_contract.py ...................................... [ 59%]
2026-09-29T22:54:13.2902877Z .............................................................            [ 61%]
2026-09-29T22:54:13.3216557Z tests/unit/test_dumps_cycles_fused.py .................................. [ 62%]
2026-09-29T22:54:13.3740329Z ......................................................                   [ 64%]
2026-09-29T22:54:13.5863008Z tests/unit/test_dumps_general_tables.py ............................     [ 65%]
2026-09-29T22:54:13.8977219Z tests/unit/test_dumps_latch.py ............................              [ 66%]
2026-09-29T22:54:13.9607528Z tests/unit/test_dumps_private_cache.py ................................  [ 67%]
2026-09-29T22:54:14.4311940Z tests/unit/test_dumps_reentrancy.py .................................... [ 68%]
2026-09-29T22:54:15.2397615Z ......................................................................   [ 70%]
2026-09-29T22:54:15.7455773Z tests/unit/test_dumps_reentrancy_review.py ............................. [ 71%]
2026-09-29T22:54:15.8591835Z ..                                                                       [ 71%]
2026-09-29T22:54:15.8961533Z tests/unit/test_dumps_schema_failure.py ...........................      [ 72%]
2026-09-29T22:54:16.2245174Z tests/unit/test_dumps_user_step_counter.py ..........................    [ 73%]
2026-09-29T22:54:16.2493842Z tests/unit/test_dumps_with_default.py .................................. [ 74%]
2026-09-29T22:54:16.3019261Z ........................................................................ [ 76%]
2026-09-29T22:54:16.4137922Z .........................................................                [ 78%]
2026-09-29T22:54:16.4336343Z tests/unit/test_dumps_with_default_state.py ............................ [ 79%]
2026-09-29T22:54:16.5154398Z ........................................................................ [ 81%]
2026-09-29T22:54:16.6254453Z ..............                                                           [ 81%]
2026-09-29T22:54:16.6875801Z tests/unit/test_folder.py .............................................. [ 83%]
2026-09-29T22:54:16.7501905Z .........................................                                [ 84%]
2026-09-29T22:54:16.7540218Z tests/unit/test_fused_verification.py ..                                 [ 84%]
2026-09-29T22:54:16.7975778Z tests/unit/test_hook_build_scope.py ...............................      [ 85%]
2026-09-29T22:54:16.8734442Z tests/unit/test_json_cursor.py ...........................               [ 86%]
2026-09-29T22:54:16.9003338Z tests/unit/test_jsonpath.py ............................................ [ 87%]
2026-09-29T22:54:17.0002864Z .......................................................................  [ 90%]
2026-09-29T22:54:17.0751477Z tests/unit/test_load_dump.py ........................................... [ 91%]
2026-09-29T22:54:17.0754905Z                                                                          [ 91%]
2026-09-29T22:54:17.1056955Z tests/unit/test_loads.py ............................................... [ 92%]
2026-09-29T22:54:17.1831519Z ........................................................................ [ 95%]
2026-09-29T22:54:18.0343720Z ................                                                         [ 95%]
2026-09-29T22:54:18.0391196Z tests/unit/test_native_interleaved_profile.py ...                        [ 95%]
2026-09-29T22:54:18.0976181Z tests/unit/test_nested_container_probe.py ....                           [ 95%]
2026-09-29T22:54:18.1455374Z tests/unit/test_path_dispatch.py ................................        [ 96%]
2026-09-29T22:54:18.1781477Z tests/unit/test_provenance.py ..................                         [ 97%]
2026-09-29T22:54:18.2249618Z tests/unit/test_regression_check.py ..........................           [ 98%]
2026-09-29T22:54:18.3225922Z tests/unit/test_search_stream.py .................                       [ 98%]
2026-09-29T22:54:18.3234677Z tests/unit/test_string_identity_probe.py .                               [ 98%]
2026-09-29T22:54:18.3886811Z tests/unit/test_supplementary.py .............                           [ 99%]
2026-09-29T22:54:18.4374790Z tests/unit/test_supportability_check.py ....................             [ 99%]
2026-09-29T22:54:18.4857531Z tests/unit/test_version.py ....                                          [100%]
2026-09-29T22:54:18.4857925Z 
2026-09-29T22:54:18.4858122Z ======================= 3181 passed, 2 skipped in 8.36s ========================
2026-09-29T22:54:18.5996430Z ==> PGO: merging 17 raw profiles
2026-09-29T22:54:18.7339856Z ==> PGO phase 2: optimized build (profile + LTO)
2026-09-29T22:54:18.9798855Z Obtaining file:///home/runner/work/strata/strata
2026-09-29T22:54:18.9815266Z   Installing build dependencies: started
2026-09-29T22:54:20.2089540Z   Installing build dependencies: finished with status 'done'
2026-09-29T22:54:20.2094396Z   Checking if build backend supports build_editable: started
2026-09-29T22:54:20.4455597Z   Checking if build backend supports build_editable: finished with status 'done'
2026-09-29T22:54:20.4461022Z   Getting requirements to build editable: started
2026-09-29T22:54:20.7440069Z   Getting requirements to build editable: finished with status 'done'
2026-09-29T22:54:20.7447147Z   Preparing editable metadata (pyproject.toml): started
2026-09-29T22:54:20.9358001Z   Preparing editable metadata (pyproject.toml): finished with status 'done'
2026-09-29T22:54:20.9399417Z Building wheels for collected packages: strata
2026-09-29T22:54:20.9405450Z   Building editable for strata (pyproject.toml): started
2026-09-29T22:55:12.2795099Z   Building editable for strata (pyproject.toml): finished with status 'done'
2026-09-29T22:55:12.2801152Z   Created wheel for strata: filename=strata-2026.8.10-0.editable-cp312-cp312-linux_aarch64.whl size=4450 sha256=02fe8594468a03831032ec1b3f10fe8b35cd8515884d471abb825c4b9ff021e4
2026-09-29T22:55:12.2802388Z   Stored in directory: /tmp/pip-ephem-wheel-cache-dzgf54yf/wheels/ab/73/9c/71109b0f5a731622820d2f6d25f1f3cfd677e39fdd3b3110b6
2026-09-29T22:55:12.2824257Z Successfully built strata
2026-09-29T22:55:12.2912781Z Installing collected packages: strata
2026-09-29T22:55:12.2913731Z   Attempting uninstall: strata
2026-09-29T22:55:12.2930928Z     Found existing installation: strata 2026.8.10
2026-09-29T22:55:12.2943994Z     Uninstalling strata-2026.8.10:
2026-09-29T22:55:12.3129817Z       Successfully uninstalled strata-2026.8.10
2026-09-29T22:55:12.3200894Z Successfully installed strata-2026.8.10
2026-09-29T22:55:12.6032449Z ==> PGO: the hook image must carry no profile
2026-09-29T22:55:12.6435448Z + strata._dumps_hook is unprofiled: _dumps_hook.cpython-312-aarch64-linux-gnu.so.build.json records no profile or profile flag,
2026-09-29T22:55:12.6436137Z   and the image links no profile runtime
2026-09-29T22:55:12.6486788Z ==> PGO: gate tests on the optimized build
2026-09-29T22:55:12.6746105Z + /home/runner/work/strata/strata/.venv/bin/cmake -S . -B build/cmake -DCMAKE_BUILD_TYPE=Release
2026-09-29T22:55:12.7934359Z -- Configuring done (0.0s)
2026-09-29T22:55:12.8339298Z -- Generating done (0.0s)
2026-09-29T22:55:12.8342901Z -- Build files have been written to: /home/runner/work/strata/strata/build/cmake
2026-09-29T22:55:12.8351725Z + /home/runner/work/strata/strata/.venv/bin/cmake --build build/cmake --config Release
2026-09-29T22:55:12.9464099Z gmake[1]: Entering directory '/home/runner/work/strata/strata/build/cmake'
2026-09-29T22:55:12.9516817Z gmake[2]: Entering directory '/home/runner/work/strata/strata/build/cmake'
2026-09-29T22:55:12.9525570Z gmake[3]: Entering directory '/home/runner/work/strata/strata/build/cmake'
2026-09-29T22:55:12.9612721Z gmake[3]: Leaving directory '/home/runner/work/strata/strata/build/cmake'
2026-09-29T22:55:12.9640876Z gmake[3]: Entering directory '/home/runner/work/strata/strata/build/cmake'
2026-09-29T22:55:12.9660888Z [  0%] Linking CXX executable smoke_tests
2026-09-29T22:55:13.0221038Z gmake[3]: Leaving directory '/home/runner/work/strata/strata/build/cmake'
2026-09-29T22:55:13.0243654Z [  6%] Built target smoke_tests
2026-09-29T22:55:13.0257555Z gmake[3]: Entering directory '/home/runner/work/strata/strata/build/cmake'
2026-09-29T22:55:13.0346213Z gmake[3]: Leaving directory '/home/runner/work/strata/strata/build/cmake'
2026-09-29T22:55:13.0375020Z gmake[3]: Entering directory '/home/runner/work/strata/strata/build/cmake'
2026-09-29T22:55:13.0396145Z [  7%] Linking CXX executable json_core_tests
2026-09-29T22:55:13.0942998Z gmake[3]: Leaving directory '/home/runner/work/strata/strata/build/cmake'
2026-09-29T22:55:13.0966549Z [ 13%] Built target json_core_tests
2026-09-29T22:55:13.0979912Z gmake[3]: Entering directory '/home/runner/work/strata/strata/build/cmake'
2026-09-29T22:55:13.1069532Z gmake[3]: Leaving directory '/home/runner/work/strata/strata/build/cmake'
2026-09-29T22:55:13.1097326Z gmake[3]: Entering directory '/home/runner/work/strata/strata/build/cmake'
2026-09-29T22:55:13.1117602Z [ 13%] Linking CXX executable json_parse_tests
2026-09-29T22:55:13.1650909Z gmake[3]: Leaving directory '/home/runner/work/strata/strata/build/cmake'
2026-09-29T22:55:13.1672908Z [ 19%] Built target json_parse_tests
2026-09-29T22:55:13.1686428Z gmake[3]: Entering directory '/home/runner/work/strata/strata/build/cmake'
2026-09-29T22:55:13.1774835Z gmake[3]: Leaving directory '/home/runner/work/strata/strata/build/cmake'
2026-09-29T22:55:13.1802314Z gmake[3]: Entering directory '/home/runner/work/strata/strata/build/cmake'
2026-09-29T22:55:13.1822774Z [ 20%] Linking CXX executable fast_parse_tests
2026-09-29T22:55:13.2350550Z gmake[3]: Leaving directory '/home/runner/work/strata/strata/build/cmake'
2026-09-29T22:55:13.2373625Z [ 25%] Built target fast_parse_tests
2026-09-29T22:55:13.2386894Z gmake[3]: Entering directory '/home/runner/work/strata/strata/build/cmake'
2026-09-29T22:55:13.2477334Z gmake[3]: Leaving directory '/home/runner/work/strata/strata/build/cmake'
2026-09-29T22:55:13.2506483Z gmake[3]: Entering directory '/home/runner/work/strata/strata/build/cmake'
2026-09-29T22:55:13.2527921Z [ 26%] Linking CXX executable value_cursor_tests
2026-09-29T22:55:13.3054670Z gmake[3]: Leaving directory '/home/runner/work/strata/strata/build/cmake'
2026-09-29T22:55:13.3079440Z [ 32%] Built target value_cursor_tests
2026-09-29T22:55:13.3093737Z gmake[3]: Entering directory '/home/runner/work/strata/strata/build/cmake'
2026-09-29T22:55:13.3183331Z gmake[3]: Leaving directory '/home/runner/work/strata/strata/build/cmake'
2026-09-29T22:55:13.3212498Z gmake[3]: Entering directory '/home/runner/work/strata/strata/build/cmake'
2026-09-29T22:55:13.3233476Z [ 32%] Linking CXX executable json_serialize_tests
2026-09-29T22:55:13.3792014Z gmake[3]: Leaving directory '/home/runner/work/strata/strata/build/cmake'
2026-09-29T22:55:13.3815821Z [ 38%] Built target json_serialize_tests
2026-09-29T22:55:13.3829778Z gmake[3]: Entering directory '/home/runner/work/strata/strata/build/cmake'
2026-09-29T22:55:13.3920948Z gmake[3]: Leaving directory '/home/runner/work/strata/strata/build/cmake'
2026-09-29T22:55:13.3950408Z gmake[3]: Entering directory '/home/runner/work/strata/strata/build/cmake'
2026-09-29T22:55:13.3971646Z [ 39%] Linking CXX executable float_precision_tests
2026-09-29T22:55:13.4514851Z gmake[3]: Leaving directory '/home/runner/work/strata/strata/build/cmake'
2026-09-29T22:55:13.4538194Z [ 44%] Built target float_precision_tests
2026-09-29T22:55:13.4551156Z gmake[3]: Entering directory '/home/runner/work/strata/strata/build/cmake'
2026-09-29T22:55:13.4641984Z gmake[3]: Leaving directory '/home/runner/work/strata/strata/build/cmake'
2026-09-29T22:55:13.4670114Z gmake[3]: Entering directory '/home/runner/work/strata/strata/build/cmake'
2026-09-29T22:55:13.4690802Z [ 45%] Linking CXX executable json_cursor_tests
2026-09-29T22:55:13.5225657Z gmake[3]: Leaving directory '/home/runner/work/strata/strata/build/cmake'
2026-09-29T22:55:13.5248590Z [ 50%] Built target json_cursor_tests
2026-09-29T22:55:13.5261589Z gmake[3]: Entering directory '/home/runner/work/strata/strata/build/cmake'
2026-09-29T22:55:13.5349952Z gmake[3]: Leaving directory '/home/runner/work/strata/strata/build/cmake'
2026-09-29T22:55:13.5379049Z gmake[3]: Entering directory '/home/runner/work/strata/strata/build/cmake'
2026-09-29T22:55:13.5399675Z [ 51%] Linking CXX executable ndjson_tests
2026-09-29T22:55:13.5932616Z gmake[3]: Leaving directory '/home/runner/work/strata/strata/build/cmake'
2026-09-29T22:55:13.5954663Z [ 56%] Built target ndjson_tests
2026-09-29T22:55:13.5968379Z gmake[3]: Entering directory '/home/runner/work/strata/strata/build/cmake'
2026-09-29T22:55:13.6057438Z gmake[3]: Leaving directory '/home/runner/work/strata/strata/build/cmake'
2026-09-29T22:55:13.6085668Z gmake[3]: Entering directory '/home/runner/work/strata/strata/build/cmake'
2026-09-29T22:55:13.6105191Z [ 57%] Linking CXX executable jsonpath_tests
2026-09-29T22:55:13.6630434Z gmake[3]: Leaving directory '/home/runner/work/strata/strata/build/cmake'
2026-09-29T22:55:13.6652371Z [ 63%] Built target jsonpath_tests
2026-09-29T22:55:13.6665795Z gmake[3]: Entering directory '/home/runner/work/strata/strata/build/cmake'
2026-09-29T22:55:13.6753167Z gmake[3]: Leaving directory '/home/runner/work/strata/strata/build/cmake'
2026-09-29T22:55:13.6781075Z gmake[3]: Entering directory '/home/runner/work/strata/strata/build/cmake'
2026-09-29T22:55:13.6800700Z [ 63%] Linking CXX executable jsonpath_stream_tests
2026-09-29T22:55:13.7311797Z gmake[3]: Leaving directory '/home/runner/work/strata/strata/build/cmake'
2026-09-29T22:55:13.7333872Z [ 69%] Built target jsonpath_stream_tests
2026-09-29T22:55:13.7347349Z gmake[3]: Entering directory '/home/runner/work/strata/strata/build/cmake'
2026-09-29T22:55:13.7434143Z gmake[3]: Leaving directory '/home/runner/work/strata/strata/build/cmake'
2026-09-29T22:55:13.7462633Z gmake[3]: Entering directory '/home/runner/work/strata/strata/build/cmake'
2026-09-29T22:55:13.7482411Z [ 69%] Linking CXX executable scan_tests
2026-09-29T22:55:13.7986087Z gmake[3]: Leaving directory '/home/runner/work/strata/strata/build/cmake'
2026-09-29T22:55:13.8008590Z [ 75%] Built target scan_tests
2026-09-29T22:55:13.8021735Z gmake[3]: Entering directory '/home/runner/work/strata/strata/build/cmake'
2026-09-29T22:55:13.8111889Z gmake[3]: Leaving directory '/home/runner/work/strata/strata/build/cmake'
2026-09-29T22:55:13.8140844Z gmake[3]: Entering directory '/home/runner/work/strata/strata/build/cmake'
2026-09-29T22:55:13.8160584Z [ 75%] Linking CXX executable temporal_tests
2026-09-29T22:55:13.8690566Z gmake[3]: Leaving directory '/home/runner/work/strata/strata/build/cmake'
2026-09-29T22:55:13.8713454Z [ 81%] Built target temporal_tests
2026-09-29T22:55:13.8727371Z gmake[3]: Entering directory '/home/runner/work/strata/strata/build/cmake'
2026-09-29T22:55:13.8816473Z gmake[3]: Leaving directory '/home/runner/work/strata/strata/build/cmake'
2026-09-29T22:55:13.8844100Z gmake[3]: Entering directory '/home/runner/work/strata/strata/build/cmake'
2026-09-29T22:55:13.8863842Z [ 81%] Linking CXX executable folder_tests
2026-09-29T22:55:13.9392038Z gmake[3]: Leaving directory '/home/runner/work/strata/strata/build/cmake'
2026-09-29T22:55:13.9413912Z [ 87%] Built target folder_tests
2026-09-29T22:55:13.9427048Z gmake[3]: Entering directory '/home/runner/work/strata/strata/build/cmake'
2026-09-29T22:55:13.9515457Z gmake[3]: Leaving directory '/home/runner/work/strata/strata/build/cmake'
2026-09-29T22:55:13.9544202Z gmake[3]: Entering directory '/home/runner/work/strata/strata/build/cmake'
2026-09-29T22:55:13.9563432Z [ 87%] Linking CXX executable fuzz_corpus_tests
2026-09-29T22:55:14.0069109Z gmake[3]: Leaving directory '/home/runner/work/strata/strata/build/cmake'
2026-09-29T22:55:14.0092926Z [ 93%] Built target fuzz_corpus_tests
2026-09-29T22:55:14.0106605Z gmake[3]: Entering directory '/home/runner/work/strata/strata/build/cmake'
2026-09-29T22:55:14.0196857Z gmake[3]: Leaving directory '/home/runner/work/strata/strata/build/cmake'
2026-09-29T22:55:14.0225534Z gmake[3]: Entering directory '/home/runner/work/strata/strata/build/cmake'
2026-09-29T22:55:14.0247781Z [ 94%] Linking CXX executable stress_deep_tests
2026-09-29T22:55:14.0791443Z gmake[3]: Leaving directory '/home/runner/work/strata/strata/build/cmake'
2026-09-29T22:55:14.0815657Z [100%] Built target stress_deep_tests
2026-09-29T22:55:14.0819257Z gmake[2]: Leaving directory '/home/runner/work/strata/strata/build/cmake'
2026-09-29T22:55:14.0853424Z gmake[1]: Leaving directory '/home/runner/work/strata/strata/build/cmake'
2026-09-29T22:55:14.0862811Z + /home/runner/work/strata/strata/.venv/bin/ctest --test-dir build/cmake --build-config Release --output-on-failure --no-tests=error
2026-09-29T22:55:14.1988999Z Test project /home/runner/work/strata/strata/build/cmake
2026-09-29T22:55:14.1993481Z       Start  1: smoke_tests
2026-09-29T22:55:14.2006579Z  1/16 Test  #1: smoke_tests ......................   Passed    0.00 sec
2026-09-29T22:55:14.2007632Z       Start  2: json_core_tests
2026-09-29T22:55:14.2020864Z  2/16 Test  #2: json_core_tests ..................   Passed    0.00 sec
2026-09-29T22:55:14.2021895Z       Start  3: json_parse_tests
2026-09-29T22:55:14.2035171Z  3/16 Test  #3: json_parse_tests .................   Passed    0.00 sec
2026-09-29T22:55:14.2036086Z       Start  4: fast_parse_tests
2026-09-29T22:55:14.2674011Z  4/16 Test  #4: fast_parse_tests .................   Passed    0.06 sec
2026-09-29T22:55:14.2674725Z       Start  5: value_cursor_tests
2026-09-29T22:55:14.2736037Z  5/16 Test  #5: value_cursor_tests ...............   Passed    0.01 sec
2026-09-29T22:55:14.2737182Z       Start  6: json_serialize_tests
2026-09-29T22:55:14.2751529Z  6/16 Test  #6: json_serialize_tests .............   Passed    0.00 sec
2026-09-29T22:55:14.2752136Z       Start  7: float_precision_tests
2026-09-29T22:55:16.5797964Z  7/16 Test  #7: float_precision_tests ............   Passed    2.30 sec
2026-09-29T22:55:16.5905752Z       Start  8: json_cursor_tests
2026-09-29T22:55:16.5906106Z  8/16 Test  #8: json_cursor_tests ................   Passed    0.00 sec
2026-09-29T22:55:16.5906446Z       Start  9: ndjson_tests
2026-09-29T22:55:16.5906725Z  9/16 Test  #9: ndjson_tests .....................   Passed    0.00 sec
2026-09-29T22:55:16.5907035Z       Start 10: jsonpath_tests
2026-09-29T22:55:16.5907322Z 10/16 Test #10: jsonpath_tests ...................   Passed    0.00 sec
2026-09-29T22:55:16.5907659Z       Start 11: jsonpath_stream_tests
2026-09-29T22:55:16.5907963Z 11/16 Test #11: jsonpath_stream_tests ............   Passed    0.00 sec
2026-09-29T22:55:16.5908273Z       Start 12: scan_tests
2026-09-29T22:55:16.6054901Z 12/16 Test #12: scan_tests .......................   Passed    0.02 sec
2026-09-29T22:55:16.6055915Z       Start 13: temporal_tests
2026-09-29T22:55:16.6194863Z 13/16 Test #13: temporal_tests ...................   Passed    0.01 sec
2026-09-29T22:55:16.6195756Z       Start 14: folder_tests
2026-09-29T22:55:16.6220732Z 14/16 Test #14: folder_tests .....................   Passed    0.00 sec
2026-09-29T22:55:16.6221976Z       Start 15: fuzz_corpus_tests
2026-09-29T22:55:16.6252957Z 15/16 Test #15: fuzz_corpus_tests ................   Passed    0.00 sec
2026-09-29T22:55:16.6253995Z       Start 16: stress_deep_tests
2026-09-29T22:55:16.6280370Z 16/16 Test #16: stress_deep_tests ................   Passed    0.00 sec
2026-09-29T22:55:16.6285658Z 
2026-09-29T22:55:16.6285770Z 100% tests passed out of 16
2026-09-29T22:55:16.6286266Z 
2026-09-29T22:55:16.6286359Z Total Test time (real) =   2.43 sec
2026-09-29T22:55:16.6639291Z + pytest tests/py tests/unit --basetemp=/tmp/pytest-of-runner/r4w7ugrf
2026-09-29T22:55:17.2382252Z ============================= test session starts ==============================
2026-09-29T22:55:17.2382717Z platform linux -- Python 3.12.14, pytest-9.1.1, pluggy-1.6.0
2026-09-29T22:55:17.2383046Z rootdir: /home/runner/work/strata/strata
2026-09-29T22:55:17.2383299Z configfile: pyproject.toml
2026-09-29T22:55:17.2383527Z plugins: platformdirs-4.12.2, cov-7.1.0
2026-09-29T22:55:17.2383770Z collected 3925 items
2026-09-29T22:55:17.2383892Z 
2026-09-29T22:55:17.2528340Z tests/py/native_types/test_native_dump.py ..............                 [  0%]
2026-09-29T22:55:17.3365251Z tests/py/native_types/test_native_fast_paths.py ........ssssssssss...... [  0%]
2026-09-29T22:55:17.5232074Z .............................                                            [  1%]
2026-09-29T22:55:17.5737472Z tests/py/native_types/test_native_import.py ...                          [  1%]
2026-09-29T22:55:17.6108977Z tests/py/native_types/test_native_opt_out.py ........................... [  2%]
2026-09-29T22:55:17.6113252Z                                                                          [  2%]
2026-09-29T22:55:17.6903045Z tests/py/native_types/test_native_oracle.py .........                    [  2%]
2026-09-29T22:55:17.9808244Z tests/py/native_types/test_native_reentrancy.py ........................ [  3%]
2026-09-29T22:55:18.6509046Z ..................................................                       [  4%]
2026-09-29T22:55:18.6836530Z tests/py/native_types/test_parse_types.py .............................. [  5%]
2026-09-29T22:55:19.0903910Z ............................................................             [  6%]
2026-09-29T22:55:19.1070621Z tests/py/test_dumps_brace_fold.py .........                              [  7%]
2026-09-29T22:55:19.1389353Z tests/py/test_dumps_cycles_fused.py .................................... [  8%]
2026-09-29T22:55:19.1859027Z ....................................................                     [  9%]
2026-09-29T22:55:19.3999307Z tests/py/test_dumps_general_tables.py ............................       [ 10%]
2026-09-29T22:55:19.8113077Z tests/py/test_dumps_with_default.py .................................... [ 10%]
2026-09-29T22:55:20.0710416Z .............................ss                                          [ 11%]
2026-09-29T22:55:20.1011979Z tests/py/test_dumps_with_default_contract.py ........................... [ 12%]
2026-09-29T22:55:20.1877843Z ........................................................................ [ 14%]
2026-09-29T22:55:20.2759551Z ........................................................................ [ 16%]
2026-09-29T22:55:20.3204042Z ..........................                                               [ 16%]
2026-09-29T22:55:20.3238333Z tests/py/test_fused_verification.py ..                                   [ 16%]
2026-09-29T22:55:20.3498446Z tests/py/test_json_parity.py ........................................... [ 17%]
2026-09-29T22:55:20.3931668Z ........................................................................ [ 19%]
2026-09-29T22:55:20.4366739Z ........................................................................ [ 21%]
2026-09-29T22:55:20.4797057Z ........................................................................ [ 23%]
2026-09-29T22:55:20.5229293Z ........................................................................ [ 25%]
2026-09-29T22:55:20.5654027Z ........................................................................ [ 27%]
2026-09-29T22:55:20.6086434Z ........................................................................ [ 28%]
2026-09-29T22:55:20.6505301Z ........................................................................ [ 30%]
2026-09-29T22:55:20.6923244Z ........................................................................ [ 32%]
2026-09-29T22:55:20.7346515Z ........................................................................ [ 34%]
2026-09-29T22:55:20.7764825Z ........................................................................ [ 36%]
2026-09-29T22:55:20.8180549Z ........................................................................ [ 38%]
2026-09-29T22:55:20.8590507Z ........................................................................ [ 39%]
2026-09-29T22:55:20.8999775Z ........................................................................ [ 41%]
2026-09-29T22:55:20.9406040Z ........................................................................ [ 43%]
2026-09-29T22:55:20.9814887Z ........................................................................ [ 45%]
2026-09-29T22:55:21.0221523Z ........................................................................ [ 47%]
2026-09-29T22:55:21.0443888Z .................................                                        [ 48%]
2026-09-29T22:55:21.0809840Z tests/py/test_path_dispatch.py ................................          [ 48%]
2026-09-29T22:55:21.0824074Z tests/py/test_py_tests_basetemp.py ..                                    [ 48%]
2026-09-29T22:55:21.0840102Z tests/py/test_smoke.py ...                                               [ 49%]
2026-09-29T22:55:21.1047059Z tests/unit/native_types/test_build_sources.py .......                    [ 49%]
2026-09-29T22:55:21.2148303Z tests/unit/native_types/test_hook_import_gating.py .......               [ 49%]
2026-09-29T22:55:21.2812036Z tests/unit/native_types/test_hook_profile_build.py ...............       [ 49%]
2026-09-29T22:55:21.2906279Z tests/unit/native_types/test_native_benchmark_agreement.py ...........   [ 50%]
2026-09-29T22:55:21.3784697Z tests/unit/native_types/test_native_benchmark_dataset.py .....           [ 50%]
2026-09-29T22:55:21.3824208Z tests/unit/native_types/test_native_benchmark_rows.py .......            [ 50%]
2026-09-29T22:55:21.3944107Z tests/unit/native_types/test_native_ci_fetch.py ....                     [ 50%]
2026-09-29T22:55:21.4045565Z tests/unit/native_types/test_native_ci_summary.py .....                  [ 50%]
2026-09-29T22:55:21.4433992Z tests/unit/native_types/test_native_flag.py ..........................s. [ 51%]
2026-09-29T22:55:21.4724006Z ..                                                                       [ 51%]
2026-09-29T22:55:21.4832115Z tests/unit/native_types/test_native_identity_ab.py .......               [ 51%]
2026-09-29T22:55:21.5027630Z tests/unit/native_types/test_native_opt_out.py ......................... [ 52%]
2026-09-29T22:55:21.5589592Z ........................................................................ [ 54%]
2026-09-29T22:55:21.5951650Z ..................................................                       [ 55%]
2026-09-29T22:55:21.6097301Z tests/unit/native_types/test_parse_contract.py ......................... [ 55%]
2026-09-29T22:55:21.6663216Z .................................................                        [ 57%]
2026-09-29T22:55:21.6784605Z tests/unit/native_types/test_serializer_contract.py .................... [ 57%]
2026-09-29T22:55:21.9936706Z ........................................................................ [ 59%]
2026-09-29T22:55:22.0337562Z ................................................                         [ 60%]
2026-09-29T22:55:22.0837965Z tests/unit/native_types/test_training_scope.py .............             [ 61%]
2026-09-29T22:55:22.4075375Z tests/unit/test_ab_analysis.py ......................................    [ 62%]
2026-09-29T22:55:22.4192083Z tests/unit/test_build_manifest.py ...........                            [ 62%]
2026-09-29T22:55:22.4293139Z tests/unit/test_canonical_builds.py ....                                 [ 62%]
2026-09-29T22:55:22.5903261Z tests/unit/test_ci_fetch.py ........................                     [ 63%]
2026-09-29T22:55:22.6710998Z tests/unit/test_ci_summary.py .......................                    [ 63%]
2026-09-29T22:55:22.6888796Z tests/unit/test_config.py ...........................                    [ 64%]
2026-09-29T22:55:22.7040998Z tests/unit/test_core_purity.py ....                                      [ 64%]
2026-09-29T22:55:22.7145936Z tests/unit/test_cross_sample.py ......                                   [ 64%]
2026-09-29T22:55:22.7621945Z tests/unit/test_dumps.py ............................................... [ 65%]
2026-09-29T22:55:22.7749367Z ..........                                                               [ 66%]
2026-09-29T22:55:22.7917454Z tests/unit/test_dumps_brace_fold.py .........                            [ 66%]
2026-09-29T22:55:22.9662416Z tests/unit/test_dumps_cold_start.py ....                                 [ 66%]
2026-09-29T22:55:22.9949146Z tests/unit/test_dumps_contract.py ...................................... [ 67%]
2026-09-29T22:55:23.0495160Z .............................................................            [ 68%]
2026-09-29T22:55:23.0828852Z tests/unit/test_dumps_cycles_fused.py .................................. [ 69%]
2026-09-29T22:55:23.1383596Z ......................................................                   [ 71%]
2026-09-29T22:55:23.4051439Z tests/unit/test_dumps_general_tables.py ............................     [ 71%]
2026-09-29T22:55:23.8185885Z tests/unit/test_dumps_latch.py ............................              [ 72%]
2026-09-29T22:55:23.8899867Z tests/unit/test_dumps_private_cache.py ................................  [ 73%]
2026-09-29T22:55:24.5116197Z tests/unit/test_dumps_reentrancy.py .................................... [ 74%]
2026-09-29T22:55:25.5924746Z ......................................................................   [ 76%]
2026-09-29T22:55:26.2654405Z tests/unit/test_dumps_reentrancy_review.py ............................. [ 76%]
2026-09-29T22:55:26.4172315Z ..                                                                       [ 76%]
2026-09-29T22:55:26.4574961Z tests/unit/test_dumps_schema_failure.py ...........................      [ 77%]
2026-09-29T22:55:26.8894875Z tests/unit/test_dumps_user_step_counter.py ..........................    [ 78%]
2026-09-29T22:55:26.9153784Z tests/unit/test_dumps_with_default.py .................................. [ 79%]
2026-09-29T22:55:26.9698360Z ........................................................................ [ 80%]
2026-09-29T22:55:27.0838134Z .........................................................                [ 82%]
2026-09-29T22:55:27.1047143Z tests/unit/test_dumps_with_default_state.py ............................ [ 83%]
2026-09-29T22:55:27.1885276Z ........................................................................ [ 84%]
2026-09-29T22:55:27.2984544Z ..............                                                           [ 85%]
2026-09-29T22:55:27.3655176Z tests/unit/test_folder.py .............................................. [ 86%]
2026-09-29T22:55:27.4319127Z .........................................                                [ 87%]
2026-09-29T22:55:27.4357078Z tests/unit/test_fused_verification.py ..                                 [ 87%]
2026-09-29T22:55:27.4811592Z tests/unit/test_hook_build_scope.py ...............................      [ 88%]
2026-09-29T22:55:27.5780751Z tests/unit/test_json_cursor.py ...........................               [ 89%]
2026-09-29T22:55:27.6058895Z tests/unit/test_jsonpath.py ............................................ [ 90%]
2026-09-29T22:55:27.7166889Z .......................................................................  [ 91%]
2026-09-29T22:55:27.7949221Z tests/unit/test_load_dump.py ........................................... [ 93%]
2026-09-29T22:55:27.7954248Z                                                                          [ 93%]
2026-09-29T22:55:27.8272353Z tests/unit/test_loads.py ............................................... [ 94%]
2026-09-29T22:55:27.9057465Z ........................................................................ [ 96%]
2026-09-29T22:55:28.7346323Z ................                                                         [ 96%]
2026-09-29T22:55:28.7397868Z tests/unit/test_native_interleaved_profile.py ...                        [ 96%]
2026-09-29T22:55:28.8062737Z tests/unit/test_nested_container_probe.py ....                           [ 96%]
2026-09-29T22:55:28.8580163Z tests/unit/test_path_dispatch.py ................................        [ 97%]
2026-09-29T22:55:28.8930190Z tests/unit/test_provenance.py ..................                         [ 97%]
2026-09-29T22:55:28.9419246Z tests/unit/test_regression_check.py ..........................           [ 98%]
2026-09-29T22:55:29.0371066Z tests/unit/test_search_stream.py .................                       [ 99%]
2026-09-29T22:55:29.0379305Z tests/unit/test_string_identity_probe.py .                               [ 99%]
2026-09-29T22:55:29.1048922Z tests/unit/test_supplementary.py .............                           [ 99%]
2026-09-29T22:55:29.1557458Z tests/unit/test_supportability_check.py ....................             [ 99%]
2026-09-29T22:55:29.2174264Z tests/unit/test_version.py ....                                          [100%]
2026-09-29T22:55:29.2174613Z 
2026-09-29T22:55:29.2174773Z ====================== 3912 passed, 13 skipped in 12.37s =======================
2026-09-29T22:55:29.4193528Z ==> PGO phase 3a: instrumented hook
2026-09-29T22:55:29.6648606Z Obtaining file:///home/runner/work/strata/strata
2026-09-29T22:55:29.6665112Z   Installing build dependencies: started
2026-09-29T22:55:30.8871842Z   Installing build dependencies: finished with status 'done'
2026-09-29T22:55:30.8876882Z   Checking if build backend supports build_editable: started
2026-09-29T22:55:31.1147817Z   Checking if build backend supports build_editable: finished with status 'done'
2026-09-29T22:55:31.1153218Z   Getting requirements to build editable: started
2026-09-29T22:55:31.4053524Z   Getting requirements to build editable: finished with status 'done'
2026-09-29T22:55:31.4061925Z   Preparing editable metadata (pyproject.toml): started
2026-09-29T22:55:31.5889786Z   Preparing editable metadata (pyproject.toml): finished with status 'done'
2026-09-29T22:55:31.5932985Z Building wheels for collected packages: strata
2026-09-29T22:55:31.5938720Z   Building editable for strata (pyproject.toml): started
2026-09-29T22:56:05.5110446Z   Building editable for strata (pyproject.toml): finished with status 'done'
2026-09-29T22:56:05.5116106Z   Created wheel for strata: filename=strata-2026.8.10-0.editable-cp312-cp312-linux_aarch64.whl size=4450 sha256=9a38372c7af5de2ee0cca8c7da623e7e32e6d1b09e27130c8ff9bd69730343b7
2026-09-29T22:56:05.5117107Z   Stored in directory: /tmp/pip-ephem-wheel-cache-4a610bo2/wheels/ab/73/9c/71109b0f5a731622820d2f6d25f1f3cfd677e39fdd3b3110b6
2026-09-29T22:56:05.5138946Z Successfully built strata
2026-09-29T22:56:05.5227228Z Installing collected packages: strata
2026-09-29T22:56:05.5228173Z   Attempting uninstall: strata
2026-09-29T22:56:05.5245098Z     Found existing installation: strata 2026.8.10
2026-09-29T22:56:05.5258014Z     Uninstalling strata-2026.8.10:
2026-09-29T22:56:05.5444079Z       Successfully uninstalled strata-2026.8.10
2026-09-29T22:56:05.5535793Z Successfully installed strata-2026.8.10
2026-09-29T22:56:05.8090502Z ==> PGO: the hook's native training workload
2026-09-29T22:56:06.5890662Z ==> PGO phase 3b: the hook against its own profile (+ LTO)
2026-09-29T22:56:06.8419409Z Obtaining file:///home/runner/work/strata/strata
2026-09-29T22:56:06.8435211Z   Installing build dependencies: started
2026-09-29T22:56:08.0708513Z   Installing build dependencies: finished with status 'done'
2026-09-29T22:56:08.0713900Z   Checking if build backend supports build_editable: started
2026-09-29T22:56:08.2983266Z   Checking if build backend supports build_editable: finished with status 'done'
2026-09-29T22:56:08.2989477Z   Getting requirements to build editable: started
2026-09-29T22:56:08.5861088Z   Getting requirements to build editable: finished with status 'done'
2026-09-29T22:56:08.5868376Z   Preparing editable metadata (pyproject.toml): started
2026-09-29T22:56:08.7706825Z   Preparing editable metadata (pyproject.toml): finished with status 'done'
2026-09-29T22:56:08.7750147Z Building wheels for collected packages: strata
2026-09-29T22:56:08.7755892Z   Building editable for strata (pyproject.toml): started
2026-09-29T22:56:39.8300874Z   Building editable for strata (pyproject.toml): finished with status 'done'
2026-09-29T22:56:39.8307658Z   Created wheel for strata: filename=strata-2026.8.10-0.editable-cp312-cp312-linux_aarch64.whl size=4450 sha256=40ec23fef38d90b569b7da5403d16025330e67aa372a93c739af3ff24af07cce
2026-09-29T22:56:39.8308646Z   Stored in directory: /tmp/pip-ephem-wheel-cache-u_dbnzte/wheels/ab/73/9c/71109b0f5a731622820d2f6d25f1f3cfd677e39fdd3b3110b6
2026-09-29T22:56:39.8331225Z Successfully built strata
2026-09-29T22:56:39.8424645Z Installing collected packages: strata
2026-09-29T22:56:39.8424993Z   Attempting uninstall: strata
2026-09-29T22:56:39.8442368Z     Found existing installation: strata 2026.8.10
2026-09-29T22:56:39.8455489Z     Uninstalling strata-2026.8.10:
2026-09-29T22:56:39.8642386Z       Successfully uninstalled strata-2026.8.10
2026-09-29T22:56:39.8720101Z Successfully installed strata-2026.8.10
2026-09-29T22:56:40.1442616Z ==> PGO: _strata unchanged, the hook on its own profile alone
2026-09-29T22:56:40.2070856Z + strata._dumps_hook is built against hook.profdata alone and links no profile runtime
2026-09-29T22:56:40.2548698Z + strata._strata is built against strata.profdata alone and links no profile runtime
2026-09-29T22:56:40.2598137Z ==> PGO: gate tests on the optimized hook
2026-09-29T22:56:40.2857768Z + /home/runner/work/strata/strata/.venv/bin/cmake -S . -B build/cmake -DCMAKE_BUILD_TYPE=Release
2026-09-29T22:56:40.4046199Z -- Configuring done (0.0s)
2026-09-29T22:56:40.4442368Z -- Generating done (0.0s)
2026-09-29T22:56:40.4444970Z -- Build files have been written to: /home/runner/work/strata/strata/build/cmake
2026-09-29T22:56:40.4454792Z + /home/runner/work/strata/strata/.venv/bin/cmake --build build/cmake --config Release
2026-09-29T22:56:40.5556881Z gmake[1]: Entering directory '/home/runner/work/strata/strata/build/cmake'
2026-09-29T22:56:40.5610322Z gmake[2]: Entering directory '/home/runner/work/strata/strata/build/cmake'
2026-09-29T22:56:40.5618964Z gmake[3]: Entering directory '/home/runner/work/strata/strata/build/cmake'
2026-09-29T22:56:40.5706705Z gmake[3]: Leaving directory '/home/runner/work/strata/strata/build/cmake'
2026-09-29T22:56:40.5735659Z gmake[3]: Entering directory '/home/runner/work/strata/strata/build/cmake'
2026-09-29T22:56:40.5756070Z [  0%] Linking CXX executable smoke_tests
2026-09-29T22:56:40.6310456Z gmake[3]: Leaving directory '/home/runner/work/strata/strata/build/cmake'
2026-09-29T22:56:40.6332881Z [  6%] Built target smoke_tests
2026-09-29T22:56:40.6346505Z gmake[3]: Entering directory '/home/runner/work/strata/strata/build/cmake'
2026-09-29T22:56:40.6434325Z gmake[3]: Leaving directory '/home/runner/work/strata/strata/build/cmake'
2026-09-29T22:56:40.6462718Z gmake[3]: Entering directory '/home/runner/work/strata/strata/build/cmake'
2026-09-29T22:56:40.6483511Z [  7%] Linking CXX executable json_core_tests
2026-09-29T22:56:40.7024643Z gmake[3]: Leaving directory '/home/runner/work/strata/strata/build/cmake'
2026-09-29T22:56:40.7048346Z [ 13%] Built target json_core_tests
2026-09-29T22:56:40.7061541Z gmake[3]: Entering directory '/home/runner/work/strata/strata/build/cmake'
2026-09-29T22:56:40.7152433Z gmake[3]: Leaving directory '/home/runner/work/strata/strata/build/cmake'
2026-09-29T22:56:40.7181416Z gmake[3]: Entering directory '/home/runner/work/strata/strata/build/cmake'
2026-09-29T22:56:40.7202154Z [ 13%] Linking CXX executable json_parse_tests
2026-09-29T22:56:40.7731073Z gmake[3]: Leaving directory '/home/runner/work/strata/strata/build/cmake'
2026-09-29T22:56:40.7754868Z [ 19%] Built target json_parse_tests
2026-09-29T22:56:40.7768633Z gmake[3]: Entering directory '/home/runner/work/strata/strata/build/cmake'
2026-09-29T22:56:40.7858930Z gmake[3]: Leaving directory '/home/runner/work/strata/strata/build/cmake'
2026-09-29T22:56:40.7887538Z gmake[3]: Entering directory '/home/runner/work/strata/strata/build/cmake'
2026-09-29T22:56:40.7908828Z [ 20%] Linking CXX executable fast_parse_tests
2026-09-29T22:56:40.8457137Z gmake[3]: Leaving directory '/home/runner/work/strata/strata/build/cmake'
2026-09-29T22:56:40.8481174Z [ 25%] Built target fast_parse_tests
2026-09-29T22:56:40.8495133Z gmake[3]: Entering directory '/home/runner/work/strata/strata/build/cmake'
2026-09-29T22:56:40.8586690Z gmake[3]: Leaving directory '/home/runner/work/strata/strata/build/cmake'
2026-09-29T22:56:40.8615231Z gmake[3]: Entering directory '/home/runner/work/strata/strata/build/cmake'
2026-09-29T22:56:40.8637044Z [ 26%] Linking CXX executable value_cursor_tests
2026-09-29T22:56:40.9176739Z gmake[3]: Leaving directory '/home/runner/work/strata/strata/build/cmake'
2026-09-29T22:56:40.9198517Z [ 32%] Built target value_cursor_tests
2026-09-29T22:56:40.9211924Z gmake[3]: Entering directory '/home/runner/work/strata/strata/build/cmake'
2026-09-29T22:56:40.9299128Z gmake[3]: Leaving directory '/home/runner/work/strata/strata/build/cmake'
2026-09-29T22:56:40.9327133Z gmake[3]: Entering directory '/home/runner/work/strata/strata/build/cmake'
2026-09-29T22:56:40.9346366Z [ 32%] Linking CXX executable json_serialize_tests
2026-09-29T22:56:40.9862569Z gmake[3]: Leaving directory '/home/runner/work/strata/strata/build/cmake'
2026-09-29T22:56:40.9887148Z [ 38%] Built target json_serialize_tests
2026-09-29T22:56:40.9900425Z gmake[3]: Entering directory '/home/runner/work/strata/strata/build/cmake'
2026-09-29T22:56:40.9989980Z gmake[3]: Leaving directory '/home/runner/work/strata/strata/build/cmake'
2026-09-29T22:56:41.0018410Z gmake[3]: Entering directory '/home/runner/work/strata/strata/build/cmake'
2026-09-29T22:56:41.0039704Z [ 39%] Linking CXX executable float_precision_tests
2026-09-29T22:56:41.0596362Z gmake[3]: Leaving directory '/home/runner/work/strata/strata/build/cmake'
2026-09-29T22:56:41.0621479Z [ 44%] Built target float_precision_tests
2026-09-29T22:56:41.0635762Z gmake[3]: Entering directory '/home/runner/work/strata/strata/build/cmake'
2026-09-29T22:56:41.0728026Z gmake[3]: Leaving directory '/home/runner/work/strata/strata/build/cmake'
2026-09-29T22:56:41.0757365Z gmake[3]: Entering directory '/home/runner/work/strata/strata/build/cmake'
2026-09-29T22:56:41.0778398Z [ 45%] Linking CXX executable json_cursor_tests
2026-09-29T22:56:41.1332678Z gmake[3]: Leaving directory '/home/runner/work/strata/strata/build/cmake'
2026-09-29T22:56:41.1357181Z [ 50%] Built target json_cursor_tests
2026-09-29T22:56:41.1370319Z gmake[3]: Entering directory '/home/runner/work/strata/strata/build/cmake'
2026-09-29T22:56:41.1459008Z gmake[3]: Leaving directory '/home/runner/work/strata/strata/build/cmake'
2026-09-29T22:56:41.1487333Z gmake[3]: Entering directory '/home/runner/work/strata/strata/build/cmake'
2026-09-29T22:56:41.1508416Z [ 51%] Linking CXX executable ndjson_tests
2026-09-29T22:56:41.2037100Z gmake[3]: Leaving directory '/home/runner/work/strata/strata/build/cmake'
2026-09-29T22:56:41.2061344Z [ 56%] Built target ndjson_tests
2026-09-29T22:56:41.2074923Z gmake[3]: Entering directory '/home/runner/work/strata/strata/build/cmake'
2026-09-29T22:56:41.2166718Z gmake[3]: Leaving directory '/home/runner/work/strata/strata/build/cmake'
2026-09-29T22:56:41.2196196Z gmake[3]: Entering directory '/home/runner/work/strata/strata/build/cmake'
2026-09-29T22:56:41.2216930Z [ 57%] Linking CXX executable jsonpath_tests
2026-09-29T22:56:41.2769646Z gmake[3]: Leaving directory '/home/runner/work/strata/strata/build/cmake'
2026-09-29T22:56:41.2794719Z [ 63%] Built target jsonpath_tests
2026-09-29T22:56:41.2808875Z gmake[3]: Entering directory '/home/runner/work/strata/strata/build/cmake'
2026-09-29T22:56:41.2899496Z gmake[3]: Leaving directory '/home/runner/work/strata/strata/build/cmake'
2026-09-29T22:56:41.2929052Z gmake[3]: Entering directory '/home/runner/work/strata/strata/build/cmake'
2026-09-29T22:56:41.2949891Z [ 63%] Linking CXX executable jsonpath_stream_tests
2026-09-29T22:56:41.3475460Z gmake[3]: Leaving directory '/home/runner/work/strata/strata/build/cmake'
2026-09-29T22:56:41.3497915Z [ 69%] Built target jsonpath_stream_tests
2026-09-29T22:56:41.3511215Z gmake[3]: Entering directory '/home/runner/work/strata/strata/build/cmake'
2026-09-29T22:56:41.3597823Z gmake[3]: Leaving directory '/home/runner/work/strata/strata/build/cmake'
2026-09-29T22:56:41.3626734Z gmake[3]: Entering directory '/home/runner/work/strata/strata/build/cmake'
2026-09-29T22:56:41.3646114Z [ 69%] Linking CXX executable scan_tests
2026-09-29T22:56:41.4155274Z gmake[3]: Leaving directory '/home/runner/work/strata/strata/build/cmake'
2026-09-29T22:56:41.4177934Z [ 75%] Built target scan_tests
2026-09-29T22:56:41.4191190Z gmake[3]: Entering directory '/home/runner/work/strata/strata/build/cmake'
2026-09-29T22:56:41.4281840Z gmake[3]: Leaving directory '/home/runner/work/strata/strata/build/cmake'
2026-09-29T22:56:41.4310452Z gmake[3]: Entering directory '/home/runner/work/strata/strata/build/cmake'
2026-09-29T22:56:41.4330063Z [ 75%] Linking CXX executable temporal_tests
2026-09-29T22:56:41.4832367Z gmake[3]: Leaving directory '/home/runner/work/strata/strata/build/cmake'
2026-09-29T22:56:41.4854226Z [ 81%] Built target temporal_tests
2026-09-29T22:56:41.4867606Z gmake[3]: Entering directory '/home/runner/work/strata/strata/build/cmake'
2026-09-29T22:56:41.4956532Z gmake[3]: Leaving directory '/home/runner/work/strata/strata/build/cmake'
2026-09-29T22:56:41.4985074Z gmake[3]: Entering directory '/home/runner/work/strata/strata/build/cmake'
2026-09-29T22:56:41.5004897Z [ 81%] Linking CXX executable folder_tests
2026-09-29T22:56:41.5506266Z gmake[3]: Leaving directory '/home/runner/work/strata/strata/build/cmake'
2026-09-29T22:56:41.5528118Z [ 87%] Built target folder_tests
2026-09-29T22:56:41.5541795Z gmake[3]: Entering directory '/home/runner/work/strata/strata/build/cmake'
2026-09-29T22:56:41.5632342Z gmake[3]: Leaving directory '/home/runner/work/strata/strata/build/cmake'
2026-09-29T22:56:41.5660901Z gmake[3]: Entering directory '/home/runner/work/strata/strata/build/cmake'
2026-09-29T22:56:41.5680825Z [ 87%] Linking CXX executable fuzz_corpus_tests
2026-09-29T22:56:41.6178302Z gmake[3]: Leaving directory '/home/runner/work/strata/strata/build/cmake'
2026-09-29T22:56:41.6200003Z [ 93%] Built target fuzz_corpus_tests
2026-09-29T22:56:41.6213281Z gmake[3]: Entering directory '/home/runner/work/strata/strata/build/cmake'
2026-09-29T22:56:41.6299953Z gmake[3]: Leaving directory '/home/runner/work/strata/strata/build/cmake'
2026-09-29T22:56:41.6328111Z gmake[3]: Entering directory '/home/runner/work/strata/strata/build/cmake'
2026-09-29T22:56:41.6348208Z [ 94%] Linking CXX executable stress_deep_tests
2026-09-29T22:56:41.6843397Z gmake[3]: Leaving directory '/home/runner/work/strata/strata/build/cmake'
2026-09-29T22:56:41.6866027Z [100%] Built target stress_deep_tests
2026-09-29T22:56:41.6869845Z gmake[2]: Leaving directory '/home/runner/work/strata/strata/build/cmake'
2026-09-29T22:56:41.6902044Z gmake[1]: Leaving directory '/home/runner/work/strata/strata/build/cmake'
2026-09-29T22:56:41.6911286Z + /home/runner/work/strata/strata/.venv/bin/ctest --test-dir build/cmake --build-config Release --output-on-failure --no-tests=error
2026-09-29T22:56:41.8044800Z Test project /home/runner/work/strata/strata/build/cmake
2026-09-29T22:56:41.8050405Z       Start  1: smoke_tests
2026-09-29T22:56:41.8062597Z  1/16 Test  #1: smoke_tests ......................   Passed    0.00 sec
2026-09-29T22:56:41.8063993Z       Start  2: json_core_tests
2026-09-29T22:56:41.8077022Z  2/16 Test  #2: json_core_tests ..................   Passed    0.00 sec
2026-09-29T22:56:41.8077872Z       Start  3: json_parse_tests
2026-09-29T22:56:41.8090209Z  3/16 Test  #3: json_parse_tests .................   Passed    0.00 sec
2026-09-29T22:56:41.8090947Z       Start  4: fast_parse_tests
2026-09-29T22:56:41.8721594Z  4/16 Test  #4: fast_parse_tests .................   Passed    0.06 sec
2026-09-29T22:56:41.8722495Z       Start  5: value_cursor_tests
2026-09-29T22:56:41.8783050Z  5/16 Test  #5: value_cursor_tests ...............   Passed    0.01 sec
2026-09-29T22:56:41.8784031Z       Start  6: json_serialize_tests
2026-09-29T22:56:41.8796914Z  6/16 Test  #6: json_serialize_tests .............   Passed    0.00 sec
2026-09-29T22:56:41.8797590Z       Start  7: float_precision_tests
2026-09-29T22:56:44.1827431Z  7/16 Test  #7: float_precision_tests ............   Passed    2.30 sec
2026-09-29T22:56:44.1828349Z       Start  8: json_cursor_tests
2026-09-29T22:56:44.1844779Z  8/16 Test  #8: json_cursor_tests ................   Passed    0.00 sec
2026-09-29T22:56:44.1845553Z       Start  9: ndjson_tests
2026-09-29T22:56:44.1885895Z  9/16 Test  #9: ndjson_tests .....................   Passed    0.00 sec
2026-09-29T22:56:44.1887066Z       Start 10: jsonpath_tests
2026-09-29T22:56:44.1899555Z 10/16 Test #10: jsonpath_tests ...................   Passed    0.00 sec
2026-09-29T22:56:44.1900536Z       Start 11: jsonpath_stream_tests
2026-09-29T22:56:44.1916190Z 11/16 Test #11: jsonpath_stream_tests ............   Passed    0.00 sec
2026-09-29T22:56:44.1917031Z       Start 12: scan_tests
2026-09-29T22:56:44.2082600Z 12/16 Test #12: scan_tests .......................   Passed    0.02 sec
2026-09-29T22:56:44.2083357Z       Start 13: temporal_tests
2026-09-29T22:56:44.2220269Z 13/16 Test #13: temporal_tests ...................   Passed    0.01 sec
2026-09-29T22:56:44.2221008Z       Start 14: folder_tests
2026-09-29T22:56:44.2245771Z 14/16 Test #14: folder_tests .....................   Passed    0.00 sec
2026-09-29T22:56:44.2246545Z       Start 15: fuzz_corpus_tests
2026-09-29T22:56:44.2277175Z 15/16 Test #15: fuzz_corpus_tests ................   Passed    0.00 sec
2026-09-29T22:56:44.2277952Z       Start 16: stress_deep_tests
2026-09-29T22:56:44.2302908Z 16/16 Test #16: stress_deep_tests ................   Passed    0.00 sec
2026-09-29T22:56:44.2305912Z 
2026-09-29T22:56:44.2306275Z 100% tests passed out of 16
2026-09-29T22:56:44.2306442Z 
2026-09-29T22:56:44.2306539Z Total Test time (real) =   2.43 sec
2026-09-29T22:56:44.2669787Z + pytest tests/py tests/unit --basetemp=/tmp/pytest-of-runner/732ihb_1
2026-09-29T22:56:44.8407114Z ============================= test session starts ==============================
2026-09-29T22:56:44.8407544Z platform linux -- Python 3.12.14, pytest-9.1.1, pluggy-1.6.0
2026-09-29T22:56:44.8407893Z rootdir: /home/runner/work/strata/strata
2026-09-29T22:56:44.8408147Z configfile: pyproject.toml
2026-09-29T22:56:44.8408376Z plugins: platformdirs-4.12.2, cov-7.1.0
2026-09-29T22:56:44.8408613Z collected 3925 items
2026-09-29T22:56:44.8408734Z 
2026-09-29T22:56:44.8552369Z tests/py/native_types/test_native_dump.py ..............                 [  0%]
2026-09-29T22:56:44.9390967Z tests/py/native_types/test_native_fast_paths.py ........ssssssssss...... [  0%]
2026-09-29T22:56:45.1259901Z .............................                                            [  1%]
2026-09-29T22:56:45.1766157Z tests/py/native_types/test_native_import.py ...                          [  1%]
2026-09-29T22:56:45.2139996Z tests/py/native_types/test_native_opt_out.py ........................... [  2%]
2026-09-29T22:56:45.2144233Z                                                                          [  2%]
2026-09-29T22:56:45.2934930Z tests/py/native_types/test_native_oracle.py .........                    [  2%]
2026-09-29T22:56:45.6100037Z tests/py/native_types/test_native_reentrancy.py ........................ [  3%]
2026-09-29T22:56:46.3117747Z ..................................................                       [  4%]
2026-09-29T22:56:46.3449286Z tests/py/native_types/test_parse_types.py .............................. [  5%]
2026-09-29T22:56:46.7426460Z ............................................................             [  6%]
2026-09-29T22:56:46.7593059Z tests/py/test_dumps_brace_fold.py .........                              [  7%]
2026-09-29T22:56:46.7927032Z tests/py/test_dumps_cycles_fused.py .................................... [  8%]
2026-09-29T22:56:46.8445410Z ....................................................                     [  9%]
2026-09-29T22:56:47.0712947Z tests/py/test_dumps_general_tables.py ............................       [ 10%]
2026-09-29T22:56:47.5174984Z tests/py/test_dumps_with_default.py .................................... [ 10%]
2026-09-29T22:56:47.7876921Z .............................ss                                          [ 11%]
2026-09-29T22:56:47.8183879Z tests/py/test_dumps_with_default_contract.py ........................... [ 12%]
2026-09-29T22:56:47.9090923Z ........................................................................ [ 14%]
2026-09-29T22:56:48.0005598Z ........................................................................ [ 16%]
2026-09-29T22:56:48.0466160Z ..........................                                               [ 16%]
2026-09-29T22:56:48.0502041Z tests/py/test_fused_verification.py ..                                   [ 16%]
2026-09-29T22:56:48.0790492Z tests/py/test_json_parity.py ........................................... [ 17%]
2026-09-29T22:56:48.1265418Z ........................................................................ [ 19%]
2026-09-29T22:56:48.1736726Z ........................................................................ [ 21%]
2026-09-29T22:56:48.2198332Z ........................................................................ [ 23%]
2026-09-29T22:56:48.2673340Z ........................................................................ [ 25%]
2026-09-29T22:56:48.3135366Z ........................................................................ [ 27%]
2026-09-29T22:56:48.3606219Z ........................................................................ [ 28%]
2026-09-29T22:56:48.4068799Z ........................................................................ [ 30%]
2026-09-29T22:56:48.4529744Z ........................................................................ [ 32%]
2026-09-29T22:56:48.4996439Z ........................................................................ [ 34%]
2026-09-29T22:56:48.5452560Z ........................................................................ [ 36%]
2026-09-29T22:56:48.5900977Z ........................................................................ [ 38%]
2026-09-29T22:56:48.6346763Z ........................................................................ [ 39%]
2026-09-29T22:56:48.6792203Z ........................................................................ [ 41%]
2026-09-29T22:56:48.7236166Z ........................................................................ [ 43%]
2026-09-29T22:56:48.7683407Z ........................................................................ [ 45%]
2026-09-29T22:56:48.8126859Z ........................................................................ [ 47%]
2026-09-29T22:56:48.8368194Z .................................                                        [ 48%]
2026-09-29T22:56:48.8766771Z tests/py/test_path_dispatch.py ................................          [ 48%]
2026-09-29T22:56:48.8783297Z tests/py/test_py_tests_basetemp.py ..                                    [ 48%]
2026-09-29T22:56:48.8802099Z tests/py/test_smoke.py ...                                               [ 49%]
2026-09-29T22:56:48.9012324Z tests/unit/native_types/test_build_sources.py .......                    [ 49%]
2026-09-29T22:56:49.0149154Z tests/unit/native_types/test_hook_import_gating.py .......               [ 49%]
2026-09-29T22:56:49.0835852Z tests/unit/native_types/test_hook_profile_build.py ...............       [ 49%]
2026-09-29T22:56:49.0939029Z tests/unit/native_types/test_native_benchmark_agreement.py ...........   [ 50%]
2026-09-29T22:56:49.1822731Z tests/unit/native_types/test_native_benchmark_dataset.py .....           [ 50%]
2026-09-29T22:56:49.1865099Z tests/unit/native_types/test_native_benchmark_rows.py .......            [ 50%]
2026-09-29T22:56:49.1992056Z tests/unit/native_types/test_native_ci_fetch.py ....                     [ 50%]
2026-09-29T22:56:49.2099764Z tests/unit/native_types/test_native_ci_summary.py .....                  [ 50%]
2026-09-29T22:56:49.2522365Z tests/unit/native_types/test_native_flag.py ..........................s. [ 51%]
2026-09-29T22:56:49.2834227Z ..                                                                       [ 51%]
2026-09-29T22:56:49.2952062Z tests/unit/native_types/test_native_identity_ab.py .......               [ 51%]
2026-09-29T22:56:49.3166756Z tests/unit/native_types/test_native_opt_out.py ......................... [ 52%]
2026-09-29T22:56:49.3780337Z ........................................................................ [ 54%]
2026-09-29T22:56:49.4175944Z ..................................................                       [ 55%]
2026-09-29T22:56:49.4337702Z tests/unit/native_types/test_parse_contract.py ......................... [ 55%]
2026-09-29T22:56:49.4951975Z .................................................                        [ 57%]
2026-09-29T22:56:49.5084725Z tests/unit/native_types/test_serializer_contract.py .................... [ 57%]
2026-09-29T22:56:49.8398735Z ........................................................................ [ 59%]
2026-09-29T22:56:49.8825415Z ................................................                         [ 60%]
2026-09-29T22:56:49.9339382Z tests/unit/native_types/test_training_scope.py .............             [ 61%]
2026-09-29T22:56:50.2588412Z tests/unit/test_ab_analysis.py ......................................    [ 62%]
2026-09-29T22:56:50.2705185Z tests/unit/test_build_manifest.py ...........                            [ 62%]
2026-09-29T22:56:50.2806742Z tests/unit/test_canonical_builds.py ....                                 [ 62%]
2026-09-29T22:56:50.4429901Z tests/unit/test_ci_fetch.py ........................                     [ 63%]
2026-09-29T22:56:50.5239516Z tests/unit/test_ci_summary.py .......................                    [ 63%]
2026-09-29T22:56:50.5419630Z tests/unit/test_config.py ...........................                    [ 64%]
2026-09-29T22:56:50.5572396Z tests/unit/test_core_purity.py ....                                      [ 64%]
2026-09-29T22:56:50.5678620Z tests/unit/test_cross_sample.py ......                                   [ 64%]
2026-09-29T22:56:50.6157636Z tests/unit/test_dumps.py ............................................... [ 65%]
2026-09-29T22:56:50.6285671Z ..........                                                               [ 66%]
2026-09-29T22:56:50.6454529Z tests/unit/test_dumps_brace_fold.py .........                            [ 66%]
2026-09-29T22:56:50.8208708Z tests/unit/test_dumps_cold_start.py ....                                 [ 66%]
2026-09-29T22:56:50.8500028Z tests/unit/test_dumps_contract.py ...................................... [ 67%]
2026-09-29T22:56:50.9042669Z .............................................................            [ 68%]
2026-09-29T22:56:50.9367354Z tests/unit/test_dumps_cycles_fused.py .................................. [ 69%]
2026-09-29T22:56:50.9877534Z ......................................................                   [ 71%]
2026-09-29T22:56:51.2684771Z tests/unit/test_dumps_general_tables.py ............................     [ 71%]
2026-09-29T22:56:51.6512367Z tests/unit/test_dumps_latch.py ............................              [ 72%]
2026-09-29T22:56:51.7189928Z tests/unit/test_dumps_private_cache.py ................................  [ 73%]
2026-09-29T22:56:52.2962943Z tests/unit/test_dumps_reentrancy.py .................................... [ 74%]
2026-09-29T22:56:53.3333931Z ......................................................................   [ 76%]
2026-09-29T22:56:54.0093552Z tests/unit/test_dumps_reentrancy_review.py ............................. [ 76%]
2026-09-29T22:56:54.1621375Z ..                                                                       [ 76%]
2026-09-29T22:56:54.2040758Z tests/unit/test_dumps_schema_failure.py ...........................      [ 77%]
2026-09-29T22:56:54.6395668Z tests/unit/test_dumps_user_step_counter.py ..........................    [ 78%]
2026-09-29T22:56:54.6655377Z tests/unit/test_dumps_with_default.py .................................. [ 79%]
2026-09-29T22:56:54.7202612Z ........................................................................ [ 80%]
2026-09-29T22:56:54.8345257Z .........................................................                [ 82%]
2026-09-29T22:56:54.8550001Z tests/unit/test_dumps_with_default_state.py ............................ [ 83%]
2026-09-29T22:56:54.9367704Z ........................................................................ [ 84%]
2026-09-29T22:56:55.0480248Z ..............                                                           [ 85%]
2026-09-29T22:56:55.1161971Z tests/unit/test_folder.py .............................................. [ 86%]
2026-09-29T22:56:55.1834973Z .........................................                                [ 87%]
2026-09-29T22:56:55.1872862Z tests/unit/test_fused_verification.py ..                                 [ 87%]
2026-09-29T22:56:55.2331107Z tests/unit/test_hook_build_scope.py ...............................      [ 88%]
2026-09-29T22:56:55.3299750Z tests/unit/test_json_cursor.py ...........................               [ 89%]
2026-09-29T22:56:55.3581097Z tests/unit/test_jsonpath.py ............................................ [ 90%]
2026-09-29T22:56:55.4694728Z .......................................................................  [ 91%]
2026-09-29T22:56:55.5483898Z tests/unit/test_load_dump.py ........................................... [ 93%]
2026-09-29T22:56:55.5488725Z                                                                          [ 93%]
2026-09-29T22:56:55.5808613Z tests/unit/test_loads.py ............................................... [ 94%]
2026-09-29T22:56:55.6604442Z ........................................................................ [ 96%]
2026-09-29T22:56:56.4873317Z ................                                                         [ 96%]
2026-09-29T22:56:56.4925590Z tests/unit/test_native_interleaved_profile.py ...                        [ 96%]
2026-09-29T22:56:56.5596594Z tests/unit/test_nested_container_probe.py ....                           [ 96%]
2026-09-29T22:56:56.6118809Z tests/unit/test_path_dispatch.py ................................        [ 97%]
2026-09-29T22:56:56.6470662Z tests/unit/test_provenance.py ..................                         [ 97%]
2026-09-29T22:56:56.6964461Z tests/unit/test_regression_check.py ..........................           [ 98%]
2026-09-29T22:56:56.7934297Z tests/unit/test_search_stream.py .................                       [ 99%]
2026-09-29T22:56:56.7942300Z tests/unit/test_string_identity_probe.py .                               [ 99%]
2026-09-29T22:56:56.8589799Z tests/unit/test_supplementary.py .............                           [ 99%]
2026-09-29T22:56:56.9075189Z tests/unit/test_supportability_check.py ....................             [ 99%]
2026-09-29T22:56:56.9655201Z tests/unit/test_version.py ....                                          [100%]
2026-09-29T22:56:56.9655494Z 
2026-09-29T22:56:56.9655642Z ====================== 3912 passed, 13 skipped in 12.52s =======================
2026-09-29T22:56:57.1145582Z ==> PGO: generating benchmark data
2026-09-29T22:56:57.1158852Z make[1]: Entering directory '/home/runner/work/strata/strata'
2026-09-29T22:56:57.1159628Z PYTHONPATH=. .venv/bin/python -m benchmarks.data.generate_bench_data --out-dir benchmarks/data/generated/small  --num-users 1000 --max-orders 10 --max-items 5  --records 500
2026-09-29T22:56:57.3557661Z   benchmarks/data/generated/small/users.json  (1680 KB)
2026-09-29T22:56:57.3558073Z   benchmarks/data/generated/small/users.ndjson  (1679 KB)
2026-09-29T22:56:57.3558417Z   benchmarks/data/generated/small/flat.json  (209 KB)
2026-09-29T22:56:57.3558742Z   benchmarks/data/generated/small/nested.json  (148 KB)
2026-09-29T22:56:57.3559116Z   benchmarks/data/generated/small/wide_arrays.json  (1218 KB)
2026-09-29T22:56:57.3559465Z   benchmarks/data/generated/small/mixed.json  (34 KB)
2026-09-29T22:56:57.3609450Z PYTHONPATH=. .venv/bin/python -m benchmarks.data.generate_bench_data --out-dir benchmarks/data/generated/medium --num-users 2000 --max-orders 20 --max-items 10 --records 2000
2026-09-29T22:56:58.5089123Z   benchmarks/data/generated/medium/users.json  (9883 KB)
2026-09-29T22:56:58.5089540Z   benchmarks/data/generated/medium/users.ndjson  (9881 KB)
2026-09-29T22:56:58.5089889Z   benchmarks/data/generated/medium/flat.json  (836 KB)
2026-09-29T22:56:58.5090227Z   benchmarks/data/generated/medium/nested.json  (594 KB)
2026-09-29T22:56:58.5090585Z   benchmarks/data/generated/medium/wide_arrays.json  (4874 KB)
2026-09-29T22:56:58.5090944Z   benchmarks/data/generated/medium/mixed.json  (138 KB)
2026-09-29T22:56:58.5154273Z PYTHONPATH=. .venv/bin/python -m benchmarks.data.generate_bench_data --out-dir benchmarks/data/generated/large  --num-users 4000 --max-orders 40 --max-items 20 --records 5000
2026-09-29T22:57:05.4201578Z   benchmarks/data/generated/large/users.json  (68083 KB)
2026-09-29T22:57:05.4202029Z   benchmarks/data/generated/large/users.ndjson  (68079 KB)
2026-09-29T22:57:05.4202376Z   benchmarks/data/generated/large/flat.json  (2092 KB)
2026-09-29T22:57:05.4202751Z   benchmarks/data/generated/large/nested.json  (1488 KB)
2026-09-29T22:57:05.4203112Z   benchmarks/data/generated/large/wide_arrays.json  (12185 KB)
2026-09-29T22:57:05.4203471Z   benchmarks/data/generated/large/mixed.json  (347 KB)
2026-09-29T22:57:05.4285628Z make[1]: Leaving directory '/home/runner/work/strata/strata'
2026-09-29T22:57:05.4287927Z ==> PGO: verification benchmarks
2026-09-29T22:57:23.2927192Z wrote build/pgo/bench_results_pgo.md
2026-09-29T22:57:23.3105304Z ==> PGO complete
2026-09-29T22:57:23.3105645Z     profile: /home/runner/work/strata/strata/build/pgo/strata.profdata
2026-09-29T22:57:23.3106040Z     results: build/pgo/bench_results_pgo.md
2026-09-29T22:57:23.3106339Z     The installed extension is now the PGO+LTO build.
2026-09-29T22:57:23.3139532Z ##[group]Run PYTHONPATH=. .venv/bin/python -m benchmarks.data.generate_bench_data \
2026-09-29T22:57:23.3140130Z PYTHONPATH=. .venv/bin/python -m benchmarks.data.generate_bench_data \
2026-09-29T22:57:23.3140564Z   --out-dir benchmarks/data/generated/small \
2026-09-29T22:57:23.3140932Z   --num-users 1000 --max-orders 10 --max-items 5 --records 500
2026-09-29T22:57:23.3192356Z shell: /usr/bin/bash -e {0}
2026-09-29T22:57:23.3192575Z env:
2026-09-29T22:57:23.3192813Z   pythonLocation: /opt/hostedtoolcache/Python/3.12.14/arm64
2026-09-29T22:57:23.3193214Z   PKG_CONFIG_PATH: /opt/hostedtoolcache/Python/3.12.14/arm64/lib/pkgconfig
2026-09-29T22:57:23.3193617Z   Python_ROOT_DIR: /opt/hostedtoolcache/Python/3.12.14/arm64
2026-09-29T22:57:23.3193982Z   Python2_ROOT_DIR: /opt/hostedtoolcache/Python/3.12.14/arm64
2026-09-29T22:57:23.3194340Z   Python3_ROOT_DIR: /opt/hostedtoolcache/Python/3.12.14/arm64
2026-09-29T22:57:23.3194746Z   LD_LIBRARY_PATH: /opt/hostedtoolcache/Python/3.12.14/arm64/lib
2026-09-29T22:57:23.3195051Z ##[endgroup]
2026-09-29T22:57:23.5627651Z   benchmarks/data/generated/small/users.json  (1680 KB)
2026-09-29T22:57:23.5628260Z   benchmarks/data/generated/small/users.ndjson  (1679 KB)
2026-09-29T22:57:23.5628918Z   benchmarks/data/generated/small/flat.json  (209 KB)
2026-09-29T22:57:23.5629422Z   benchmarks/data/generated/small/nested.json  (148 KB)
2026-09-29T22:57:23.5629901Z   benchmarks/data/generated/small/wide_arrays.json  (1218 KB)
2026-09-29T22:57:23.5630377Z   benchmarks/data/generated/small/mixed.json  (34 KB)
2026-09-29T22:57:23.5706094Z ##[group]Run PYTHONPATH=. .venv/bin/python -m benchmarks.bench_main \
2026-09-29T22:57:23.5706590Z PYTHONPATH=. .venv/bin/python -m benchmarks.bench_main \
2026-09-29T22:57:23.5706929Z   --name "ci-linux-arm64" \
2026-09-29T22:57:23.5707183Z   --repeat 10 --warmup 2 \
2026-09-29T22:57:23.5707491Z   --dataset benchmarks/data/generated/small/users.json \
2026-09-29T22:57:23.5707884Z   --dataset benchmarks/data/generated/small/users.ndjson \
2026-09-29T22:57:23.5708273Z   --dataset benchmarks/data/generated/small/flat.json \
2026-09-29T22:57:23.5708872Z   --dataset benchmarks/data/generated/small/nested.json \
2026-09-29T22:57:23.5709280Z   --dataset benchmarks/data/generated/small/wide_arrays.json \
2026-09-29T22:57:23.5709682Z   --dataset benchmarks/data/generated/small/mixed.json \
2026-09-29T22:57:23.5710018Z   --output "bench_ci_linux-arm64.md"
2026-09-29T22:57:23.5743441Z shell: /usr/bin/bash -e {0}
2026-09-29T22:57:23.5743669Z env:
2026-09-29T22:57:23.5743926Z   pythonLocation: /opt/hostedtoolcache/Python/3.12.14/arm64
2026-09-29T22:57:23.5744331Z   PKG_CONFIG_PATH: /opt/hostedtoolcache/Python/3.12.14/arm64/lib/pkgconfig
2026-09-29T22:57:23.5744734Z   Python_ROOT_DIR: /opt/hostedtoolcache/Python/3.12.14/arm64
2026-09-29T22:57:23.5745092Z   Python2_ROOT_DIR: /opt/hostedtoolcache/Python/3.12.14/arm64
2026-09-29T22:57:23.5745450Z   Python3_ROOT_DIR: /opt/hostedtoolcache/Python/3.12.14/arm64
2026-09-29T22:57:23.5745821Z   LD_LIBRARY_PATH: /opt/hostedtoolcache/Python/3.12.14/arm64/lib
2026-09-29T22:57:23.5746128Z   PGO_MODE: use
2026-09-29T22:57:23.5746303Z   STRATA_ENABLE_LTO: 1
2026-09-29T22:57:23.5746489Z ##[endgroup]
2026-09-29T22:57:46.1321667Z wrote bench_ci_linux-arm64.md
2026-09-29T22:57:46.1554954Z ##[group]Run PYTHONPATH=. .venv/bin/python -m benchmarks.supportability_check \
2026-09-29T22:57:46.1555550Z PYTHONPATH=. .venv/bin/python -m benchmarks.supportability_check \
2026-09-29T22:57:46.1555919Z   "bench_ci_linux-arm64.md"
2026-09-29T22:57:46.1591987Z shell: /usr/bin/bash -e {0}
2026-09-29T22:57:46.1592213Z env:
2026-09-29T22:57:46.1592450Z   pythonLocation: /opt/hostedtoolcache/Python/3.12.14/arm64
2026-09-29T22:57:46.1592853Z   PKG_CONFIG_PATH: /opt/hostedtoolcache/Python/3.12.14/arm64/lib/pkgconfig
2026-09-29T22:57:46.1593257Z   Python_ROOT_DIR: /opt/hostedtoolcache/Python/3.12.14/arm64
2026-09-29T22:57:46.1593616Z   Python2_ROOT_DIR: /opt/hostedtoolcache/Python/3.12.14/arm64
2026-09-29T22:57:46.1593982Z   Python3_ROOT_DIR: /opt/hostedtoolcache/Python/3.12.14/arm64
2026-09-29T22:57:46.1594366Z   LD_LIBRARY_PATH: /opt/hostedtoolcache/Python/3.12.14/arm64/lib
2026-09-29T22:57:46.1594668Z ##[endgroup]
2026-09-29T22:57:46.2337199Z supportability: bench_ci_linux-arm64.md: 27/27 declared rows, no problems; 27 rows within 3.0x, no ERROR rows
2026-09-29T22:57:46.2466844Z ##[group]Run PYTHONPATH=. .venv/bin/python -m benchmarks.native_v1 \
2026-09-29T22:57:46.2467323Z PYTHONPATH=. .venv/bin/python -m benchmarks.native_v1 \
2026-09-29T22:57:46.2467700Z   --data benchmarks/data/generated --tiers small \
2026-09-29T22:57:46.2468003Z   --repeat 30 --warmup 2 \
2026-09-29T22:57:46.2468271Z   --output "bench_native_linux-arm64.md"
2026-09-29T22:57:46.2499371Z shell: /usr/bin/bash -e {0}
2026-09-29T22:57:46.2499597Z env:
2026-09-29T22:57:46.2499834Z   pythonLocation: /opt/hostedtoolcache/Python/3.12.14/arm64
2026-09-29T22:57:46.2500238Z   PKG_CONFIG_PATH: /opt/hostedtoolcache/Python/3.12.14/arm64/lib/pkgconfig
2026-09-29T22:57:46.2500641Z   Python_ROOT_DIR: /opt/hostedtoolcache/Python/3.12.14/arm64
2026-09-29T22:57:46.2501015Z   Python2_ROOT_DIR: /opt/hostedtoolcache/Python/3.12.14/arm64
2026-09-29T22:57:46.2501617Z   Python3_ROOT_DIR: /opt/hostedtoolcache/Python/3.12.14/arm64
2026-09-29T22:57:46.2502061Z   LD_LIBRARY_PATH: /opt/hostedtoolcache/Python/3.12.14/arm64/lib
2026-09-29T22:57:46.2502362Z   PGO_MODE: use
2026-09-29T22:57:46.2502535Z   STRATA_ENABLE_LTO: 1
2026-09-29T22:57:46.2502722Z ##[endgroup]
2026-09-29T22:57:48.0981979Z native-v1: 2/2 declared rows, 1 extra
2026-09-29T22:57:48.0982610Z native-v1: 1/1 declared rows, 2 extra
2026-09-29T22:57:48.0982863Z native-v1: 1/1 declared rows, 2 extra
2026-09-29T22:57:48.1171416Z ##[group]Run PYTHONPATH=. .venv/bin/python scripts/identity_ab.py \
2026-09-29T22:57:48.1171940Z PYTHONPATH=. .venv/bin/python scripts/identity_ab.py \
2026-09-29T22:57:48.1172317Z   --base "234ea15861d2f37b1b55c6251281a49021864441" \
2026-09-29T22:57:48.1172668Z   --arm-dir "/home/runner/work/_temp/identity-arm" \
2026-09-29T22:57:48.1173207Z   --out "identity-linux-arm64"
2026-09-29T22:57:48.1173562Z cp "identity-linux-arm64/identity.txt" "identity-linux-arm64.txt"
2026-09-29T22:57:48.1208799Z shell: /usr/bin/bash -e {0}
2026-09-29T22:57:48.1209021Z env:
2026-09-29T22:57:48.1209255Z   pythonLocation: /opt/hostedtoolcache/Python/3.12.14/arm64
2026-09-29T22:57:48.1209663Z   PKG_CONFIG_PATH: /opt/hostedtoolcache/Python/3.12.14/arm64/lib/pkgconfig
2026-09-29T22:57:48.1210064Z   Python_ROOT_DIR: /opt/hostedtoolcache/Python/3.12.14/arm64
2026-09-29T22:57:48.1210421Z   Python2_ROOT_DIR: /opt/hostedtoolcache/Python/3.12.14/arm64
2026-09-29T22:57:48.1210828Z   Python3_ROOT_DIR: /opt/hostedtoolcache/Python/3.12.14/arm64
2026-09-29T22:57:48.1211197Z   LD_LIBRARY_PATH: /opt/hostedtoolcache/Python/3.12.14/arm64/lib
2026-09-29T22:57:48.1211728Z ##[endgroup]
2026-09-29T22:57:48.1553290Z + git worktree add --force --detach /home/runner/work/_temp/identity-arm 234ea15861d2f37b1b55c6251281a49021864441
2026-09-29T22:57:48.1564420Z Preparing worktree (detached HEAD 234ea15)
2026-09-29T22:57:48.2826160Z HEAD is now at 234ea15 Merge M13: framework adapters, reconciled with native precedence
2026-09-29T22:57:48.2840567Z + make install-bench
2026-09-29T22:57:48.2855615Z python3 -m venv .venv
2026-09-29T22:57:50.1889332Z .venv/bin/python -m pip install -U pip setuptools wheel
2026-09-29T22:57:50.4981101Z Requirement already satisfied: pip in ./.venv/lib/python3.12/site-packages (25.0.1)
2026-09-29T22:57:50.5752031Z Collecting pip
2026-09-29T22:57:50.5762587Z   Using cached pip-26.2.1-py3-none-any.whl.metadata (4.6 kB)
2026-09-29T22:57:50.6626177Z Collecting setuptools
2026-09-29T22:57:50.6635236Z   Using cached setuptools-84.0.0-py3-none-any.whl.metadata (6.6 kB)
2026-09-29T22:57:50.6894205Z Collecting wheel
2026-09-29T22:57:50.6903180Z   Using cached wheel-0.48.0-py3-none-any.whl.metadata (2.3 kB)
2026-09-29T22:57:50.7071971Z Collecting packaging>=24.0 (from wheel)
2026-09-29T22:57:50.7081115Z   Using cached packaging-26.3-py3-none-any.whl.metadata (3.5 kB)
2026-09-29T22:57:50.7106124Z Using cached pip-26.2.1-py3-none-any.whl (1.8 MB)
2026-09-29T22:57:50.7120618Z Using cached setuptools-84.0.0-py3-none-any.whl (818 kB)
2026-09-29T22:57:50.7132421Z Using cached wheel-0.48.0-py3-none-any.whl (33 kB)
2026-09-29T22:57:50.7141478Z Using cached packaging-26.3-py3-none-any.whl (129 kB)
2026-09-29T22:57:50.7335751Z Installing collected packages: setuptools, pip, packaging, wheel
2026-09-29T22:57:51.0913054Z   Attempting uninstall: pip
2026-09-29T22:57:51.0931430Z     Found existing installation: pip 25.0.1
2026-09-29T22:57:51.1153575Z     Uninstalling pip-25.0.1:
2026-09-29T22:57:51.1193357Z       Successfully uninstalled pip-25.0.1
2026-09-29T22:57:51.8712332Z Successfully installed packaging-26.3 pip-26.2.1 setuptools-84.0.0 wheel-0.48.0
2026-09-29T22:57:52.0095082Z .venv/bin/python -m pip install -e '.[dev,bench]'
2026-09-29T22:57:52.2575534Z Obtaining file:///home/runner/work/_temp/identity-arm
2026-09-29T22:57:52.2592055Z   Installing build dependencies: started
2026-09-29T22:57:53.4494325Z   Installing build dependencies: finished with status 'done'
2026-09-29T22:57:53.4499375Z   Checking if build backend supports build_editable: started
2026-09-29T22:57:53.6760383Z   Checking if build backend supports build_editable: finished with status 'done'
2026-09-29T22:57:53.6767029Z   Getting requirements to build editable: started
2026-09-29T22:57:53.9531420Z   Getting requirements to build editable: finished with status 'done'
2026-09-29T22:57:53.9538364Z   Preparing editable metadata (pyproject.toml): started
2026-09-29T22:57:54.1288047Z   Preparing editable metadata (pyproject.toml): finished with status 'done'
2026-09-29T22:57:54.1987097Z Collecting cmake>=3.20 (from strata==2026.8.10)
2026-09-29T22:57:54.1998648Z   Using cached cmake-4.4.3-py3-none-manylinux2014_aarch64.manylinux_2_17_aarch64.whl.metadata (7.0 kB)
2026-09-29T22:57:54.2136928Z Collecting pytest>=7 (from strata==2026.8.10)
2026-09-29T22:57:54.2146891Z   Using cached pytest-9.1.1-py3-none-any.whl.metadata (7.6 kB)
2026-09-29T22:57:54.2209500Z Collecting pytest-cov>=4 (from strata==2026.8.10)
2026-09-29T22:57:54.2219478Z   Using cached pytest_cov-7.1.0-py3-none-any.whl.metadata (32 kB)
2026-09-29T22:57:54.4429920Z Collecting ruff>=0.5 (from strata==2026.8.10)
2026-09-29T22:57:54.4441629Z   Using cached ruff-0.16.9-py3-none-manylinux_2_17_aarch64.manylinux2014_aarch64.whl.metadata (20 kB)
2026-09-29T22:57:54.4587832Z Collecting pre-commit>=3.5 (from strata==2026.8.10)
2026-09-29T22:57:54.4598007Z   Using cached pre_commit-4.6.2-py2.py3-none-any.whl.metadata (1.2 kB)
2026-09-29T22:57:54.4931762Z Collecting clang-format<22,>=21 (from strata==2026.8.10)
2026-09-29T22:57:54.4941308Z   Using cached clang_format-21.1.8-py2.py3-none-manylinux_2_26_aarch64.manylinux_2_28_aarch64.whl.metadata (4.7 kB)
2026-09-29T22:57:54.6404518Z Collecting orjson (from strata==2026.8.10)
2026-09-29T22:57:54.6413940Z   Using cached orjson-3.12.0-cp312-cp312-manylinux_2_17_aarch64.manylinux2014_aarch64.whl.metadata (41 kB)
2026-09-29T22:57:54.6894832Z Collecting msgspec (from strata==2026.8.10)
2026-09-29T22:57:54.6904448Z   Using cached msgspec-0.22.0-cp312-cp312-manylinux2014_aarch64.manylinux_2_17_aarch64.manylinux_2_28_aarch64.whl.metadata (6.0 kB)
2026-09-29T22:57:54.7326274Z Collecting ujson (from strata==2026.8.10)
2026-09-29T22:57:54.7335716Z   Using cached ujson-6.0.0-cp312-cp312-manylinux_2_24_aarch64.manylinux_2_28_aarch64.whl.metadata (10.0 kB)
2026-09-29T22:57:54.7589623Z Collecting pysimdjson (from strata==2026.8.10)
2026-09-29T22:57:54.7599828Z   Using cached pysimdjson-7.0.2-cp312-cp312-manylinux_2_17_aarch64.manylinux2014_aarch64.whl.metadata (1.1 kB)
2026-09-29T22:57:54.7638675Z Collecting jmespath (from strata==2026.8.10)
2026-09-29T22:57:54.7648412Z   Using cached jmespath-1.1.0-py3-none-any.whl.metadata (7.6 kB)
2026-09-29T22:57:54.7687337Z Collecting jsonpath-ng (from strata==2026.8.10)
2026-09-29T22:57:54.7697237Z   Using cached jsonpath_ng-1.8.0-py3-none-any.whl.metadata (18 kB)
2026-09-29T22:57:54.8093807Z Collecting psutil>=5 (from strata==2026.8.10)
2026-09-29T22:57:54.8104181Z   Using cached psutil-7.2.2-cp36-abi3-manylinux2014_aarch64.manylinux_2_17_aarch64.manylinux_2_28_aarch64.whl.metadata (22 kB)
2026-09-29T22:57:54.8180026Z Collecting cfgv>=2.0.0 (from pre-commit>=3.5->strata==2026.8.10)
2026-09-29T22:57:54.8189966Z   Using cached cfgv-3.5.0-py2.py3-none-any.whl.metadata (8.9 kB)
2026-09-29T22:57:54.8376949Z Collecting identify>=1.0.0 (from pre-commit>=3.5->strata==2026.8.10)
2026-09-29T22:57:54.8385936Z   Using cached identify-2.6.20-py2.py3-none-any.whl.metadata (4.4 kB)
2026-09-29T22:57:54.8440675Z Collecting nodeenv>=0.11.1 (from pre-commit>=3.5->strata==2026.8.10)
2026-09-29T22:57:54.8450566Z   Using cached nodeenv-1.11.0-py2.py3-none-any.whl.metadata (40 kB)
2026-09-29T22:57:54.8669492Z Collecting pyyaml>=5.1 (from pre-commit>=3.5->strata==2026.8.10)
2026-09-29T22:57:54.8679929Z   Using cached pyyaml-6.0.3-cp312-cp312-manylinux2014_aarch64.manylinux_2_17_aarch64.manylinux_2_28_aarch64.whl.metadata (2.4 kB)
2026-09-29T22:57:54.8896500Z Collecting virtualenv>=20.10.0 (from pre-commit>=3.5->strata==2026.8.10)
2026-09-29T22:57:54.8906644Z   Using cached virtualenv-21.14.0-py3-none-any.whl.metadata (4.1 kB)
2026-09-29T22:57:54.8958484Z Collecting iniconfig>=1.0.1 (from pytest>=7->strata==2026.8.10)
2026-09-29T22:57:54.8968422Z   Using cached iniconfig-2.3.0-py3-none-any.whl.metadata (2.5 kB)
2026-09-29T22:57:54.8982314Z Requirement already satisfied: packaging>=22 in ./.venv/lib/python3.12/site-packages (from pytest>=7->strata==2026.8.10) (26.3)
2026-09-29T22:57:54.9020223Z Collecting pluggy<2,>=1.5 (from pytest>=7->strata==2026.8.10)
2026-09-29T22:57:54.9029784Z   Using cached pluggy-1.6.0-py3-none-any.whl.metadata (4.8 kB)
2026-09-29T22:57:54.9111200Z Collecting pygments>=2.7.2 (from pytest>=7->strata==2026.8.10)
2026-09-29T22:57:54.9121105Z   Using cached pygments-2.21.0-py3-none-any.whl.metadata (2.5 kB)
2026-09-29T22:57:55.1815282Z Collecting coverage>=7.10.6 (from coverage[toml]>=7.10.6->pytest-cov>=4->strata==2026.8.10)
2026-09-29T22:57:55.1824894Z   Using cached coverage-7.16.2-cp312-cp312-manylinux2014_aarch64.manylinux_2_17_aarch64.manylinux_2_28_aarch64.whl.metadata (8.2 kB)
2026-09-29T22:57:55.1891356Z Collecting distlib<1,>=0.3.7 (from virtualenv>=20.10.0->pre-commit>=3.5->strata==2026.8.10)
2026-09-29T22:57:55.1901057Z   Using cached distlib-0.4.3-py2.py3-none-any.whl.metadata (5.3 kB)
2026-09-29T22:57:55.2007772Z Collecting filelock<5,>=3.24.2 (from virtualenv>=20.10.0->pre-commit>=3.5->strata==2026.8.10)
2026-09-29T22:57:55.2017784Z   Using cached filelock-4.0.6-py3-none-any.whl.metadata (2.0 kB)
2026-09-29T22:57:55.2105692Z Collecting platformdirs<5,>=3.9.1 (from virtualenv>=20.10.0->pre-commit>=3.5->strata==2026.8.10)
2026-09-29T22:57:55.2115560Z   Using cached platformdirs-4.12.2-py3-none-any.whl.metadata (5.5 kB)
2026-09-29T22:57:55.2155270Z Collecting python-discovery>=1.6 (from virtualenv>=20.10.0->pre-commit>=3.5->strata==2026.8.10)
2026-09-29T22:57:55.2165101Z   Using cached python_discovery-1.6.1-py3-none-any.whl.metadata (5.1 kB)
2026-09-29T22:57:55.2238564Z Using cached clang_format-21.1.8-py2.py3-none-manylinux_2_26_aarch64.manylinux_2_28_aarch64.whl (1.7 MB)
2026-09-29T22:57:55.2253554Z Using cached cmake-4.4.3-py3-none-manylinux2014_aarch64.manylinux_2_17_aarch64.whl (30.3 MB)
2026-09-29T22:57:55.2353738Z Using cached pre_commit-4.6.2-py2.py3-none-any.whl (226 kB)
2026-09-29T22:57:55.2364524Z Using cached cfgv-3.5.0-py2.py3-none-any.whl (7.4 kB)
2026-09-29T22:57:55.2374319Z Using cached identify-2.6.20-py2.py3-none-any.whl (99 kB)
2026-09-29T22:57:55.2384451Z Using cached nodeenv-1.11.0-py2.py3-none-any.whl (34 kB)
2026-09-29T22:57:55.2394727Z Using cached psutil-7.2.2-cp36-abi3-manylinux2014_aarch64.manylinux_2_17_aarch64.manylinux_2_28_aarch64.whl (156 kB)
2026-09-29T22:57:55.2404703Z Using cached pytest-9.1.1-py3-none-any.whl (386 kB)
2026-09-29T22:57:55.2415669Z Using cached pluggy-1.6.0-py3-none-any.whl (20 kB)
2026-09-29T22:57:55.2425495Z Using cached iniconfig-2.3.0-py3-none-any.whl (7.5 kB)
2026-09-29T22:57:55.2435109Z Using cached pygments-2.21.0-py3-none-any.whl (1.3 MB)
2026-09-29T22:57:55.2448738Z Using cached pytest_cov-7.1.0-py3-none-any.whl (22 kB)
2026-09-29T22:57:55.2459291Z Using cached coverage-7.16.2-cp312-cp312-manylinux2014_aarch64.manylinux_2_17_aarch64.manylinux_2_28_aarch64.whl (259 kB)
2026-09-29T22:57:55.2469951Z Using cached pyyaml-6.0.3-cp312-cp312-manylinux2014_aarch64.manylinux_2_17_aarch64.manylinux_2_28_aarch64.whl (775 kB)
2026-09-29T22:57:55.2482344Z Using cached ruff-0.16.9-py3-none-manylinux_2_17_aarch64.manylinux2014_aarch64.whl (10.0 MB)
2026-09-29T22:57:55.2527997Z Using cached virtualenv-21.14.0-py3-none-any.whl (5.5 MB)
2026-09-29T22:57:55.2554865Z Using cached distlib-0.4.3-py2.py3-none-any.whl (470 kB)
2026-09-29T22:57:55.2566378Z Using cached filelock-4.0.6-py3-none-any.whl (109 kB)
2026-09-29T22:57:55.2576635Z Using cached platformdirs-4.12.2-py3-none-any.whl (32 kB)
2026-09-29T22:57:55.2586490Z Using cached python_discovery-1.6.1-py3-none-any.whl (38 kB)
2026-09-29T22:57:55.2596354Z Using cached jmespath-1.1.0-py3-none-any.whl (20 kB)
2026-09-29T22:57:55.2606246Z Using cached jsonpath_ng-1.8.0-py3-none-any.whl (67 kB)
2026-09-29T22:57:55.2616621Z Using cached msgspec-0.22.0-cp312-cp312-manylinux2014_aarch64.manylinux_2_17_aarch64.manylinux_2_28_aarch64.whl (224 kB)
2026-09-29T22:57:55.2627340Z Using cached orjson-3.12.0-cp312-cp312-manylinux_2_17_aarch64.manylinux2014_aarch64.whl (130 kB)
2026-09-29T22:57:55.2637578Z Using cached pysimdjson-7.0.2-cp312-cp312-manylinux_2_17_aarch64.manylinux2014_aarch64.whl (2.8 MB)
2026-09-29T22:57:55.2656059Z Using cached ujson-6.0.0-cp312-cp312-manylinux_2_24_aarch64.manylinux_2_28_aarch64.whl (57 kB)
2026-09-29T22:57:55.3674257Z Building wheels for collected packages: strata
2026-09-29T22:57:55.3679225Z   Building editable for strata (pyproject.toml): started
2026-09-29T22:58:55.4962386Z   Building editable for strata (pyproject.toml): still running...
2026-09-29T22:59:55.5696952Z   Building editable for strata (pyproject.toml): still running...
2026-09-29T23:00:52.5646899Z   Building editable for strata (pyproject.toml): finished with status 'done'
2026-09-29T23:00:52.5652928Z   Created wheel for strata: filename=strata-2026.8.10-0.editable-cp312-cp312-linux_aarch64.whl size=4459 sha256=560541dca01f73aec0a7c2de91d7a8cdfae5755539a8c56cdbde86cdc00d326a
2026-09-29T23:00:52.5653941Z   Stored in directory: /tmp/pip-ephem-wheel-cache-x2axueoz/wheels/4b/14/de/c01d5c98e482dba508ed0b80beaf37c3b37034de18f4d8fbd4
2026-09-29T23:00:52.5670610Z Successfully built strata
2026-09-29T23:00:52.6303066Z Installing collected packages: jsonpath-ng, distlib, clang-format, ujson, strata, ruff, pyyaml, pysimdjson, pygments, psutil, pluggy, platformdirs, orjson, nodeenv, msgspec, jmespath, iniconfig, identify, filelock, coverage, cmake, cfgv, python-discovery, pytest, virtualenv, pytest-cov, pre-commit
2026-09-29T23:00:54.7296453Z 
2026-09-29T23:00:54.7319923Z Successfully installed cfgv-3.5.0 clang-format-21.1.8 cmake-4.4.3 coverage-7.16.2 distlib-0.4.3 filelock-4.0.6 identify-2.6.20 iniconfig-2.3.0 jmespath-1.1.0 jsonpath-ng-1.8.0 msgspec-0.22.0 nodeenv-1.11.0 orjson-3.12.0 platformdirs-4.12.2 pluggy-1.6.0 pre-commit-4.6.2 psutil-7.2.2 pygments-2.21.0 pysimdjson-7.0.2 pytest-9.1.1 pytest-cov-7.1.0 python-discovery-1.6.1 pyyaml-6.0.3 ruff-0.16.9 strata-2026.8.10 ujson-6.0.0 virtualenv-21.14.0
2026-09-29T23:00:55.0472365Z + make pgo
2026-09-29T23:00:55.0643395Z ==> PGO: compiler is clang
2026-09-29T23:00:55.0662249Z ==> PGO phase 1: instrumented build
2026-09-29T23:00:55.3231201Z Obtaining file:///home/runner/work/_temp/identity-arm
2026-09-29T23:00:55.3247894Z   Installing build dependencies: started
2026-09-29T23:00:56.6726016Z   Installing build dependencies: finished with status 'done'
2026-09-29T23:00:56.6730842Z   Checking if build backend supports build_editable: started
2026-09-29T23:00:56.9080332Z   Checking if build backend supports build_editable: finished with status 'done'
2026-09-29T23:00:56.9086494Z   Getting requirements to build editable: started
2026-09-29T23:00:57.2056539Z   Getting requirements to build editable: finished with status 'done'
2026-09-29T23:00:57.2062763Z   Preparing editable metadata (pyproject.toml): started
2026-09-29T23:00:57.3991547Z   Preparing editable metadata (pyproject.toml): finished with status 'done'
2026-09-29T23:00:57.4034238Z Building wheels for collected packages: strata
2026-09-29T23:00:57.4039855Z   Building editable for strata (pyproject.toml): started
2026-09-29T23:01:44.4163964Z   Building editable for strata (pyproject.toml): finished with status 'done'
2026-09-29T23:01:44.4170512Z   Created wheel for strata: filename=strata-2026.8.10-0.editable-cp312-cp312-linux_aarch64.whl size=4459 sha256=180157c329e8186cfc6d45630b6db19aad677899b140370d765cc0b33845609b
2026-09-29T23:01:44.4171657Z   Stored in directory: /tmp/pip-ephem-wheel-cache-tojea0o7/wheels/4b/14/de/c01d5c98e482dba508ed0b80beaf37c3b37034de18f4d8fbd4
2026-09-29T23:01:44.4192824Z Successfully built strata
2026-09-29T23:01:44.4285947Z Installing collected packages: strata
2026-09-29T23:01:44.4286952Z   Attempting uninstall: strata
2026-09-29T23:01:44.4305421Z     Found existing installation: strata 2026.8.10
2026-09-29T23:01:44.4318997Z     Uninstalling strata-2026.8.10:
2026-09-29T23:01:44.4514017Z       Successfully uninstalled strata-2026.8.10
2026-09-29T23:01:44.4586802Z Successfully installed strata-2026.8.10
2026-09-29T23:01:44.7228239Z ==> PGO: the hook image must carry no profile
2026-09-29T23:01:44.7666362Z + strata._dumps_hook is unprofiled: _dumps_hook.cpython-312-aarch64-linux-gnu.so.build.json records no profile or profile flag,
2026-09-29T23:01:44.7667360Z   and the image links no profile runtime
2026-09-29T23:01:44.7720797Z ==> PGO: generating training data
2026-09-29T23:01:45.1329563Z   build/pgo/train.json (10.0 MB)
2026-09-29T23:01:45.1329865Z   build/pgo/train.ndjson (10.0 MB)
2026-09-29T23:01:45.1379991Z ==> PGO: running the training workload
2026-09-29T23:01:45.3347507Z PGO training workload
2026-09-29T23:01:45.3348146Z   corpus: 4001 records, 10.0 MB
2026-09-29T23:01:45.3348399Z [1/7] loads
2026-09-29T23:01:45.3348569Z   loads(str): 1x in 0.04s
2026-09-29T23:01:45.3929600Z   loads(bytes): 1x in 0.04s
2026-09-29T23:01:45.4185452Z   loads(sample): 5x in 0.01s
2026-09-29T23:01:45.4458227Z   loads(cursor): 5x in 0.01s
2026-09-29T23:01:45.4672435Z   loads(iterator): 3x in 0.01s
2026-09-29T23:01:45.5104201Z [2/7] dumps
2026-09-29T23:01:45.5104400Z   dumps(str): 1x in 0.03s
2026-09-29T23:01:45.5576469Z   dumps(bytes): 3x in 0.03s
2026-09-29T23:01:45.5761404Z   dumps(sample, bytes): 5x in 0.00s
2026-09-29T23:01:45.5955335Z   dumps(sample): 5x in 0.00s
2026-09-29T23:01:45.6127390Z   dumps(parsed sample, bytes): 2x in 0.00s
2026-09-29T23:01:45.6680779Z [3/7] load
2026-09-29T23:01:45.6681005Z   load(json): 1x in 0.04s
2026-09-29T23:01:45.7264588Z   load(ndjson): 1x in 0.04s
2026-09-29T23:01:45.7847226Z   load(ndjson, iterator): 1x in 0.04s
2026-09-29T23:01:45.8037673Z [4/7] dump
2026-09-29T23:01:45.8037937Z   dump(json): 3x in 0.00s
2026-09-29T23:01:45.8197238Z [5/7] query
2026-09-29T23:01:45.8197446Z   query $[0].name: 3x in 0.00s
2026-09-29T23:01:45.8358864Z   query $[*].id: 3x in 0.00s
2026-09-29T23:01:45.8520785Z   query $[*].items[*].sku: 3x in 0.00s
2026-09-29T23:01:45.8686268Z   query $..leaf: 3x in 0.00s
2026-09-29T23:01:45.8848270Z   query $[0:50].score: 3x in 0.00s
2026-09-29T23:01:45.9009770Z   query $[?(@.id > 100)].name: 3x in 0.00s
2026-09-29T23:01:45.9169189Z   query $[?(@.id <= 500)]: 3x in 0.00s
2026-09-29T23:01:45.9329391Z   query $[?(@.name == 'alpha')]: 3x in 0.00s
2026-09-29T23:01:45.9491596Z   query $[?(@.name != 'alpha')].id: 3x in 0.00s
2026-09-29T23:01:45.9650388Z   query $[?(@['id'] >= 0)].name: 3x in 0.00s
2026-09-29T23:01:45.9810767Z   query $[*].nested.child: 3x in 0.00s
2026-09-29T23:01:45.9971419Z   query $[*].tags[0]: 3x in 0.00s
2026-09-29T23:01:46.0131690Z   query $.*: 3x in 0.00s
2026-09-29T23:01:46.0292686Z   query(compiled): 5x in 0.00s
2026-09-29T23:01:46.0612926Z [6/7] search
2026-09-29T23:01:46.0613174Z   search json $[*].id: 1x in 0.02s
2026-09-29T23:01:46.1197650Z   search ndjson $[*].id: 1x in 0.04s
2026-09-29T23:01:46.1787347Z   search json $..leaf: 1x in 0.04s
2026-09-29T23:01:46.2403117Z   search ndjson $..leaf: 1x in 0.04s
2026-09-29T23:01:46.2985332Z   search json $[?(@.id > 100)].name: 1x in 0.04s
2026-09-29T23:01:46.3578351Z   search ndjson $[?(@.id > 100)].name: 1x in 0.04s
2026-09-29T23:01:46.3761534Z [7/7] folder mode
2026-09-29T23:01:46.3761764Z   dump(split_by): 1x in 0.00s
2026-09-29T23:01:46.3942946Z   load(folder): 1x in 0.00s
2026-09-29T23:01:46.4113446Z   search(folder): 1x in 0.00s
2026-09-29T23:01:46.4238823Z PGO training workload complete
2026-09-29T23:01:46.4312666Z ==> PGO: gate tests on the instrumented build
2026-09-29T23:01:46.4570629Z + /home/runner/work/_temp/identity-arm/.venv/bin/cmake -S . -B build/cmake -DCMAKE_BUILD_TYPE=Release
2026-09-29T23:01:46.5776300Z -- Configuring done (0.0s)
2026-09-29T23:01:46.6197062Z -- Generating done (0.0s)
2026-09-29T23:01:46.6200654Z -- Build files have been written to: /home/runner/work/_temp/identity-arm/build/cmake
2026-09-29T23:01:46.6212447Z + /home/runner/work/_temp/identity-arm/.venv/bin/cmake --build build/cmake --config Release
2026-09-29T23:01:46.7360876Z gmake[1]: Entering directory '/home/runner/work/_temp/identity-arm/build/cmake'
2026-09-29T23:01:46.7415226Z gmake[2]: Entering directory '/home/runner/work/_temp/identity-arm/build/cmake'
2026-09-29T23:01:46.7423667Z gmake[3]: Entering directory '/home/runner/work/_temp/identity-arm/build/cmake'
2026-09-29T23:01:46.7510892Z gmake[3]: Leaving directory '/home/runner/work/_temp/identity-arm/build/cmake'
2026-09-29T23:01:46.7538795Z gmake[3]: Entering directory '/home/runner/work/_temp/identity-arm/build/cmake'
2026-09-29T23:01:46.7558761Z [  0%] Linking CXX executable smoke_tests
2026-09-29T23:01:46.8094305Z gmake[3]: Leaving directory '/home/runner/work/_temp/identity-arm/build/cmake'
2026-09-29T23:01:46.8116818Z [  6%] Built target smoke_tests
2026-09-29T23:01:46.8130388Z gmake[3]: Entering directory '/home/runner/work/_temp/identity-arm/build/cmake'
2026-09-29T23:01:46.8217445Z gmake[3]: Leaving directory '/home/runner/work/_temp/identity-arm/build/cmake'
2026-09-29T23:01:46.8246399Z gmake[3]: Entering directory '/home/runner/work/_temp/identity-arm/build/cmake'
2026-09-29T23:01:46.8266347Z [  7%] Linking CXX executable json_core_tests
2026-09-29T23:01:46.8792252Z gmake[3]: Leaving directory '/home/runner/work/_temp/identity-arm/build/cmake'
2026-09-29T23:01:46.8815633Z [ 13%] Built target json_core_tests
2026-09-29T23:01:46.8829846Z gmake[3]: Entering directory '/home/runner/work/_temp/identity-arm/build/cmake'
2026-09-29T23:01:46.8917670Z gmake[3]: Leaving directory '/home/runner/work/_temp/identity-arm/build/cmake'
2026-09-29T23:01:46.8946331Z gmake[3]: Entering directory '/home/runner/work/_temp/identity-arm/build/cmake'
2026-09-29T23:01:46.8965894Z [ 13%] Linking CXX executable json_parse_tests
2026-09-29T23:01:46.9482313Z gmake[3]: Leaving directory '/home/runner/work/_temp/identity-arm/build/cmake'
2026-09-29T23:01:46.9505283Z [ 19%] Built target json_parse_tests
2026-09-29T23:01:46.9518587Z gmake[3]: Entering directory '/home/runner/work/_temp/identity-arm/build/cmake'
2026-09-29T23:01:46.9610178Z gmake[3]: Leaving directory '/home/runner/work/_temp/identity-arm/build/cmake'
2026-09-29T23:01:46.9638114Z gmake[3]: Entering directory '/home/runner/work/_temp/identity-arm/build/cmake'
2026-09-29T23:01:46.9658112Z [ 20%] Linking CXX executable fast_parse_tests
2026-09-29T23:01:47.0170286Z gmake[3]: Leaving directory '/home/runner/work/_temp/identity-arm/build/cmake'
2026-09-29T23:01:47.0194278Z [ 25%] Built target fast_parse_tests
2026-09-29T23:01:47.0207886Z gmake[3]: Entering directory '/home/runner/work/_temp/identity-arm/build/cmake'
2026-09-29T23:01:47.0298017Z gmake[3]: Leaving directory '/home/runner/work/_temp/identity-arm/build/cmake'
2026-09-29T23:01:47.0325827Z gmake[3]: Entering directory '/home/runner/work/_temp/identity-arm/build/cmake'
2026-09-29T23:01:47.0346801Z [ 26%] Linking CXX executable value_cursor_tests
2026-09-29T23:01:47.0894635Z gmake[3]: Leaving directory '/home/runner/work/_temp/identity-arm/build/cmake'
2026-09-29T23:01:47.0919811Z [ 32%] Built target value_cursor_tests
2026-09-29T23:01:47.0933810Z gmake[3]: Entering directory '/home/runner/work/_temp/identity-arm/build/cmake'
2026-09-29T23:01:47.1023933Z gmake[3]: Leaving directory '/home/runner/work/_temp/identity-arm/build/cmake'
2026-09-29T23:01:47.1053479Z gmake[3]: Entering directory '/home/runner/work/_temp/identity-arm/build/cmake'
2026-09-29T23:01:47.1074285Z [ 32%] Linking CXX executable json_serialize_tests
2026-09-29T23:01:47.1623862Z gmake[3]: Leaving directory '/home/runner/work/_temp/identity-arm/build/cmake'
2026-09-29T23:01:47.1647627Z [ 38%] Built target json_serialize_tests
2026-09-29T23:01:47.1662412Z gmake[3]: Entering directory '/home/runner/work/_temp/identity-arm/build/cmake'
2026-09-29T23:01:47.1751774Z gmake[3]: Leaving directory '/home/runner/work/_temp/identity-arm/build/cmake'
2026-09-29T23:01:47.1781480Z gmake[3]: Entering directory '/home/runner/work/_temp/identity-arm/build/cmake'
2026-09-29T23:01:47.1803374Z [ 39%] Linking CXX executable float_precision_tests
2026-09-29T23:01:47.2329373Z gmake[3]: Leaving directory '/home/runner/work/_temp/identity-arm/build/cmake'
2026-09-29T23:01:47.2354426Z [ 44%] Built target float_precision_tests
2026-09-29T23:01:47.2368444Z gmake[3]: Entering directory '/home/runner/work/_temp/identity-arm/build/cmake'
2026-09-29T23:01:47.2460178Z gmake[3]: Leaving directory '/home/runner/work/_temp/identity-arm/build/cmake'
2026-09-29T23:01:47.2489555Z gmake[3]: Entering directory '/home/runner/work/_temp/identity-arm/build/cmake'
2026-09-29T23:01:47.2509686Z [ 45%] Linking CXX executable json_cursor_tests
2026-09-29T23:01:47.3031923Z gmake[3]: Leaving directory '/home/runner/work/_temp/identity-arm/build/cmake'
2026-09-29T23:01:47.3056029Z [ 50%] Built target json_cursor_tests
2026-09-29T23:01:47.3069382Z gmake[3]: Entering directory '/home/runner/work/_temp/identity-arm/build/cmake'
2026-09-29T23:01:47.3157342Z gmake[3]: Leaving directory '/home/runner/work/_temp/identity-arm/build/cmake'
2026-09-29T23:01:47.3185767Z gmake[3]: Entering directory '/home/runner/work/_temp/identity-arm/build/cmake'
2026-09-29T23:01:47.3206123Z [ 51%] Linking CXX executable ndjson_tests
2026-09-29T23:01:47.3746020Z gmake[3]: Leaving directory '/home/runner/work/_temp/identity-arm/build/cmake'
2026-09-29T23:01:47.3769305Z [ 56%] Built target ndjson_tests
2026-09-29T23:01:47.3782855Z gmake[3]: Entering directory '/home/runner/work/_temp/identity-arm/build/cmake'
2026-09-29T23:01:47.3874745Z gmake[3]: Leaving directory '/home/runner/work/_temp/identity-arm/build/cmake'
2026-09-29T23:01:47.3903259Z gmake[3]: Entering directory '/home/runner/work/_temp/identity-arm/build/cmake'
2026-09-29T23:01:47.3923683Z [ 57%] Linking CXX executable jsonpath_tests
2026-09-29T23:01:47.4469602Z gmake[3]: Leaving directory '/home/runner/work/_temp/identity-arm/build/cmake'
2026-09-29T23:01:47.4494677Z [ 63%] Built target jsonpath_tests
2026-09-29T23:01:47.4508313Z gmake[3]: Entering directory '/home/runner/work/_temp/identity-arm/build/cmake'
2026-09-29T23:01:47.4597893Z gmake[3]: Leaving directory '/home/runner/work/_temp/identity-arm/build/cmake'
2026-09-29T23:01:47.4626717Z gmake[3]: Entering directory '/home/runner/work/_temp/identity-arm/build/cmake'
2026-09-29T23:01:47.4647041Z [ 63%] Linking CXX executable jsonpath_stream_tests
2026-09-29T23:01:47.5188471Z gmake[3]: Leaving directory '/home/runner/work/_temp/identity-arm/build/cmake'
2026-09-29T23:01:47.5212776Z [ 69%] Built target jsonpath_stream_tests
2026-09-29T23:01:47.5226725Z gmake[3]: Entering directory '/home/runner/work/_temp/identity-arm/build/cmake'
2026-09-29T23:01:47.5315754Z gmake[3]: Leaving directory '/home/runner/work/_temp/identity-arm/build/cmake'
2026-09-29T23:01:47.5344926Z gmake[3]: Entering directory '/home/runner/work/_temp/identity-arm/build/cmake'
2026-09-29T23:01:47.5365270Z [ 69%] Linking CXX executable scan_tests
2026-09-29T23:01:47.5895727Z gmake[3]: Leaving directory '/home/runner/work/_temp/identity-arm/build/cmake'
2026-09-29T23:01:47.5919580Z [ 75%] Built target scan_tests
2026-09-29T23:01:47.5933374Z gmake[3]: Entering directory '/home/runner/work/_temp/identity-arm/build/cmake'
2026-09-29T23:01:47.6026558Z gmake[3]: Leaving directory '/home/runner/work/_temp/identity-arm/build/cmake'
2026-09-29T23:01:47.6055786Z gmake[3]: Entering directory '/home/runner/work/_temp/identity-arm/build/cmake'
2026-09-29T23:01:47.6076378Z [ 75%] Linking CXX executable temporal_tests
2026-09-29T23:01:47.6627770Z gmake[3]: Leaving directory '/home/runner/work/_temp/identity-arm/build/cmake'
2026-09-29T23:01:47.6651872Z [ 81%] Built target temporal_tests
2026-09-29T23:01:47.6666053Z gmake[3]: Entering directory '/home/runner/work/_temp/identity-arm/build/cmake'
2026-09-29T23:01:47.6757780Z gmake[3]: Leaving directory '/home/runner/work/_temp/identity-arm/build/cmake'
2026-09-29T23:01:47.6786996Z gmake[3]: Entering directory '/home/runner/work/_temp/identity-arm/build/cmake'
2026-09-29T23:01:47.6806995Z [ 81%] Linking CXX executable folder_tests
2026-09-29T23:01:47.7379910Z gmake[3]: Leaving directory '/home/runner/work/_temp/identity-arm/build/cmake'
2026-09-29T23:01:47.7404156Z [ 87%] Built target folder_tests
2026-09-29T23:01:47.7417740Z gmake[3]: Entering directory '/home/runner/work/_temp/identity-arm/build/cmake'
2026-09-29T23:01:47.7514362Z gmake[3]: Leaving directory '/home/runner/work/_temp/identity-arm/build/cmake'
2026-09-29T23:01:47.7543968Z gmake[3]: Entering directory '/home/runner/work/_temp/identity-arm/build/cmake'
2026-09-29T23:01:47.7566311Z [ 87%] Linking CXX executable fuzz_corpus_tests
2026-09-29T23:01:47.8100763Z gmake[3]: Leaving directory '/home/runner/work/_temp/identity-arm/build/cmake'
2026-09-29T23:01:47.8125468Z [ 93%] Built target fuzz_corpus_tests
2026-09-29T23:01:47.8139440Z gmake[3]: Entering directory '/home/runner/work/_temp/identity-arm/build/cmake'
2026-09-29T23:01:47.8229317Z gmake[3]: Leaving directory '/home/runner/work/_temp/identity-arm/build/cmake'
2026-09-29T23:01:47.8258372Z gmake[3]: Entering directory '/home/runner/work/_temp/identity-arm/build/cmake'
2026-09-29T23:01:47.8279625Z [ 94%] Linking CXX executable stress_deep_tests
2026-09-29T23:01:47.8827623Z gmake[3]: Leaving directory '/home/runner/work/_temp/identity-arm/build/cmake'
2026-09-29T23:01:47.8851586Z [100%] Built target stress_deep_tests
2026-09-29T23:01:47.8855879Z gmake[2]: Leaving directory '/home/runner/work/_temp/identity-arm/build/cmake'
2026-09-29T23:01:47.8889366Z gmake[1]: Leaving directory '/home/runner/work/_temp/identity-arm/build/cmake'
2026-09-29T23:01:47.8898821Z + /home/runner/work/_temp/identity-arm/.venv/bin/ctest --test-dir build/cmake --build-config Release --output-on-failure --no-tests=error
2026-09-29T23:01:48.0031012Z Test project /home/runner/work/_temp/identity-arm/build/cmake
2026-09-29T23:01:48.0036611Z       Start  1: smoke_tests
2026-09-29T23:01:48.0049386Z  1/16 Test  #1: smoke_tests ......................   Passed    0.00 sec
2026-09-29T23:01:48.0050904Z       Start  2: json_core_tests
2026-09-29T23:01:48.0064035Z  2/16 Test  #2: json_core_tests ..................   Passed    0.00 sec
2026-09-29T23:01:48.0064894Z       Start  3: json_parse_tests
2026-09-29T23:01:48.0078948Z  3/16 Test  #3: json_parse_tests .................   Passed    0.00 sec
2026-09-29T23:01:48.0079316Z       Start  4: fast_parse_tests
2026-09-29T23:01:48.0709611Z  4/16 Test  #4: fast_parse_tests .................   Passed    0.06 sec
2026-09-29T23:01:48.0709972Z       Start  5: value_cursor_tests
2026-09-29T23:01:48.0771441Z  5/16 Test  #5: value_cursor_tests ...............   Passed    0.01 sec
2026-09-29T23:01:48.0771843Z       Start  6: json_serialize_tests
2026-09-29T23:01:48.0785489Z  6/16 Test  #6: json_serialize_tests .............   Passed    0.00 sec
2026-09-29T23:01:48.0785853Z       Start  7: float_precision_tests
2026-09-29T23:01:50.3809837Z  7/16 Test  #7: float_precision_tests ............   Passed    2.30 sec
2026-09-29T23:01:50.3810768Z       Start  8: json_cursor_tests
2026-09-29T23:01:50.3828204Z  8/16 Test  #8: json_cursor_tests ................   Passed    0.00 sec
2026-09-29T23:01:50.3829294Z       Start  9: ndjson_tests
2026-09-29T23:01:50.3869500Z  9/16 Test  #9: ndjson_tests .....................   Passed    0.00 sec
2026-09-29T23:01:50.3870284Z       Start 10: jsonpath_tests
2026-09-29T23:01:50.3883066Z 10/16 Test #10: jsonpath_tests ...................   Passed    0.00 sec
2026-09-29T23:01:50.3884160Z       Start 11: jsonpath_stream_tests
2026-09-29T23:01:50.3899934Z 11/16 Test #11: jsonpath_stream_tests ............   Passed    0.00 sec
2026-09-29T23:01:50.3900806Z       Start 12: scan_tests
2026-09-29T23:01:50.4066027Z 12/16 Test #12: scan_tests .......................   Passed    0.02 sec
2026-09-29T23:01:50.4066958Z       Start 13: temporal_tests
2026-09-29T23:01:50.4079261Z 13/16 Test #13: temporal_tests ...................   Passed    0.00 sec
2026-09-29T23:01:50.4080067Z       Start 14: folder_tests
2026-09-29T23:01:50.4104821Z 14/16 Test #14: folder_tests .....................   Passed    0.00 sec
2026-09-29T23:01:50.4105639Z       Start 15: fuzz_corpus_tests
2026-09-29T23:01:50.4136383Z 15/16 Test #15: fuzz_corpus_tests ................   Passed    0.00 sec
2026-09-29T23:01:50.4137122Z       Start 16: stress_deep_tests
2026-09-29T23:01:50.4162181Z 16/16 Test #16: stress_deep_tests ................   Passed    0.00 sec
2026-09-29T23:01:50.4166182Z 
2026-09-29T23:01:50.4166296Z 100% tests passed out of 16
2026-09-29T23:01:50.4166463Z 
2026-09-29T23:01:50.4166553Z Total Test time (real) =   2.41 sec
2026-09-29T23:01:50.4531007Z + pytest tests/py tests/unit --ignore=tests/unit/native_types --ignore=tests/py/native_types --basetemp=/tmp/pytest-of-runner/to5exsxo
2026-09-29T23:01:50.9340233Z ============================= test session starts ==============================
2026-09-29T23:01:50.9340696Z platform linux -- Python 3.12.14, pytest-9.1.1, pluggy-1.6.0
2026-09-29T23:01:50.9341583Z rootdir: /home/runner/work/_temp/identity-arm
2026-09-29T23:01:50.9341861Z configfile: pyproject.toml
2026-09-29T23:01:50.9342088Z plugins: platformdirs-4.12.2, cov-7.1.0
2026-09-29T23:01:50.9342327Z collected 3183 items
2026-09-29T23:01:50.9342451Z 
2026-09-29T23:01:50.9516496Z tests/py/test_dumps_brace_fold.py .........                              [  0%]
2026-09-29T23:01:50.9831900Z tests/py/test_dumps_cycles_fused.py .................................... [  1%]
2026-09-29T23:01:51.0307541Z ....................................................                     [  3%]
2026-09-29T23:01:51.2087895Z tests/py/test_dumps_general_tables.py ............................       [  3%]
2026-09-29T23:01:51.5401820Z tests/py/test_dumps_with_default.py .................................... [  5%]
2026-09-29T23:01:51.7400687Z .............................ss                                          [  6%]
2026-09-29T23:01:51.7693424Z tests/py/test_dumps_with_default_contract.py ........................... [  6%]
2026-09-29T23:01:51.8547851Z ........................................................................ [  9%]
2026-09-29T23:01:51.9405209Z ........................................................................ [ 11%]
2026-09-29T23:01:51.9851393Z ..........................                                               [ 12%]
2026-09-29T23:01:51.9887657Z tests/py/test_fused_verification.py ..                                   [ 12%]
2026-09-29T23:01:52.0153230Z tests/py/test_json_parity.py ........................................... [ 13%]
2026-09-29T23:01:52.0592287Z ........................................................................ [ 15%]
2026-09-29T23:01:52.1037128Z ........................................................................ [ 18%]
2026-09-29T23:01:52.1477363Z ........................................................................ [ 20%]
2026-09-29T23:01:52.1924623Z ........................................................................ [ 22%]
2026-09-29T23:01:52.2362048Z ........................................................................ [ 24%]
2026-09-29T23:01:52.2802249Z ........................................................................ [ 27%]
2026-09-29T23:01:52.3230780Z ........................................................................ [ 29%]
2026-09-29T23:01:52.3657300Z ........................................................................ [ 31%]
2026-09-29T23:01:52.4090115Z ........................................................................ [ 33%]
2026-09-29T23:01:52.4517140Z ........................................................................ [ 36%]
2026-09-29T23:01:52.4943978Z ........................................................................ [ 38%]
2026-09-29T23:01:52.5368429Z ........................................................................ [ 40%]
2026-09-29T23:01:52.5788472Z ........................................................................ [ 43%]
2026-09-29T23:01:52.6205703Z ........................................................................ [ 45%]
2026-09-29T23:01:52.6625316Z ........................................................................ [ 47%]
2026-09-29T23:01:52.7045268Z ........................................................................ [ 49%]
2026-09-29T23:01:52.7271864Z .................................                                        [ 50%]
2026-09-29T23:01:52.7626813Z tests/py/test_path_dispatch.py ................................          [ 51%]
2026-09-29T23:01:52.7646239Z tests/py/test_py_tests_basetemp.py ..                                    [ 51%]
2026-09-29T23:01:52.7657534Z tests/py/test_smoke.py ...                                               [ 52%]
2026-09-29T23:01:53.0767891Z tests/unit/test_ab_analysis.py ......................................    [ 53%]
2026-09-29T23:01:53.0883881Z tests/unit/test_build_manifest.py ...........                            [ 53%]
2026-09-29T23:01:53.0983763Z tests/unit/test_canonical_builds.py ....                                 [ 53%]
2026-09-29T23:01:53.2588897Z tests/unit/test_ci_fetch.py ........................                     [ 54%]
2026-09-29T23:01:53.3376100Z tests/unit/test_ci_summary.py .......................                    [ 55%]
2026-09-29T23:01:53.3551537Z tests/unit/test_config.py ...........................                    [ 56%]
2026-09-29T23:01:53.3702153Z tests/unit/test_core_purity.py ....                                      [ 56%]
2026-09-29T23:01:53.3802294Z tests/unit/test_cross_sample.py ......                                   [ 56%]
2026-09-29T23:01:53.4279847Z tests/unit/test_dumps.py ............................................... [ 57%]
2026-09-29T23:01:53.4415553Z ..........                                                               [ 58%]
2026-09-29T23:01:53.4592701Z tests/unit/test_dumps_brace_fold.py .........                            [ 58%]
2026-09-29T23:01:53.6387719Z tests/unit/test_dumps_cold_start.py ....                                 [ 58%]
2026-09-29T23:01:53.6652368Z tests/unit/test_dumps_contract.py ...................................... [ 59%]
2026-09-29T23:01:53.7210732Z .............................................................            [ 61%]
2026-09-29T23:01:53.7532556Z tests/unit/test_dumps_cycles_fused.py .................................. [ 62%]
2026-09-29T23:01:53.8064038Z ......................................................                   [ 64%]
2026-09-29T23:01:54.0289798Z tests/unit/test_dumps_general_tables.py ............................     [ 65%]
2026-09-29T23:01:54.3452972Z tests/unit/test_dumps_latch.py ............................              [ 66%]
2026-09-29T23:01:54.4090177Z tests/unit/test_dumps_private_cache.py ................................  [ 67%]
2026-09-29T23:01:54.8749176Z tests/unit/test_dumps_reentrancy.py .................................... [ 68%]
2026-09-29T23:01:55.6898427Z ......................................................................   [ 70%]
2026-09-29T23:01:56.1966941Z tests/unit/test_dumps_reentrancy_review.py ............................. [ 71%]
2026-09-29T23:01:56.3102663Z ..                                                                       [ 71%]
2026-09-29T23:01:56.3464019Z tests/unit/test_dumps_schema_failure.py ...........................      [ 72%]
2026-09-29T23:01:56.6734558Z tests/unit/test_dumps_user_step_counter.py ..........................    [ 73%]
2026-09-29T23:01:56.6981089Z tests/unit/test_dumps_with_default.py .................................. [ 74%]
2026-09-29T23:01:56.7502910Z ........................................................................ [ 76%]
2026-09-29T23:01:56.8629159Z .........................................................                [ 78%]
2026-09-29T23:01:56.8827437Z tests/unit/test_dumps_with_default_state.py ............................ [ 79%]
2026-09-29T23:01:56.9636915Z ........................................................................ [ 81%]
2026-09-29T23:01:57.0757685Z ..............                                                           [ 81%]
2026-09-29T23:01:57.1372241Z tests/unit/test_folder.py .............................................. [ 83%]
2026-09-29T23:01:57.1998858Z .........................................                                [ 84%]
2026-09-29T23:01:57.2037203Z tests/unit/test_fused_verification.py ..                                 [ 84%]
2026-09-29T23:01:57.2464694Z tests/unit/test_hook_build_scope.py ...............................      [ 85%]
2026-09-29T23:01:57.3242057Z tests/unit/test_json_cursor.py ...........................               [ 86%]
2026-09-29T23:01:57.3513844Z tests/unit/test_jsonpath.py ............................................ [ 87%]
2026-09-29T23:01:57.4500680Z .......................................................................  [ 90%]
2026-09-29T23:01:57.5235539Z tests/unit/test_load_dump.py ........................................... [ 91%]
2026-09-29T23:01:57.5239322Z                                                                          [ 91%]
2026-09-29T23:01:57.5540945Z tests/unit/test_loads.py ............................................... [ 92%]
2026-09-29T23:01:57.6308387Z ........................................................................ [ 95%]
2026-09-29T23:01:58.4847362Z ................                                                         [ 95%]
2026-09-29T23:01:58.4896823Z tests/unit/test_native_interleaved_profile.py ...                        [ 95%]
2026-09-29T23:01:58.5505491Z tests/unit/test_nested_container_probe.py ....                           [ 95%]
2026-09-29T23:01:58.5979395Z tests/unit/test_path_dispatch.py ................................        [ 96%]
2026-09-29T23:01:58.6303172Z tests/unit/test_provenance.py ..................                         [ 97%]
2026-09-29T23:01:58.6769971Z tests/unit/test_regression_check.py ..........................           [ 98%]
2026-09-29T23:01:58.7732979Z tests/unit/test_search_stream.py .................                       [ 98%]
2026-09-29T23:01:58.7740913Z tests/unit/test_string_identity_probe.py .                               [ 98%]
2026-09-29T23:01:58.8372409Z tests/unit/test_supplementary.py .............                           [ 99%]
2026-09-29T23:01:58.8834491Z tests/unit/test_supportability_check.py ....................             [ 99%]
2026-09-29T23:01:58.9294290Z tests/unit/test_version.py ....                                          [100%]
2026-09-29T23:01:58.9294576Z 
2026-09-29T23:01:58.9294727Z ======================= 3181 passed, 2 skipped in 8.28s ========================
2026-09-29T23:01:59.0386191Z ==> PGO: merging 17 raw profiles
2026-09-29T23:01:59.1096098Z ==> PGO phase 2: optimized build (profile + LTO)
2026-09-29T23:01:59.3672604Z Obtaining file:///home/runner/work/_temp/identity-arm
2026-09-29T23:01:59.3687843Z   Installing build dependencies: started
2026-09-29T23:02:00.5972172Z   Installing build dependencies: finished with status 'done'
2026-09-29T23:02:00.5977418Z   Checking if build backend supports build_editable: started
2026-09-29T23:02:00.8232808Z   Checking if build backend supports build_editable: finished with status 'done'
2026-09-29T23:02:00.8240087Z   Getting requirements to build editable: started
2026-09-29T23:02:01.1103773Z   Getting requirements to build editable: finished with status 'done'
2026-09-29T23:02:01.1113306Z   Preparing editable metadata (pyproject.toml): started
2026-09-29T23:02:01.3011038Z   Preparing editable metadata (pyproject.toml): finished with status 'done'
2026-09-29T23:02:01.3054614Z Building wheels for collected packages: strata
2026-09-29T23:02:01.3060398Z   Building editable for strata (pyproject.toml): started
2026-09-29T23:02:51.8040830Z   Building editable for strata (pyproject.toml): finished with status 'done'
2026-09-29T23:02:51.8047508Z   Created wheel for strata: filename=strata-2026.8.10-0.editable-cp312-cp312-linux_aarch64.whl size=4459 sha256=a476c1f6cb015e91b916f1a819902d88abef531a6f2725ccb56abcb5139cc663
2026-09-29T23:02:51.8048521Z   Stored in directory: /tmp/pip-ephem-wheel-cache-rwv5ybk_/wheels/4b/14/de/c01d5c98e482dba508ed0b80beaf37c3b37034de18f4d8fbd4
2026-09-29T23:02:51.8071330Z Successfully built strata
2026-09-29T23:02:51.8166604Z Installing collected packages: strata
2026-09-29T23:02:51.8167660Z   Attempting uninstall: strata
2026-09-29T23:02:51.8186374Z     Found existing installation: strata 2026.8.10
2026-09-29T23:02:51.8200460Z     Uninstalling strata-2026.8.10:
2026-09-29T23:02:51.8389656Z       Successfully uninstalled strata-2026.8.10
2026-09-29T23:02:51.8463875Z Successfully installed strata-2026.8.10
2026-09-29T23:02:52.1030267Z ==> PGO: the hook image must carry no profile
2026-09-29T23:02:52.1429375Z + strata._dumps_hook is unprofiled: _dumps_hook.cpython-312-aarch64-linux-gnu.so.build.json records no profile or profile flag,
2026-09-29T23:02:52.1430011Z   and the image links no profile runtime
2026-09-29T23:02:52.1481750Z ==> PGO: gate tests on the optimized build
2026-09-29T23:02:52.1732544Z + /home/runner/work/_temp/identity-arm/.venv/bin/cmake -S . -B build/cmake -DCMAKE_BUILD_TYPE=Release
2026-09-29T23:02:52.2927572Z -- Configuring done (0.0s)
2026-09-29T23:02:52.3338774Z -- Generating done (0.0s)
2026-09-29T23:02:52.3342196Z -- Build files have been written to: /home/runner/work/_temp/identity-arm/build/cmake
2026-09-29T23:02:52.3353379Z + /home/runner/work/_temp/identity-arm/.venv/bin/cmake --build build/cmake --config Release
2026-09-29T23:02:52.4502548Z gmake[1]: Entering directory '/home/runner/work/_temp/identity-arm/build/cmake'
2026-09-29T23:02:52.4557253Z gmake[2]: Entering directory '/home/runner/work/_temp/identity-arm/build/cmake'
2026-09-29T23:02:52.4565982Z gmake[3]: Entering directory '/home/runner/work/_temp/identity-arm/build/cmake'
2026-09-29T23:02:52.4656610Z gmake[3]: Leaving directory '/home/runner/work/_temp/identity-arm/build/cmake'
2026-09-29T23:02:52.4685308Z gmake[3]: Entering directory '/home/runner/work/_temp/identity-arm/build/cmake'
2026-09-29T23:02:52.4705926Z [  0%] Linking CXX executable smoke_tests
2026-09-29T23:02:52.5266091Z gmake[3]: Leaving directory '/home/runner/work/_temp/identity-arm/build/cmake'
2026-09-29T23:02:52.5288369Z [  6%] Built target smoke_tests
2026-09-29T23:02:52.5301631Z gmake[3]: Entering directory '/home/runner/work/_temp/identity-arm/build/cmake'
2026-09-29T23:02:52.5390006Z gmake[3]: Leaving directory '/home/runner/work/_temp/identity-arm/build/cmake'
2026-09-29T23:02:52.5417812Z gmake[3]: Entering directory '/home/runner/work/_temp/identity-arm/build/cmake'
2026-09-29T23:02:52.5438061Z [  7%] Linking CXX executable json_core_tests
2026-09-29T23:02:52.5976092Z gmake[3]: Leaving directory '/home/runner/work/_temp/identity-arm/build/cmake'
2026-09-29T23:02:52.5998401Z [ 13%] Built target json_core_tests
2026-09-29T23:02:52.6011714Z gmake[3]: Entering directory '/home/runner/work/_temp/identity-arm/build/cmake'
2026-09-29T23:02:52.6100294Z gmake[3]: Leaving directory '/home/runner/work/_temp/identity-arm/build/cmake'
2026-09-29T23:02:52.6128136Z gmake[3]: Entering directory '/home/runner/work/_temp/identity-arm/build/cmake'
2026-09-29T23:02:52.6147955Z [ 13%] Linking CXX executable json_parse_tests
2026-09-29T23:02:52.6685196Z gmake[3]: Leaving directory '/home/runner/work/_temp/identity-arm/build/cmake'
2026-09-29T23:02:52.6706809Z [ 19%] Built target json_parse_tests
2026-09-29T23:02:52.6720240Z gmake[3]: Entering directory '/home/runner/work/_temp/identity-arm/build/cmake'
2026-09-29T23:02:52.6808324Z gmake[3]: Leaving directory '/home/runner/work/_temp/identity-arm/build/cmake'
2026-09-29T23:02:52.6836567Z gmake[3]: Entering directory '/home/runner/work/_temp/identity-arm/build/cmake'
2026-09-29T23:02:52.6856750Z [ 20%] Linking CXX executable fast_parse_tests
2026-09-29T23:02:52.7378780Z gmake[3]: Leaving directory '/home/runner/work/_temp/identity-arm/build/cmake'
2026-09-29T23:02:52.7403110Z [ 25%] Built target fast_parse_tests
2026-09-29T23:02:52.7417208Z gmake[3]: Entering directory '/home/runner/work/_temp/identity-arm/build/cmake'
2026-09-29T23:02:52.7506073Z gmake[3]: Leaving directory '/home/runner/work/_temp/identity-arm/build/cmake'
2026-09-29T23:02:52.7535052Z gmake[3]: Entering directory '/home/runner/work/_temp/identity-arm/build/cmake'
2026-09-29T23:02:52.7556070Z [ 26%] Linking CXX executable value_cursor_tests
2026-09-29T23:02:52.8075511Z gmake[3]: Leaving directory '/home/runner/work/_temp/identity-arm/build/cmake'
2026-09-29T23:02:52.8099645Z [ 32%] Built target value_cursor_tests
2026-09-29T23:02:52.8113685Z gmake[3]: Entering directory '/home/runner/work/_temp/identity-arm/build/cmake'
2026-09-29T23:02:52.8202631Z gmake[3]: Leaving directory '/home/runner/work/_temp/identity-arm/build/cmake'
2026-09-29T23:02:52.8232508Z gmake[3]: Entering directory '/home/runner/work/_temp/identity-arm/build/cmake'
2026-09-29T23:02:52.8253425Z [ 32%] Linking CXX executable json_serialize_tests
2026-09-29T23:02:52.8777074Z gmake[3]: Leaving directory '/home/runner/work/_temp/identity-arm/build/cmake'
2026-09-29T23:02:52.8801697Z [ 38%] Built target json_serialize_tests
2026-09-29T23:02:52.8816087Z gmake[3]: Entering directory '/home/runner/work/_temp/identity-arm/build/cmake'
2026-09-29T23:02:52.8907309Z gmake[3]: Leaving directory '/home/runner/work/_temp/identity-arm/build/cmake'
2026-09-29T23:02:52.8937095Z gmake[3]: Entering directory '/home/runner/work/_temp/identity-arm/build/cmake'
2026-09-29T23:02:52.8958931Z [ 39%] Linking CXX executable float_precision_tests
2026-09-29T23:02:52.9515582Z gmake[3]: Leaving directory '/home/runner/work/_temp/identity-arm/build/cmake'
2026-09-29T23:02:52.9539594Z [ 44%] Built target float_precision_tests
2026-09-29T23:02:52.9553604Z gmake[3]: Entering directory '/home/runner/work/_temp/identity-arm/build/cmake'
2026-09-29T23:02:52.9643925Z gmake[3]: Leaving directory '/home/runner/work/_temp/identity-arm/build/cmake'
2026-09-29T23:02:52.9674028Z gmake[3]: Entering directory '/home/runner/work/_temp/identity-arm/build/cmake'
2026-09-29T23:02:52.9694211Z [ 45%] Linking CXX executable json_cursor_tests
2026-09-29T23:02:53.0249149Z gmake[3]: Leaving directory '/home/runner/work/_temp/identity-arm/build/cmake'
2026-09-29T23:02:53.0275347Z [ 50%] Built target json_cursor_tests
2026-09-29T23:02:53.0289345Z gmake[3]: Entering directory '/home/runner/work/_temp/identity-arm/build/cmake'
2026-09-29T23:02:53.0379278Z gmake[3]: Leaving directory '/home/runner/work/_temp/identity-arm/build/cmake'
2026-09-29T23:02:53.0408222Z gmake[3]: Entering directory '/home/runner/work/_temp/identity-arm/build/cmake'
2026-09-29T23:02:53.0429262Z [ 51%] Linking CXX executable ndjson_tests
2026-09-29T23:02:53.0992815Z gmake[3]: Leaving directory '/home/runner/work/_temp/identity-arm/build/cmake'
2026-09-29T23:02:53.1018868Z [ 56%] Built target ndjson_tests
2026-09-29T23:02:53.1033544Z gmake[3]: Entering directory '/home/runner/work/_temp/identity-arm/build/cmake'
2026-09-29T23:02:53.1124781Z gmake[3]: Leaving directory '/home/runner/work/_temp/identity-arm/build/cmake'
2026-09-29T23:02:53.1154528Z gmake[3]: Entering directory '/home/runner/work/_temp/identity-arm/build/cmake'
2026-09-29T23:02:53.1175904Z [ 57%] Linking CXX executable jsonpath_tests
2026-09-29T23:02:53.1729396Z gmake[3]: Leaving directory '/home/runner/work/_temp/identity-arm/build/cmake'
2026-09-29T23:02:53.1752951Z [ 63%] Built target jsonpath_tests
2026-09-29T23:02:53.1766861Z gmake[3]: Entering directory '/home/runner/work/_temp/identity-arm/build/cmake'
2026-09-29T23:02:53.1858031Z gmake[3]: Leaving directory '/home/runner/work/_temp/identity-arm/build/cmake'
2026-09-29T23:02:53.1887290Z gmake[3]: Entering directory '/home/runner/work/_temp/identity-arm/build/cmake'
2026-09-29T23:02:53.1907629Z [ 63%] Linking CXX executable jsonpath_stream_tests
2026-09-29T23:02:53.2455971Z gmake[3]: Leaving directory '/home/runner/work/_temp/identity-arm/build/cmake'
2026-09-29T23:02:53.2479658Z [ 69%] Built target jsonpath_stream_tests
2026-09-29T23:02:53.2493521Z gmake[3]: Entering directory '/home/runner/work/_temp/identity-arm/build/cmake'
2026-09-29T23:02:53.2582103Z gmake[3]: Leaving directory '/home/runner/work/_temp/identity-arm/build/cmake'
2026-09-29T23:02:53.2610483Z gmake[3]: Entering directory '/home/runner/work/_temp/identity-arm/build/cmake'
2026-09-29T23:02:53.2630325Z [ 69%] Linking CXX executable scan_tests
2026-09-29T23:02:53.3168712Z gmake[3]: Leaving directory '/home/runner/work/_temp/identity-arm/build/cmake'
2026-09-29T23:02:53.3191709Z [ 75%] Built target scan_tests
2026-09-29T23:02:53.3205536Z gmake[3]: Entering directory '/home/runner/work/_temp/identity-arm/build/cmake'
2026-09-29T23:02:53.3296684Z gmake[3]: Leaving directory '/home/runner/work/_temp/identity-arm/build/cmake'
2026-09-29T23:02:53.3325701Z gmake[3]: Entering directory '/home/runner/work/_temp/identity-arm/build/cmake'
2026-09-29T23:02:53.3346555Z [ 75%] Linking CXX executable temporal_tests
2026-09-29T23:02:53.3886877Z gmake[3]: Leaving directory '/home/runner/work/_temp/identity-arm/build/cmake'
2026-09-29T23:02:53.3909929Z [ 81%] Built target temporal_tests
2026-09-29T23:02:53.3923621Z gmake[3]: Entering directory '/home/runner/work/_temp/identity-arm/build/cmake'
2026-09-29T23:02:53.4013338Z gmake[3]: Leaving directory '/home/runner/work/_temp/identity-arm/build/cmake'
2026-09-29T23:02:53.4042695Z gmake[3]: Entering directory '/home/runner/work/_temp/identity-arm/build/cmake'
2026-09-29T23:02:53.4063104Z [ 81%] Linking CXX executable folder_tests
2026-09-29T23:02:53.4588747Z gmake[3]: Leaving directory '/home/runner/work/_temp/identity-arm/build/cmake'
2026-09-29T23:02:53.4613639Z [ 87%] Built target folder_tests
2026-09-29T23:02:53.4627344Z gmake[3]: Entering directory '/home/runner/work/_temp/identity-arm/build/cmake'
2026-09-29T23:02:53.4719107Z gmake[3]: Leaving directory '/home/runner/work/_temp/identity-arm/build/cmake'
2026-09-29T23:02:53.4749196Z gmake[3]: Entering directory '/home/runner/work/_temp/identity-arm/build/cmake'
2026-09-29T23:02:53.4769507Z [ 87%] Linking CXX executable fuzz_corpus_tests
2026-09-29T23:02:53.5315234Z gmake[3]: Leaving directory '/home/runner/work/_temp/identity-arm/build/cmake'
2026-09-29T23:02:53.5338101Z [ 93%] Built target fuzz_corpus_tests
2026-09-29T23:02:53.5351340Z gmake[3]: Entering directory '/home/runner/work/_temp/identity-arm/build/cmake'
2026-09-29T23:02:53.5441014Z gmake[3]: Leaving directory '/home/runner/work/_temp/identity-arm/build/cmake'
2026-09-29T23:02:53.5469052Z gmake[3]: Entering directory '/home/runner/work/_temp/identity-arm/build/cmake'
2026-09-29T23:02:53.5489203Z [ 94%] Linking CXX executable stress_deep_tests
2026-09-29T23:02:53.6005425Z gmake[3]: Leaving directory '/home/runner/work/_temp/identity-arm/build/cmake'
2026-09-29T23:02:53.6029207Z [100%] Built target stress_deep_tests
2026-09-29T23:02:53.6033308Z gmake[2]: Leaving directory '/home/runner/work/_temp/identity-arm/build/cmake'
2026-09-29T23:02:53.6069167Z gmake[1]: Leaving directory '/home/runner/work/_temp/identity-arm/build/cmake'
2026-09-29T23:02:53.6078825Z + /home/runner/work/_temp/identity-arm/.venv/bin/ctest --test-dir build/cmake --build-config Release --output-on-failure --no-tests=error
2026-09-29T23:02:53.7215067Z Test project /home/runner/work/_temp/identity-arm/build/cmake
2026-09-29T23:02:53.7219990Z       Start  1: smoke_tests
2026-09-29T23:02:53.7232645Z  1/16 Test  #1: smoke_tests ......................   Passed    0.00 sec
2026-09-29T23:02:53.7233814Z       Start  2: json_core_tests
2026-09-29T23:02:53.7246625Z  2/16 Test  #2: json_core_tests ..................   Passed    0.00 sec
2026-09-29T23:02:53.7247638Z       Start  3: json_parse_tests
2026-09-29T23:02:53.7260171Z  3/16 Test  #3: json_parse_tests .................   Passed    0.00 sec
2026-09-29T23:02:53.7261160Z       Start  4: fast_parse_tests
2026-09-29T23:02:53.7896728Z  4/16 Test  #4: fast_parse_tests .................   Passed    0.06 sec
2026-09-29T23:02:53.7897923Z       Start  5: value_cursor_tests
2026-09-29T23:02:53.7957368Z  5/16 Test  #5: value_cursor_tests ...............   Passed    0.01 sec
2026-09-29T23:02:53.7957969Z       Start  6: json_serialize_tests
2026-09-29T23:02:53.7970273Z  6/16 Test  #6: json_serialize_tests .............   Passed    0.00 sec
2026-09-29T23:02:53.7970990Z       Start  7: float_precision_tests
2026-09-29T23:02:56.1028418Z  7/16 Test  #7: float_precision_tests ............   Passed    2.31 sec
2026-09-29T23:02:56.1028821Z       Start  8: json_cursor_tests
2026-09-29T23:02:56.1045537Z  8/16 Test  #8: json_cursor_tests ................   Passed    0.00 sec
2026-09-29T23:02:56.1046185Z       Start  9: ndjson_tests
2026-09-29T23:02:56.1085788Z  9/16 Test  #9: ndjson_tests .....................   Passed    0.00 sec
2026-09-29T23:02:56.1086624Z       Start 10: jsonpath_tests
2026-09-29T23:02:56.1099036Z 10/16 Test #10: jsonpath_tests ...................   Passed    0.00 sec
2026-09-29T23:02:56.1099819Z       Start 11: jsonpath_stream_tests
2026-09-29T23:02:56.1116943Z 11/16 Test #11: jsonpath_stream_tests ............   Passed    0.00 sec
2026-09-29T23:02:56.1117572Z       Start 12: scan_tests
2026-09-29T23:02:56.1283053Z 12/16 Test #12: scan_tests .......................   Passed    0.02 sec
2026-09-29T23:02:56.1283833Z       Start 13: temporal_tests
2026-09-29T23:02:56.1296371Z 13/16 Test #13: temporal_tests ...................   Passed    0.00 sec
2026-09-29T23:02:56.1297128Z       Start 14: folder_tests
2026-09-29T23:02:56.1321950Z 14/16 Test #14: folder_tests .....................   Passed    0.00 sec
2026-09-29T23:02:56.1322793Z       Start 15: fuzz_corpus_tests
2026-09-29T23:02:56.1353759Z 15/16 Test #15: fuzz_corpus_tests ................   Passed    0.00 sec
2026-09-29T23:02:56.1354521Z       Start 16: stress_deep_tests
2026-09-29T23:02:56.1379446Z 16/16 Test #16: stress_deep_tests ................   Passed    0.00 sec
2026-09-29T23:02:56.1383674Z 
2026-09-29T23:02:56.1383786Z 100% tests passed out of 16
2026-09-29T23:02:56.1383942Z 
2026-09-29T23:02:56.1384050Z Total Test time (real) =   2.42 sec
2026-09-29T23:02:56.1744941Z + pytest tests/py tests/unit --basetemp=/tmp/pytest-of-runner/pvlf_i2n
2026-09-29T23:02:56.7453521Z ============================= test session starts ==============================
2026-09-29T23:02:56.7453979Z platform linux -- Python 3.12.14, pytest-9.1.1, pluggy-1.6.0
2026-09-29T23:02:56.7454324Z rootdir: /home/runner/work/_temp/identity-arm
2026-09-29T23:02:56.7454629Z configfile: pyproject.toml
2026-09-29T23:02:56.7454859Z plugins: platformdirs-4.12.2, cov-7.1.0
2026-09-29T23:02:56.7455098Z collected 3848 items
2026-09-29T23:02:56.7455223Z 
2026-09-29T23:02:56.7599169Z tests/py/native_types/test_native_dump.py ..............                 [  0%]
2026-09-29T23:02:56.8410939Z tests/py/native_types/test_native_fast_paths.py ........ssssssssss..     [  0%]
2026-09-29T23:02:56.8922974Z tests/py/native_types/test_native_import.py ...                          [  0%]
2026-09-29T23:02:56.9309243Z tests/py/native_types/test_native_opt_out.py ........................... [  1%]
2026-09-29T23:02:56.9313352Z                                                                          [  1%]
2026-09-29T23:02:57.0125204Z tests/py/native_types/test_native_oracle.py .........                    [  1%]
2026-09-29T23:02:57.2802432Z tests/py/native_types/test_native_reentrancy.py ........................ [  2%]
2026-09-29T23:02:57.9132722Z ..................................................                       [  3%]
2026-09-29T23:02:57.9460109Z tests/py/native_types/test_parse_types.py .............................. [  4%]
2026-09-29T23:02:58.3370935Z ............................................................             [  6%]
2026-09-29T23:02:58.3535166Z tests/py/test_dumps_brace_fold.py .........                              [  6%]
2026-09-29T23:02:58.3856702Z tests/py/test_dumps_cycles_fused.py .................................... [  7%]
2026-09-29T23:02:58.4348643Z ....................................................                     [  8%]
2026-09-29T23:02:58.6385869Z tests/py/test_dumps_general_tables.py ............................       [  9%]
2026-09-29T23:02:59.0507053Z tests/py/test_dumps_with_default.py .................................... [ 10%]
2026-09-29T23:02:59.2997566Z .............................ss                                          [ 11%]
2026-09-29T23:02:59.3308031Z tests/py/test_dumps_with_default_contract.py ........................... [ 11%]
2026-09-29T23:02:59.4206910Z ........................................................................ [ 13%]
2026-09-29T23:02:59.5122215Z ........................................................................ [ 15%]
2026-09-29T23:02:59.5581567Z ..........................                                               [ 16%]
2026-09-29T23:02:59.5618836Z tests/py/test_fused_verification.py ..                                   [ 16%]
2026-09-29T23:02:59.5906126Z tests/py/test_json_parity.py ........................................... [ 17%]
2026-09-29T23:02:59.6380396Z ........................................................................ [ 19%]
2026-09-29T23:02:59.6851967Z ........................................................................ [ 21%]
2026-09-29T23:02:59.7319180Z ........................................................................ [ 23%]
2026-09-29T23:02:59.7789701Z ........................................................................ [ 24%]
2026-09-29T23:02:59.8249637Z ........................................................................ [ 26%]
2026-09-29T23:02:59.8716713Z ........................................................................ [ 28%]
2026-09-29T23:02:59.9171460Z ........................................................................ [ 30%]
2026-09-29T23:02:59.9625705Z ........................................................................ [ 32%]
2026-09-29T23:03:00.0085332Z ........................................................................ [ 34%]
2026-09-29T23:03:00.0539609Z ........................................................................ [ 36%]
2026-09-29T23:03:00.0993726Z ........................................................................ [ 38%]
2026-09-29T23:03:00.1444469Z ........................................................................ [ 39%]
2026-09-29T23:03:00.1890832Z ........................................................................ [ 41%]
2026-09-29T23:03:00.2334434Z ........................................................................ [ 43%]
2026-09-29T23:03:00.2779250Z ........................................................................ [ 45%]
2026-09-29T23:03:00.3224377Z ........................................................................ [ 47%]
2026-09-29T23:03:00.3465001Z .................................                                        [ 48%]
2026-09-29T23:03:00.3861710Z tests/py/test_path_dispatch.py ................................          [ 49%]
2026-09-29T23:03:00.3877559Z tests/py/test_py_tests_basetemp.py ..                                    [ 49%]
2026-09-29T23:03:00.3895765Z tests/py/test_smoke.py ...                                               [ 49%]
2026-09-29T23:03:00.4091417Z tests/unit/native_types/test_build_sources.py .......                    [ 49%]
2026-09-29T23:03:00.5199083Z tests/unit/native_types/test_hook_import_gating.py .......               [ 49%]
2026-09-29T23:03:00.5295991Z tests/unit/native_types/test_native_benchmark_agreement.py ...........   [ 49%]
2026-09-29T23:03:00.6162412Z tests/unit/native_types/test_native_benchmark_dataset.py .....           [ 49%]
2026-09-29T23:03:00.6205144Z tests/unit/native_types/test_native_benchmark_rows.py .......            [ 50%]
2026-09-29T23:03:00.6332666Z tests/unit/native_types/test_native_ci_fetch.py ....                     [ 50%]
2026-09-29T23:03:00.6438413Z tests/unit/native_types/test_native_ci_summary.py .....                  [ 50%]
2026-09-29T23:03:00.6844907Z tests/unit/native_types/test_native_flag.py ..........................s. [ 51%]
2026-09-29T23:03:00.7139209Z ..                                                                       [ 51%]
2026-09-29T23:03:00.7256095Z tests/unit/native_types/test_native_identity_ab.py .......               [ 51%]
2026-09-29T23:03:00.7463345Z tests/unit/native_types/test_native_opt_out.py ......................... [ 52%]
2026-09-29T23:03:00.8063509Z ........................................................................ [ 53%]
2026-09-29T23:03:00.8453621Z ..................................................                       [ 55%]
2026-09-29T23:03:00.8612922Z tests/unit/native_types/test_parse_contract.py ......................... [ 55%]
2026-09-29T23:03:00.9221037Z .................................................                        [ 57%]
2026-09-29T23:03:00.9356769Z tests/unit/native_types/test_serializer_contract.py .................... [ 57%]
2026-09-29T23:03:01.2696309Z ........................................................................ [ 59%]
2026-09-29T23:03:01.2863635Z ....................                                                     [ 60%]
2026-09-29T23:03:01.3267581Z tests/unit/native_types/test_training_scope.py ............              [ 60%]
2026-09-29T23:03:01.6527553Z tests/unit/test_ab_analysis.py ......................................    [ 61%]
2026-09-29T23:03:01.6644127Z tests/unit/test_build_manifest.py ...........                            [ 61%]
2026-09-29T23:03:01.6746942Z tests/unit/test_canonical_builds.py ....                                 [ 61%]
2026-09-29T23:03:01.8368871Z tests/unit/test_ci_fetch.py ........................                     [ 62%]
2026-09-29T23:03:01.9174383Z tests/unit/test_ci_summary.py .......................                    [ 62%]
2026-09-29T23:03:01.9352507Z tests/unit/test_config.py ...........................                    [ 63%]
2026-09-29T23:03:01.9502061Z tests/unit/test_core_purity.py ....                                      [ 63%]
2026-09-29T23:03:01.9608681Z tests/unit/test_cross_sample.py ......                                   [ 63%]
2026-09-29T23:03:02.0089928Z tests/unit/test_dumps.py ............................................... [ 65%]
2026-09-29T23:03:02.0221118Z ..........                                                               [ 65%]
2026-09-29T23:03:02.0390810Z tests/unit/test_dumps_brace_fold.py .........                            [ 65%]
2026-09-29T23:03:02.2148053Z tests/unit/test_dumps_cold_start.py ....                                 [ 65%]
2026-09-29T23:03:02.2438569Z tests/unit/test_dumps_contract.py ...................................... [ 66%]
2026-09-29T23:03:02.2980941Z .............................................................            [ 68%]
2026-09-29T23:03:02.3302420Z tests/unit/test_dumps_cycles_fused.py .................................. [ 69%]
2026-09-29T23:03:02.3840464Z ......................................................                   [ 70%]
2026-09-29T23:03:02.6395137Z tests/unit/test_dumps_general_tables.py ............................     [ 71%]
2026-09-29T23:03:03.0321945Z tests/unit/test_dumps_latch.py ............................              [ 72%]
2026-09-29T23:03:03.1040794Z tests/unit/test_dumps_private_cache.py ................................  [ 72%]
2026-09-29T23:03:03.6899928Z tests/unit/test_dumps_reentrancy.py .................................... [ 73%]
2026-09-29T23:03:04.6996921Z ......................................................................   [ 75%]
2026-09-29T23:03:05.3349315Z tests/unit/test_dumps_reentrancy_review.py ............................. [ 76%]
2026-09-29T23:03:05.4776438Z ..                                                                       [ 76%]
2026-09-29T23:03:05.5188545Z tests/unit/test_dumps_schema_failure.py ...........................      [ 77%]
2026-09-29T23:03:05.9286923Z tests/unit/test_dumps_user_step_counter.py ..........................    [ 77%]
2026-09-29T23:03:05.9550175Z tests/unit/test_dumps_with_default.py .................................. [ 78%]
2026-09-29T23:03:06.0101139Z ........................................................................ [ 80%]
2026-09-29T23:03:06.1250166Z .........................................................                [ 82%]
2026-09-29T23:03:06.1461502Z tests/unit/test_dumps_with_default_state.py ............................ [ 82%]
2026-09-29T23:03:06.2307460Z ........................................................................ [ 84%]
2026-09-29T23:03:06.3434100Z ..............                                                           [ 84%]
2026-09-29T23:03:06.4103878Z tests/unit/test_folder.py .............................................. [ 86%]
2026-09-29T23:03:06.4762750Z .........................................                                [ 87%]
2026-09-29T23:03:06.4800044Z tests/unit/test_fused_verification.py ..                                 [ 87%]
2026-09-29T23:03:06.5226302Z tests/unit/test_hook_build_scope.py ...............................      [ 88%]
2026-09-29T23:03:06.6145285Z tests/unit/test_json_cursor.py ...........................               [ 88%]
2026-09-29T23:03:06.6425019Z tests/unit/test_jsonpath.py ............................................ [ 89%]
2026-09-29T23:03:06.7522951Z .......................................................................  [ 91%]
2026-09-29T23:03:06.8306320Z tests/unit/test_load_dump.py ........................................... [ 92%]
2026-09-29T23:03:06.8310965Z                                                                          [ 92%]
2026-09-29T23:03:06.8626066Z tests/unit/test_loads.py ............................................... [ 94%]
2026-09-29T23:03:06.9406327Z ........................................................................ [ 95%]
2026-09-29T23:03:07.7589031Z ................                                                         [ 96%]
2026-09-29T23:03:07.7641738Z tests/unit/test_native_interleaved_profile.py ...                        [ 96%]
2026-09-29T23:03:07.8289305Z tests/unit/test_nested_container_probe.py ....                           [ 96%]
2026-09-29T23:03:07.8809760Z tests/unit/test_path_dispatch.py ................................        [ 97%]
2026-09-29T23:03:07.9156908Z tests/unit/test_provenance.py ..................                         [ 97%]
2026-09-29T23:03:07.9641991Z tests/unit/test_regression_check.py ..........................           [ 98%]
2026-09-29T23:03:08.0600666Z tests/unit/test_search_stream.py .................                       [ 99%]
2026-09-29T23:03:08.0609015Z tests/unit/test_string_identity_probe.py .                               [ 99%]
2026-09-29T23:03:08.1270889Z tests/unit/test_supplementary.py .............                           [ 99%]
2026-09-29T23:03:08.1767948Z tests/unit/test_supportability_check.py ....................             [ 99%]
2026-09-29T23:03:08.2359715Z tests/unit/test_version.py ....                                          [100%]
2026-09-29T23:03:08.2360272Z 
2026-09-29T23:03:08.2360614Z ====================== 3835 passed, 13 skipped in 11.88s =======================
2026-09-29T23:03:08.3793090Z ==> PGO: generating benchmark data
2026-09-29T23:03:08.3806851Z make[1]: Entering directory '/home/runner/work/_temp/identity-arm'
2026-09-29T23:03:08.3807676Z PYTHONPATH=. .venv/bin/python -m benchmarks.data.generate_bench_data --out-dir benchmarks/data/generated/small  --num-users 1000 --max-orders 10 --max-items 5  --records 500
2026-09-29T23:03:08.6201850Z   benchmarks/data/generated/small/users.json  (1680 KB)
2026-09-29T23:03:08.6202279Z   benchmarks/data/generated/small/users.ndjson  (1679 KB)
2026-09-29T23:03:08.6202650Z   benchmarks/data/generated/small/flat.json  (209 KB)
2026-09-29T23:03:08.6202980Z   benchmarks/data/generated/small/nested.json  (148 KB)
2026-09-29T23:03:08.6203336Z   benchmarks/data/generated/small/wide_arrays.json  (1218 KB)
2026-09-29T23:03:08.6203682Z   benchmarks/data/generated/small/mixed.json  (34 KB)
2026-09-29T23:03:08.6255344Z PYTHONPATH=. .venv/bin/python -m benchmarks.data.generate_bench_data --out-dir benchmarks/data/generated/medium --num-users 2000 --max-orders 20 --max-items 10 --records 2000
2026-09-29T23:03:09.7777755Z   benchmarks/data/generated/medium/users.json  (9883 KB)
2026-09-29T23:03:09.7778618Z   benchmarks/data/generated/medium/users.ndjson  (9881 KB)
2026-09-29T23:03:09.7779320Z   benchmarks/data/generated/medium/flat.json  (836 KB)
2026-09-29T23:03:09.7779671Z   benchmarks/data/generated/medium/nested.json  (594 KB)
2026-09-29T23:03:09.7780028Z   benchmarks/data/generated/medium/wide_arrays.json  (4874 KB)
2026-09-29T23:03:09.7780409Z   benchmarks/data/generated/medium/mixed.json  (138 KB)
2026-09-29T23:03:09.7844669Z PYTHONPATH=. .venv/bin/python -m benchmarks.data.generate_bench_data --out-dir benchmarks/data/generated/large  --num-users 4000 --max-orders 40 --max-items 20 --records 5000
2026-09-29T23:03:16.7381974Z   benchmarks/data/generated/large/users.json  (68083 KB)
2026-09-29T23:03:16.7382391Z   benchmarks/data/generated/large/users.ndjson  (68079 KB)
2026-09-29T23:03:16.7382738Z   benchmarks/data/generated/large/flat.json  (2092 KB)
2026-09-29T23:03:16.7383069Z   benchmarks/data/generated/large/nested.json  (1488 KB)
2026-09-29T23:03:16.7383937Z   benchmarks/data/generated/large/wide_arrays.json  (12185 KB)
2026-09-29T23:03:16.7384308Z   benchmarks/data/generated/large/mixed.json  (347 KB)
2026-09-29T23:03:16.7471535Z make[1]: Leaving directory '/home/runner/work/_temp/identity-arm'
2026-09-29T23:03:16.7473586Z ==> PGO: verification benchmarks
2026-09-29T23:03:35.1757507Z wrote build/pgo/bench_results_pgo.md
2026-09-29T23:03:35.1942702Z ==> PGO complete
2026-09-29T23:03:35.1943018Z     profile: /home/runner/work/_temp/identity-arm/build/pgo/strata.profdata
2026-09-29T23:03:35.1943411Z     results: build/pgo/bench_results_pgo.md
2026-09-29T23:03:35.1943706Z     The installed extension is now the PGO+LTO build.
2026-09-29T23:03:35.1961821Z + git worktree remove --force /home/runner/work/_temp/identity-arm
2026-09-29T23:03:35.6185185Z + git worktree prune
2026-09-29T23:03:35.6198573Z + git worktree add --force --detach /home/runner/work/_temp/identity-arm HEAD
2026-09-29T23:03:35.6208307Z Preparing worktree (detached HEAD 271a2a0)
2026-09-29T23:03:35.7637064Z HEAD is now at 271a2a0 Record M15c's second five-leg sample 36637770136
2026-09-29T23:03:35.7654522Z + make install-bench
2026-09-29T23:03:35.7669691Z python3 -m venv .venv
2026-09-29T23:03:37.6496003Z .venv/bin/python -m pip install -U pip setuptools wheel
2026-09-29T23:03:37.9586753Z Requirement already satisfied: pip in ./.venv/lib/python3.12/site-packages (25.0.1)
2026-09-29T23:03:38.1400410Z Collecting pip
2026-09-29T23:03:38.1410935Z   Using cached pip-26.2.1-py3-none-any.whl.metadata (4.6 kB)
2026-09-29T23:03:38.2287025Z Collecting setuptools
2026-09-29T23:03:38.2295587Z   Using cached setuptools-84.0.0-py3-none-any.whl.metadata (6.6 kB)
2026-09-29T23:03:38.2517604Z Collecting wheel
2026-09-29T23:03:38.2526903Z   Using cached wheel-0.48.0-py3-none-any.whl.metadata (2.3 kB)
2026-09-29T23:03:38.2689491Z Collecting packaging>=24.0 (from wheel)
2026-09-29T23:03:38.2698830Z   Using cached packaging-26.3-py3-none-any.whl.metadata (3.5 kB)
2026-09-29T23:03:38.2724157Z Using cached pip-26.2.1-py3-none-any.whl (1.8 MB)
2026-09-29T23:03:38.2738719Z Using cached setuptools-84.0.0-py3-none-any.whl (818 kB)
2026-09-29T23:03:38.2750338Z Using cached wheel-0.48.0-py3-none-any.whl (33 kB)
2026-09-29T23:03:38.2759378Z Using cached packaging-26.3-py3-none-any.whl (129 kB)
2026-09-29T23:03:38.2956820Z Installing collected packages: setuptools, pip, packaging, wheel
2026-09-29T23:03:38.6537601Z   Attempting uninstall: pip
2026-09-29T23:03:38.6556759Z     Found existing installation: pip 25.0.1
2026-09-29T23:03:38.6782085Z     Uninstalling pip-25.0.1:
2026-09-29T23:03:38.6823539Z       Successfully uninstalled pip-25.0.1
2026-09-29T23:03:39.4403812Z Successfully installed packaging-26.3 pip-26.2.1 setuptools-84.0.0 wheel-0.48.0
2026-09-29T23:03:39.5118678Z .venv/bin/python -m pip install -e '.[dev,bench]'
2026-09-29T23:03:39.7673179Z Obtaining file:///home/runner/work/_temp/identity-arm
2026-09-29T23:03:39.7689345Z   Installing build dependencies: started
2026-09-29T23:03:41.0065597Z   Installing build dependencies: finished with status 'done'
2026-09-29T23:03:41.0070043Z   Checking if build backend supports build_editable: started
2026-09-29T23:03:41.2336870Z   Checking if build backend supports build_editable: finished with status 'done'
2026-09-29T23:03:41.2342425Z   Getting requirements to build editable: started
2026-09-29T23:03:41.5139689Z   Getting requirements to build editable: finished with status 'done'
2026-09-29T23:03:41.5145676Z   Preparing editable metadata (pyproject.toml): started
2026-09-29T23:03:41.6898524Z   Preparing editable metadata (pyproject.toml): finished with status 'done'
2026-09-29T23:03:41.7594825Z Collecting cmake>=3.20 (from strata==2026.8.10)
2026-09-29T23:03:41.7607181Z   Using cached cmake-4.4.3-py3-none-manylinux2014_aarch64.manylinux_2_17_aarch64.whl.metadata (7.0 kB)
2026-09-29T23:03:41.7744982Z Collecting pytest>=7 (from strata==2026.8.10)
2026-09-29T23:03:41.7754017Z   Using cached pytest-9.1.1-py3-none-any.whl.metadata (7.6 kB)
2026-09-29T23:03:41.8480405Z Collecting pytest-cov>=4 (from strata==2026.8.10)
2026-09-29T23:03:41.8490008Z   Using cached pytest_cov-7.1.0-py3-none-any.whl.metadata (32 kB)
2026-09-29T23:03:42.0785458Z Collecting ruff>=0.5 (from strata==2026.8.10)
2026-09-29T23:03:42.0798784Z   Using cached ruff-0.16.9-py3-none-manylinux_2_17_aarch64.manylinux2014_aarch64.whl.metadata (20 kB)
2026-09-29T23:03:42.1048721Z Collecting pre-commit>=3.5 (from strata==2026.8.10)
2026-09-29T23:03:42.1058911Z   Using cached pre_commit-4.6.2-py2.py3-none-any.whl.metadata (1.2 kB)
2026-09-29T23:03:42.1476586Z Collecting clang-format<22,>=21 (from strata==2026.8.10)
2026-09-29T23:03:42.1487128Z   Using cached clang_format-21.1.8-py2.py3-none-manylinux_2_26_aarch64.manylinux_2_28_aarch64.whl.metadata (4.7 kB)
2026-09-29T23:03:42.3035536Z Collecting orjson (from strata==2026.8.10)
2026-09-29T23:03:42.3046370Z   Using cached orjson-3.12.0-cp312-cp312-manylinux_2_17_aarch64.manylinux2014_aarch64.whl.metadata (41 kB)
2026-09-29T23:03:42.3726994Z Collecting msgspec (from strata==2026.8.10)
2026-09-29T23:03:42.3737451Z   Using cached msgspec-0.22.0-cp312-cp312-manylinux2014_aarch64.manylinux_2_17_aarch64.manylinux_2_28_aarch64.whl.metadata (6.0 kB)
2026-09-29T23:03:42.4238345Z Collecting ujson (from strata==2026.8.10)
2026-09-29T23:03:42.4248681Z   Using cached ujson-6.0.0-cp312-cp312-manylinux_2_24_aarch64.manylinux_2_28_aarch64.whl.metadata (10.0 kB)
2026-09-29T23:03:42.4601920Z Collecting pysimdjson (from strata==2026.8.10)
2026-09-29T23:03:42.4612659Z   Using cached pysimdjson-7.0.2-cp312-cp312-manylinux_2_17_aarch64.manylinux2014_aarch64.whl.metadata (1.1 kB)
2026-09-29T23:03:42.4724886Z Collecting jmespath (from strata==2026.8.10)
2026-09-29T23:03:42.4735186Z   Using cached jmespath-1.1.0-py3-none-any.whl.metadata (7.6 kB)
2026-09-29T23:03:42.4849854Z Collecting jsonpath-ng (from strata==2026.8.10)
2026-09-29T23:03:42.4859713Z   Using cached jsonpath_ng-1.8.0-py3-none-any.whl.metadata (18 kB)
2026-09-29T23:03:42.5331458Z Collecting psutil>=5 (from strata==2026.8.10)
2026-09-29T23:03:42.5342038Z   Using cached psutil-7.2.2-cp36-abi3-manylinux2014_aarch64.manylinux_2_17_aarch64.manylinux_2_28_aarch64.whl.metadata (22 kB)
2026-09-29T23:03:42.5497420Z Collecting cfgv>=2.0.0 (from pre-commit>=3.5->strata==2026.8.10)
2026-09-29T23:03:42.5507526Z   Using cached cfgv-3.5.0-py2.py3-none-any.whl.metadata (8.9 kB)
2026-09-29T23:03:42.5774394Z Collecting identify>=1.0.0 (from pre-commit>=3.5->strata==2026.8.10)
2026-09-29T23:03:42.5784571Z   Using cached identify-2.6.20-py2.py3-none-any.whl.metadata (4.4 kB)
2026-09-29T23:03:42.5916551Z Collecting nodeenv>=0.11.1 (from pre-commit>=3.5->strata==2026.8.10)
2026-09-29T23:03:42.5927773Z   Using cached nodeenv-1.11.0-py2.py3-none-any.whl.metadata (40 kB)
2026-09-29T23:03:42.6228985Z Collecting pyyaml>=5.1 (from pre-commit>=3.5->strata==2026.8.10)
2026-09-29T23:03:42.6239684Z   Using cached pyyaml-6.0.3-cp312-cp312-manylinux2014_aarch64.manylinux_2_17_aarch64.manylinux_2_28_aarch64.whl.metadata (2.4 kB)
2026-09-29T23:03:42.6531826Z Collecting virtualenv>=20.10.0 (from pre-commit>=3.5->strata==2026.8.10)
2026-09-29T23:03:42.6542204Z   Using cached virtualenv-21.14.0-py3-none-any.whl.metadata (4.1 kB)
2026-09-29T23:03:42.6595020Z Collecting iniconfig>=1.0.1 (from pytest>=7->strata==2026.8.10)
2026-09-29T23:03:42.6605044Z   Using cached iniconfig-2.3.0-py3-none-any.whl.metadata (2.5 kB)
2026-09-29T23:03:42.6619014Z Requirement already satisfied: packaging>=22 in ./.venv/lib/python3.12/site-packages (from pytest>=7->strata==2026.8.10) (26.3)
2026-09-29T23:03:42.6657447Z Collecting pluggy<2,>=1.5 (from pytest>=7->strata==2026.8.10)
2026-09-29T23:03:42.6667443Z   Using cached pluggy-1.6.0-py3-none-any.whl.metadata (4.8 kB)
2026-09-29T23:03:42.6749942Z Collecting pygments>=2.7.2 (from pytest>=7->strata==2026.8.10)
2026-09-29T23:03:42.6759821Z   Using cached pygments-2.21.0-py3-none-any.whl.metadata (2.5 kB)
2026-09-29T23:03:42.9563049Z Collecting coverage>=7.10.6 (from coverage[toml]>=7.10.6->pytest-cov>=4->strata==2026.8.10)
2026-09-29T23:03:42.9574733Z   Using cached coverage-7.16.2-cp312-cp312-manylinux2014_aarch64.manylinux_2_17_aarch64.manylinux_2_28_aarch64.whl.metadata (8.2 kB)
2026-09-29T23:03:42.9720068Z Collecting distlib<1,>=0.3.7 (from virtualenv>=20.10.0->pre-commit>=3.5->strata==2026.8.10)
2026-09-29T23:03:42.9729885Z   Using cached distlib-0.4.3-py2.py3-none-any.whl.metadata (5.3 kB)
2026-09-29T23:03:42.9914285Z Collecting filelock<5,>=3.24.2 (from virtualenv>=20.10.0->pre-commit>=3.5->strata==2026.8.10)
2026-09-29T23:03:42.9924605Z   Using cached filelock-4.0.6-py3-none-any.whl.metadata (2.0 kB)
2026-09-29T23:03:43.0088674Z Collecting platformdirs<5,>=3.9.1 (from virtualenv>=20.10.0->pre-commit>=3.5->strata==2026.8.10)
2026-09-29T23:03:43.0098681Z   Using cached platformdirs-4.12.2-py3-none-any.whl.metadata (5.5 kB)
2026-09-29T23:03:43.0213987Z Collecting python-discovery>=1.6 (from virtualenv>=20.10.0->pre-commit>=3.5->strata==2026.8.10)
2026-09-29T23:03:43.0223913Z   Using cached python_discovery-1.6.1-py3-none-any.whl.metadata (5.1 kB)
2026-09-29T23:03:43.0298073Z Using cached clang_format-21.1.8-py2.py3-none-manylinux_2_26_aarch64.manylinux_2_28_aarch64.whl (1.7 MB)
2026-09-29T23:03:43.0313484Z Using cached cmake-4.4.3-py3-none-manylinux2014_aarch64.manylinux_2_17_aarch64.whl (30.3 MB)
2026-09-29T23:03:43.0414141Z Using cached pre_commit-4.6.2-py2.py3-none-any.whl (226 kB)
2026-09-29T23:03:43.0424700Z Using cached cfgv-3.5.0-py2.py3-none-any.whl (7.4 kB)
2026-09-29T23:03:43.0434412Z Using cached identify-2.6.20-py2.py3-none-any.whl (99 kB)
2026-09-29T23:03:43.0444433Z Using cached nodeenv-1.11.0-py2.py3-none-any.whl (34 kB)
2026-09-29T23:03:43.0454514Z Using cached psutil-7.2.2-cp36-abi3-manylinux2014_aarch64.manylinux_2_17_aarch64.manylinux_2_28_aarch64.whl (156 kB)
2026-09-29T23:03:43.0464418Z Using cached pytest-9.1.1-py3-none-any.whl (386 kB)
2026-09-29T23:03:43.0475372Z Using cached pluggy-1.6.0-py3-none-any.whl (20 kB)
2026-09-29T23:03:43.0485216Z Using cached iniconfig-2.3.0-py3-none-any.whl (7.5 kB)
2026-09-29T23:03:43.0494841Z Using cached pygments-2.21.0-py3-none-any.whl (1.3 MB)
2026-09-29T23:03:43.0508391Z Using cached pytest_cov-7.1.0-py3-none-any.whl (22 kB)
2026-09-29T23:03:43.0518606Z Using cached coverage-7.16.2-cp312-cp312-manylinux2014_aarch64.manylinux_2_17_aarch64.manylinux_2_28_aarch64.whl (259 kB)
2026-09-29T23:03:43.0529274Z Using cached pyyaml-6.0.3-cp312-cp312-manylinux2014_aarch64.manylinux_2_17_aarch64.manylinux_2_28_aarch64.whl (775 kB)
2026-09-29T23:03:43.0541458Z Using cached ruff-0.16.9-py3-none-manylinux_2_17_aarch64.manylinux2014_aarch64.whl (10.0 MB)
2026-09-29T23:03:43.0588546Z Using cached virtualenv-21.14.0-py3-none-any.whl (5.5 MB)
2026-09-29T23:03:43.0615963Z Using cached distlib-0.4.3-py2.py3-none-any.whl (470 kB)
2026-09-29T23:03:43.0627299Z Using cached filelock-4.0.6-py3-none-any.whl (109 kB)
2026-09-29T23:03:43.0637414Z Using cached platformdirs-4.12.2-py3-none-any.whl (32 kB)
2026-09-29T23:03:43.0647179Z Using cached python_discovery-1.6.1-py3-none-any.whl (38 kB)
2026-09-29T23:03:43.0657063Z Using cached jmespath-1.1.0-py3-none-any.whl (20 kB)
2026-09-29T23:03:43.0666785Z Using cached jsonpath_ng-1.8.0-py3-none-any.whl (67 kB)
2026-09-29T23:03:43.0677091Z Using cached msgspec-0.22.0-cp312-cp312-manylinux2014_aarch64.manylinux_2_17_aarch64.manylinux_2_28_aarch64.whl (224 kB)
2026-09-29T23:03:43.0687670Z Using cached orjson-3.12.0-cp312-cp312-manylinux_2_17_aarch64.manylinux2014_aarch64.whl (130 kB)
2026-09-29T23:03:43.0698075Z Using cached pysimdjson-7.0.2-cp312-cp312-manylinux_2_17_aarch64.manylinux2014_aarch64.whl (2.8 MB)
2026-09-29T23:03:43.0716844Z Using cached ujson-6.0.0-cp312-cp312-manylinux_2_24_aarch64.manylinux_2_28_aarch64.whl (57 kB)
2026-09-29T23:03:43.1734709Z Building wheels for collected packages: strata
2026-09-29T23:03:43.1739138Z   Building editable for strata (pyproject.toml): started
2026-09-29T23:04:43.3810226Z   Building editable for strata (pyproject.toml): still running...
2026-09-29T23:05:44.1853743Z   Building editable for strata (pyproject.toml): still running...
2026-09-29T23:06:39.9641611Z   Building editable for strata (pyproject.toml): finished with status 'done'
2026-09-29T23:06:39.9646975Z   Created wheel for strata: filename=strata-2026.8.10-0.editable-cp312-cp312-linux_aarch64.whl size=4459 sha256=0b83006020cc1670f3c9b8fd04e1aa64f09539c85b16ec14e815186fd854dca0
2026-09-29T23:06:39.9649675Z   Stored in directory: /tmp/pip-ephem-wheel-cache-0_3pyc5_/wheels/4b/14/de/c01d5c98e482dba508ed0b80beaf37c3b37034de18f4d8fbd4
2026-09-29T23:06:39.9664515Z Successfully built strata
2026-09-29T23:06:40.0301693Z Installing collected packages: jsonpath-ng, distlib, clang-format, ujson, strata, ruff, pyyaml, pysimdjson, pygments, psutil, pluggy, platformdirs, orjson, nodeenv, msgspec, jmespath, iniconfig, identify, filelock, coverage, cmake, cfgv, python-discovery, pytest, virtualenv, pytest-cov, pre-commit
2026-09-29T23:06:42.0794832Z 
2026-09-29T23:06:42.0818105Z Successfully installed cfgv-3.5.0 clang-format-21.1.8 cmake-4.4.3 coverage-7.16.2 distlib-0.4.3 filelock-4.0.6 identify-2.6.20 iniconfig-2.3.0 jmespath-1.1.0 jsonpath-ng-1.8.0 msgspec-0.22.0 nodeenv-1.11.0 orjson-3.12.0 platformdirs-4.12.2 pluggy-1.6.0 pre-commit-4.6.2 psutil-7.2.2 pygments-2.21.0 pysimdjson-7.0.2 pytest-9.1.1 pytest-cov-7.1.0 python-discovery-1.6.1 pyyaml-6.0.3 ruff-0.16.9 strata-2026.8.10 ujson-6.0.0 virtualenv-21.14.0
2026-09-29T23:06:42.3807029Z + /home/runner/work/_temp/identity-arm/.venv/bin/python -m pip install --force-reinstall --no-deps -e .
2026-09-29T23:06:42.6376839Z Obtaining file:///home/runner/work/_temp/identity-arm
2026-09-29T23:06:42.6392954Z   Installing build dependencies: started
2026-09-29T23:06:43.8875736Z   Installing build dependencies: finished with status 'done'
2026-09-29T23:06:43.8880582Z   Checking if build backend supports build_editable: started
2026-09-29T23:06:44.1255399Z   Checking if build backend supports build_editable: finished with status 'done'
2026-09-29T23:06:44.1261552Z   Getting requirements to build editable: started
2026-09-29T23:06:44.4254629Z   Getting requirements to build editable: finished with status 'done'
2026-09-29T23:06:44.4260741Z   Preparing editable metadata (pyproject.toml): started
2026-09-29T23:06:44.6154962Z   Preparing editable metadata (pyproject.toml): finished with status 'done'
2026-09-29T23:06:44.6197817Z Building wheels for collected packages: strata
2026-09-29T23:06:44.6202769Z   Building editable for strata (pyproject.toml): started
2026-09-29T23:07:36.7435747Z   Building editable for strata (pyproject.toml): finished with status 'done'
2026-09-29T23:07:36.7442204Z   Created wheel for strata: filename=strata-2026.8.10-0.editable-cp312-cp312-linux_aarch64.whl size=4459 sha256=147e8f32c4a7daabd7c2ffc2cf02fa30bb13665705dc856ffbfc32af0686a50f
2026-09-29T23:07:36.7443212Z   Stored in directory: /tmp/pip-ephem-wheel-cache-hg_1b0mf/wheels/4b/14/de/c01d5c98e482dba508ed0b80beaf37c3b37034de18f4d8fbd4
2026-09-29T23:07:36.7465754Z Successfully built strata
2026-09-29T23:07:36.7554461Z Installing collected packages: strata
2026-09-29T23:07:36.7555566Z   Attempting uninstall: strata
2026-09-29T23:07:36.7573199Z     Found existing installation: strata 2026.8.10
2026-09-29T23:07:36.7586303Z     Uninstalling strata-2026.8.10:
2026-09-29T23:07:36.7778750Z       Successfully uninstalled strata-2026.8.10
2026-09-29T23:07:36.7856189Z Successfully installed strata-2026.8.10
2026-09-29T23:07:37.0583909Z + git worktree remove --force /home/runner/work/_temp/identity-arm
2026-09-29T23:07:37.4854439Z .data                            4741f7805d4d501d 4741f7805d4d501d identical
2026-09-29T23:07:37.4854864Z .data.rel.ro                     1e925ac6d527636d 1e925ac6d527636d identical
2026-09-29T23:07:37.4855243Z .dynamic                         9d62dd7ac677227d 9d62dd7ac677227d identical
2026-09-29T23:07:37.4855607Z .dynstr                          015c4778a45ee1db 015c4778a45ee1db identical
2026-09-29T23:07:37.4855970Z .dynsym                          043450d7ce2ffbbf 043450d7ce2ffbbf identical
2026-09-29T23:07:37.4856335Z .eh_frame                        99ac00466a1ca54c 99ac00466a1ca54c identical
2026-09-29T23:07:37.4857042Z .eh_frame_hdr                    62da2a70ab8bbb74 62da2a70ab8bbb74 identical
2026-09-29T23:07:37.4857475Z .fini                            7d39706b791b17f4 7d39706b791b17f4 identical
2026-09-29T23:07:37.4857848Z .fini_array                      5bd5defdd823db81 5bd5defdd823db81 identical
2026-09-29T23:07:37.4858242Z .gcc_except_table                6ec9430ce8d45f7f 6ec9430ce8d45f7f identical
2026-09-29T23:07:37.4858773Z .gnu.hash                        1331b1064561f369 1331b1064561f369 identical
2026-09-29T23:07:37.4859143Z .gnu.version                     16446b28a45c6bc8 16446b28a45c6bc8 identical
2026-09-29T23:07:37.4859528Z .gnu.version_r                   7fbd8ba05eceed2d 7fbd8ba05eceed2d identical
2026-09-29T23:07:37.4859905Z .got                             f1245aadee06ad80 f1245aadee06ad80 identical
2026-09-29T23:07:37.4860316Z .got.plt                         07d7cb47f327ebb4 07d7cb47f327ebb4 identical
2026-09-29T23:07:37.4860679Z .init                            151bfb4b8a72c6a4 151bfb4b8a72c6a4 identical
2026-09-29T23:07:37.4861121Z .init_array                      31ced2a6b695d2d9 31ced2a6b695d2d9 identical
2026-09-29T23:07:37.4861677Z .note.gnu.build-id               1f138952c3fe7ace 93c872046f7aa1e6 differs
2026-09-29T23:07:37.4862056Z .plt                             595f9a88daebfe63 595f9a88daebfe63 identical
2026-09-29T23:07:37.4862421Z .rela.dyn                        9e7e8adae178589f 9e7e8adae178589f identical
2026-09-29T23:07:37.4862789Z .rela.plt                        bb40816ed2363807 bb40816ed2363807 identical
2026-09-29T23:07:37.4863152Z .rodata                          2d6ea751a4b8a829 2d6ea751a4b8a829 identical
2026-09-29T23:07:37.4863508Z .tdata                           fef02424157f106b fef02424157f106b identical
2026-09-29T23:07:37.4863943Z .text                            e63e428e6a0c8bd5 e63e428e6a0c8bd5 identical
2026-09-29T23:07:37.4864232Z CODE IDENTICAL
2026-09-29T23:07:37.4864455Z .data                            993481905c244d07 993481905c244d07 identical
2026-09-29T23:07:37.4864815Z .data.rel.ro                     8e1c2cb62e6ccb9e 8e1c2cb62e6ccb9e identical
2026-09-29T23:07:37.4865190Z .dynamic                         999c78f49a58df27 999c78f49a58df27 identical
2026-09-29T23:07:37.4865557Z .dynstr                          a28f7c2930bcd055 a28f7c2930bcd055 identical
2026-09-29T23:07:37.4865919Z .dynsym                          3730be440d7a22e3 3730be440d7a22e3 identical
2026-09-29T23:07:37.4866285Z .eh_frame                        5a440c9f308bb7f0 5a440c9f308bb7f0 identical
2026-09-29T23:07:37.4866652Z .eh_frame_hdr                    174a0eb074cc33b6 174a0eb074cc33b6 identical
2026-09-29T23:07:37.4867015Z .fini                            7d39706b791b17f4 7d39706b791b17f4 identical
2026-09-29T23:07:37.4867380Z .fini_array                      ab807c986ceef063 ab807c986ceef063 identical
2026-09-29T23:07:37.4867768Z .gcc_except_table                6566cba12431f4bc 6566cba12431f4bc identical
2026-09-29T23:07:37.4868150Z .gnu.hash                        d095c1787016715c d095c1787016715c identical
2026-09-29T23:07:37.4868529Z .gnu.version                     8edaacfaa70a9e46 8edaacfaa70a9e46 identical
2026-09-29T23:07:37.4868916Z .gnu.version_r                   84ee111f5128462c 84ee111f5128462c identical
2026-09-29T23:07:37.4869281Z .got                             55b6c22750b56db7 55b6c22750b56db7 identical
2026-09-29T23:07:37.4869637Z .got.plt                         11a2b161bace73f7 11a2b161bace73f7 identical
2026-09-29T23:07:37.4870002Z .init                            c4dffdb9bb3ed4d9 c4dffdb9bb3ed4d9 identical
2026-09-29T23:07:37.4870374Z .init_array                      ddc519962e0c16e8 ddc519962e0c16e8 identical
2026-09-29T23:07:37.4870766Z .note.gnu.build-id               8f85a5845b1e21d0 0f38d98871053eeb differs
2026-09-29T23:07:37.4871138Z .plt                             52058f85e7a5ebc4 52058f85e7a5ebc4 identical
2026-09-29T23:07:37.4871646Z .rela.dyn                        8d14dff8e6d62627 8d14dff8e6d62627 identical
2026-09-29T23:07:37.4872263Z .rela.plt                        5f62dada442988ed 74961d8d482c2795 differs
2026-09-29T23:07:37.4872643Z .rodata                          0bc6ec939d9d7100 0bc6ec939d9d7100 identical
2026-09-29T23:07:37.4873004Z .tdata                           fef02424157f106b fef02424157f106b identical
2026-09-29T23:07:37.4873376Z .text                            fdb1fa6d24192cf7 cc28a7d2dc40962b DIFFERS (gate)
2026-09-29T23:07:37.4873826Z CODE DIFFERS: stop before timing
2026-09-29T23:07:37.4874042Z {
2026-09-29T23:07:37.4874234Z  "base": "234ea15861d2f37b1b55c6251281a49021864441",
2026-09-29T23:07:37.4874496Z  "plain_exit": 0,
2026-09-29T23:07:37.4874672Z  "held_pgo_exit": 1
2026-09-29T23:07:37.4874840Z }
2026-09-29T23:07:37.4874992Z plain build: exit 0
2026-09-29T23:07:37.4875193Z held-profile pgo+lto build: exit 1
2026-09-29T23:07:37.4875354Z 
2026-09-29T23:07:37.4930258Z ##[error]Process completed with exit code 1.
2026-09-29T23:07:37.5008113Z ##[group]Run actions/upload-artifact@v4
2026-09-29T23:07:37.5008387Z with:
2026-09-29T23:07:37.5008580Z   name: benchmark-linux-arm64
2026-09-29T23:07:37.5008943Z   path: bench_ci_*.md
bench_ci_*.json
bench_native_*.md
bench_native_*.json
identity-*.txt

2026-09-29T23:07:37.5009338Z   if-no-files-found: ignore
2026-09-29T23:07:37.5009556Z   compression-level: 6
2026-09-29T23:07:37.5009751Z   overwrite: false
2026-09-29T23:07:37.5009944Z   include-hidden-files: false
2026-09-29T23:07:37.5010170Z env:
2026-09-29T23:07:37.5010397Z   pythonLocation: /opt/hostedtoolcache/Python/3.12.14/arm64
2026-09-29T23:07:37.5010802Z   PKG_CONFIG_PATH: /opt/hostedtoolcache/Python/3.12.14/arm64/lib/pkgconfig
2026-09-29T23:07:37.5011206Z   Python_ROOT_DIR: /opt/hostedtoolcache/Python/3.12.14/arm64
2026-09-29T23:07:37.5011755Z   Python2_ROOT_DIR: /opt/hostedtoolcache/Python/3.12.14/arm64
2026-09-29T23:07:37.5012120Z   Python3_ROOT_DIR: /opt/hostedtoolcache/Python/3.12.14/arm64
2026-09-29T23:07:37.5012541Z   LD_LIBRARY_PATH: /opt/hostedtoolcache/Python/3.12.14/arm64/lib
2026-09-29T23:07:37.5012975Z ##[endgroup]
2026-09-29T23:07:37.6336870Z (node:19541) [DEP0040] DeprecationWarning: The `punycode` module is deprecated. Please use a userland alternative instead.
2026-09-29T23:07:37.6337517Z (Use `node --trace-deprecation ...` to show where the warning was created)
2026-09-29T23:07:37.6468199Z With the provided path, there will be 4 files uploaded
2026-09-29T23:07:37.6491648Z Artifact name is valid!
2026-09-29T23:07:37.6511498Z Root directory input is valid!
2026-09-29T23:07:37.8556463Z Beginning upload of artifact content to blob storage
2026-09-29T23:07:37.8808216Z (node:19541) [DEP0169] DeprecationWarning: `url.parse()` behavior is not standardized and prone to errors that have security implications. Use the WHATWG URL API instead. CVEs are not issued for `url.parse()` vulnerabilities.
2026-09-29T23:07:37.9403153Z Uploaded bytes 65744
2026-09-29T23:07:37.9592645Z Finished uploading artifact content to blob storage!
2026-09-29T23:07:37.9593227Z SHA256 digest of uploaded artifact zip is 7bca97b0fd3ab506930b31e1d2319a7776b8c7379ac817c368f50ca3da007590
2026-09-29T23:07:37.9594844Z Finalizing artifact upload
2026-09-29T23:07:38.1940476Z Artifact benchmark-linux-arm64.zip successfully finalized. Artifact ID 11067268498
2026-09-29T23:07:38.1941144Z Artifact benchmark-linux-arm64 has been successfully uploaded! Final size is 65744 bytes. Artifact ID is 11067268498
2026-09-29T23:07:38.1945547Z Artifact download URL: https://github.com/PrimeLab-Foundation/strata/actions/runs/36641825105/artifacts/11067268498
2026-09-29T23:07:38.2175031Z Post job cleanup.
2026-09-29T23:07:38.2864054Z [command]/usr/bin/git version
2026-09-29T23:07:38.2896705Z git version 2.55.0
2026-09-29T23:07:38.2930142Z Temporarily overriding HOME='/home/runner/work/_temp/6c9a9498-f902-4e38-8d90-5b23fec466ed' before making global git config changes
2026-09-29T23:07:38.2930875Z Adding repository directory to the temporary git global config as a safe directory
2026-09-29T23:07:38.2934255Z [command]/usr/bin/git config --global --add safe.directory /home/runner/work/strata/strata
2026-09-29T23:07:38.2967413Z [command]/usr/bin/git config --local --name-only --get-regexp core\.sshCommand
2026-09-29T23:07:38.3000320Z [command]/usr/bin/git submodule foreach --recursive sh -c "git config --local --name-only --get-regexp 'core\.sshCommand' && git config --local --unset-all 'core.sshCommand' || :"
2026-09-29T23:07:38.3181748Z [command]/usr/bin/git config --local --name-only --get-regexp http\.https\:\/\/github\.com\/\.extraheader
2026-09-29T23:07:38.3202209Z http.https://github.com/.extraheader
2026-09-29T23:07:38.3213623Z [command]/usr/bin/git config --local --unset-all http.https://github.com/.extraheader
2026-09-29T23:07:38.3242201Z [command]/usr/bin/git submodule foreach --recursive sh -c "git config --local --name-only --get-regexp 'http\.https\:\/\/github\.com\/\.extraheader' && git config --local --unset-all 'http.https://github.com/.extraheader' || :"
2026-09-29T23:07:38.3421030Z [command]/usr/bin/git config --local --name-only --get-regexp ^includeIf\.gitdir:
2026-09-29T23:07:38.3455621Z [command]/usr/bin/git submodule foreach --recursive git config --local --show-origin --name-only --get-regexp remote.origin.url
2026-09-29T23:07:38.3763128Z Cleaning up orphan processes
2026-09-29T23:07:38.4100639Z ##[warning]Node.js 20 is deprecated. The following actions target Node.js 20 but are being forced to run on Node.js 24: actions/checkout@v4, actions/setup-python@v5, actions/upload-artifact@v4. For more information see: https://github.blog/changelog/2025-09-19-deprecation-of-node-20-on-github-actions-runners/
