2026-09-29T22:49:39.7059917Z Current runner version: '2.337.0'
2026-09-29T22:49:39.7077014Z ##[group]Runner Image Provisioner
2026-09-29T22:49:39.7077725Z Hosted Compute Agent
2026-09-29T22:49:39.7078063Z Version: 20260828.587
2026-09-29T22:49:39.7078415Z Commit: abac92662cab4cc7352de4f9f9d2e2419aad9c29
2026-09-29T22:49:39.7078879Z Build Date: 2026-08-28T16:44:25Z
2026-09-29T22:49:39.7079266Z Worker ID: {3213b091-97c2-45e5-a05d-6b57cf4fdf64}
2026-09-29T22:49:39.7079688Z Azure Region: centralus
2026-09-29T22:49:39.7080061Z ##[endgroup]
2026-09-29T22:49:39.7080859Z ##[group]Operating System
2026-09-29T22:49:39.7081246Z Ubuntu
2026-09-29T22:49:39.7081551Z 24.04.5
2026-09-29T22:49:39.7081929Z LTS
2026-09-29T22:49:39.7082294Z ##[endgroup]
2026-09-29T22:49:39.7082606Z ##[group]Runner Image
2026-09-29T22:49:39.7083218Z Image: ubuntu-24.04
2026-09-29T22:49:39.7083694Z Version: 20260920.314.1
2026-09-29T22:49:39.7084479Z Included Software: https://github.com/actions/runner-images/blob/ubuntu24/20260920.314/images/ubuntu/Ubuntu2404-Readme.md
2026-09-29T22:49:39.7085328Z Image Release: https://github.com/actions/runner-images/releases/tag/ubuntu24%2F20260920.314
2026-09-29T22:49:39.7085895Z ##[endgroup]
2026-09-29T22:49:39.7086598Z ##[group]GITHUB_TOKEN Permissions
2026-09-29T22:49:39.7087886Z Contents: read
2026-09-29T22:49:39.7088217Z Metadata: read
2026-09-29T22:49:39.7088532Z Packages: read
2026-09-29T22:49:39.7088908Z ##[endgroup]
2026-09-29T22:49:39.7090145Z Secret source: Actions
2026-09-29T22:49:39.7090755Z Cache mode: write
2026-09-29T22:49:39.7091295Z Prepare workflow directory
2026-09-29T22:49:39.7399632Z Prepare all required actions
2026-09-29T22:49:39.7429589Z Getting action download info
2026-09-29T22:49:40.0130126Z Download action repository 'actions/checkout@v4' (SHA:11d5960a326750d5838078e36cf38b85af677262)
2026-09-29T22:49:40.0822753Z Download action repository 'actions/setup-python@v5' (SHA:a26af69be951a213d495a4c3e4e4022e16d87065)
2026-09-29T22:49:40.1655311Z Download action repository 'actions/upload-artifact@v4' (SHA:ea165f8d65b6e75b540449e92b4886f43607fa02)
2026-09-29T22:49:40.3571847Z Complete job name: supportability (linux-x86_64)
2026-09-29T22:49:40.3985555Z ##[group]Run actions/checkout@v4
2026-09-29T22:49:40.3985941Z with:
2026-09-29T22:49:40.3986157Z   fetch-depth: 0
2026-09-29T22:49:40.3986401Z   repository: PrimeLab-Foundation/strata
2026-09-29T22:49:40.3988448Z   token: ***
2026-09-29T22:49:40.3988697Z   ssh-strict: true
2026-09-29T22:49:40.3988919Z   ssh-user: git
2026-09-29T22:49:40.3989149Z   persist-credentials: true
2026-09-29T22:49:40.3989399Z   clean: true
2026-09-29T22:49:40.3989634Z   sparse-checkout-cone-mode: true
2026-09-29T22:49:40.3989901Z   fetch-tags: false
2026-09-29T22:49:40.3990128Z   show-progress: true
2026-09-29T22:49:40.3990356Z   lfs: false
2026-09-29T22:49:40.3990567Z   submodules: false
2026-09-29T22:49:40.3990794Z   set-safe-directory: true
2026-09-29T22:49:40.3991055Z   allow-unsafe-pr-checkout: false
2026-09-29T22:49:40.3991380Z env:
2026-09-29T22:49:40.3991581Z   ARCHFLAGS: 
2026-09-29T22:49:40.3991812Z ##[endgroup]
2026-09-29T22:49:40.4607973Z Syncing repository: PrimeLab-Foundation/strata
2026-09-29T22:49:40.4609410Z ##[group]Getting Git version info
2026-09-29T22:49:40.4609931Z Working directory is '/home/runner/work/strata/strata'
2026-09-29T22:49:40.4610688Z [command]/usr/bin/git version
2026-09-29T22:49:40.4672442Z git version 2.55.0
2026-09-29T22:49:40.4686097Z ##[endgroup]
2026-09-29T22:49:40.4697171Z Temporarily overriding HOME='/home/runner/work/_temp/97b6471b-03f4-4033-afa3-20e6af01add2' before making global git config changes
2026-09-29T22:49:40.4698351Z Adding repository directory to the temporary git global config as a safe directory
2026-09-29T22:49:40.4701743Z [command]/usr/bin/git config --global --add safe.directory /home/runner/work/strata/strata
2026-09-29T22:49:40.4749290Z Deleting the contents of '/home/runner/work/strata/strata'
2026-09-29T22:49:40.4753005Z ##[group]Initializing the repository
2026-09-29T22:49:40.4755366Z [command]/usr/bin/git init /home/runner/work/strata/strata
2026-09-29T22:49:40.4858163Z hint: Using 'master' as the name for the initial branch. This default branch name
2026-09-29T22:49:40.4859109Z hint: will change to "main" in Git 3.0. To configure the initial branch name
2026-09-29T22:49:40.4860102Z hint: to use in all of your new repositories, which will suppress this warning,
2026-09-29T22:49:40.4860812Z hint: call:
2026-09-29T22:49:40.4861254Z hint:
2026-09-29T22:49:40.4861798Z hint: 	git config --global init.defaultBranch <name>
2026-09-29T22:49:40.4862470Z hint:
2026-09-29T22:49:40.4863068Z hint: Names commonly chosen instead of 'master' are 'main', 'trunk' and
2026-09-29T22:49:40.4864135Z hint: 'development'. The just-created branch can be renamed via this command:
2026-09-29T22:49:40.4864896Z hint:
2026-09-29T22:49:40.4865363Z hint: 	git branch -m <name>
2026-09-29T22:49:40.4865950Z hint:
2026-09-29T22:49:40.4866588Z hint: Disable this message with "git config set advice.defaultBranchName false"
2026-09-29T22:49:40.4867570Z Initialized empty Git repository in /home/runner/work/strata/strata/.git/
2026-09-29T22:49:40.4873152Z [command]/usr/bin/git remote add origin https://github.com/PrimeLab-Foundation/strata
2026-09-29T22:49:40.4926323Z ##[endgroup]
2026-09-29T22:49:40.4926867Z ##[group]Disabling automatic garbage collection
2026-09-29T22:49:40.4927368Z [command]/usr/bin/git config --local gc.auto 0
2026-09-29T22:49:40.4947358Z ##[endgroup]
2026-09-29T22:49:40.4947940Z ##[group]Setting up auth
2026-09-29T22:49:40.4954147Z [command]/usr/bin/git config --local --name-only --get-regexp core\.sshCommand
2026-09-29T22:49:40.4978432Z [command]/usr/bin/git submodule foreach --recursive sh -c "git config --local --name-only --get-regexp 'core\.sshCommand' && git config --local --unset-all 'core.sshCommand' || :"
2026-09-29T22:49:40.5267009Z [command]/usr/bin/git config --local --name-only --get-regexp http\.https\:\/\/github\.com\/\.extraheader
2026-09-29T22:49:40.5294071Z [command]/usr/bin/git submodule foreach --recursive sh -c "git config --local --name-only --get-regexp 'http\.https\:\/\/github\.com\/\.extraheader' && git config --local --unset-all 'http.https://github.com/.extraheader' || :"
2026-09-29T22:49:40.5454867Z [command]/usr/bin/git config --local --name-only --get-regexp ^includeIf\.gitdir:
2026-09-29T22:49:40.5480774Z [command]/usr/bin/git submodule foreach --recursive git config --local --show-origin --name-only --get-regexp remote.origin.url
2026-09-29T22:49:40.5644813Z [command]/usr/bin/git config --local http.https://github.com/.extraheader AUTHORIZATION: basic ***
2026-09-29T22:49:40.5675939Z ##[endgroup]
2026-09-29T22:49:40.5676676Z ##[group]Fetching the repository
2026-09-29T22:49:40.5682754Z [command]/usr/bin/git -c protocol.version=2 fetch --prune --no-recurse-submodules origin +refs/heads/*:refs/remotes/origin/* +refs/tags/*:refs/tags/*
2026-09-29T22:49:43.0123868Z From https://github.com/PrimeLab-Foundation/strata
2026-09-29T22:49:43.0126512Z  * [new branch]      exp/ab-historic-base        -> origin/exp/ab-historic-base
2026-09-29T22:49:43.0127971Z  * [new branch]      exp/cold-entry              -> origin/exp/cold-entry
2026-09-29T22:49:43.0129523Z  * [new branch]      exp/cold-slot-interleave    -> origin/exp/cold-slot-interleave
2026-09-29T22:49:43.0130815Z  * [new branch]      exp/cross-sample            -> origin/exp/cross-sample
2026-09-29T22:49:43.0131944Z  * [new branch]      exp/emit-n2                 -> origin/exp/emit-n2
2026-09-29T22:49:43.0133113Z  * [new branch]      exp/m12-ab-arm              -> origin/exp/m12-ab-arm
2026-09-29T22:49:43.0134536Z  * [new branch]      exp/m12-base-pin            -> origin/exp/m12-base-pin
2026-09-29T22:49:43.0135805Z  * [new branch]      exp/m12-base-pin2           -> origin/exp/m12-base-pin2
2026-09-29T22:49:43.0136925Z  * [new branch]      exp/m12-default-hook        -> origin/exp/m12-default-hook
2026-09-29T22:49:43.0138106Z  * [new branch]      exp/m12-default-hook-2      -> origin/exp/m12-default-hook-2
2026-09-29T22:49:43.0139237Z  * [new branch]      exp/m12-source-ab           -> origin/exp/m12-source-ab
2026-09-29T22:49:43.0140486Z  * [new branch]      exp/m12b-ab-arm             -> origin/exp/m12b-ab-arm
2026-09-29T22:49:43.0141634Z  * [new branch]      exp/m12b-dumps-with-default -> origin/exp/m12b-dumps-with-default
2026-09-29T22:49:43.0142871Z  * [new branch]      exp/m13-adapters            -> origin/exp/m13-adapters
2026-09-29T22:49:43.0144173Z  * [new branch]      exp/m15-ab-arm              -> origin/exp/m15-ab-arm
2026-09-29T22:49:43.0145392Z  * [new branch]      exp/main-repair             -> origin/exp/main-repair
2026-09-29T22:49:43.0146467Z  * [new branch]      exp/native-gap              -> origin/exp/native-gap
2026-09-29T22:49:43.0147547Z  * [new branch]      exp/native-types            -> origin/exp/native-types
2026-09-29T22:49:43.0148677Z  * [new branch]      exp/p0-integration          -> origin/exp/p0-integration
2026-09-29T22:49:43.0149963Z  * [new branch]      exp/p0p6-integration        -> origin/exp/p0p6-integration
2026-09-29T22:49:43.0151451Z  * [new branch]      exp/p23-b1                  -> origin/exp/p23-b1
2026-09-29T22:49:43.0152797Z  * [new branch]      exp/p23-b1-tests            -> origin/exp/p23-b1-tests
2026-09-29T22:49:43.0154521Z  * [new branch]      exp/p23-general-tables      -> origin/exp/p23-general-tables
2026-09-29T22:49:43.0155982Z  * [new branch]      exp/p23-tests-only          -> origin/exp/p23-tests-only
2026-09-29T22:49:43.0157389Z  * [new branch]      exp/p24-open-cost           -> origin/exp/p24-open-cost
2026-09-29T22:49:43.0158816Z  * [new branch]      exp/p24-tests-only          -> origin/exp/p24-tests-only
2026-09-29T22:49:43.0160213Z  * [new branch]      exp/p26-tests-arm           -> origin/exp/p26-tests-arm
2026-09-29T22:49:43.0161565Z  * [new branch]      exp/p26-win-abi             -> origin/exp/p26-win-abi
2026-09-29T22:49:43.0163044Z  * [new branch]      exp/p6-acceptance2          -> origin/exp/p6-acceptance2
2026-09-29T22:49:43.0164646Z  * [new branch]      exp/p6-windows-ab           -> origin/exp/p6-windows-ab
2026-09-29T22:49:43.0165975Z  * [new branch]      exp/p6-x86-ab               -> origin/exp/p6-x86-ab
2026-09-29T22:49:43.0167422Z  * [new branch]      exp/p6-x86-regs             -> origin/exp/p6-x86-regs
2026-09-29T22:49:43.0168794Z  * [new branch]      exp/p6p7-integration        -> origin/exp/p6p7-integration
2026-09-29T22:49:43.0170157Z  * [new branch]      exp/p7-x86-nofp             -> origin/exp/p7-x86-nofp
2026-09-29T22:49:43.0171499Z  * [new branch]      exp/p7b-tests-only          -> origin/exp/p7b-tests-only
2026-09-29T22:49:43.0172813Z  * [new branch]      exp/p8-b1                   -> origin/exp/p8-b1
2026-09-29T22:49:43.0175816Z  * [new branch]      exp/p8-b12                  -> origin/exp/p8-b12
2026-09-29T22:49:43.0177535Z  * [new branch]      exp/p8-b2                   -> origin/exp/p8-b2
2026-09-29T22:49:43.0179333Z  * [new branch]      exp/p9-fused-dicts          -> origin/exp/p9-fused-dicts
2026-09-29T22:49:43.0182369Z  * [new branch]      exp/p9-probe-flag           -> origin/exp/p9-probe-flag
2026-09-29T22:49:43.0183927Z  * [new branch]      exp/p9-probe-placement      -> origin/exp/p9-probe-placement
2026-09-29T22:49:43.0185399Z  * [new branch]      exp/pin-discovery-ab        -> origin/exp/pin-discovery-ab
2026-09-29T22:49:43.0186929Z  * [new branch]      exp/pin-discovery-test      -> origin/exp/pin-discovery-test
2026-09-29T22:49:43.0188184Z  * [new branch]      exp/t1-ab                   -> origin/exp/t1-ab
2026-09-29T22:49:43.0189461Z  * [new branch]      exp/t1-private-cache-leak   -> origin/exp/t1-private-cache-leak
2026-09-29T22:49:43.0190775Z  * [new branch]      exp/t1-source-ab            -> origin/exp/t1-source-ab
2026-09-29T22:49:43.0192015Z  * [new branch]      exp/t1-tests-only           -> origin/exp/t1-tests-only
2026-09-29T22:49:43.0193479Z  * [new branch]      exp/t2-evidence-gates       -> origin/exp/t2-evidence-gates
2026-09-29T22:49:43.0194823Z  * [new branch]      exp/t3-ab-estimator         -> origin/exp/t3-ab-estimator
2026-09-29T22:49:43.0196107Z  * [new branch]      exp/win-mixed-probe         -> origin/exp/win-mixed-probe
2026-09-29T22:49:43.0197567Z  * [new branch]      exp/win-rawwalk-check       -> origin/exp/win-rawwalk-check
2026-09-29T22:49:43.0198765Z  * [new branch]      main                        -> origin/main
2026-09-29T22:49:43.0199970Z  * [new branch]      work/benchmark-lead         -> origin/work/benchmark-lead
2026-09-29T22:49:43.0201810Z  * [new branch]      work/september-7-plan       -> origin/work/september-7-plan
2026-09-29T22:49:43.0203680Z  * [new tag]         archive/exp/audit-tests     -> archive/exp/audit-tests
2026-09-29T22:49:43.0205331Z  * [new tag]         archive/exp/cursor          -> archive/exp/cursor
2026-09-29T22:49:43.0206964Z  * [new tag]         archive/exp/cursor2         -> archive/exp/cursor2
2026-09-29T22:49:43.0208485Z  * [new tag]         archive/exp/digitchain      -> archive/exp/digitchain
2026-09-29T22:49:43.0210192Z  * [new tag]         archive/exp/dump-flat-macos -> archive/exp/dump-flat-macos
2026-09-29T22:49:43.0211860Z  * [new tag]         archive/exp/dumps-n2        -> archive/exp/dumps-n2
2026-09-29T22:49:43.0213267Z  * [new tag]         archive/exp/e26-p2-profile  -> archive/exp/e26-p2-profile
2026-09-29T22:49:43.0214826Z  * [new tag]         archive/exp/fix1-reentrant-mutation -> archive/exp/fix1-reentrant-mutation
2026-09-29T22:49:43.0216468Z  * [new tag]         archive/exp/fix1-reentrant-mutation-v2 -> archive/exp/fix1-reentrant-mutation-v2
2026-09-29T22:49:43.0218213Z  * [new tag]         archive/exp/fix1-reentrant-mutation-v3 -> archive/exp/fix1-reentrant-mutation-v3
2026-09-29T22:49:43.0220053Z  * [new tag]         archive/exp/fix1-reentrant-mutation-v4 -> archive/exp/fix1-reentrant-mutation-v4
2026-09-29T22:49:43.0221601Z  * [new tag]         archive/exp/fix2-surrogate-key -> archive/exp/fix2-surrogate-key
2026-09-29T22:49:43.0222907Z  * [new tag]         archive/exp/p0-controls     -> archive/exp/p0-controls
2026-09-29T22:49:43.0224266Z  * [new tag]         archive/exp/p1-attribution  -> archive/exp/p1-attribution
2026-09-29T22:49:43.0226115Z  * [new tag]         archive/exp/shrink-cold-instruction-footprint -> archive/exp/shrink-cold-instruction-footprint
2026-09-29T22:49:43.0228013Z  * [new tag]         archive/exp/shrink-write-stack-frames -> archive/exp/shrink-write-stack-frames
2026-09-29T22:49:43.0229454Z  * [new tag]         archive/exp/terminator      -> archive/exp/terminator
2026-09-29T22:49:43.0231038Z  * [new tag]         archive/exp/width-flat-format-int64-above-1e4 -> archive/exp/width-flat-format-int64-above-1e4
2026-09-29T22:49:43.0232673Z  * [new tag]         archive/main-from-scratch-v1 -> archive/main-from-scratch-v1
2026-09-29T22:49:43.0233965Z  * [new tag]         archive/main-v2             -> archive/main-v2
2026-09-29T22:49:43.0235033Z  * [new tag]         archive/main-v2-0.1         -> archive/main-v2-0.1
2026-09-29T22:49:43.0236342Z  * [new tag]         archive/main-v2-long-run-do-nothing -> archive/main-v2-long-run-do-nothing
2026-09-29T22:49:43.0237731Z  * [new tag]         archive/main-v2-prompt-1    -> archive/main-v2-prompt-1
2026-09-29T22:49:43.0238957Z  * [new tag]         archive/main-v2-prompt-2    -> archive/main-v2-prompt-2
2026-09-29T22:49:43.0240165Z  * [new tag]         archive/main-v2-prompt-3    -> archive/main-v2-prompt-3
2026-09-29T22:49:43.0241374Z  * [new tag]         archive/main-v2-prompt-4    -> archive/main-v2-prompt-4
2026-09-29T22:49:43.0244027Z [command]/usr/bin/git branch --list --remote origin/exp/native-gap
2026-09-29T22:49:43.0245084Z   origin/exp/native-gap
2026-09-29T22:49:43.0246674Z [command]/usr/bin/git rev-parse refs/remotes/origin/exp/native-gap
2026-09-29T22:49:43.0299258Z 271a2a0864aa430c4690ca9b609e4201e13cfb51
2026-09-29T22:49:43.0302048Z ##[endgroup]
2026-09-29T22:49:43.0302993Z ##[group]Determining the checkout info
2026-09-29T22:49:43.0304113Z ##[endgroup]
2026-09-29T22:49:43.0304701Z [command]/usr/bin/git sparse-checkout disable
2026-09-29T22:49:43.0306509Z [command]/usr/bin/git config --local --unset-all extensions.worktreeConfig
2026-09-29T22:49:43.0308750Z ##[group]Checking out the ref
2026-09-29T22:49:43.0309919Z [command]/usr/bin/git checkout --progress --force -B exp/native-gap refs/remotes/origin/exp/native-gap
2026-09-29T22:49:43.1742490Z Switched to a new branch 'exp/native-gap'
2026-09-29T22:49:43.1746004Z branch 'exp/native-gap' set up to track 'origin/exp/native-gap'.
2026-09-29T22:49:43.1765149Z ##[endgroup]
2026-09-29T22:49:43.1803137Z [command]/usr/bin/git log -1 --format=%H
2026-09-29T22:49:43.1825801Z 271a2a0864aa430c4690ca9b609e4201e13cfb51
2026-09-29T22:49:43.2051895Z ##[group]Run actions/setup-python@v5
2026-09-29T22:49:43.2052559Z with:
2026-09-29T22:49:43.2053051Z   python-version: 3.12
2026-09-29T22:49:43.2053753Z   check-latest: false
2026-09-29T22:49:43.2058512Z   token: ***
2026-09-29T22:49:43.2059034Z   update-environment: true
2026-09-29T22:49:43.2059639Z   allow-prereleases: false
2026-09-29T22:49:43.2060229Z   freethreaded: false
2026-09-29T22:49:43.2060760Z env:
2026-09-29T22:49:43.2061228Z   ARCHFLAGS: 
2026-09-29T22:49:43.2061745Z ##[endgroup]
2026-09-29T22:49:43.2832966Z ##[group]Installed versions
2026-09-29T22:49:43.2892438Z (node:2030) [DEP0040] DeprecationWarning: The `punycode` module is deprecated. Please use a userland alternative instead.
2026-09-29T22:49:43.2894252Z (Use `node --trace-deprecation ...` to show where the warning was created)
2026-09-29T22:49:43.2895685Z Successfully set up CPython (3.12.14)
2026-09-29T22:49:43.2897176Z ##[endgroup]
2026-09-29T22:49:43.3059183Z ##[group]Run sudo apt-get update
2026-09-29T22:49:43.3060263Z sudo apt-get update
2026-09-29T22:49:43.3061459Z sudo apt-get install -y clang llvm cmake
2026-09-29T22:49:43.3313859Z shell: /usr/bin/bash -e {0}
2026-09-29T22:49:43.3314576Z env:
2026-09-29T22:49:43.3315064Z   ARCHFLAGS: 
2026-09-29T22:49:43.3315712Z   pythonLocation: /opt/hostedtoolcache/Python/3.12.14/x64
2026-09-29T22:49:43.3316723Z   PKG_CONFIG_PATH: /opt/hostedtoolcache/Python/3.12.14/x64/lib/pkgconfig
2026-09-29T22:49:43.3317731Z   Python_ROOT_DIR: /opt/hostedtoolcache/Python/3.12.14/x64
2026-09-29T22:49:43.3318666Z   Python2_ROOT_DIR: /opt/hostedtoolcache/Python/3.12.14/x64
2026-09-29T22:49:43.3319578Z   Python3_ROOT_DIR: /opt/hostedtoolcache/Python/3.12.14/x64
2026-09-29T22:49:43.3320509Z   LD_LIBRARY_PATH: /opt/hostedtoolcache/Python/3.12.14/x64/lib
2026-09-29T22:49:43.3321292Z ##[endgroup]
2026-09-29T22:49:43.3913888Z Get:1 file:/etc/apt/apt-mirrors.txt Mirrorlist [144 B]
2026-09-29T22:49:43.4350614Z Get:6 https://packages.microsoft.com/ubuntu/24.04/prod noble InRelease [3600 B]
2026-09-29T22:49:43.4492910Z Hit:2 http://azure.archive.ubuntu.com/ubuntu noble InRelease
2026-09-29T22:49:43.4537673Z Get:3 http://azure.archive.ubuntu.com/ubuntu noble-updates InRelease [126 kB]
2026-09-29T22:49:43.4595482Z Get:4 http://azure.archive.ubuntu.com/ubuntu noble-backports InRelease [126 kB]
2026-09-29T22:49:43.4614795Z Get:5 http://azure.archive.ubuntu.com/ubuntu noble-security InRelease [126 kB]
2026-09-29T22:49:43.4915887Z Get:7 https://packages.microsoft.com/ubuntu/24.04/prod noble/main arm64 Packages [454 kB]
2026-09-29T22:49:43.5199133Z Get:8 https://packages.microsoft.com/ubuntu/24.04/prod noble/main amd64 Packages [503 kB]
2026-09-29T22:49:43.5557328Z Get:9 http://azure.archive.ubuntu.com/ubuntu noble-updates/main amd64 Packages [1318 kB]
2026-09-29T22:49:43.5617228Z Get:10 http://azure.archive.ubuntu.com/ubuntu noble-updates/main Translation-en [299 kB]
2026-09-29T22:49:43.5630089Z Get:11 http://azure.archive.ubuntu.com/ubuntu noble-updates/main amd64 Components [181 kB]
2026-09-29T22:49:43.5646409Z Get:12 http://azure.archive.ubuntu.com/ubuntu noble-updates/universe amd64 Packages [1698 kB]
2026-09-29T22:49:43.5706760Z Get:13 http://azure.archive.ubuntu.com/ubuntu noble-updates/universe Translation-en [340 kB]
2026-09-29T22:49:43.5726706Z Get:14 http://azure.archive.ubuntu.com/ubuntu noble-updates/universe amd64 Components [388 kB]
2026-09-29T22:49:43.5755091Z Get:15 http://azure.archive.ubuntu.com/ubuntu noble-updates/restricted amd64 Packages [1654 kB]
2026-09-29T22:49:43.5817772Z Get:16 http://azure.archive.ubuntu.com/ubuntu noble-updates/restricted Translation-en [377 kB]
2026-09-29T22:49:43.5823606Z Get:17 http://azure.archive.ubuntu.com/ubuntu noble-updates/multiverse amd64 Components [940 B]
2026-09-29T22:49:43.5959918Z Get:18 http://azure.archive.ubuntu.com/ubuntu noble-backports/main amd64 Packages [40.6 kB]
2026-09-29T22:49:43.6410071Z Get:19 http://azure.archive.ubuntu.com/ubuntu noble-backports/main amd64 Components [5788 B]
2026-09-29T22:49:43.6416314Z Get:20 http://azure.archive.ubuntu.com/ubuntu noble-backports/universe amd64 Packages [31.0 kB]
2026-09-29T22:49:43.6424311Z Get:21 http://azure.archive.ubuntu.com/ubuntu noble-backports/universe Translation-en [18.6 kB]
2026-09-29T22:49:43.6431700Z Get:22 http://azure.archive.ubuntu.com/ubuntu noble-backports/universe amd64 Components [12.6 kB]
2026-09-29T22:49:43.6440012Z Get:23 http://azure.archive.ubuntu.com/ubuntu noble-security/main amd64 Packages [1063 kB]
2026-09-29T22:49:43.6479189Z Get:24 http://azure.archive.ubuntu.com/ubuntu noble-security/main Translation-en [220 kB]
2026-09-29T22:49:43.6492859Z Get:25 http://azure.archive.ubuntu.com/ubuntu noble-security/main amd64 Components [46.3 kB]
2026-09-29T22:49:43.6502333Z Get:26 http://azure.archive.ubuntu.com/ubuntu noble-security/universe amd64 Packages [1216 kB]
2026-09-29T22:49:43.6546841Z Get:27 http://azure.archive.ubuntu.com/ubuntu noble-security/universe Translation-en [244 kB]
2026-09-29T22:49:43.6559743Z Get:28 http://azure.archive.ubuntu.com/ubuntu noble-security/universe amd64 Components [76.3 kB]
2026-09-29T22:49:43.6570125Z Get:29 http://azure.archive.ubuntu.com/ubuntu noble-security/restricted amd64 Packages [1559 kB]
2026-09-29T22:49:43.6620530Z Get:30 http://azure.archive.ubuntu.com/ubuntu noble-security/restricted Translation-en [359 kB]
2026-09-29T22:49:49.1615518Z Fetched 12.5 MB in 1s (12.8 MB/s)
2026-09-29T22:49:49.6781742Z Reading package lists...
2026-09-29T22:49:49.7029141Z Reading package lists...
2026-09-29T22:49:49.8632226Z Building dependency tree...
2026-09-29T22:49:49.8636764Z Reading state information...
2026-09-29T22:49:49.9686800Z The following additional packages will be installed:
2026-09-29T22:49:49.9688781Z   cmake-data libjsoncpp25 librhash0 llvm-runtime
2026-09-29T22:49:49.9692547Z Suggested packages:
2026-09-29T22:49:49.9692903Z   cmake-doc cmake-format elpa-cmake-mode ninja-build
2026-09-29T22:49:49.9841775Z The following NEW packages will be installed:
2026-09-29T22:49:49.9844876Z   clang cmake cmake-data libjsoncpp25 librhash0 llvm llvm-runtime
2026-09-29T22:49:49.9974034Z 0 upgraded, 7 newly installed, 0 to remove and 42 not upgraded.
2026-09-29T22:49:49.9974477Z Need to get 13.6 MB of archives.
2026-09-29T22:49:49.9974865Z After this operation, 49.2 MB of additional disk space will be used.
2026-09-29T22:49:49.9975430Z Get:1 file:/etc/apt/apt-mirrors.txt Mirrorlist [144 B]
2026-09-29T22:49:50.0664033Z Get:2 http://azure.archive.ubuntu.com/ubuntu noble/universe amd64 clang amd64 1:18.0-59~exp2 [5846 B]
2026-09-29T22:49:50.0941015Z Get:3 http://azure.archive.ubuntu.com/ubuntu noble/main amd64 libjsoncpp25 amd64 1.9.5-6build1 [82.8 kB]
2026-09-29T22:49:50.1227591Z Get:4 http://azure.archive.ubuntu.com/ubuntu noble/main amd64 librhash0 amd64 1.4.3-3build1 [129 kB]
2026-09-29T22:49:50.1510171Z Get:5 http://azure.archive.ubuntu.com/ubuntu noble/main amd64 cmake-data all 3.28.3-1build7 [2155 kB]
2026-09-29T22:49:50.1866530Z Get:6 http://azure.archive.ubuntu.com/ubuntu noble/main amd64 cmake amd64 3.28.3-1build7 [11.2 MB]
2026-09-29T22:49:50.3068699Z Get:7 http://azure.archive.ubuntu.com/ubuntu noble/universe amd64 llvm-runtime amd64 1:18.0-59~exp2 [5496 B]
2026-09-29T22:49:50.3343181Z Get:8 http://azure.archive.ubuntu.com/ubuntu noble/universe amd64 llvm amd64 1:18.0-59~exp2 [4146 B]
2026-09-29T22:49:50.5073553Z Fetched 13.6 MB in 0s (39.4 MB/s)
2026-09-29T22:49:50.5224006Z Selecting previously unselected package clang.
2026-09-29T22:49:50.5423842Z (Reading database ... 
2026-09-29T22:49:50.5424093Z (Reading database ... 5%
2026-09-29T22:49:50.5424566Z (Reading database ... 10%
2026-09-29T22:49:50.5424709Z (Reading database ... 15%
2026-09-29T22:49:50.5424843Z (Reading database ... 20%
2026-09-29T22:49:50.5425083Z (Reading database ... 25%
2026-09-29T22:49:50.5425235Z (Reading database ... 30%
2026-09-29T22:49:50.5425433Z (Reading database ... 35%
2026-09-29T22:49:50.5425622Z (Reading database ... 40%
2026-09-29T22:49:50.5425815Z (Reading database ... 45%
2026-09-29T22:49:50.5425953Z (Reading database ... 50%
2026-09-29T22:49:50.5462479Z (Reading database ... 55%
2026-09-29T22:49:50.5987570Z (Reading database ... 60%
2026-09-29T22:49:50.7436038Z (Reading database ... 65%
2026-09-29T22:49:50.9462834Z (Reading database ... 70%
2026-09-29T22:49:51.0941062Z (Reading database ... 75%
2026-09-29T22:49:51.2197145Z (Reading database ... 80%
2026-09-29T22:49:51.3125527Z (Reading database ... 85%
2026-09-29T22:49:51.4020402Z (Reading database ... 90%
2026-09-29T22:49:51.5103637Z (Reading database ... 95%
2026-09-29T22:49:51.5103920Z (Reading database ... 100%
2026-09-29T22:49:51.5104149Z (Reading database ... 202190 files and directories currently installed.)
2026-09-29T22:49:51.5139744Z Preparing to unpack .../0-clang_1%3a18.0-59~exp2_amd64.deb ...
2026-09-29T22:49:51.5160111Z Unpacking clang (1:18.0-59~exp2) ...
2026-09-29T22:49:51.5386191Z Selecting previously unselected package libjsoncpp25:amd64.
2026-09-29T22:49:51.5477280Z Preparing to unpack .../1-libjsoncpp25_1.9.5-6build1_amd64.deb ...
2026-09-29T22:49:51.5492935Z Unpacking libjsoncpp25:amd64 (1.9.5-6build1) ...
2026-09-29T22:49:51.5663130Z Selecting previously unselected package librhash0:amd64.
2026-09-29T22:49:51.5759604Z Preparing to unpack .../2-librhash0_1.4.3-3build1_amd64.deb ...
2026-09-29T22:49:51.5766897Z Unpacking librhash0:amd64 (1.4.3-3build1) ...
2026-09-29T22:49:51.5952415Z Selecting previously unselected package cmake-data.
2026-09-29T22:49:51.6042845Z Preparing to unpack .../3-cmake-data_3.28.3-1build7_all.deb ...
2026-09-29T22:49:51.6093594Z Unpacking cmake-data (3.28.3-1build7) ...
2026-09-29T22:49:51.9441224Z Selecting previously unselected package cmake.
2026-09-29T22:49:51.9547158Z Preparing to unpack .../4-cmake_3.28.3-1build7_amd64.deb ...
2026-09-29T22:49:51.9555091Z Unpacking cmake (3.28.3-1build7) ...
2026-09-29T22:49:52.1753374Z Selecting previously unselected package llvm-runtime:amd64.
2026-09-29T22:49:52.1846419Z Preparing to unpack .../5-llvm-runtime_1%3a18.0-59~exp2_amd64.deb ...
2026-09-29T22:49:52.1852519Z Unpacking llvm-runtime:amd64 (1:18.0-59~exp2) ...
2026-09-29T22:49:52.2010976Z Selecting previously unselected package llvm.
2026-09-29T22:49:52.2123066Z Preparing to unpack .../6-llvm_1%3a18.0-59~exp2_amd64.deb ...
2026-09-29T22:49:52.2149667Z Unpacking llvm (1:18.0-59~exp2) ...
2026-09-29T22:49:52.2531613Z Setting up clang (1:18.0-59~exp2) ...
2026-09-29T22:49:52.2696476Z Setting up llvm-runtime:amd64 (1:18.0-59~exp2) ...
2026-09-29T22:49:52.2712021Z Setting up libjsoncpp25:amd64 (1.9.5-6build1) ...
2026-09-29T22:49:52.2728897Z Setting up llvm (1:18.0-59~exp2) ...
2026-09-29T22:49:52.2749019Z Setting up librhash0:amd64 (1.4.3-3build1) ...
2026-09-29T22:49:52.2769194Z Setting up cmake-data (3.28.3-1build7) ...
2026-09-29T22:49:52.2819792Z Setting up cmake (3.28.3-1build7) ...
2026-09-29T22:49:52.2839328Z Processing triggers for man-db (2.12.0-4build2) ...
2026-09-29T22:49:52.2857000Z Not building database; man-db/auto-update is not 'true'.
2026-09-29T22:49:52.2865827Z Processing triggers for libc-bin (2.39-0ubuntu8.9) ...
2026-09-29T22:49:52.8917605Z 
2026-09-29T22:49:52.8918124Z Running kernel seems to be up-to-date.
2026-09-29T22:49:52.8918339Z 
2026-09-29T22:49:52.8918433Z No services need to be restarted.
2026-09-29T22:49:52.8918580Z 
2026-09-29T22:49:52.8918663Z No containers need to be restarted.
2026-09-29T22:49:52.8918811Z 
2026-09-29T22:49:52.8918909Z No user sessions are running outdated binaries.
2026-09-29T22:49:52.8919076Z 
2026-09-29T22:49:52.8919225Z No VM guests are running outdated hypervisor (qemu) binaries on this host.
2026-09-29T22:49:53.5496916Z ##[group]Run make install-bench
2026-09-29T22:49:53.5497099Z make install-bench
2026-09-29T22:49:53.5554053Z shell: /usr/bin/bash -e {0}
2026-09-29T22:49:53.5554193Z env:
2026-09-29T22:49:53.5554295Z   ARCHFLAGS: 
2026-09-29T22:49:53.5554443Z   pythonLocation: /opt/hostedtoolcache/Python/3.12.14/x64
2026-09-29T22:49:53.5554673Z   PKG_CONFIG_PATH: /opt/hostedtoolcache/Python/3.12.14/x64/lib/pkgconfig
2026-09-29T22:49:53.5554897Z   Python_ROOT_DIR: /opt/hostedtoolcache/Python/3.12.14/x64
2026-09-29T22:49:53.5555097Z   Python2_ROOT_DIR: /opt/hostedtoolcache/Python/3.12.14/x64
2026-09-29T22:49:53.5555295Z   Python3_ROOT_DIR: /opt/hostedtoolcache/Python/3.12.14/x64
2026-09-29T22:49:53.5555496Z   LD_LIBRARY_PATH: /opt/hostedtoolcache/Python/3.12.14/x64/lib
2026-09-29T22:49:53.5555688Z   CC: clang
2026-09-29T22:49:53.5555786Z   CXX: clang++
2026-09-29T22:49:53.5555889Z ##[endgroup]
2026-09-29T22:49:53.5640295Z python3 -m venv .venv
2026-09-29T22:49:55.3206618Z .venv/bin/python -m pip install -U pip setuptools wheel
2026-09-29T22:49:55.5450290Z Requirement already satisfied: pip in ./.venv/lib/python3.12/site-packages (25.0.1)
2026-09-29T22:49:55.6420822Z Collecting pip
2026-09-29T22:49:55.7070138Z   Downloading pip-26.2.1-py3-none-any.whl.metadata (4.6 kB)
2026-09-29T22:49:55.8007317Z Collecting setuptools
2026-09-29T22:49:55.8157879Z   Downloading setuptools-84.0.0-py3-none-any.whl.metadata (6.6 kB)
2026-09-29T22:49:55.8424580Z Collecting wheel
2026-09-29T22:49:55.8571047Z   Downloading wheel-0.48.0-py3-none-any.whl.metadata (2.3 kB)
2026-09-29T22:49:55.8779386Z Collecting packaging>=24.0 (from wheel)
2026-09-29T22:49:55.8928476Z   Downloading packaging-26.3-py3-none-any.whl.metadata (3.5 kB)
2026-09-29T22:49:55.9104334Z Downloading pip-26.2.1-py3-none-any.whl (1.8 MB)
2026-09-29T22:49:56.0105672Z    ━━━━━━━━━━━━━━━━━━━━━━━━━━━━━━━━━━━━━━━━ 1.8/1.8 MB 26.6 MB/s eta 0:00:00
2026-09-29T22:49:56.0255898Z Downloading setuptools-84.0.0-py3-none-any.whl (818 kB)
2026-09-29T22:49:56.0326905Z    ━━━━━━━━━━━━━━━━━━━━━━━━━━━━━━━━━━━━━━━ 818.2/818.2 kB 110.6 MB/s eta 0:00:00
2026-09-29T22:49:56.0476109Z Downloading wheel-0.48.0-py3-none-any.whl (33 kB)
2026-09-29T22:49:56.0637085Z Downloading packaging-26.3-py3-none-any.whl (129 kB)
2026-09-29T22:49:56.0799599Z Installing collected packages: setuptools, pip, packaging, wheel
2026-09-29T22:49:56.3609017Z   Attempting uninstall: pip
2026-09-29T22:49:56.3622939Z     Found existing installation: pip 25.0.1
2026-09-29T22:49:56.3825213Z     Uninstalling pip-25.0.1:
2026-09-29T22:49:56.3860832Z       Successfully uninstalled pip-25.0.1
2026-09-29T22:49:56.9757075Z Successfully installed packaging-26.3 pip-26.2.1 setuptools-84.0.0 wheel-0.48.0
2026-09-29T22:49:57.1096231Z .venv/bin/python -m pip install -e '.[dev,bench]'
2026-09-29T22:49:57.2988170Z Obtaining file:///home/runner/work/strata/strata
2026-09-29T22:49:57.3000994Z   Installing build dependencies: started
2026-09-29T22:49:58.9902127Z   Installing build dependencies: finished with status 'done'
2026-09-29T22:49:58.9907055Z   Checking if build backend supports build_editable: started
2026-09-29T22:49:59.1935816Z   Checking if build backend supports build_editable: finished with status 'done'
2026-09-29T22:49:59.1941598Z   Getting requirements to build editable: started
2026-09-29T22:49:59.4318156Z   Getting requirements to build editable: finished with status 'done'
2026-09-29T22:49:59.4325094Z   Preparing editable metadata (pyproject.toml): started
2026-09-29T22:49:59.5788517Z   Preparing editable metadata (pyproject.toml): finished with status 'done'
2026-09-29T22:49:59.6317882Z Collecting cmake>=3.20 (from strata==2026.8.10)
2026-09-29T22:49:59.6329569Z   Using cached cmake-4.4.3-py3-none-manylinux2014_x86_64.manylinux_2_17_x86_64.whl.metadata (7.0 kB)
2026-09-29T22:49:59.6429732Z Collecting pytest>=7 (from strata==2026.8.10)
2026-09-29T22:49:59.6437834Z   Using cached pytest-9.1.1-py3-none-any.whl.metadata (7.6 kB)
2026-09-29T22:49:59.7198744Z Collecting pytest-cov>=4 (from strata==2026.8.10)
2026-09-29T22:49:59.7967295Z   Downloading pytest_cov-7.1.0-py3-none-any.whl.metadata (32 kB)
2026-09-29T22:50:00.0570622Z Collecting ruff>=0.5 (from strata==2026.8.10)
2026-09-29T22:50:00.0726758Z   Downloading ruff-0.16.9-py3-none-manylinux_2_17_x86_64.manylinux2014_x86_64.whl.metadata (20 kB)
2026-09-29T22:50:00.1021470Z Collecting pre-commit>=3.5 (from strata==2026.8.10)
2026-09-29T22:50:00.1175023Z   Downloading pre_commit-4.6.2-py2.py3-none-any.whl.metadata (1.2 kB)
2026-09-29T22:50:00.1671307Z Collecting clang-format<22,>=21 (from strata==2026.8.10)
2026-09-29T22:50:00.1843342Z   Downloading clang_format-21.1.8-py2.py3-none-manylinux_2_27_x86_64.manylinux_2_28_x86_64.whl.metadata (4.7 kB)
2026-09-29T22:50:00.3228449Z Collecting orjson (from strata==2026.8.10)
2026-09-29T22:50:00.3384653Z   Downloading orjson-3.12.0-cp312-cp312-manylinux_2_17_x86_64.manylinux2014_x86_64.whl.metadata (41 kB)
2026-09-29T22:50:00.4041996Z Collecting msgspec (from strata==2026.8.10)
2026-09-29T22:50:00.4197792Z   Downloading msgspec-0.22.0-cp312-cp312-manylinux2014_x86_64.manylinux_2_17_x86_64.manylinux_2_28_x86_64.whl.metadata (6.0 kB)
2026-09-29T22:50:00.4689939Z Collecting ujson (from strata==2026.8.10)
2026-09-29T22:50:00.4850811Z   Downloading ujson-6.0.0-cp312-cp312-manylinux_2_24_x86_64.manylinux_2_28_x86_64.whl.metadata (10.0 kB)
2026-09-29T22:50:00.5231788Z Collecting pysimdjson (from strata==2026.8.10)
2026-09-29T22:50:00.5394390Z   Downloading pysimdjson-7.0.2-cp312-cp312-manylinux_2_17_x86_64.manylinux2014_x86_64.whl.metadata (1.1 kB)
2026-09-29T22:50:00.5707165Z Collecting jmespath (from strata==2026.8.10)
2026-09-29T22:50:00.5861469Z   Downloading jmespath-1.1.0-py3-none-any.whl.metadata (7.6 kB)
2026-09-29T22:50:00.6195886Z Collecting jsonpath-ng (from strata==2026.8.10)
2026-09-29T22:50:00.6350185Z   Downloading jsonpath_ng-1.8.0-py3-none-any.whl.metadata (18 kB)
2026-09-29T22:50:00.6831894Z Collecting psutil>=5 (from strata==2026.8.10)
2026-09-29T22:50:00.6986254Z   Downloading psutil-7.2.2-cp36-abi3-manylinux2010_x86_64.manylinux_2_12_x86_64.manylinux_2_28_x86_64.whl.metadata (22 kB)
2026-09-29T22:50:00.7425751Z Collecting cfgv>=2.0.0 (from pre-commit>=3.5->strata==2026.8.10)
2026-09-29T22:50:00.7578963Z   Downloading cfgv-3.5.0-py2.py3-none-any.whl.metadata (8.9 kB)
2026-09-29T22:50:00.8027902Z Collecting identify>=1.0.0 (from pre-commit>=3.5->strata==2026.8.10)
2026-09-29T22:50:00.8186499Z   Downloading identify-2.6.20-py2.py3-none-any.whl.metadata (4.4 kB)
2026-09-29T22:50:00.8407949Z Collecting nodeenv>=0.11.1 (from pre-commit>=3.5->strata==2026.8.10)
2026-09-29T22:50:00.8561329Z   Downloading nodeenv-1.11.0-py2.py3-none-any.whl.metadata (40 kB)
2026-09-29T22:50:00.9021636Z Collecting pyyaml>=5.1 (from pre-commit>=3.5->strata==2026.8.10)
2026-09-29T22:50:00.9173649Z   Downloading pyyaml-6.0.3-cp312-cp312-manylinux2014_x86_64.manylinux_2_17_x86_64.manylinux_2_28_x86_64.whl.metadata (2.4 kB)
2026-09-29T22:50:00.9504003Z Collecting virtualenv>=20.10.0 (from pre-commit>=3.5->strata==2026.8.10)
2026-09-29T22:50:00.9656961Z   Downloading virtualenv-21.14.0-py3-none-any.whl.metadata (4.1 kB)
2026-09-29T22:50:00.9712655Z Collecting iniconfig>=1.0.1 (from pytest>=7->strata==2026.8.10)
2026-09-29T22:50:00.9720632Z   Using cached iniconfig-2.3.0-py3-none-any.whl.metadata (2.5 kB)
2026-09-29T22:50:00.9730996Z Requirement already satisfied: packaging>=22 in ./.venv/lib/python3.12/site-packages (from pytest>=7->strata==2026.8.10) (26.3)
2026-09-29T22:50:00.9756631Z Collecting pluggy<2,>=1.5 (from pytest>=7->strata==2026.8.10)
2026-09-29T22:50:00.9763846Z   Using cached pluggy-1.6.0-py3-none-any.whl.metadata (4.8 kB)
2026-09-29T22:50:00.9821844Z Collecting pygments>=2.7.2 (from pytest>=7->strata==2026.8.10)
2026-09-29T22:50:00.9829330Z   Using cached pygments-2.21.0-py3-none-any.whl.metadata (2.5 kB)
2026-09-29T22:50:01.2271124Z Collecting coverage>=7.10.6 (from coverage[toml]>=7.10.6->pytest-cov>=4->strata==2026.8.10)
2026-09-29T22:50:01.2426760Z   Downloading coverage-7.16.2-cp312-cp312-manylinux1_x86_64.manylinux_2_28_x86_64.manylinux_2_5_x86_64.whl.metadata (8.2 kB)
2026-09-29T22:50:01.2655909Z Collecting distlib<1,>=0.3.7 (from virtualenv>=20.10.0->pre-commit>=3.5->strata==2026.8.10)
2026-09-29T22:50:01.2817969Z   Downloading distlib-0.4.3-py2.py3-none-any.whl.metadata (5.3 kB)
2026-09-29T22:50:01.3065050Z Collecting filelock<5,>=3.24.2 (from virtualenv>=20.10.0->pre-commit>=3.5->strata==2026.8.10)
2026-09-29T22:50:01.3214480Z   Downloading filelock-4.0.6-py3-none-any.whl.metadata (2.0 kB)
2026-09-29T22:50:01.3453120Z Collecting platformdirs<5,>=3.9.1 (from virtualenv>=20.10.0->pre-commit>=3.5->strata==2026.8.10)
2026-09-29T22:50:01.3607189Z   Downloading platformdirs-4.12.2-py3-none-any.whl.metadata (5.5 kB)
2026-09-29T22:50:01.3808214Z Collecting python-discovery>=1.6 (from virtualenv>=20.10.0->pre-commit>=3.5->strata==2026.8.10)
2026-09-29T22:50:01.3958815Z   Downloading python_discovery-1.6.1-py3-none-any.whl.metadata (5.1 kB)
2026-09-29T22:50:01.4183086Z Downloading clang_format-21.1.8-py2.py3-none-manylinux_2_27_x86_64.manylinux_2_28_x86_64.whl (1.8 MB)
2026-09-29T22:50:01.4954644Z    ━━━━━━━━━━━━━━━━━━━━━━━━━━━━━━━━━━━━━━━━ 1.8/1.8 MB 31.3 MB/s  0:00:00
2026-09-29T22:50:01.4964020Z Using cached cmake-4.4.3-py3-none-manylinux2014_x86_64.manylinux_2_17_x86_64.whl (30.2 MB)
2026-09-29T22:50:01.5194315Z Downloading pre_commit-4.6.2-py2.py3-none-any.whl (226 kB)
2026-09-29T22:50:01.5372669Z Downloading cfgv-3.5.0-py2.py3-none-any.whl (7.4 kB)
2026-09-29T22:50:01.5540514Z Downloading identify-2.6.20-py2.py3-none-any.whl (99 kB)
2026-09-29T22:50:01.5706868Z Downloading nodeenv-1.11.0-py2.py3-none-any.whl (34 kB)
2026-09-29T22:50:01.5871675Z Downloading psutil-7.2.2-cp36-abi3-manylinux2010_x86_64.manylinux_2_12_x86_64.manylinux_2_28_x86_64.whl (155 kB)
2026-09-29T22:50:01.5895236Z Using cached pytest-9.1.1-py3-none-any.whl (386 kB)
2026-09-29T22:50:01.5902971Z Using cached pluggy-1.6.0-py3-none-any.whl (20 kB)
2026-09-29T22:50:01.5909746Z Using cached iniconfig-2.3.0-py3-none-any.whl (7.5 kB)
2026-09-29T22:50:01.5916392Z Using cached pygments-2.21.0-py3-none-any.whl (1.3 MB)
2026-09-29T22:50:01.6073341Z Downloading pytest_cov-7.1.0-py3-none-any.whl (22 kB)
2026-09-29T22:50:01.6239639Z Downloading coverage-7.16.2-cp312-cp312-manylinux1_x86_64.manylinux_2_28_x86_64.manylinux_2_5_x86_64.whl (258 kB)
2026-09-29T22:50:01.6426073Z Downloading pyyaml-6.0.3-cp312-cp312-manylinux2014_x86_64.manylinux_2_17_x86_64.manylinux_2_28_x86_64.whl (807 kB)
2026-09-29T22:50:01.6487709Z    ━━━━━━━━━━━━━━━━━━━━━━━━━━━━━━━━━━━━━━━━ 807.9/807.9 kB 125.8 MB/s  0:00:00
2026-09-29T22:50:01.6640842Z Downloading ruff-0.16.9-py3-none-manylinux_2_17_x86_64.manylinux2014_x86_64.whl (10.4 MB)
2026-09-29T22:50:01.7809075Z    ━━━━━━━━━━━━━━━━━━━━━━━━━━━━━━━━━━━━━━━━ 10.4/10.4 MB 88.0 MB/s  0:00:00
2026-09-29T22:50:01.7964374Z Downloading virtualenv-21.14.0-py3-none-any.whl (5.5 MB)
2026-09-29T22:50:01.8365497Z    ━━━━━━━━━━━━━━━━━━━━━━━━━━━━━━━━━━━━━━━━ 5.5/5.5 MB 138.5 MB/s  0:00:00
2026-09-29T22:50:01.8534517Z Downloading distlib-0.4.3-py2.py3-none-any.whl (470 kB)
2026-09-29T22:50:01.8712229Z Downloading filelock-4.0.6-py3-none-any.whl (109 kB)
2026-09-29T22:50:01.8886440Z Downloading platformdirs-4.12.2-py3-none-any.whl (32 kB)
2026-09-29T22:50:01.9051730Z Downloading python_discovery-1.6.1-py3-none-any.whl (38 kB)
2026-09-29T22:50:01.9216610Z Downloading jmespath-1.1.0-py3-none-any.whl (20 kB)
2026-09-29T22:50:01.9386226Z Downloading jsonpath_ng-1.8.0-py3-none-any.whl (67 kB)
2026-09-29T22:50:01.9572797Z Downloading msgspec-0.22.0-cp312-cp312-manylinux2014_x86_64.manylinux_2_17_x86_64.manylinux_2_28_x86_64.whl (230 kB)
2026-09-29T22:50:01.9741379Z Downloading orjson-3.12.0-cp312-cp312-manylinux_2_17_x86_64.manylinux2014_x86_64.whl (131 kB)
2026-09-29T22:50:01.9916613Z Downloading pysimdjson-7.0.2-cp312-cp312-manylinux_2_17_x86_64.manylinux2014_x86_64.whl (3.2 MB)
2026-09-29T22:50:02.0207298Z    ━━━━━━━━━━━━━━━━━━━━━━━━━━━━━━━━━━━━━━━━ 3.2/3.2 MB 113.3 MB/s  0:00:00
2026-09-29T22:50:02.0362562Z Downloading ujson-6.0.0-cp312-cp312-manylinux_2_24_x86_64.manylinux_2_28_x86_64.whl (56 kB)
2026-09-29T22:50:02.1137194Z Building wheels for collected packages: strata
2026-09-29T22:50:02.1143053Z   Building editable for strata (pyproject.toml): started
2026-09-29T22:51:02.3698251Z   Building editable for strata (pyproject.toml): still running...
2026-09-29T22:51:54.5384082Z   Building editable for strata (pyproject.toml): finished with status 'done'
2026-09-29T22:51:54.5390243Z   Created wheel for strata: filename=strata-2026.8.10-0.editable-cp312-cp312-linux_x86_64.whl size=4445 sha256=390490ea9e4751537b6bf3fcbddb9cfce2708276bc612f59c07d706729674922
2026-09-29T22:51:54.5392705Z   Stored in directory: /tmp/pip-ephem-wheel-cache-7hjkbxlt/wheels/ab/73/9c/71109b0f5a731622820d2f6d25f1f3cfd677e39fdd3b3110b6
2026-09-29T22:51:54.5404931Z Successfully built strata
2026-09-29T22:51:54.5859996Z Installing collected packages: jsonpath-ng, distlib, clang-format, ujson, strata, ruff, pyyaml, pysimdjson, pygments, psutil, pluggy, platformdirs, orjson, nodeenv, msgspec, jmespath, iniconfig, identify, filelock, coverage, cmake, cfgv, python-discovery, pytest, virtualenv, pytest-cov, pre-commit
2026-09-29T22:51:56.3403782Z 
2026-09-29T22:51:56.3420977Z Successfully installed cfgv-3.5.0 clang-format-21.1.8 cmake-4.4.3 coverage-7.16.2 distlib-0.4.3 filelock-4.0.6 identify-2.6.20 iniconfig-2.3.0 jmespath-1.1.0 jsonpath-ng-1.8.0 msgspec-0.22.0 nodeenv-1.11.0 orjson-3.12.0 platformdirs-4.12.2 pluggy-1.6.0 pre-commit-4.6.2 psutil-7.2.2 pygments-2.21.0 pysimdjson-7.0.2 pytest-9.1.1 pytest-cov-7.1.0 python-discovery-1.6.1 pyyaml-6.0.3 ruff-0.16.9 strata-2026.8.10 ujson-6.0.0 virtualenv-21.14.0
2026-09-29T22:51:57.1043715Z ##[group]Run make pgo
2026-09-29T22:51:57.1043892Z make pgo
2026-09-29T22:51:57.1100701Z shell: /usr/bin/bash -e {0}
2026-09-29T22:51:57.1100846Z env:
2026-09-29T22:51:57.1100954Z   ARCHFLAGS: 
2026-09-29T22:51:57.1101111Z   pythonLocation: /opt/hostedtoolcache/Python/3.12.14/x64
2026-09-29T22:51:57.1101349Z   PKG_CONFIG_PATH: /opt/hostedtoolcache/Python/3.12.14/x64/lib/pkgconfig
2026-09-29T22:51:57.1101604Z   Python_ROOT_DIR: /opt/hostedtoolcache/Python/3.12.14/x64
2026-09-29T22:51:57.1101813Z   Python2_ROOT_DIR: /opt/hostedtoolcache/Python/3.12.14/x64
2026-09-29T22:51:57.1102023Z   Python3_ROOT_DIR: /opt/hostedtoolcache/Python/3.12.14/x64
2026-09-29T22:51:57.1102232Z   LD_LIBRARY_PATH: /opt/hostedtoolcache/Python/3.12.14/x64/lib
2026-09-29T22:51:57.1102414Z   PYTHON: python
2026-09-29T22:51:57.1102523Z   CC: clang
2026-09-29T22:51:57.1102625Z   CXX: clang++
2026-09-29T22:51:57.1102734Z ##[endgroup]
2026-09-29T22:51:57.1364965Z ==> PGO: compiler is clang
2026-09-29T22:51:57.1384326Z ==> PGO phase 1: instrumented build
2026-09-29T22:51:57.3407457Z Obtaining file:///home/runner/work/strata/strata
2026-09-29T22:51:57.3420476Z   Installing build dependencies: started
2026-09-29T22:51:58.3867549Z   Installing build dependencies: finished with status 'done'
2026-09-29T22:51:58.3872378Z   Checking if build backend supports build_editable: started
2026-09-29T22:51:58.5739285Z   Checking if build backend supports build_editable: finished with status 'done'
2026-09-29T22:51:58.5744798Z   Getting requirements to build editable: started
2026-09-29T22:51:58.8196929Z   Getting requirements to build editable: finished with status 'done'
2026-09-29T22:51:58.8203661Z   Preparing editable metadata (pyproject.toml): started
2026-09-29T22:51:58.9717025Z   Preparing editable metadata (pyproject.toml): finished with status 'done'
2026-09-29T22:51:58.9751900Z Building wheels for collected packages: strata
2026-09-29T22:51:58.9758076Z   Building editable for strata (pyproject.toml): started
2026-09-29T22:52:32.6545770Z   Building editable for strata (pyproject.toml): finished with status 'done'
2026-09-29T22:52:32.6551762Z   Created wheel for strata: filename=strata-2026.8.10-0.editable-cp312-cp312-linux_x86_64.whl size=4445 sha256=0992b0eb15a96079db10af78eb0eb6463a4488f81b234de0392a7574718c76e9
2026-09-29T22:52:32.6552702Z   Stored in directory: /tmp/pip-ephem-wheel-cache-cfxbd1vf/wheels/ab/73/9c/71109b0f5a731622820d2f6d25f1f3cfd677e39fdd3b3110b6
2026-09-29T22:52:32.6571833Z Successfully built strata
2026-09-29T22:52:32.6646600Z Installing collected packages: strata
2026-09-29T22:52:32.6647361Z   Attempting uninstall: strata
2026-09-29T22:52:32.6660466Z     Found existing installation: strata 2026.8.10
2026-09-29T22:52:32.6672070Z     Uninstalling strata-2026.8.10:
2026-09-29T22:52:32.6855648Z       Successfully uninstalled strata-2026.8.10
2026-09-29T22:52:32.6922389Z Successfully installed strata-2026.8.10
2026-09-29T22:52:33.3557511Z ==> PGO: the hook image must carry no profile
2026-09-29T22:52:33.3915258Z + strata._dumps_hook is unprofiled: _dumps_hook.cpython-312-x86_64-linux-gnu.so.build.json records no profile or profile flag,
2026-09-29T22:52:33.3915600Z   and the image links no profile runtime
2026-09-29T22:52:33.3957172Z ==> PGO: generating training data
2026-09-29T22:52:33.6739957Z   build/pgo/train.json (10.0 MB)
2026-09-29T22:52:33.6740271Z   build/pgo/train.ndjson (10.0 MB)
2026-09-29T22:52:33.6790383Z ==> PGO: running the training workload
2026-09-29T22:52:33.8671550Z PGO training workload
2026-09-29T22:52:33.8671855Z   corpus: 4001 records, 10.0 MB
2026-09-29T22:52:33.8672065Z [1/7] loads
2026-09-29T22:52:33.8672238Z   loads(str): 1x in 0.04s
2026-09-29T22:52:33.9275822Z   loads(bytes): 1x in 0.04s
2026-09-29T22:52:33.9585336Z   loads(sample): 5x in 0.01s
2026-09-29T22:52:33.9834690Z   loads(cursor): 5x in 0.01s
2026-09-29T22:52:34.0055096Z   loads(iterator): 3x in 0.00s
2026-09-29T22:52:34.0384919Z [2/7] dumps
2026-09-29T22:52:34.0385146Z   dumps(str): 1x in 0.02s
2026-09-29T22:52:34.0879231Z   dumps(bytes): 3x in 0.02s
2026-09-29T22:52:34.1108600Z   dumps(sample, bytes): 5x in 0.00s
2026-09-29T22:52:34.1325370Z   dumps(sample): 5x in 0.00s
2026-09-29T22:52:34.1521186Z   dumps(parsed sample, bytes): 2x in 0.00s
2026-09-29T22:52:34.2068235Z [3/7] load
2026-09-29T22:52:34.2068474Z   load(json): 1x in 0.04s
2026-09-29T22:52:34.2795442Z   load(ndjson): 1x in 0.04s
2026-09-29T22:52:34.3781571Z   load(ndjson, iterator): 1x in 0.05s
2026-09-29T22:52:34.4111843Z [4/7] dump
2026-09-29T22:52:34.4312272Z   dump(json): 3x in 0.00s
2026-09-29T22:52:34.4312525Z [5/7] query
2026-09-29T22:52:34.4312710Z   query $[0].name: 3x in 0.00s
2026-09-29T22:52:34.4481054Z   query $[*].id: 3x in 0.00s
2026-09-29T22:52:34.4659100Z   query $[*].items[*].sku: 3x in 0.00s
2026-09-29T22:52:34.4845587Z   query $..leaf: 3x in 0.00s
2026-09-29T22:52:34.5040441Z   query $[0:50].score: 3x in 0.00s
2026-09-29T22:52:34.5242048Z   query $[?(@.id > 100)].name: 3x in 0.00s
2026-09-29T22:52:34.5436168Z   query $[?(@.id <= 500)]: 3x in 0.00s
2026-09-29T22:52:34.5653821Z   query $[?(@.name == 'alpha')]: 3x in 0.00s
2026-09-29T22:52:34.5872099Z   query $[?(@.name != 'alpha')].id: 3x in 0.00s
2026-09-29T22:52:34.6109694Z   query $[?(@['id'] >= 0)].name: 3x in 0.00s
2026-09-29T22:52:34.6320841Z   query $[*].nested.child: 3x in 0.00s
2026-09-29T22:52:34.6527871Z   query $[*].tags[0]: 3x in 0.00s
2026-09-29T22:52:34.6716810Z   query $.*: 3x in 0.00s
2026-09-29T22:52:34.6898528Z   query(compiled): 5x in 0.00s
2026-09-29T22:52:34.7164249Z [6/7] search
2026-09-29T22:52:34.7164423Z   search json $[*].id: 1x in 0.01s
2026-09-29T22:52:34.7733098Z   search ndjson $[*].id: 1x in 0.04s
2026-09-29T22:52:34.8390230Z   search json $..leaf: 1x in 0.04s
2026-09-29T22:52:34.9065237Z   search ndjson $..leaf: 1x in 0.04s
2026-09-29T22:52:34.9716547Z   search json $[?(@.id > 100)].name: 1x in 0.04s
2026-09-29T22:52:35.0333943Z   search ndjson $[?(@.id > 100)].name: 1x in 0.04s
2026-09-29T22:52:35.0582414Z [7/7] folder mode
2026-09-29T22:52:35.0582709Z   dump(split_by): 1x in 0.00s
2026-09-29T22:52:35.0797800Z   load(folder): 1x in 0.00s
2026-09-29T22:52:35.0983824Z   search(folder): 1x in 0.00s
2026-09-29T22:52:35.1192712Z PGO training workload complete
2026-09-29T22:52:35.1267218Z ==> PGO: gate tests on the instrumented build
2026-09-29T22:52:35.1489274Z + /home/runner/work/strata/strata/.venv/bin/cmake -S . -B build/cmake -DCMAKE_BUILD_TYPE=Release
2026-09-29T22:52:35.2478251Z -- Configuring done (0.0s)
2026-09-29T22:52:35.2891817Z -- Generating done (0.0s)
2026-09-29T22:52:35.2896193Z -- Build files have been written to: /home/runner/work/strata/strata/build/cmake
2026-09-29T22:52:35.2905890Z + /home/runner/work/strata/strata/.venv/bin/cmake --build build/cmake --config Release
2026-09-29T22:52:35.3866728Z gmake[1]: Entering directory '/home/runner/work/strata/strata/build/cmake'
2026-09-29T22:52:35.3925897Z gmake[2]: Entering directory '/home/runner/work/strata/strata/build/cmake'
2026-09-29T22:52:35.3935693Z gmake[3]: Entering directory '/home/runner/work/strata/strata/build/cmake'
2026-09-29T22:52:35.4022877Z gmake[3]: Leaving directory '/home/runner/work/strata/strata/build/cmake'
2026-09-29T22:52:35.4051608Z gmake[3]: Entering directory '/home/runner/work/strata/strata/build/cmake'
2026-09-29T22:52:35.4072512Z [  0%] Linking CXX executable smoke_tests
2026-09-29T22:52:35.4559304Z gmake[3]: Leaving directory '/home/runner/work/strata/strata/build/cmake'
2026-09-29T22:52:35.4588387Z [  6%] Built target smoke_tests
2026-09-29T22:52:35.4602834Z gmake[3]: Entering directory '/home/runner/work/strata/strata/build/cmake'
2026-09-29T22:52:35.4694824Z gmake[3]: Leaving directory '/home/runner/work/strata/strata/build/cmake'
2026-09-29T22:52:35.4726192Z gmake[3]: Entering directory '/home/runner/work/strata/strata/build/cmake'
2026-09-29T22:52:35.4748843Z [  7%] Linking CXX executable json_core_tests
2026-09-29T22:52:35.5251240Z gmake[3]: Leaving directory '/home/runner/work/strata/strata/build/cmake'
2026-09-29T22:52:35.5282598Z [ 13%] Built target json_core_tests
2026-09-29T22:52:35.5297766Z gmake[3]: Entering directory '/home/runner/work/strata/strata/build/cmake'
2026-09-29T22:52:35.5389185Z gmake[3]: Leaving directory '/home/runner/work/strata/strata/build/cmake'
2026-09-29T22:52:35.5418138Z gmake[3]: Entering directory '/home/runner/work/strata/strata/build/cmake'
2026-09-29T22:52:35.5441268Z [ 13%] Linking CXX executable json_parse_tests
2026-09-29T22:52:35.5971631Z gmake[3]: Leaving directory '/home/runner/work/strata/strata/build/cmake'
2026-09-29T22:52:35.6000339Z [ 19%] Built target json_parse_tests
2026-09-29T22:52:35.6014574Z gmake[3]: Entering directory '/home/runner/work/strata/strata/build/cmake'
2026-09-29T22:52:35.6105861Z gmake[3]: Leaving directory '/home/runner/work/strata/strata/build/cmake'
2026-09-29T22:52:35.6134820Z gmake[3]: Entering directory '/home/runner/work/strata/strata/build/cmake'
2026-09-29T22:52:35.6157618Z [ 20%] Linking CXX executable fast_parse_tests
2026-09-29T22:52:35.6649582Z gmake[3]: Leaving directory '/home/runner/work/strata/strata/build/cmake'
2026-09-29T22:52:35.6678722Z [ 25%] Built target fast_parse_tests
2026-09-29T22:52:35.6692577Z gmake[3]: Entering directory '/home/runner/work/strata/strata/build/cmake'
2026-09-29T22:52:35.6781239Z gmake[3]: Leaving directory '/home/runner/work/strata/strata/build/cmake'
2026-09-29T22:52:35.6809812Z gmake[3]: Entering directory '/home/runner/work/strata/strata/build/cmake'
2026-09-29T22:52:35.6832846Z [ 26%] Linking CXX executable value_cursor_tests
2026-09-29T22:52:35.7318641Z gmake[3]: Leaving directory '/home/runner/work/strata/strata/build/cmake'
2026-09-29T22:52:35.7347884Z [ 32%] Built target value_cursor_tests
2026-09-29T22:52:35.7361780Z gmake[3]: Entering directory '/home/runner/work/strata/strata/build/cmake'
2026-09-29T22:52:35.7452871Z gmake[3]: Leaving directory '/home/runner/work/strata/strata/build/cmake'
2026-09-29T22:52:35.7481619Z gmake[3]: Entering directory '/home/runner/work/strata/strata/build/cmake'
2026-09-29T22:52:35.7503844Z [ 32%] Linking CXX executable json_serialize_tests
2026-09-29T22:52:35.8027563Z gmake[3]: Leaving directory '/home/runner/work/strata/strata/build/cmake'
2026-09-29T22:52:35.8056291Z [ 38%] Built target json_serialize_tests
2026-09-29T22:52:35.8070270Z gmake[3]: Entering directory '/home/runner/work/strata/strata/build/cmake'
2026-09-29T22:52:35.8160937Z gmake[3]: Leaving directory '/home/runner/work/strata/strata/build/cmake'
2026-09-29T22:52:35.8189709Z gmake[3]: Entering directory '/home/runner/work/strata/strata/build/cmake'
2026-09-29T22:52:35.8212393Z [ 39%] Linking CXX executable float_precision_tests
2026-09-29T22:52:35.8700775Z gmake[3]: Leaving directory '/home/runner/work/strata/strata/build/cmake'
2026-09-29T22:52:35.8729758Z [ 44%] Built target float_precision_tests
2026-09-29T22:52:35.8743746Z gmake[3]: Entering directory '/home/runner/work/strata/strata/build/cmake'
2026-09-29T22:52:35.8835493Z gmake[3]: Leaving directory '/home/runner/work/strata/strata/build/cmake'
2026-09-29T22:52:35.8864659Z gmake[3]: Entering directory '/home/runner/work/strata/strata/build/cmake'
2026-09-29T22:52:35.8887701Z [ 45%] Linking CXX executable json_cursor_tests
2026-09-29T22:52:35.9377346Z gmake[3]: Leaving directory '/home/runner/work/strata/strata/build/cmake'
2026-09-29T22:52:35.9407421Z [ 50%] Built target json_cursor_tests
2026-09-29T22:52:35.9421339Z gmake[3]: Entering directory '/home/runner/work/strata/strata/build/cmake'
2026-09-29T22:52:35.9510339Z gmake[3]: Leaving directory '/home/runner/work/strata/strata/build/cmake'
2026-09-29T22:52:35.9538967Z gmake[3]: Entering directory '/home/runner/work/strata/strata/build/cmake'
2026-09-29T22:52:35.9562019Z [ 51%] Linking CXX executable ndjson_tests
2026-09-29T22:52:36.0045977Z gmake[3]: Leaving directory '/home/runner/work/strata/strata/build/cmake'
2026-09-29T22:52:36.0075049Z [ 56%] Built target ndjson_tests
2026-09-29T22:52:36.0088987Z gmake[3]: Entering directory '/home/runner/work/strata/strata/build/cmake'
2026-09-29T22:52:36.0179139Z gmake[3]: Leaving directory '/home/runner/work/strata/strata/build/cmake'
2026-09-29T22:52:36.0207730Z gmake[3]: Entering directory '/home/runner/work/strata/strata/build/cmake'
2026-09-29T22:52:36.0230363Z [ 57%] Linking CXX executable jsonpath_tests
2026-09-29T22:52:36.0719692Z gmake[3]: Leaving directory '/home/runner/work/strata/strata/build/cmake'
2026-09-29T22:52:36.0749597Z [ 63%] Built target jsonpath_tests
2026-09-29T22:52:36.0763791Z gmake[3]: Entering directory '/home/runner/work/strata/strata/build/cmake'
2026-09-29T22:52:36.0853841Z gmake[3]: Leaving directory '/home/runner/work/strata/strata/build/cmake'
2026-09-29T22:52:36.0883167Z gmake[3]: Entering directory '/home/runner/work/strata/strata/build/cmake'
2026-09-29T22:52:36.0905455Z [ 63%] Linking CXX executable jsonpath_stream_tests
2026-09-29T22:52:36.1383772Z gmake[3]: Leaving directory '/home/runner/work/strata/strata/build/cmake'
2026-09-29T22:52:36.1411760Z [ 69%] Built target jsonpath_stream_tests
2026-09-29T22:52:36.1425731Z gmake[3]: Entering directory '/home/runner/work/strata/strata/build/cmake'
2026-09-29T22:52:36.1514415Z gmake[3]: Leaving directory '/home/runner/work/strata/strata/build/cmake'
2026-09-29T22:52:36.1542657Z gmake[3]: Entering directory '/home/runner/work/strata/strata/build/cmake'
2026-09-29T22:52:36.1565013Z [ 69%] Linking CXX executable scan_tests
2026-09-29T22:52:36.2056247Z gmake[3]: Leaving directory '/home/runner/work/strata/strata/build/cmake'
2026-09-29T22:52:36.2086158Z [ 75%] Built target scan_tests
2026-09-29T22:52:36.2100701Z gmake[3]: Entering directory '/home/runner/work/strata/strata/build/cmake'
2026-09-29T22:52:36.2193840Z gmake[3]: Leaving directory '/home/runner/work/strata/strata/build/cmake'
2026-09-29T22:52:36.2222952Z gmake[3]: Entering directory '/home/runner/work/strata/strata/build/cmake'
2026-09-29T22:52:36.2245625Z [ 75%] Linking CXX executable temporal_tests
2026-09-29T22:52:36.2738692Z gmake[3]: Leaving directory '/home/runner/work/strata/strata/build/cmake'
2026-09-29T22:52:36.2767259Z [ 81%] Built target temporal_tests
2026-09-29T22:52:36.2781636Z gmake[3]: Entering directory '/home/runner/work/strata/strata/build/cmake'
2026-09-29T22:52:36.2872947Z gmake[3]: Leaving directory '/home/runner/work/strata/strata/build/cmake'
2026-09-29T22:52:36.2901640Z gmake[3]: Entering directory '/home/runner/work/strata/strata/build/cmake'
2026-09-29T22:52:36.2924224Z [ 81%] Linking CXX executable folder_tests
2026-09-29T22:52:36.3419490Z gmake[3]: Leaving directory '/home/runner/work/strata/strata/build/cmake'
2026-09-29T22:52:36.3448962Z [ 87%] Built target folder_tests
2026-09-29T22:52:36.3463109Z gmake[3]: Entering directory '/home/runner/work/strata/strata/build/cmake'
2026-09-29T22:52:36.3555690Z gmake[3]: Leaving directory '/home/runner/work/strata/strata/build/cmake'
2026-09-29T22:52:36.3585185Z gmake[3]: Entering directory '/home/runner/work/strata/strata/build/cmake'
2026-09-29T22:52:36.3607793Z [ 87%] Linking CXX executable fuzz_corpus_tests
2026-09-29T22:52:36.4091597Z gmake[3]: Leaving directory '/home/runner/work/strata/strata/build/cmake'
2026-09-29T22:52:36.4120430Z [ 93%] Built target fuzz_corpus_tests
2026-09-29T22:52:36.4134576Z gmake[3]: Entering directory '/home/runner/work/strata/strata/build/cmake'
2026-09-29T22:52:36.4223020Z gmake[3]: Leaving directory '/home/runner/work/strata/strata/build/cmake'
2026-09-29T22:52:36.4251930Z gmake[3]: Entering directory '/home/runner/work/strata/strata/build/cmake'
2026-09-29T22:52:36.4274488Z [ 94%] Linking CXX executable stress_deep_tests
2026-09-29T22:52:36.4772239Z gmake[3]: Leaving directory '/home/runner/work/strata/strata/build/cmake'
2026-09-29T22:52:36.4802044Z [100%] Built target stress_deep_tests
2026-09-29T22:52:36.4806376Z gmake[2]: Leaving directory '/home/runner/work/strata/strata/build/cmake'
2026-09-29T22:52:36.4857728Z gmake[1]: Leaving directory '/home/runner/work/strata/strata/build/cmake'
2026-09-29T22:52:36.4867535Z + /home/runner/work/strata/strata/.venv/bin/ctest --test-dir build/cmake --build-config Release --output-on-failure --no-tests=error
2026-09-29T22:52:36.5774265Z Test project /home/runner/work/strata/strata/build/cmake
2026-09-29T22:52:36.5778876Z       Start  1: smoke_tests
2026-09-29T22:52:36.5792998Z  1/16 Test  #1: smoke_tests ......................   Passed    0.00 sec
2026-09-29T22:52:36.5794706Z       Start  2: json_core_tests
2026-09-29T22:52:36.5807788Z  2/16 Test  #2: json_core_tests ..................   Passed    0.00 sec
2026-09-29T22:52:36.5809075Z       Start  3: json_parse_tests
2026-09-29T22:52:36.5822015Z  3/16 Test  #3: json_parse_tests .................   Passed    0.00 sec
2026-09-29T22:52:36.5823267Z       Start  4: fast_parse_tests
2026-09-29T22:52:36.6239376Z  4/16 Test  #4: fast_parse_tests .................   Passed    0.04 sec
2026-09-29T22:52:36.6240711Z       Start  5: value_cursor_tests
2026-09-29T22:52:36.6284182Z  5/16 Test  #5: value_cursor_tests ...............   Passed    0.00 sec
2026-09-29T22:52:36.6285076Z       Start  6: json_serialize_tests
2026-09-29T22:52:36.6297965Z  6/16 Test  #6: json_serialize_tests .............   Passed    0.00 sec
2026-09-29T22:52:36.6298790Z       Start  7: float_precision_tests
2026-09-29T22:52:38.6816709Z  7/16 Test  #7: float_precision_tests ............   Passed    2.05 sec
2026-09-29T22:52:38.6817755Z       Start  8: json_cursor_tests
2026-09-29T22:52:38.6835845Z  8/16 Test  #8: json_cursor_tests ................   Passed    0.00 sec
2026-09-29T22:52:38.6836658Z       Start  9: ndjson_tests
2026-09-29T22:52:38.6867781Z  9/16 Test  #9: ndjson_tests .....................   Passed    0.00 sec
2026-09-29T22:52:38.6868616Z       Start 10: jsonpath_tests
2026-09-29T22:52:38.6881310Z 10/16 Test #10: jsonpath_tests ...................   Passed    0.00 sec
2026-09-29T22:52:38.6882154Z       Start 11: jsonpath_stream_tests
2026-09-29T22:52:38.6897773Z 11/16 Test #11: jsonpath_stream_tests ............   Passed    0.00 sec
2026-09-29T22:52:38.6898520Z       Start 12: scan_tests
2026-09-29T22:52:38.7006108Z 12/16 Test #12: scan_tests .......................   Passed    0.01 sec
2026-09-29T22:52:38.7006976Z       Start 13: temporal_tests
2026-09-29T22:52:38.7087987Z 13/16 Test #13: temporal_tests ...................   Passed    0.01 sec
2026-09-29T22:52:38.7088823Z       Start 14: folder_tests
2026-09-29T22:52:38.7122271Z 14/16 Test #14: folder_tests .....................   Passed    0.00 sec
2026-09-29T22:52:38.7123020Z       Start 15: fuzz_corpus_tests
2026-09-29T22:52:38.7152282Z 15/16 Test #15: fuzz_corpus_tests ................   Passed    0.00 sec
2026-09-29T22:52:38.7153069Z       Start 16: stress_deep_tests
2026-09-29T22:52:38.7176237Z 16/16 Test #16: stress_deep_tests ................   Passed    0.00 sec
2026-09-29T22:52:38.7180695Z 
2026-09-29T22:52:38.7180783Z 100% tests passed out of 16
2026-09-29T22:52:38.7180917Z 
2026-09-29T22:52:38.7181004Z Total Test time (real) =   2.14 sec
2026-09-29T22:52:38.7477946Z + pytest tests/py tests/unit --ignore=tests/unit/native_types --ignore=tests/py/native_types --basetemp=/tmp/pytest-of-runner/56fkj5eh
2026-09-29T22:52:39.1172954Z ============================= test session starts ==============================
2026-09-29T22:52:39.1173684Z platform linux -- Python 3.12.14, pytest-9.1.1, pluggy-1.6.0
2026-09-29T22:52:39.1174038Z rootdir: /home/runner/work/strata/strata
2026-09-29T22:52:39.1174329Z configfile: pyproject.toml
2026-09-29T22:52:39.1174585Z plugins: platformdirs-4.12.2, cov-7.1.0
2026-09-29T22:52:39.1174908Z collected 3183 items
2026-09-29T22:52:39.1175045Z 
2026-09-29T22:52:39.1290502Z tests/py/test_dumps_brace_fold.py .........                              [  0%]
2026-09-29T22:52:39.1485269Z tests/py/test_dumps_cycles_fused.py .................................... [  1%]
2026-09-29T22:52:39.1778354Z ....................................................                     [  3%]
2026-09-29T22:52:39.3181324Z tests/py/test_dumps_general_tables.py ............................       [  3%]
2026-09-29T22:52:39.6066910Z tests/py/test_dumps_with_default.py .................................... [  5%]
2026-09-29T22:52:39.7749715Z .............................ss                                          [  6%]
2026-09-29T22:52:39.7943670Z tests/py/test_dumps_with_default_contract.py ........................... [  6%]
2026-09-29T22:52:39.8486881Z ........................................................................ [  9%]
2026-09-29T22:52:39.9031957Z ........................................................................ [ 11%]
2026-09-29T22:52:39.9360517Z ..........................                                               [ 12%]
2026-09-29T22:52:39.9384047Z tests/py/test_fused_verification.py ..                                   [ 12%]
2026-09-29T22:52:39.9551225Z tests/py/test_json_parity.py ........................................... [ 13%]
2026-09-29T22:52:39.9824821Z ........................................................................ [ 15%]
2026-09-29T22:52:40.0100713Z ........................................................................ [ 18%]
2026-09-29T22:52:40.0372848Z ........................................................................ [ 20%]
2026-09-29T22:52:40.0646711Z ........................................................................ [ 22%]
2026-09-29T22:52:40.0913626Z ........................................................................ [ 24%]
2026-09-29T22:52:40.1184904Z ........................................................................ [ 27%]
2026-09-29T22:52:40.1450359Z ........................................................................ [ 29%]
2026-09-29T22:52:40.1710515Z ........................................................................ [ 31%]
2026-09-29T22:52:40.1966063Z ........................................................................ [ 33%]
2026-09-29T22:52:40.2216631Z ........................................................................ [ 36%]
2026-09-29T22:52:40.2466663Z ........................................................................ [ 38%]
2026-09-29T22:52:40.2721138Z ........................................................................ [ 40%]
2026-09-29T22:52:40.2983202Z ........................................................................ [ 43%]
2026-09-29T22:52:40.3244067Z ........................................................................ [ 45%]
2026-09-29T22:52:40.3506646Z ........................................................................ [ 47%]
2026-09-29T22:52:40.3770629Z ........................................................................ [ 49%]
2026-09-29T22:52:40.3918735Z .................................                                        [ 50%]
2026-09-29T22:52:40.4174494Z tests/py/test_path_dispatch.py ................................          [ 51%]
2026-09-29T22:52:40.4186370Z tests/py/test_py_tests_basetemp.py ..                                    [ 51%]
2026-09-29T22:52:40.4197856Z tests/py/test_smoke.py ...                                               [ 52%]
2026-09-29T22:52:40.6902921Z tests/unit/test_ab_analysis.py ......................................    [ 53%]
2026-09-29T22:52:40.6978461Z tests/unit/test_build_manifest.py ...........                            [ 53%]
2026-09-29T22:52:40.7056448Z tests/unit/test_canonical_builds.py ....                                 [ 53%]
2026-09-29T22:52:40.8294650Z tests/unit/test_ci_fetch.py ........................                     [ 54%]
2026-09-29T22:52:40.8854887Z tests/unit/test_ci_summary.py .......................                    [ 55%]
2026-09-29T22:52:40.8954104Z tests/unit/test_config.py ...........................                    [ 56%]
2026-09-29T22:52:40.9063382Z tests/unit/test_core_purity.py ....                                      [ 56%]
2026-09-29T22:52:40.9133947Z tests/unit/test_cross_sample.py ......                                   [ 56%]
2026-09-29T22:52:40.9456131Z tests/unit/test_dumps.py ............................................... [ 57%]
2026-09-29T22:52:40.9535968Z ..........                                                               [ 58%]
2026-09-29T22:52:40.9643380Z tests/unit/test_dumps_brace_fold.py .........                            [ 58%]
2026-09-29T22:52:41.1192901Z tests/unit/test_dumps_cold_start.py ....                                 [ 58%]
2026-09-29T22:52:41.1358685Z tests/unit/test_dumps_contract.py ...................................... [ 59%]
2026-09-29T22:52:41.1681899Z .............................................................            [ 61%]
2026-09-29T22:52:41.1861865Z tests/unit/test_dumps_cycles_fused.py .................................. [ 62%]
2026-09-29T22:52:41.2165172Z ......................................................                   [ 64%]
2026-09-29T22:52:41.3935154Z tests/unit/test_dumps_general_tables.py ............................     [ 65%]
2026-09-29T22:52:41.6537970Z tests/unit/test_dumps_latch.py ............................              [ 66%]
2026-09-29T22:52:41.7016719Z tests/unit/test_dumps_private_cache.py ................................  [ 67%]
2026-09-29T22:52:42.0958258Z tests/unit/test_dumps_reentrancy.py .................................... [ 68%]
2026-09-29T22:52:42.7647302Z ......................................................................   [ 70%]
2026-09-29T22:52:43.1874623Z tests/unit/test_dumps_reentrancy_review.py ............................. [ 71%]
2026-09-29T22:52:43.2766504Z ..                                                                       [ 71%]
2026-09-29T22:52:43.3028199Z tests/unit/test_dumps_schema_failure.py ...........................      [ 72%]
2026-09-29T22:52:43.5813084Z tests/unit/test_dumps_user_step_counter.py ..........................    [ 73%]
2026-09-29T22:52:43.5960910Z tests/unit/test_dumps_with_default.py .................................. [ 74%]
2026-09-29T22:52:43.6259988Z ........................................................................ [ 76%]
2026-09-29T22:52:43.7081498Z .........................................................                [ 78%]
2026-09-29T22:52:43.7195627Z tests/unit/test_dumps_with_default_state.py ............................ [ 79%]
2026-09-29T22:52:43.7652952Z ........................................................................ [ 81%]
2026-09-29T22:52:43.8553879Z ..............                                                           [ 81%]
2026-09-29T22:52:43.8980220Z tests/unit/test_folder.py .............................................. [ 83%]
2026-09-29T22:52:43.9423770Z .........................................                                [ 84%]
2026-09-29T22:52:43.9446102Z tests/unit/test_fused_verification.py ..                                 [ 84%]
2026-09-29T22:52:43.9754819Z tests/unit/test_hook_build_scope.py ...............................      [ 85%]
2026-09-29T22:52:44.0507490Z tests/unit/test_json_cursor.py ...........................               [ 86%]
2026-09-29T22:52:44.0657671Z tests/unit/test_jsonpath.py ............................................ [ 87%]
2026-09-29T22:52:44.1379337Z .......................................................................  [ 90%]
2026-09-29T22:52:44.1903735Z tests/unit/test_load_dump.py ........................................... [ 91%]
2026-09-29T22:52:44.1907360Z                                                                          [ 91%]
2026-09-29T22:52:44.2076474Z tests/unit/test_loads.py ............................................... [ 92%]
2026-09-29T22:52:44.2574952Z ........................................................................ [ 95%]
2026-09-29T22:52:44.8804593Z ................                                                         [ 95%]
2026-09-29T22:52:44.8844133Z tests/unit/test_native_interleaved_profile.py ...                        [ 95%]
2026-09-29T22:52:44.9408591Z tests/unit/test_nested_container_probe.py ....                           [ 95%]
2026-09-29T22:52:44.9749365Z tests/unit/test_path_dispatch.py ................................        [ 96%]
2026-09-29T22:52:44.9987162Z tests/unit/test_provenance.py ..................                         [ 97%]
2026-09-29T22:52:45.0322293Z tests/unit/test_regression_check.py ..........................           [ 98%]
2026-09-29T22:52:45.6371991Z tests/unit/test_search_stream.py .................                       [ 98%]
2026-09-29T22:52:45.6377074Z tests/unit/test_string_identity_probe.py .                               [ 98%]
2026-09-29T22:52:45.6843975Z tests/unit/test_supplementary.py .............                           [ 99%]
2026-09-29T22:52:45.7195326Z tests/unit/test_supportability_check.py ....................             [ 99%]
2026-09-29T22:52:45.7956636Z tests/unit/test_version.py ....                                          [100%]
2026-09-29T22:52:45.7957017Z 
2026-09-29T22:52:45.7957175Z ======================= 3181 passed, 2 skipped in 6.86s ========================
2026-09-29T22:52:45.9227626Z ==> PGO: merging 17 raw profiles
2026-09-29T22:52:46.2070750Z ==> PGO phase 2: optimized build (profile + LTO)
2026-09-29T22:52:46.4119780Z Obtaining file:///home/runner/work/strata/strata
2026-09-29T22:52:46.4133586Z   Installing build dependencies: started
2026-09-29T22:52:47.5201273Z   Installing build dependencies: finished with status 'done'
2026-09-29T22:52:47.5206345Z   Checking if build backend supports build_editable: started
2026-09-29T22:52:47.7139291Z   Checking if build backend supports build_editable: finished with status 'done'
2026-09-29T22:52:47.7145872Z   Getting requirements to build editable: started
2026-09-29T22:52:47.9734675Z   Getting requirements to build editable: finished with status 'done'
2026-09-29T22:52:47.9741504Z   Preparing editable metadata (pyproject.toml): started
2026-09-29T22:52:48.1341922Z   Preparing editable metadata (pyproject.toml): finished with status 'done'
2026-09-29T22:52:48.1378718Z Building wheels for collected packages: strata
2026-09-29T22:52:48.1385001Z   Building editable for strata (pyproject.toml): started
2026-09-29T22:53:30.6661225Z   Building editable for strata (pyproject.toml): finished with status 'done'
2026-09-29T22:53:30.6668522Z   Created wheel for strata: filename=strata-2026.8.10-0.editable-cp312-cp312-linux_x86_64.whl size=4445 sha256=ca070400095a5a5340368600f61eae3a5e412baa08c74353f6262c08390796a6
2026-09-29T22:53:30.6671176Z   Stored in directory: /tmp/pip-ephem-wheel-cache-jd2kex4l/wheels/ab/73/9c/71109b0f5a731622820d2f6d25f1f3cfd677e39fdd3b3110b6
2026-09-29T22:53:30.6688894Z Successfully built strata
2026-09-29T22:53:30.6765095Z Installing collected packages: strata
2026-09-29T22:53:30.6765966Z   Attempting uninstall: strata
2026-09-29T22:53:30.6778894Z     Found existing installation: strata 2026.8.10
2026-09-29T22:53:30.6790226Z     Uninstalling strata-2026.8.10:
2026-09-29T22:53:30.6969442Z       Successfully uninstalled strata-2026.8.10
2026-09-29T22:53:30.7038489Z Successfully installed strata-2026.8.10
2026-09-29T22:53:31.3932223Z ==> PGO: the hook image must carry no profile
2026-09-29T22:53:31.4277430Z + strata._dumps_hook is unprofiled: _dumps_hook.cpython-312-x86_64-linux-gnu.so.build.json records no profile or profile flag,
2026-09-29T22:53:31.4277996Z   and the image links no profile runtime
2026-09-29T22:53:31.4320640Z ==> PGO: gate tests on the optimized build
2026-09-29T22:53:31.4539572Z + /home/runner/work/strata/strata/.venv/bin/cmake -S . -B build/cmake -DCMAKE_BUILD_TYPE=Release
2026-09-29T22:53:31.5495560Z -- Configuring done (0.0s)
2026-09-29T22:53:31.5900664Z -- Generating done (0.0s)
2026-09-29T22:53:31.5904663Z -- Build files have been written to: /home/runner/work/strata/strata/build/cmake
2026-09-29T22:53:31.5913529Z + /home/runner/work/strata/strata/.venv/bin/cmake --build build/cmake --config Release
2026-09-29T22:53:31.6843722Z gmake[1]: Entering directory '/home/runner/work/strata/strata/build/cmake'
2026-09-29T22:53:31.6900445Z gmake[2]: Entering directory '/home/runner/work/strata/strata/build/cmake'
2026-09-29T22:53:31.6909761Z gmake[3]: Entering directory '/home/runner/work/strata/strata/build/cmake'
2026-09-29T22:53:31.6992381Z gmake[3]: Leaving directory '/home/runner/work/strata/strata/build/cmake'
2026-09-29T22:53:31.7020792Z gmake[3]: Entering directory '/home/runner/work/strata/strata/build/cmake'
2026-09-29T22:53:31.7041132Z [  0%] Linking CXX executable smoke_tests
2026-09-29T22:53:31.7524930Z gmake[3]: Leaving directory '/home/runner/work/strata/strata/build/cmake'
2026-09-29T22:53:31.7553852Z [  6%] Built target smoke_tests
2026-09-29T22:53:31.7567995Z gmake[3]: Entering directory '/home/runner/work/strata/strata/build/cmake'
2026-09-29T22:53:31.7655555Z gmake[3]: Leaving directory '/home/runner/work/strata/strata/build/cmake'
2026-09-29T22:53:31.7683944Z gmake[3]: Entering directory '/home/runner/work/strata/strata/build/cmake'
2026-09-29T22:53:31.7706048Z [  7%] Linking CXX executable json_core_tests
2026-09-29T22:53:31.8195176Z gmake[3]: Leaving directory '/home/runner/work/strata/strata/build/cmake'
2026-09-29T22:53:31.8225913Z [ 13%] Built target json_core_tests
2026-09-29T22:53:31.8240276Z gmake[3]: Entering directory '/home/runner/work/strata/strata/build/cmake'
2026-09-29T22:53:31.8329522Z gmake[3]: Leaving directory '/home/runner/work/strata/strata/build/cmake'
2026-09-29T22:53:31.8358010Z gmake[3]: Entering directory '/home/runner/work/strata/strata/build/cmake'
2026-09-29T22:53:31.8379055Z [ 13%] Linking CXX executable json_parse_tests
2026-09-29T22:53:31.8864094Z gmake[3]: Leaving directory '/home/runner/work/strata/strata/build/cmake'
2026-09-29T22:53:31.8893262Z [ 19%] Built target json_parse_tests
2026-09-29T22:53:31.8907586Z gmake[3]: Entering directory '/home/runner/work/strata/strata/build/cmake'
2026-09-29T22:53:31.8995502Z gmake[3]: Leaving directory '/home/runner/work/strata/strata/build/cmake'
2026-09-29T22:53:31.9024556Z gmake[3]: Entering directory '/home/runner/work/strata/strata/build/cmake'
2026-09-29T22:53:31.9046274Z [ 20%] Linking CXX executable fast_parse_tests
2026-09-29T22:53:31.9523603Z gmake[3]: Leaving directory '/home/runner/work/strata/strata/build/cmake'
2026-09-29T22:53:31.9552698Z [ 25%] Built target fast_parse_tests
2026-09-29T22:53:31.9567256Z gmake[3]: Entering directory '/home/runner/work/strata/strata/build/cmake'
2026-09-29T22:53:31.9656396Z gmake[3]: Leaving directory '/home/runner/work/strata/strata/build/cmake'
2026-09-29T22:53:31.9684953Z gmake[3]: Entering directory '/home/runner/work/strata/strata/build/cmake'
2026-09-29T22:53:31.9706988Z [ 26%] Linking CXX executable value_cursor_tests
2026-09-29T22:53:32.0187214Z gmake[3]: Leaving directory '/home/runner/work/strata/strata/build/cmake'
2026-09-29T22:53:32.0216666Z [ 32%] Built target value_cursor_tests
2026-09-29T22:53:32.0230799Z gmake[3]: Entering directory '/home/runner/work/strata/strata/build/cmake'
2026-09-29T22:53:32.0318781Z gmake[3]: Leaving directory '/home/runner/work/strata/strata/build/cmake'
2026-09-29T22:53:32.0347361Z gmake[3]: Entering directory '/home/runner/work/strata/strata/build/cmake'
2026-09-29T22:53:32.0368877Z [ 32%] Linking CXX executable json_serialize_tests
2026-09-29T22:53:32.0855307Z gmake[3]: Leaving directory '/home/runner/work/strata/strata/build/cmake'
2026-09-29T22:53:32.0886397Z [ 38%] Built target json_serialize_tests
2026-09-29T22:53:32.0900758Z gmake[3]: Entering directory '/home/runner/work/strata/strata/build/cmake'
2026-09-29T22:53:32.0989995Z gmake[3]: Leaving directory '/home/runner/work/strata/strata/build/cmake'
2026-09-29T22:53:32.1019031Z gmake[3]: Entering directory '/home/runner/work/strata/strata/build/cmake'
2026-09-29T22:53:32.1042273Z [ 39%] Linking CXX executable float_precision_tests
2026-09-29T22:53:32.1537272Z gmake[3]: Leaving directory '/home/runner/work/strata/strata/build/cmake'
2026-09-29T22:53:32.1568156Z [ 44%] Built target float_precision_tests
2026-09-29T22:53:32.1582707Z gmake[3]: Entering directory '/home/runner/work/strata/strata/build/cmake'
2026-09-29T22:53:32.1673328Z gmake[3]: Leaving directory '/home/runner/work/strata/strata/build/cmake'
2026-09-29T22:53:32.1702230Z gmake[3]: Entering directory '/home/runner/work/strata/strata/build/cmake'
2026-09-29T22:53:32.1725027Z [ 45%] Linking CXX executable json_cursor_tests
2026-09-29T22:53:32.2228156Z gmake[3]: Leaving directory '/home/runner/work/strata/strata/build/cmake'
2026-09-29T22:53:32.2259340Z [ 50%] Built target json_cursor_tests
2026-09-29T22:53:32.2274292Z gmake[3]: Entering directory '/home/runner/work/strata/strata/build/cmake'
2026-09-29T22:53:32.2361851Z gmake[3]: Leaving directory '/home/runner/work/strata/strata/build/cmake'
2026-09-29T22:53:32.2390607Z gmake[3]: Entering directory '/home/runner/work/strata/strata/build/cmake'
2026-09-29T22:53:32.2413652Z [ 51%] Linking CXX executable ndjson_tests
2026-09-29T22:53:32.2904335Z gmake[3]: Leaving directory '/home/runner/work/strata/strata/build/cmake'
2026-09-29T22:53:32.2935808Z [ 56%] Built target ndjson_tests
2026-09-29T22:53:32.2950225Z gmake[3]: Entering directory '/home/runner/work/strata/strata/build/cmake'
2026-09-29T22:53:32.3040317Z gmake[3]: Leaving directory '/home/runner/work/strata/strata/build/cmake'
2026-09-29T22:53:32.3069119Z gmake[3]: Entering directory '/home/runner/work/strata/strata/build/cmake'
2026-09-29T22:53:32.3092878Z [ 57%] Linking CXX executable jsonpath_tests
2026-09-29T22:53:32.3577319Z gmake[3]: Leaving directory '/home/runner/work/strata/strata/build/cmake'
2026-09-29T22:53:32.3608078Z [ 63%] Built target jsonpath_tests
2026-09-29T22:53:32.3622030Z gmake[3]: Entering directory '/home/runner/work/strata/strata/build/cmake'
2026-09-29T22:53:32.3709743Z gmake[3]: Leaving directory '/home/runner/work/strata/strata/build/cmake'
2026-09-29T22:53:32.3738259Z gmake[3]: Entering directory '/home/runner/work/strata/strata/build/cmake'
2026-09-29T22:53:32.3760881Z [ 63%] Linking CXX executable jsonpath_stream_tests
2026-09-29T22:53:32.4284496Z gmake[3]: Leaving directory '/home/runner/work/strata/strata/build/cmake'
2026-09-29T22:53:32.4315848Z [ 69%] Built target jsonpath_stream_tests
2026-09-29T22:53:32.4329771Z gmake[3]: Entering directory '/home/runner/work/strata/strata/build/cmake'
2026-09-29T22:53:32.4418800Z gmake[3]: Leaving directory '/home/runner/work/strata/strata/build/cmake'
2026-09-29T22:53:32.4447297Z gmake[3]: Entering directory '/home/runner/work/strata/strata/build/cmake'
2026-09-29T22:53:32.4470406Z [ 69%] Linking CXX executable scan_tests
2026-09-29T22:53:32.4953218Z gmake[3]: Leaving directory '/home/runner/work/strata/strata/build/cmake'
2026-09-29T22:53:32.4984743Z [ 75%] Built target scan_tests
2026-09-29T22:53:32.4998608Z gmake[3]: Entering directory '/home/runner/work/strata/strata/build/cmake'
2026-09-29T22:53:32.5089130Z gmake[3]: Leaving directory '/home/runner/work/strata/strata/build/cmake'
2026-09-29T22:53:32.5118383Z gmake[3]: Entering directory '/home/runner/work/strata/strata/build/cmake'
2026-09-29T22:53:32.5141722Z [ 75%] Linking CXX executable temporal_tests
2026-09-29T22:53:32.5637261Z gmake[3]: Leaving directory '/home/runner/work/strata/strata/build/cmake'
2026-09-29T22:53:32.5669445Z [ 81%] Built target temporal_tests
2026-09-29T22:53:32.5683341Z gmake[3]: Entering directory '/home/runner/work/strata/strata/build/cmake'
2026-09-29T22:53:32.5773934Z gmake[3]: Leaving directory '/home/runner/work/strata/strata/build/cmake'
2026-09-29T22:53:32.5802617Z gmake[3]: Entering directory '/home/runner/work/strata/strata/build/cmake'
2026-09-29T22:53:32.5825224Z [ 81%] Linking CXX executable folder_tests
2026-09-29T22:53:32.6340368Z gmake[3]: Leaving directory '/home/runner/work/strata/strata/build/cmake'
2026-09-29T22:53:32.6371702Z [ 87%] Built target folder_tests
2026-09-29T22:53:32.6385312Z gmake[3]: Entering directory '/home/runner/work/strata/strata/build/cmake'
2026-09-29T22:53:32.6474661Z gmake[3]: Leaving directory '/home/runner/work/strata/strata/build/cmake'
2026-09-29T22:53:32.6503063Z gmake[3]: Entering directory '/home/runner/work/strata/strata/build/cmake'
2026-09-29T22:53:32.6526119Z [ 87%] Linking CXX executable fuzz_corpus_tests
2026-09-29T22:53:32.7020791Z gmake[3]: Leaving directory '/home/runner/work/strata/strata/build/cmake'
2026-09-29T22:53:32.7051749Z [ 93%] Built target fuzz_corpus_tests
2026-09-29T22:53:32.7065355Z gmake[3]: Entering directory '/home/runner/work/strata/strata/build/cmake'
2026-09-29T22:53:32.7153355Z gmake[3]: Leaving directory '/home/runner/work/strata/strata/build/cmake'
2026-09-29T22:53:32.7181902Z gmake[3]: Entering directory '/home/runner/work/strata/strata/build/cmake'
2026-09-29T22:53:32.7205319Z [ 94%] Linking CXX executable stress_deep_tests
2026-09-29T22:53:32.7703354Z gmake[3]: Leaving directory '/home/runner/work/strata/strata/build/cmake'
2026-09-29T22:53:32.7735039Z [100%] Built target stress_deep_tests
2026-09-29T22:53:32.7738863Z gmake[2]: Leaving directory '/home/runner/work/strata/strata/build/cmake'
2026-09-29T22:53:32.7789270Z gmake[1]: Leaving directory '/home/runner/work/strata/strata/build/cmake'
2026-09-29T22:53:32.7798658Z + /home/runner/work/strata/strata/.venv/bin/ctest --test-dir build/cmake --build-config Release --output-on-failure --no-tests=error
2026-09-29T22:53:32.8718874Z Test project /home/runner/work/strata/strata/build/cmake
2026-09-29T22:53:32.8723861Z       Start  1: smoke_tests
2026-09-29T22:53:32.8738940Z  1/16 Test  #1: smoke_tests ......................   Passed    0.00 sec
2026-09-29T22:53:32.8740751Z       Start  2: json_core_tests
2026-09-29T22:53:32.8753562Z  2/16 Test  #2: json_core_tests ..................   Passed    0.00 sec
2026-09-29T22:53:32.8754884Z       Start  3: json_parse_tests
2026-09-29T22:53:32.8767543Z  3/16 Test  #3: json_parse_tests .................   Passed    0.00 sec
2026-09-29T22:53:32.8768850Z       Start  4: fast_parse_tests
2026-09-29T22:53:32.9176030Z  4/16 Test  #4: fast_parse_tests .................   Passed    0.04 sec
2026-09-29T22:53:32.9177402Z       Start  5: value_cursor_tests
2026-09-29T22:53:32.9219674Z  5/16 Test  #5: value_cursor_tests ...............   Passed    0.00 sec
2026-09-29T22:53:32.9220803Z       Start  6: json_serialize_tests
2026-09-29T22:53:32.9233194Z  6/16 Test  #6: json_serialize_tests .............   Passed    0.00 sec
2026-09-29T22:53:32.9234306Z       Start  7: float_precision_tests
2026-09-29T22:53:34.9463240Z  7/16 Test  #7: float_precision_tests ............   Passed    2.02 sec
2026-09-29T22:53:34.9464655Z       Start  8: json_cursor_tests
2026-09-29T22:53:34.9482248Z  8/16 Test  #8: json_cursor_tests ................   Passed    0.00 sec
2026-09-29T22:53:34.9483367Z       Start  9: ndjson_tests
2026-09-29T22:53:34.9514776Z  9/16 Test  #9: ndjson_tests .....................   Passed    0.00 sec
2026-09-29T22:53:34.9515799Z       Start 10: jsonpath_tests
2026-09-29T22:53:34.9528539Z 10/16 Test #10: jsonpath_tests ...................   Passed    0.00 sec
2026-09-29T22:53:34.9529544Z       Start 11: jsonpath_stream_tests
2026-09-29T22:53:34.9545056Z 11/16 Test #11: jsonpath_stream_tests ............   Passed    0.00 sec
2026-09-29T22:53:34.9586927Z       Start 12: scan_tests
2026-09-29T22:53:34.9657329Z 12/16 Test #12: scan_tests .......................   Passed    0.01 sec
2026-09-29T22:53:34.9658688Z       Start 13: temporal_tests
2026-09-29T22:53:34.9740493Z 13/16 Test #13: temporal_tests ...................   Passed    0.01 sec
2026-09-29T22:53:34.9741507Z       Start 14: folder_tests
2026-09-29T22:53:34.9774384Z 14/16 Test #14: folder_tests .....................   Passed    0.00 sec
2026-09-29T22:53:34.9775371Z       Start 15: fuzz_corpus_tests
2026-09-29T22:53:34.9804393Z 15/16 Test #15: fuzz_corpus_tests ................   Passed    0.00 sec
2026-09-29T22:53:34.9805342Z       Start 16: stress_deep_tests
2026-09-29T22:53:34.9827911Z 16/16 Test #16: stress_deep_tests ................   Passed    0.00 sec
2026-09-29T22:53:34.9832702Z 
2026-09-29T22:53:34.9832958Z 100% tests passed out of 16
2026-09-29T22:53:34.9833128Z 
2026-09-29T22:53:34.9833221Z Total Test time (real) =   2.11 sec
2026-09-29T22:53:35.0139846Z + pytest tests/py tests/unit --basetemp=/tmp/pytest-of-runner/m87l2yk_
2026-09-29T22:53:35.4465132Z ============================= test session starts ==============================
2026-09-29T22:53:35.4465560Z platform linux -- Python 3.12.14, pytest-9.1.1, pluggy-1.6.0
2026-09-29T22:53:35.4465874Z rootdir: /home/runner/work/strata/strata
2026-09-29T22:53:35.4466114Z configfile: pyproject.toml
2026-09-29T22:53:35.4466337Z plugins: platformdirs-4.12.2, cov-7.1.0
2026-09-29T22:53:35.4466574Z collected 3925 items
2026-09-29T22:53:35.4466703Z 
2026-09-29T22:53:35.4569210Z tests/py/native_types/test_native_dump.py ..............                 [  0%]
2026-09-29T22:53:35.5137063Z tests/py/native_types/test_native_fast_paths.py ........ssssssssss...... [  0%]
2026-09-29T22:53:35.6614601Z .............................                                            [  1%]
2026-09-29T22:53:35.7020662Z tests/py/native_types/test_native_import.py ...                          [  1%]
2026-09-29T22:53:35.7260855Z tests/py/native_types/test_native_opt_out.py ........................... [  2%]
2026-09-29T22:53:35.7264198Z                                                                          [  2%]
2026-09-29T22:53:35.7794244Z tests/py/native_types/test_native_oracle.py .........                    [  2%]
2026-09-29T22:53:36.0464595Z tests/py/native_types/test_native_reentrancy.py ........................ [  3%]
2026-09-29T22:53:36.7866356Z ..................................................                       [  4%]
2026-09-29T22:53:36.8075711Z tests/py/native_types/test_parse_types.py .............................. [  5%]
2026-09-29T22:53:37.0792299Z ............................................................             [  6%]
2026-09-29T22:53:37.0894952Z tests/py/test_dumps_brace_fold.py .........                              [  7%]
2026-09-29T22:53:37.1081640Z tests/py/test_dumps_cycles_fused.py .................................... [  8%]
2026-09-29T22:53:37.1365013Z ....................................................                     [  9%]
2026-09-29T22:53:37.3442648Z tests/py/test_dumps_general_tables.py ............................       [ 10%]
2026-09-29T22:53:37.8429619Z tests/py/test_dumps_with_default.py .................................... [ 10%]
2026-09-29T22:53:38.1290553Z .............................ss                                          [ 11%]
2026-09-29T22:53:38.1478654Z tests/py/test_dumps_with_default_contract.py ........................... [ 12%]
2026-09-29T22:53:38.2000286Z ........................................................................ [ 14%]
2026-09-29T22:53:38.2528516Z ........................................................................ [ 16%]
2026-09-29T22:53:38.2844187Z ..........................                                               [ 16%]
2026-09-29T22:53:38.2865713Z tests/py/test_fused_verification.py ..                                   [ 16%]
2026-09-29T22:53:38.3022525Z tests/py/test_json_parity.py ........................................... [ 17%]
2026-09-29T22:53:38.3282730Z ........................................................................ [ 19%]
2026-09-29T22:53:38.3542924Z ........................................................................ [ 21%]
2026-09-29T22:53:38.3799873Z ........................................................................ [ 23%]
2026-09-29T22:53:38.4058171Z ........................................................................ [ 25%]
2026-09-29T22:53:38.4311613Z ........................................................................ [ 27%]
2026-09-29T22:53:38.4569668Z ........................................................................ [ 28%]
2026-09-29T22:53:38.4820085Z ........................................................................ [ 30%]
2026-09-29T22:53:38.5070212Z ........................................................................ [ 32%]
2026-09-29T22:53:38.5325566Z ........................................................................ [ 34%]
2026-09-29T22:53:38.5575044Z ........................................................................ [ 36%]
2026-09-29T22:53:38.5824746Z ........................................................................ [ 38%]
2026-09-29T22:53:38.6073280Z ........................................................................ [ 39%]
2026-09-29T22:53:38.6319734Z ........................................................................ [ 41%]
2026-09-29T22:53:38.6565341Z ........................................................................ [ 43%]
2026-09-29T22:53:38.6813210Z ........................................................................ [ 45%]
2026-09-29T22:53:38.7062905Z ........................................................................ [ 47%]
2026-09-29T22:53:38.7204255Z .................................                                        [ 48%]
2026-09-29T22:53:38.7467470Z tests/py/test_path_dispatch.py ................................          [ 48%]
2026-09-29T22:53:38.7479191Z tests/py/test_py_tests_basetemp.py ..                                    [ 48%]
2026-09-29T22:53:38.7490651Z tests/py/test_smoke.py ...                                               [ 49%]
2026-09-29T22:53:38.7642870Z tests/unit/native_types/test_build_sources.py .......                    [ 49%]
2026-09-29T22:53:38.8622950Z tests/unit/native_types/test_hook_import_gating.py .......               [ 49%]
2026-09-29T22:53:38.9164313Z tests/unit/native_types/test_hook_profile_build.py ...............       [ 49%]
2026-09-29T22:53:38.9227626Z tests/unit/native_types/test_native_benchmark_agreement.py ...........   [ 50%]
2026-09-29T22:53:38.9877958Z tests/unit/native_types/test_native_benchmark_dataset.py .....           [ 50%]
2026-09-29T22:53:38.9902681Z tests/unit/native_types/test_native_benchmark_rows.py .......            [ 50%]
2026-09-29T22:53:39.0001444Z tests/unit/native_types/test_native_ci_fetch.py ....                     [ 50%]
2026-09-29T22:53:39.0077710Z tests/unit/native_types/test_native_ci_summary.py .....                  [ 50%]
2026-09-29T22:53:39.0379845Z tests/unit/native_types/test_native_flag.py ..........................s. [ 51%]
2026-09-29T22:53:39.0642025Z ..                                                                       [ 51%]
2026-09-29T22:53:39.0724729Z tests/unit/native_types/test_native_identity_ab.py .......               [ 51%]
2026-09-29T22:53:39.0845495Z tests/unit/native_types/test_native_opt_out.py ......................... [ 52%]
2026-09-29T22:53:39.1188783Z ........................................................................ [ 54%]
2026-09-29T22:53:39.1422812Z ..................................................                       [ 55%]
2026-09-29T22:53:39.1515751Z tests/unit/native_types/test_parse_contract.py ......................... [ 55%]
2026-09-29T22:53:39.1948152Z .................................................                        [ 57%]
2026-09-29T22:53:39.2024773Z tests/unit/native_types/test_serializer_contract.py .................... [ 57%]
2026-09-29T22:53:39.4318442Z ........................................................................ [ 59%]
2026-09-29T22:53:39.4574148Z ................................................                         [ 60%]
2026-09-29T22:53:39.4960645Z tests/unit/native_types/test_training_scope.py .............             [ 61%]
2026-09-29T22:53:39.7585687Z tests/unit/test_ab_analysis.py ......................................    [ 62%]
2026-09-29T22:53:39.7659176Z tests/unit/test_build_manifest.py ...........                            [ 62%]
2026-09-29T22:53:39.7738016Z tests/unit/test_canonical_builds.py ....                                 [ 62%]
2026-09-29T22:53:39.8915942Z tests/unit/test_ci_fetch.py ........................                     [ 63%]
2026-09-29T22:53:39.9474222Z tests/unit/test_ci_summary.py .......................                    [ 63%]
2026-09-29T22:53:39.9578110Z tests/unit/test_config.py ...........................                    [ 64%]
2026-09-29T22:53:39.9682591Z tests/unit/test_core_purity.py ....                                      [ 64%]
2026-09-29T22:53:39.9755777Z tests/unit/test_cross_sample.py ......                                   [ 64%]
2026-09-29T22:53:40.0066557Z tests/unit/test_dumps.py ............................................... [ 65%]
2026-09-29T22:53:40.0141892Z ..........                                                               [ 66%]
2026-09-29T22:53:40.0243273Z tests/unit/test_dumps_brace_fold.py .........                            [ 66%]
2026-09-29T22:53:40.1738470Z tests/unit/test_dumps_cold_start.py ....                                 [ 66%]
2026-09-29T22:53:40.1906168Z tests/unit/test_dumps_contract.py ...................................... [ 67%]
2026-09-29T22:53:40.2216743Z .............................................................            [ 68%]
2026-09-29T22:53:40.2394660Z tests/unit/test_dumps_cycles_fused.py .................................. [ 69%]
2026-09-29T22:53:40.2693667Z ......................................................                   [ 71%]
2026-09-29T22:53:40.6352409Z tests/unit/test_dumps_general_tables.py ............................     [ 71%]
2026-09-29T22:53:41.1859230Z tests/unit/test_dumps_latch.py ............................              [ 72%]
2026-09-29T22:53:41.2399800Z tests/unit/test_dumps_private_cache.py ................................  [ 73%]
2026-09-29T22:53:41.9661990Z tests/unit/test_dumps_reentrancy.py .................................... [ 74%]
2026-09-29T22:53:43.1962287Z ......................................................................   [ 76%]
2026-09-29T22:53:44.1510434Z tests/unit/test_dumps_reentrancy_review.py ............................. [ 76%]
2026-09-29T22:53:44.3785713Z ..                                                                       [ 76%]
2026-09-29T22:53:44.4347090Z tests/unit/test_dumps_schema_failure.py ...........................      [ 77%]
2026-09-29T22:53:45.0778087Z tests/unit/test_dumps_user_step_counter.py ..........................    [ 78%]
2026-09-29T22:53:45.0928048Z tests/unit/test_dumps_with_default.py .................................. [ 79%]
2026-09-29T22:53:45.1233627Z ........................................................................ [ 80%]
2026-09-29T22:53:45.2045057Z .........................................................                [ 82%]
2026-09-29T22:53:45.2159318Z tests/unit/test_dumps_with_default_state.py ............................ [ 83%]
2026-09-29T22:53:45.2622177Z ........................................................................ [ 84%]
2026-09-29T22:53:45.3496132Z ..............                                                           [ 85%]
2026-09-29T22:53:45.3952630Z tests/unit/test_folder.py .............................................. [ 86%]
2026-09-29T22:53:45.4418628Z .........................................                                [ 87%]
2026-09-29T22:53:45.4440096Z tests/unit/test_fused_verification.py ..                                 [ 87%]
2026-09-29T22:53:45.4750684Z tests/unit/test_hook_build_scope.py ...............................      [ 88%]
2026-09-29T22:53:45.5957392Z tests/unit/test_json_cursor.py ...........................               [ 89%]
2026-09-29T22:53:45.6113791Z tests/unit/test_jsonpath.py ............................................ [ 90%]
2026-09-29T22:53:45.7059441Z .......................................................................  [ 91%]
2026-09-29T22:53:45.7609123Z tests/unit/test_load_dump.py ........................................... [ 93%]
2026-09-29T22:53:45.7612009Z                                                                          [ 93%]
2026-09-29T22:53:45.7789909Z tests/unit/test_loads.py ............................................... [ 94%]
2026-09-29T22:53:45.8289459Z ........................................................................ [ 96%]
2026-09-29T22:53:46.5353246Z ................                                                         [ 96%]
2026-09-29T22:53:46.5393209Z tests/unit/test_native_interleaved_profile.py ...                        [ 96%]
2026-09-29T22:53:46.6261191Z tests/unit/test_nested_container_probe.py ....                           [ 96%]
2026-09-29T22:53:46.6630126Z tests/unit/test_path_dispatch.py ................................        [ 97%]
2026-09-29T22:53:46.6880584Z tests/unit/test_provenance.py ..................                         [ 97%]
2026-09-29T22:53:46.7221334Z tests/unit/test_regression_check.py ..........................           [ 98%]
2026-09-29T22:53:46.8089702Z tests/unit/test_search_stream.py .................                       [ 99%]
2026-09-29T22:53:46.8095751Z tests/unit/test_string_identity_probe.py .                               [ 99%]
2026-09-29T22:53:46.8583949Z tests/unit/test_supplementary.py .............                           [ 99%]
2026-09-29T22:53:46.8947334Z tests/unit/test_supportability_check.py ....................             [ 99%]
2026-09-29T22:53:46.9976442Z tests/unit/test_version.py ....                                          [100%]
2026-09-29T22:53:46.9976732Z 
2026-09-29T22:53:46.9976871Z ====================== 3912 passed, 13 skipped in 11.79s =======================
2026-09-29T22:53:47.2429725Z ==> PGO phase 3a: instrumented hook
2026-09-29T22:53:47.4386168Z Obtaining file:///home/runner/work/strata/strata
2026-09-29T22:53:47.4398890Z   Installing build dependencies: started
2026-09-29T22:53:48.4549399Z   Installing build dependencies: finished with status 'done'
2026-09-29T22:53:48.4553865Z   Checking if build backend supports build_editable: started
2026-09-29T22:53:48.6430962Z   Checking if build backend supports build_editable: finished with status 'done'
2026-09-29T22:53:48.6437342Z   Getting requirements to build editable: started
2026-09-29T22:53:48.8964060Z   Getting requirements to build editable: finished with status 'done'
2026-09-29T22:53:48.8970556Z   Preparing editable metadata (pyproject.toml): started
2026-09-29T22:53:49.0495046Z   Preparing editable metadata (pyproject.toml): finished with status 'done'
2026-09-29T22:53:49.0529336Z Building wheels for collected packages: strata
2026-09-29T22:53:49.0534722Z   Building editable for strata (pyproject.toml): started
2026-09-29T22:54:16.2828361Z   Building editable for strata (pyproject.toml): finished with status 'done'
2026-09-29T22:54:16.2832810Z   Created wheel for strata: filename=strata-2026.8.10-0.editable-cp312-cp312-linux_x86_64.whl size=4445 sha256=75c5f82520da6be8564d1685111fe9ae8799b61c74cc6bb92d636085ccf0172d
2026-09-29T22:54:16.2835479Z   Stored in directory: /tmp/pip-ephem-wheel-cache-_cl785c2/wheels/ab/73/9c/71109b0f5a731622820d2f6d25f1f3cfd677e39fdd3b3110b6
2026-09-29T22:54:16.2852525Z Successfully built strata
2026-09-29T22:54:16.2926544Z Installing collected packages: strata
2026-09-29T22:54:16.2927190Z   Attempting uninstall: strata
2026-09-29T22:54:16.2939809Z     Found existing installation: strata 2026.8.10
2026-09-29T22:54:16.2950697Z     Uninstalling strata-2026.8.10:
2026-09-29T22:54:16.3120185Z       Successfully uninstalled strata-2026.8.10
2026-09-29T22:54:16.3184120Z Successfully installed strata-2026.8.10
2026-09-29T22:54:16.4414320Z ==> PGO: the hook's native training workload
2026-09-29T22:54:17.0861909Z ==> PGO phase 3b: the hook against its own profile (+ LTO)
2026-09-29T22:54:17.2730041Z Obtaining file:///home/runner/work/strata/strata
2026-09-29T22:54:17.2743824Z   Installing build dependencies: started
2026-09-29T22:54:18.2861222Z   Installing build dependencies: finished with status 'done'
2026-09-29T22:54:18.2865979Z   Checking if build backend supports build_editable: started
2026-09-29T22:54:18.4696912Z   Checking if build backend supports build_editable: finished with status 'done'
2026-09-29T22:54:18.4702269Z   Getting requirements to build editable: started
2026-09-29T22:54:18.7061705Z   Getting requirements to build editable: finished with status 'done'
2026-09-29T22:54:18.7067849Z   Preparing editable metadata (pyproject.toml): started
2026-09-29T22:54:18.8488469Z   Preparing editable metadata (pyproject.toml): finished with status 'done'
2026-09-29T22:54:18.8521992Z Building wheels for collected packages: strata
2026-09-29T22:54:18.8527318Z   Building editable for strata (pyproject.toml): started
2026-09-29T22:54:41.7339310Z   Building editable for strata (pyproject.toml): finished with status 'done'
2026-09-29T22:54:41.7343789Z   Created wheel for strata: filename=strata-2026.8.10-0.editable-cp312-cp312-linux_x86_64.whl size=4445 sha256=028ddcb826c3b6c6d1ec506f785c34a74b9263c75766b62bc3006c577fec7056
2026-09-29T22:54:41.7344756Z   Stored in directory: /tmp/pip-ephem-wheel-cache-js2opa4r/wheels/ab/73/9c/71109b0f5a731622820d2f6d25f1f3cfd677e39fdd3b3110b6
2026-09-29T22:54:41.7363780Z Successfully built strata
2026-09-29T22:54:41.7435527Z Installing collected packages: strata
2026-09-29T22:54:41.7436333Z   Attempting uninstall: strata
2026-09-29T22:54:41.7448573Z     Found existing installation: strata 2026.8.10
2026-09-29T22:54:41.7459249Z     Uninstalling strata-2026.8.10:
2026-09-29T22:54:41.7624923Z       Successfully uninstalled strata-2026.8.10
2026-09-29T22:54:41.7686903Z Successfully installed strata-2026.8.10
2026-09-29T22:54:41.8894441Z ==> PGO: _strata unchanged, the hook on its own profile alone
2026-09-29T22:54:41.9389349Z + strata._dumps_hook is built against hook.profdata alone and links no profile runtime
2026-09-29T22:54:41.9761987Z + strata._strata is built against strata.profdata alone and links no profile runtime
2026-09-29T22:54:41.9798287Z ==> PGO: gate tests on the optimized hook
2026-09-29T22:54:41.9997468Z + /home/runner/work/strata/strata/.venv/bin/cmake -S . -B build/cmake -DCMAKE_BUILD_TYPE=Release
2026-09-29T22:54:42.0910065Z -- Configuring done (0.0s)
2026-09-29T22:54:42.1276272Z -- Generating done (0.0s)
2026-09-29T22:54:42.1280018Z -- Build files have been written to: /home/runner/work/strata/strata/build/cmake
2026-09-29T22:54:42.1287974Z + /home/runner/work/strata/strata/.venv/bin/cmake --build build/cmake --config Release
2026-09-29T22:54:42.2156374Z gmake[1]: Entering directory '/home/runner/work/strata/strata/build/cmake'
2026-09-29T22:54:42.2209902Z gmake[2]: Entering directory '/home/runner/work/strata/strata/build/cmake'
2026-09-29T22:54:42.2218666Z gmake[3]: Entering directory '/home/runner/work/strata/strata/build/cmake'
2026-09-29T22:54:42.2300297Z gmake[3]: Leaving directory '/home/runner/work/strata/strata/build/cmake'
2026-09-29T22:54:42.2326856Z gmake[3]: Entering directory '/home/runner/work/strata/strata/build/cmake'
2026-09-29T22:54:42.2347002Z [  0%] Linking CXX executable smoke_tests
2026-09-29T22:54:42.2799063Z gmake[3]: Leaving directory '/home/runner/work/strata/strata/build/cmake'
2026-09-29T22:54:42.2824335Z [  6%] Built target smoke_tests
2026-09-29T22:54:42.2837629Z gmake[3]: Entering directory '/home/runner/work/strata/strata/build/cmake'
2026-09-29T22:54:42.2918535Z gmake[3]: Leaving directory '/home/runner/work/strata/strata/build/cmake'
2026-09-29T22:54:42.2945551Z gmake[3]: Entering directory '/home/runner/work/strata/strata/build/cmake'
2026-09-29T22:54:42.2965518Z [  7%] Linking CXX executable json_core_tests
2026-09-29T22:54:42.3423496Z gmake[3]: Leaving directory '/home/runner/work/strata/strata/build/cmake'
2026-09-29T22:54:42.3450540Z [ 13%] Built target json_core_tests
2026-09-29T22:54:42.3463848Z gmake[3]: Entering directory '/home/runner/work/strata/strata/build/cmake'
2026-09-29T22:54:42.3548869Z gmake[3]: Leaving directory '/home/runner/work/strata/strata/build/cmake'
2026-09-29T22:54:42.3575993Z gmake[3]: Entering directory '/home/runner/work/strata/strata/build/cmake'
2026-09-29T22:54:42.3596664Z [ 13%] Linking CXX executable json_parse_tests
2026-09-29T22:54:42.4054794Z gmake[3]: Leaving directory '/home/runner/work/strata/strata/build/cmake'
2026-09-29T22:54:42.4081072Z [ 19%] Built target json_parse_tests
2026-09-29T22:54:42.4094236Z gmake[3]: Entering directory '/home/runner/work/strata/strata/build/cmake'
2026-09-29T22:54:42.4179929Z gmake[3]: Leaving directory '/home/runner/work/strata/strata/build/cmake'
2026-09-29T22:54:42.4206961Z gmake[3]: Entering directory '/home/runner/work/strata/strata/build/cmake'
2026-09-29T22:54:42.4227971Z [ 20%] Linking CXX executable fast_parse_tests
2026-09-29T22:54:42.4680320Z gmake[3]: Leaving directory '/home/runner/work/strata/strata/build/cmake'
2026-09-29T22:54:42.4707044Z [ 25%] Built target fast_parse_tests
2026-09-29T22:54:42.4720334Z gmake[3]: Entering directory '/home/runner/work/strata/strata/build/cmake'
2026-09-29T22:54:42.4803941Z gmake[3]: Leaving directory '/home/runner/work/strata/strata/build/cmake'
2026-09-29T22:54:42.4830806Z gmake[3]: Entering directory '/home/runner/work/strata/strata/build/cmake'
2026-09-29T22:54:42.4851274Z [ 26%] Linking CXX executable value_cursor_tests
2026-09-29T22:54:42.5311685Z gmake[3]: Leaving directory '/home/runner/work/strata/strata/build/cmake'
2026-09-29T22:54:42.5337642Z [ 32%] Built target value_cursor_tests
2026-09-29T22:54:42.5350803Z gmake[3]: Entering directory '/home/runner/work/strata/strata/build/cmake'
2026-09-29T22:54:42.5435502Z gmake[3]: Leaving directory '/home/runner/work/strata/strata/build/cmake'
2026-09-29T22:54:42.5462454Z gmake[3]: Entering directory '/home/runner/work/strata/strata/build/cmake'
2026-09-29T22:54:42.5482577Z [ 32%] Linking CXX executable json_serialize_tests
2026-09-29T22:54:42.5933905Z gmake[3]: Leaving directory '/home/runner/work/strata/strata/build/cmake'
2026-09-29T22:54:42.5959574Z [ 38%] Built target json_serialize_tests
2026-09-29T22:54:42.5972770Z gmake[3]: Entering directory '/home/runner/work/strata/strata/build/cmake'
2026-09-29T22:54:42.6058280Z gmake[3]: Leaving directory '/home/runner/work/strata/strata/build/cmake'
2026-09-29T22:54:42.6085570Z gmake[3]: Entering directory '/home/runner/work/strata/strata/build/cmake'
2026-09-29T22:54:42.6106723Z [ 39%] Linking CXX executable float_precision_tests
2026-09-29T22:54:42.6557575Z gmake[3]: Leaving directory '/home/runner/work/strata/strata/build/cmake'
2026-09-29T22:54:42.6583919Z [ 44%] Built target float_precision_tests
2026-09-29T22:54:42.6597094Z gmake[3]: Entering directory '/home/runner/work/strata/strata/build/cmake'
2026-09-29T22:54:42.6718508Z gmake[3]: Leaving directory '/home/runner/work/strata/strata/build/cmake'
2026-09-29T22:54:42.6745750Z gmake[3]: Entering directory '/home/runner/work/strata/strata/build/cmake'
2026-09-29T22:54:42.6766864Z [ 45%] Linking CXX executable json_cursor_tests
2026-09-29T22:54:42.7220307Z gmake[3]: Leaving directory '/home/runner/work/strata/strata/build/cmake'
2026-09-29T22:54:42.7246993Z [ 50%] Built target json_cursor_tests
2026-09-29T22:54:42.7260124Z gmake[3]: Entering directory '/home/runner/work/strata/strata/build/cmake'
2026-09-29T22:54:42.7344915Z gmake[3]: Leaving directory '/home/runner/work/strata/strata/build/cmake'
2026-09-29T22:54:42.7372095Z gmake[3]: Entering directory '/home/runner/work/strata/strata/build/cmake'
2026-09-29T22:54:42.7393319Z [ 51%] Linking CXX executable ndjson_tests
2026-09-29T22:54:42.7850387Z gmake[3]: Leaving directory '/home/runner/work/strata/strata/build/cmake'
2026-09-29T22:54:42.7877226Z [ 56%] Built target ndjson_tests
2026-09-29T22:54:42.7890330Z gmake[3]: Entering directory '/home/runner/work/strata/strata/build/cmake'
2026-09-29T22:54:42.7975687Z gmake[3]: Leaving directory '/home/runner/work/strata/strata/build/cmake'
2026-09-29T22:54:42.8003148Z gmake[3]: Entering directory '/home/runner/work/strata/strata/build/cmake'
2026-09-29T22:54:42.8024434Z [ 57%] Linking CXX executable jsonpath_tests
2026-09-29T22:54:42.8491606Z gmake[3]: Leaving directory '/home/runner/work/strata/strata/build/cmake'
2026-09-29T22:54:42.8519764Z [ 63%] Built target jsonpath_tests
2026-09-29T22:54:42.8533889Z gmake[3]: Entering directory '/home/runner/work/strata/strata/build/cmake'
2026-09-29T22:54:42.8621583Z gmake[3]: Leaving directory '/home/runner/work/strata/strata/build/cmake'
2026-09-29T22:54:42.8649656Z gmake[3]: Entering directory '/home/runner/work/strata/strata/build/cmake'
2026-09-29T22:54:42.8671039Z [ 63%] Linking CXX executable jsonpath_stream_tests
2026-09-29T22:54:42.9139989Z gmake[3]: Leaving directory '/home/runner/work/strata/strata/build/cmake'
2026-09-29T22:54:42.9168066Z [ 69%] Built target jsonpath_stream_tests
2026-09-29T22:54:42.9181644Z gmake[3]: Entering directory '/home/runner/work/strata/strata/build/cmake'
2026-09-29T22:54:42.9271456Z gmake[3]: Leaving directory '/home/runner/work/strata/strata/build/cmake'
2026-09-29T22:54:42.9299708Z gmake[3]: Entering directory '/home/runner/work/strata/strata/build/cmake'
2026-09-29T22:54:42.9320752Z [ 69%] Linking CXX executable scan_tests
2026-09-29T22:54:42.9802626Z gmake[3]: Leaving directory '/home/runner/work/strata/strata/build/cmake'
2026-09-29T22:54:42.9830140Z [ 75%] Built target scan_tests
2026-09-29T22:54:42.9844397Z gmake[3]: Entering directory '/home/runner/work/strata/strata/build/cmake'
2026-09-29T22:54:42.9932032Z gmake[3]: Leaving directory '/home/runner/work/strata/strata/build/cmake'
2026-09-29T22:54:42.9960827Z gmake[3]: Entering directory '/home/runner/work/strata/strata/build/cmake'
2026-09-29T22:54:42.9981664Z [ 75%] Linking CXX executable temporal_tests
2026-09-29T22:54:43.0451784Z gmake[3]: Leaving directory '/home/runner/work/strata/strata/build/cmake'
2026-09-29T22:54:43.0479243Z [ 81%] Built target temporal_tests
2026-09-29T22:54:43.0492549Z gmake[3]: Entering directory '/home/runner/work/strata/strata/build/cmake'
2026-09-29T22:54:43.0580590Z gmake[3]: Leaving directory '/home/runner/work/strata/strata/build/cmake'
2026-09-29T22:54:43.0608699Z gmake[3]: Entering directory '/home/runner/work/strata/strata/build/cmake'
2026-09-29T22:54:43.0630148Z [ 81%] Linking CXX executable folder_tests
2026-09-29T22:54:43.1100644Z gmake[3]: Leaving directory '/home/runner/work/strata/strata/build/cmake'
2026-09-29T22:54:43.1128374Z [ 87%] Built target folder_tests
2026-09-29T22:54:43.1142220Z gmake[3]: Entering directory '/home/runner/work/strata/strata/build/cmake'
2026-09-29T22:54:43.1232086Z gmake[3]: Leaving directory '/home/runner/work/strata/strata/build/cmake'
2026-09-29T22:54:43.1260457Z gmake[3]: Entering directory '/home/runner/work/strata/strata/build/cmake'
2026-09-29T22:54:43.1281638Z [ 87%] Linking CXX executable fuzz_corpus_tests
2026-09-29T22:54:43.1755830Z gmake[3]: Leaving directory '/home/runner/work/strata/strata/build/cmake'
2026-09-29T22:54:43.1782574Z [ 93%] Built target fuzz_corpus_tests
2026-09-29T22:54:43.1796436Z gmake[3]: Entering directory '/home/runner/work/strata/strata/build/cmake'
2026-09-29T22:54:43.1884369Z gmake[3]: Leaving directory '/home/runner/work/strata/strata/build/cmake'
2026-09-29T22:54:43.1912405Z gmake[3]: Entering directory '/home/runner/work/strata/strata/build/cmake'
2026-09-29T22:54:43.1934673Z [ 94%] Linking CXX executable stress_deep_tests
2026-09-29T22:54:43.2409630Z gmake[3]: Leaving directory '/home/runner/work/strata/strata/build/cmake'
2026-09-29T22:54:43.2437639Z [100%] Built target stress_deep_tests
2026-09-29T22:54:43.2441647Z gmake[2]: Leaving directory '/home/runner/work/strata/strata/build/cmake'
2026-09-29T22:54:43.2489715Z gmake[1]: Leaving directory '/home/runner/work/strata/strata/build/cmake'
2026-09-29T22:54:43.2499540Z + /home/runner/work/strata/strata/.venv/bin/ctest --test-dir build/cmake --build-config Release --output-on-failure --no-tests=error
2026-09-29T22:54:43.3396570Z Test project /home/runner/work/strata/strata/build/cmake
2026-09-29T22:54:43.3401678Z       Start  1: smoke_tests
2026-09-29T22:54:43.3415063Z  1/16 Test  #1: smoke_tests ......................   Passed    0.00 sec
2026-09-29T22:54:43.3416674Z       Start  2: json_core_tests
2026-09-29T22:54:43.3429279Z  2/16 Test  #2: json_core_tests ..................   Passed    0.00 sec
2026-09-29T22:54:43.3430528Z       Start  3: json_parse_tests
2026-09-29T22:54:43.3443081Z  3/16 Test  #3: json_parse_tests .................   Passed    0.00 sec
2026-09-29T22:54:43.3444391Z       Start  4: fast_parse_tests
2026-09-29T22:54:43.3856477Z  4/16 Test  #4: fast_parse_tests .................   Passed    0.04 sec
2026-09-29T22:54:43.3857824Z       Start  5: value_cursor_tests
2026-09-29T22:54:43.3899961Z  5/16 Test  #5: value_cursor_tests ...............   Passed    0.00 sec
2026-09-29T22:54:43.3901207Z       Start  6: json_serialize_tests
2026-09-29T22:54:43.3913654Z  6/16 Test  #6: json_serialize_tests .............   Passed    0.00 sec
2026-09-29T22:54:43.3914909Z       Start  7: float_precision_tests
2026-09-29T22:54:45.3458154Z  7/16 Test  #7: float_precision_tests ............   Passed    1.95 sec
2026-09-29T22:54:45.3459431Z       Start  8: json_cursor_tests
2026-09-29T22:54:45.3472863Z  8/16 Test  #8: json_cursor_tests ................   Passed    0.00 sec
2026-09-29T22:54:45.3474023Z       Start  9: ndjson_tests
2026-09-29T22:54:45.3504647Z  9/16 Test  #9: ndjson_tests .....................   Passed    0.00 sec
2026-09-29T22:54:45.3505433Z       Start 10: jsonpath_tests
2026-09-29T22:54:45.3518144Z 10/16 Test #10: jsonpath_tests ...................   Passed    0.00 sec
2026-09-29T22:54:45.3519194Z       Start 11: jsonpath_stream_tests
2026-09-29T22:54:45.3534634Z 11/16 Test #11: jsonpath_stream_tests ............   Passed    0.00 sec
2026-09-29T22:54:45.3535531Z       Start 12: scan_tests
2026-09-29T22:54:45.3642291Z 12/16 Test #12: scan_tests .......................   Passed    0.01 sec
2026-09-29T22:54:45.3643344Z       Start 13: temporal_tests
2026-09-29T22:54:45.3723797Z 13/16 Test #13: temporal_tests ...................   Passed    0.01 sec
2026-09-29T22:54:45.3724774Z       Start 14: folder_tests
2026-09-29T22:54:45.3757378Z 14/16 Test #14: folder_tests .....................   Passed    0.00 sec
2026-09-29T22:54:45.3758397Z       Start 15: fuzz_corpus_tests
2026-09-29T22:54:45.3787537Z 15/16 Test #15: fuzz_corpus_tests ................   Passed    0.00 sec
2026-09-29T22:54:45.3788675Z       Start 16: stress_deep_tests
2026-09-29T22:54:45.3811986Z 16/16 Test #16: stress_deep_tests ................   Passed    0.00 sec
2026-09-29T22:54:45.3814913Z 
2026-09-29T22:54:45.3815090Z 100% tests passed out of 16
2026-09-29T22:54:45.3815228Z 
2026-09-29T22:54:45.3815315Z Total Test time (real) =   2.04 sec
2026-09-29T22:54:45.4109259Z + pytest tests/py tests/unit --basetemp=/tmp/pytest-of-runner/ji2_m3rk
2026-09-29T22:54:45.8311936Z ============================= test session starts ==============================
2026-09-29T22:54:45.8312377Z platform linux -- Python 3.12.14, pytest-9.1.1, pluggy-1.6.0
2026-09-29T22:54:45.8312577Z rootdir: /home/runner/work/strata/strata
2026-09-29T22:54:45.8312743Z configfile: pyproject.toml
2026-09-29T22:54:45.8312888Z plugins: platformdirs-4.12.2, cov-7.1.0
2026-09-29T22:54:45.8313037Z collected 3925 items
2026-09-29T22:54:45.8313113Z 
2026-09-29T22:54:45.8417627Z tests/py/native_types/test_native_dump.py ..............                 [  0%]
2026-09-29T22:54:45.8998527Z tests/py/native_types/test_native_fast_paths.py ........ssssssssss...... [  0%]
2026-09-29T22:54:46.0376296Z .............................                                            [  1%]
2026-09-29T22:54:46.0768850Z tests/py/native_types/test_native_import.py ...                          [  1%]
2026-09-29T22:54:46.1006631Z tests/py/native_types/test_native_opt_out.py ........................... [  2%]
2026-09-29T22:54:46.1009552Z                                                                          [  2%]
2026-09-29T22:54:46.1527351Z tests/py/native_types/test_native_oracle.py .........                    [  2%]
2026-09-29T22:54:46.4135290Z tests/py/native_types/test_native_reentrancy.py ........................ [  3%]
2026-09-29T22:54:47.0043888Z ..................................................                       [  4%]
2026-09-29T22:54:47.0257200Z tests/py/native_types/test_parse_types.py .............................. [  5%]
2026-09-29T22:54:47.2535550Z ............................................................             [  6%]
2026-09-29T22:54:47.2635501Z tests/py/test_dumps_brace_fold.py .........                              [  7%]
2026-09-29T22:54:47.2812462Z tests/py/test_dumps_cycles_fused.py .................................... [  8%]
2026-09-29T22:54:47.3082288Z ....................................................                     [  9%]
2026-09-29T22:54:47.4767720Z tests/py/test_dumps_general_tables.py ............................       [ 10%]
2026-09-29T22:54:47.8334480Z tests/py/test_dumps_with_default.py .................................... [ 10%]
2026-09-29T22:54:48.0621747Z .............................ss                                          [ 11%]
2026-09-29T22:54:48.0797234Z tests/py/test_dumps_with_default_contract.py ........................... [ 12%]
2026-09-29T22:54:48.1286951Z ........................................................................ [ 14%]
2026-09-29T22:54:48.1793278Z ........................................................................ [ 16%]
2026-09-29T22:54:48.2110521Z ..........................                                               [ 16%]
2026-09-29T22:54:48.2131348Z tests/py/test_fused_verification.py ..                                   [ 16%]
2026-09-29T22:54:48.2286678Z tests/py/test_json_parity.py ........................................... [ 17%]
2026-09-29T22:54:48.2541462Z ........................................................................ [ 19%]
2026-09-29T22:54:48.2796587Z ........................................................................ [ 21%]
2026-09-29T22:54:48.3064961Z ........................................................................ [ 23%]
2026-09-29T22:54:48.3333680Z ........................................................................ [ 25%]
2026-09-29T22:54:48.3596637Z ........................................................................ [ 27%]
2026-09-29T22:54:48.3865391Z ........................................................................ [ 28%]
2026-09-29T22:54:48.4126101Z ........................................................................ [ 30%]
2026-09-29T22:54:48.4385017Z ........................................................................ [ 32%]
2026-09-29T22:54:48.4650087Z ........................................................................ [ 34%]
2026-09-29T22:54:48.4910037Z ........................................................................ [ 36%]
2026-09-29T22:54:48.5168531Z ........................................................................ [ 38%]
2026-09-29T22:54:48.5424559Z ........................................................................ [ 39%]
2026-09-29T22:54:48.5674825Z ........................................................................ [ 41%]
2026-09-29T22:54:48.5922439Z ........................................................................ [ 43%]
2026-09-29T22:54:48.6171651Z ........................................................................ [ 45%]
2026-09-29T22:54:48.6417970Z ........................................................................ [ 47%]
2026-09-29T22:54:48.6556370Z .................................                                        [ 48%]
2026-09-29T22:54:48.6811710Z tests/py/test_path_dispatch.py ................................          [ 48%]
2026-09-29T22:54:48.6822744Z tests/py/test_py_tests_basetemp.py ..                                    [ 48%]
2026-09-29T22:54:48.6833780Z tests/py/test_smoke.py ...                                               [ 49%]
2026-09-29T22:54:48.6978344Z tests/unit/native_types/test_build_sources.py .......                    [ 49%]
2026-09-29T22:54:48.7885896Z tests/unit/native_types/test_hook_import_gating.py .......               [ 49%]
2026-09-29T22:54:48.8394913Z tests/unit/native_types/test_hook_profile_build.py ...............       [ 49%]
2026-09-29T22:54:48.8455783Z tests/unit/native_types/test_native_benchmark_agreement.py ...........   [ 50%]
2026-09-29T22:54:48.9065090Z tests/unit/native_types/test_native_benchmark_dataset.py .....           [ 50%]
2026-09-29T22:54:48.9088839Z tests/unit/native_types/test_native_benchmark_rows.py .......            [ 50%]
2026-09-29T22:54:48.9178707Z tests/unit/native_types/test_native_ci_fetch.py ....                     [ 50%]
2026-09-29T22:54:48.9250086Z tests/unit/native_types/test_native_ci_summary.py .....                  [ 50%]
2026-09-29T22:54:48.9527649Z tests/unit/native_types/test_native_flag.py ..........................s. [ 51%]
2026-09-29T22:54:48.9772655Z ..                                                                       [ 51%]
2026-09-29T22:54:48.9850283Z tests/unit/native_types/test_native_identity_ab.py .......               [ 51%]
2026-09-29T22:54:48.9970125Z tests/unit/native_types/test_native_opt_out.py ......................... [ 52%]
2026-09-29T22:54:49.0309496Z ........................................................................ [ 54%]
2026-09-29T22:54:49.0532582Z ..................................................                       [ 55%]
2026-09-29T22:54:49.0623594Z tests/unit/native_types/test_parse_contract.py ......................... [ 55%]
2026-09-29T22:54:49.1047969Z .................................................                        [ 57%]
2026-09-29T22:54:49.1125660Z tests/unit/native_types/test_serializer_contract.py .................... [ 57%]
2026-09-29T22:54:49.3301613Z ........................................................................ [ 59%]
2026-09-29T22:54:49.3550182Z ................................................                         [ 60%]
2026-09-29T22:54:49.3930615Z tests/unit/native_types/test_training_scope.py .............             [ 61%]
2026-09-29T22:54:49.6494715Z tests/unit/test_ab_analysis.py ......................................    [ 62%]
2026-09-29T22:54:49.6566060Z tests/unit/test_build_manifest.py ...........                            [ 62%]
2026-09-29T22:54:49.6641655Z tests/unit/test_canonical_builds.py ....                                 [ 62%]
2026-09-29T22:54:49.7811443Z tests/unit/test_ci_fetch.py ........................                     [ 63%]
2026-09-29T22:54:49.8369137Z tests/unit/test_ci_summary.py .......................                    [ 63%]
2026-09-29T22:54:49.8469206Z tests/unit/test_config.py ...........................                    [ 64%]
2026-09-29T22:54:49.8571759Z tests/unit/test_core_purity.py ....                                      [ 64%]
2026-09-29T22:54:49.8644249Z tests/unit/test_cross_sample.py ......                                   [ 64%]
2026-09-29T22:54:49.8945842Z tests/unit/test_dumps.py ............................................... [ 65%]
2026-09-29T22:54:49.9019635Z ..........                                                               [ 66%]
2026-09-29T22:54:49.9117946Z tests/unit/test_dumps_brace_fold.py .........                            [ 66%]
2026-09-29T22:54:50.0576430Z tests/unit/test_dumps_cold_start.py ....                                 [ 66%]
2026-09-29T22:54:50.0733878Z tests/unit/test_dumps_contract.py ...................................... [ 67%]
2026-09-29T22:54:50.1029148Z .............................................................            [ 68%]
2026-09-29T22:54:50.1208530Z tests/unit/test_dumps_cycles_fused.py .................................. [ 69%]
2026-09-29T22:54:50.1507913Z ......................................................                   [ 71%]
2026-09-29T22:54:50.4096991Z tests/unit/test_dumps_general_tables.py ............................     [ 71%]
2026-09-29T22:54:50.8065415Z tests/unit/test_dumps_latch.py ............................              [ 72%]
2026-09-29T22:54:50.8644733Z tests/unit/test_dumps_private_cache.py ................................  [ 73%]
2026-09-29T22:54:51.4656920Z tests/unit/test_dumps_reentrancy.py .................................... [ 74%]
2026-09-29T22:54:52.5234762Z ......................................................................   [ 76%]
2026-09-29T22:54:53.1701738Z tests/unit/test_dumps_reentrancy_review.py ............................. [ 76%]
2026-09-29T22:54:53.3157016Z ..                                                                       [ 76%]
2026-09-29T22:54:53.3484880Z tests/unit/test_dumps_schema_failure.py ...........................      [ 77%]
2026-09-29T22:54:53.7638758Z tests/unit/test_dumps_user_step_counter.py ..........................    [ 78%]
2026-09-29T22:54:53.7783233Z tests/unit/test_dumps_with_default.py .................................. [ 79%]
2026-09-29T22:54:53.8090224Z ........................................................................ [ 80%]
2026-09-29T22:54:53.8896794Z .........................................................                [ 82%]
2026-09-29T22:54:53.9012630Z tests/unit/test_dumps_with_default_state.py ............................ [ 83%]
2026-09-29T22:54:53.9470657Z ........................................................................ [ 84%]
2026-09-29T22:54:54.0326753Z ..............                                                           [ 85%]
2026-09-29T22:54:54.0807335Z tests/unit/test_folder.py .............................................. [ 86%]
2026-09-29T22:54:54.1307650Z .........................................                                [ 87%]
2026-09-29T22:54:54.1330598Z tests/unit/test_fused_verification.py ..                                 [ 87%]
2026-09-29T22:54:54.1661405Z tests/unit/test_hook_build_scope.py ...............................      [ 88%]
2026-09-29T22:54:54.2708186Z tests/unit/test_json_cursor.py ...........................               [ 89%]
2026-09-29T22:54:54.2876846Z tests/unit/test_jsonpath.py ............................................ [ 90%]
2026-09-29T22:54:54.3766575Z .......................................................................  [ 91%]
2026-09-29T22:54:54.4343800Z tests/unit/test_load_dump.py ........................................... [ 93%]
2026-09-29T22:54:54.4347331Z                                                                          [ 93%]
2026-09-29T22:54:54.4525895Z tests/unit/test_loads.py ............................................... [ 94%]
2026-09-29T22:54:54.5032053Z ........................................................................ [ 96%]
2026-09-29T22:54:55.1302915Z ................                                                         [ 96%]
2026-09-29T22:54:55.1341514Z tests/unit/test_native_interleaved_profile.py ...                        [ 96%]
2026-09-29T22:54:55.1928106Z tests/unit/test_nested_container_probe.py ....                           [ 96%]
2026-09-29T22:54:55.2289389Z tests/unit/test_path_dispatch.py ................................        [ 97%]
2026-09-29T22:54:55.2542366Z tests/unit/test_provenance.py ..................                         [ 97%]
2026-09-29T22:54:55.2889348Z tests/unit/test_regression_check.py ..........................           [ 98%]
2026-09-29T22:54:55.3783172Z tests/unit/test_search_stream.py .................                       [ 99%]
2026-09-29T22:54:55.3789055Z tests/unit/test_string_identity_probe.py .                               [ 99%]
2026-09-29T22:54:55.4256648Z tests/unit/test_supplementary.py .............                           [ 99%]
2026-09-29T22:54:55.4624120Z tests/unit/test_supportability_check.py ....................             [ 99%]
2026-09-29T22:54:55.5402474Z tests/unit/test_version.py ....                                          [100%]
2026-09-29T22:54:55.5402795Z 
2026-09-29T22:54:55.5402939Z ======================= 3912 passed, 13 skipped in 9.96s =======================
2026-09-29T22:54:55.7004098Z ==> PGO: generating benchmark data
2026-09-29T22:54:55.7018997Z make[1]: Entering directory '/home/runner/work/strata/strata'
2026-09-29T22:54:55.7019509Z PYTHONPATH=. .venv/bin/python -m benchmarks.data.generate_bench_data --out-dir benchmarks/data/generated/small  --num-users 1000 --max-orders 10 --max-items 5  --records 500
2026-09-29T22:54:55.8855788Z   benchmarks/data/generated/small/users.json  (1680 KB)
2026-09-29T22:54:55.8856037Z   benchmarks/data/generated/small/users.ndjson  (1679 KB)
2026-09-29T22:54:55.8856238Z   benchmarks/data/generated/small/flat.json  (209 KB)
2026-09-29T22:54:55.8856458Z   benchmarks/data/generated/small/nested.json  (148 KB)
2026-09-29T22:54:55.8856660Z   benchmarks/data/generated/small/wide_arrays.json  (1218 KB)
2026-09-29T22:54:55.8856860Z   benchmarks/data/generated/small/mixed.json  (34 KB)
2026-09-29T22:54:55.8907385Z PYTHONPATH=. .venv/bin/python -m benchmarks.data.generate_bench_data --out-dir benchmarks/data/generated/medium --num-users 2000 --max-orders 20 --max-items 10 --records 2000
2026-09-29T22:54:56.7842501Z   benchmarks/data/generated/medium/users.json  (9883 KB)
2026-09-29T22:54:56.7842931Z   benchmarks/data/generated/medium/users.ndjson  (9881 KB)
2026-09-29T22:54:56.7843234Z   benchmarks/data/generated/medium/flat.json  (836 KB)
2026-09-29T22:54:56.7843698Z   benchmarks/data/generated/medium/nested.json  (594 KB)
2026-09-29T22:54:56.7844007Z   benchmarks/data/generated/medium/wide_arrays.json  (4874 KB)
2026-09-29T22:54:56.7844322Z   benchmarks/data/generated/medium/mixed.json  (138 KB)
2026-09-29T22:54:56.7903820Z PYTHONPATH=. .venv/bin/python -m benchmarks.data.generate_bench_data --out-dir benchmarks/data/generated/large  --num-users 4000 --max-orders 40 --max-items 20 --records 5000
2026-09-29T22:55:02.6353312Z   benchmarks/data/generated/large/users.json  (68083 KB)
2026-09-29T22:55:02.6353911Z   benchmarks/data/generated/large/users.ndjson  (68079 KB)
2026-09-29T22:55:02.6354219Z   benchmarks/data/generated/large/flat.json  (2092 KB)
2026-09-29T22:55:02.6354527Z   benchmarks/data/generated/large/nested.json  (1488 KB)
2026-09-29T22:55:02.6354880Z   benchmarks/data/generated/large/wide_arrays.json  (12185 KB)
2026-09-29T22:55:02.6355196Z   benchmarks/data/generated/large/mixed.json  (347 KB)
2026-09-29T22:55:02.6452062Z make[1]: Leaving directory '/home/runner/work/strata/strata'
2026-09-29T22:55:02.6454208Z ==> PGO: verification benchmarks
2026-09-29T22:55:15.4063525Z wrote build/pgo/bench_results_pgo.md
2026-09-29T22:55:15.4183989Z ==> PGO complete
2026-09-29T22:55:15.4184287Z     profile: /home/runner/work/strata/strata/build/pgo/strata.profdata
2026-09-29T22:55:15.4184648Z     results: build/pgo/bench_results_pgo.md
2026-09-29T22:55:15.4184891Z     The installed extension is now the PGO+LTO build.
2026-09-29T22:55:15.4213646Z ##[group]Run PYTHONPATH=. .venv/bin/python -m benchmarks.data.generate_bench_data \
2026-09-29T22:55:15.4213986Z PYTHONPATH=. .venv/bin/python -m benchmarks.data.generate_bench_data \
2026-09-29T22:55:15.4214216Z   --out-dir benchmarks/data/generated/small \
2026-09-29T22:55:15.4214441Z   --num-users 1000 --max-orders 10 --max-items 5 --records 500
2026-09-29T22:55:15.4268735Z shell: /usr/bin/bash -e {0}
2026-09-29T22:55:15.4268864Z env:
2026-09-29T22:55:15.4268960Z   ARCHFLAGS: 
2026-09-29T22:55:15.4269105Z   pythonLocation: /opt/hostedtoolcache/Python/3.12.14/x64
2026-09-29T22:55:15.4269327Z   PKG_CONFIG_PATH: /opt/hostedtoolcache/Python/3.12.14/x64/lib/pkgconfig
2026-09-29T22:55:15.4269553Z   Python_ROOT_DIR: /opt/hostedtoolcache/Python/3.12.14/x64
2026-09-29T22:55:15.4269751Z   Python2_ROOT_DIR: /opt/hostedtoolcache/Python/3.12.14/x64
2026-09-29T22:55:15.4269944Z   Python3_ROOT_DIR: /opt/hostedtoolcache/Python/3.12.14/x64
2026-09-29T22:55:15.4270172Z   LD_LIBRARY_PATH: /opt/hostedtoolcache/Python/3.12.14/x64/lib
2026-09-29T22:55:15.4270341Z ##[endgroup]
2026-09-29T22:55:15.6086676Z   benchmarks/data/generated/small/users.json  (1680 KB)
2026-09-29T22:55:15.6087046Z   benchmarks/data/generated/small/users.ndjson  (1679 KB)
2026-09-29T22:55:15.6087341Z   benchmarks/data/generated/small/flat.json  (209 KB)
2026-09-29T22:55:15.6087895Z   benchmarks/data/generated/small/nested.json  (148 KB)
2026-09-29T22:55:15.6088198Z   benchmarks/data/generated/small/wide_arrays.json  (1218 KB)
2026-09-29T22:55:15.6088495Z   benchmarks/data/generated/small/mixed.json  (34 KB)
2026-09-29T22:55:15.6179031Z ##[group]Run PYTHONPATH=. .venv/bin/python -m benchmarks.bench_main \
2026-09-29T22:55:15.6179322Z PYTHONPATH=. .venv/bin/python -m benchmarks.bench_main \
2026-09-29T22:55:15.6179515Z   --name "ci-linux-x86_64" \
2026-09-29T22:55:15.6179664Z   --repeat 10 --warmup 2 \
2026-09-29T22:55:15.6179845Z   --dataset benchmarks/data/generated/small/users.json \
2026-09-29T22:55:15.6180062Z   --dataset benchmarks/data/generated/small/users.ndjson \
2026-09-29T22:55:15.6180275Z   --dataset benchmarks/data/generated/small/flat.json \
2026-09-29T22:55:15.6180487Z   --dataset benchmarks/data/generated/small/nested.json \
2026-09-29T22:55:15.6180716Z   --dataset benchmarks/data/generated/small/wide_arrays.json \
2026-09-29T22:55:15.6180937Z   --dataset benchmarks/data/generated/small/mixed.json \
2026-09-29T22:55:15.6181124Z   --output "bench_ci_linux-x86_64.md"
2026-09-29T22:55:15.6234372Z shell: /usr/bin/bash -e {0}
2026-09-29T22:55:15.6234506Z env:
2026-09-29T22:55:15.6234604Z   ARCHFLAGS: 
2026-09-29T22:55:15.6234751Z   pythonLocation: /opt/hostedtoolcache/Python/3.12.14/x64
2026-09-29T22:55:15.6234973Z   PKG_CONFIG_PATH: /opt/hostedtoolcache/Python/3.12.14/x64/lib/pkgconfig
2026-09-29T22:55:15.6235191Z   Python_ROOT_DIR: /opt/hostedtoolcache/Python/3.12.14/x64
2026-09-29T22:55:15.6235388Z   Python2_ROOT_DIR: /opt/hostedtoolcache/Python/3.12.14/x64
2026-09-29T22:55:15.6235584Z   Python3_ROOT_DIR: /opt/hostedtoolcache/Python/3.12.14/x64
2026-09-29T22:55:15.6235780Z   LD_LIBRARY_PATH: /opt/hostedtoolcache/Python/3.12.14/x64/lib
2026-09-29T22:55:15.6235943Z   PGO_MODE: use
2026-09-29T22:55:15.6236055Z   STRATA_ENABLE_LTO: 1
2026-09-29T22:55:15.6236168Z ##[endgroup]
2026-09-29T22:55:31.3362411Z wrote bench_ci_linux-x86_64.md
2026-09-29T22:55:31.3511548Z ##[group]Run PYTHONPATH=. .venv/bin/python -m benchmarks.supportability_check \
2026-09-29T22:55:31.3512058Z PYTHONPATH=. .venv/bin/python -m benchmarks.supportability_check \
2026-09-29T22:55:31.3512386Z   "bench_ci_linux-x86_64.md"
2026-09-29T22:55:31.3580041Z shell: /usr/bin/bash -e {0}
2026-09-29T22:55:31.3580240Z env:
2026-09-29T22:55:31.3580346Z   ARCHFLAGS: 
2026-09-29T22:55:31.3580501Z   pythonLocation: /opt/hostedtoolcache/Python/3.12.14/x64
2026-09-29T22:55:31.3580735Z   PKG_CONFIG_PATH: /opt/hostedtoolcache/Python/3.12.14/x64/lib/pkgconfig
2026-09-29T22:55:31.3580959Z   Python_ROOT_DIR: /opt/hostedtoolcache/Python/3.12.14/x64
2026-09-29T22:55:31.3581163Z   Python2_ROOT_DIR: /opt/hostedtoolcache/Python/3.12.14/x64
2026-09-29T22:55:31.3581365Z   Python3_ROOT_DIR: /opt/hostedtoolcache/Python/3.12.14/x64
2026-09-29T22:55:31.3581577Z   LD_LIBRARY_PATH: /opt/hostedtoolcache/Python/3.12.14/x64/lib
2026-09-29T22:55:31.3581747Z ##[endgroup]
2026-09-29T22:55:31.4161704Z supportability: bench_ci_linux-x86_64.md: 27/27 declared rows, no problems; 27 rows within 3.0x, no ERROR rows
2026-09-29T22:55:31.4251537Z ##[group]Run PYTHONPATH=. .venv/bin/python -m benchmarks.native_v1 \
2026-09-29T22:55:31.4251804Z PYTHONPATH=. .venv/bin/python -m benchmarks.native_v1 \
2026-09-29T22:55:31.4252020Z   --data benchmarks/data/generated --tiers small \
2026-09-29T22:55:31.4252195Z   --repeat 30 --warmup 2 \
2026-09-29T22:55:31.4252351Z   --output "bench_native_linux-x86_64.md"
2026-09-29T22:55:31.4300887Z shell: /usr/bin/bash -e {0}
2026-09-29T22:55:31.4301016Z env:
2026-09-29T22:55:31.4301115Z   ARCHFLAGS: 
2026-09-29T22:55:31.4301259Z   pythonLocation: /opt/hostedtoolcache/Python/3.12.14/x64
2026-09-29T22:55:31.4301481Z   PKG_CONFIG_PATH: /opt/hostedtoolcache/Python/3.12.14/x64/lib/pkgconfig
2026-09-29T22:55:31.4301845Z   Python_ROOT_DIR: /opt/hostedtoolcache/Python/3.12.14/x64
2026-09-29T22:55:31.4302041Z   Python2_ROOT_DIR: /opt/hostedtoolcache/Python/3.12.14/x64
2026-09-29T22:55:31.4302236Z   Python3_ROOT_DIR: /opt/hostedtoolcache/Python/3.12.14/x64
2026-09-29T22:55:31.4302458Z   LD_LIBRARY_PATH: /opt/hostedtoolcache/Python/3.12.14/x64/lib
2026-09-29T22:55:31.4302624Z   PGO_MODE: use
2026-09-29T22:55:31.4302729Z   STRATA_ENABLE_LTO: 1
2026-09-29T22:55:31.4302842Z ##[endgroup]
2026-09-29T22:55:32.5833948Z native-v1: 2/2 declared rows, 1 extra
2026-09-29T22:55:32.5834210Z native-v1: 1/1 declared rows, 2 extra
2026-09-29T22:55:32.5834432Z native-v1: 1/1 declared rows, 2 extra
2026-09-29T22:55:32.5952751Z ##[group]Run PYTHONPATH=. .venv/bin/python scripts/identity_ab.py \
2026-09-29T22:55:32.5953022Z PYTHONPATH=. .venv/bin/python scripts/identity_ab.py \
2026-09-29T22:55:32.5953238Z   --base "234ea15861d2f37b1b55c6251281a49021864441" \
2026-09-29T22:55:32.5953619Z   --arm-dir "/home/runner/work/_temp/identity-arm" \
2026-09-29T22:55:32.5953815Z   --out "identity-linux-x86_64"
2026-09-29T22:55:32.5954019Z cp "identity-linux-x86_64/identity.txt" "identity-linux-x86_64.txt"
2026-09-29T22:55:32.6007533Z shell: /usr/bin/bash -e {0}
2026-09-29T22:55:32.6007669Z env:
2026-09-29T22:55:32.6007770Z   ARCHFLAGS: 
2026-09-29T22:55:32.6007917Z   pythonLocation: /opt/hostedtoolcache/Python/3.12.14/x64
2026-09-29T22:55:32.6008140Z   PKG_CONFIG_PATH: /opt/hostedtoolcache/Python/3.12.14/x64/lib/pkgconfig
2026-09-29T22:55:32.6008360Z   Python_ROOT_DIR: /opt/hostedtoolcache/Python/3.12.14/x64
2026-09-29T22:55:32.6008605Z   Python2_ROOT_DIR: /opt/hostedtoolcache/Python/3.12.14/x64
2026-09-29T22:55:32.6008801Z   Python3_ROOT_DIR: /opt/hostedtoolcache/Python/3.12.14/x64
2026-09-29T22:55:32.6008998Z   LD_LIBRARY_PATH: /opt/hostedtoolcache/Python/3.12.14/x64/lib
2026-09-29T22:55:32.6009168Z ##[endgroup]
2026-09-29T22:55:32.6315432Z + git worktree add --force --detach /home/runner/work/_temp/identity-arm 234ea15861d2f37b1b55c6251281a49021864441
2026-09-29T22:55:32.6330167Z Preparing worktree (detached HEAD 234ea15)
2026-09-29T22:55:32.7624407Z HEAD is now at 234ea15 Merge M13: framework adapters, reconciled with native precedence
2026-09-29T22:55:32.7645514Z + make install-bench
2026-09-29T22:55:32.7661334Z python3 -m venv .venv
2026-09-29T22:55:34.2744118Z .venv/bin/python -m pip install -U pip setuptools wheel
2026-09-29T22:55:34.5061855Z Requirement already satisfied: pip in ./.venv/lib/python3.12/site-packages (25.0.1)
2026-09-29T22:55:34.5747266Z Collecting pip
2026-09-29T22:55:34.5755784Z   Using cached pip-26.2.1-py3-none-any.whl.metadata (4.6 kB)
2026-09-29T22:55:34.6493003Z Collecting setuptools
2026-09-29T22:55:34.6500928Z   Using cached setuptools-84.0.0-py3-none-any.whl.metadata (6.6 kB)
2026-09-29T22:55:34.6742868Z Collecting wheel
2026-09-29T22:55:34.6750187Z   Using cached wheel-0.48.0-py3-none-any.whl.metadata (2.3 kB)
2026-09-29T22:55:34.6942450Z Collecting packaging>=24.0 (from wheel)
2026-09-29T22:55:34.6949531Z   Using cached packaging-26.3-py3-none-any.whl.metadata (3.5 kB)
2026-09-29T22:55:34.6968428Z Using cached pip-26.2.1-py3-none-any.whl (1.8 MB)
2026-09-29T22:55:34.6979822Z Using cached setuptools-84.0.0-py3-none-any.whl (818 kB)
2026-09-29T22:55:34.6988597Z Using cached wheel-0.48.0-py3-none-any.whl (33 kB)
2026-09-29T22:55:34.6995016Z Using cached packaging-26.3-py3-none-any.whl (129 kB)
2026-09-29T22:55:34.7143789Z Installing collected packages: setuptools, pip, packaging, wheel
2026-09-29T22:55:35.0048280Z   Attempting uninstall: pip
2026-09-29T22:55:35.0063041Z     Found existing installation: pip 25.0.1
2026-09-29T22:55:35.0262590Z     Uninstalling pip-25.0.1:
2026-09-29T22:55:35.0297540Z       Successfully uninstalled pip-25.0.1
2026-09-29T22:55:35.6138202Z Successfully installed packaging-26.3 pip-26.2.1 setuptools-84.0.0 wheel-0.48.0
2026-09-29T22:55:35.7348330Z .venv/bin/python -m pip install -e '.[dev,bench]'
2026-09-29T22:55:35.9202309Z Obtaining file:///home/runner/work/_temp/identity-arm
2026-09-29T22:55:35.9214864Z   Installing build dependencies: started
2026-09-29T22:55:36.8993902Z   Installing build dependencies: finished with status 'done'
2026-09-29T22:55:36.8998781Z   Checking if build backend supports build_editable: started
2026-09-29T22:55:37.0798520Z   Checking if build backend supports build_editable: finished with status 'done'
2026-09-29T22:55:37.0804264Z   Getting requirements to build editable: started
2026-09-29T22:55:37.3067583Z   Getting requirements to build editable: finished with status 'done'
2026-09-29T22:55:37.3073510Z   Preparing editable metadata (pyproject.toml): started
2026-09-29T22:55:37.4450265Z   Preparing editable metadata (pyproject.toml): finished with status 'done'
2026-09-29T22:55:37.4965700Z Collecting cmake>=3.20 (from strata==2026.8.10)
2026-09-29T22:55:37.4975786Z   Using cached cmake-4.4.3-py3-none-manylinux2014_x86_64.manylinux_2_17_x86_64.whl.metadata (7.0 kB)
2026-09-29T22:55:37.5069060Z Collecting pytest>=7 (from strata==2026.8.10)
2026-09-29T22:55:37.5076665Z   Using cached pytest-9.1.1-py3-none-any.whl.metadata (7.6 kB)
2026-09-29T22:55:37.5121632Z Collecting pytest-cov>=4 (from strata==2026.8.10)
2026-09-29T22:55:37.5128943Z   Using cached pytest_cov-7.1.0-py3-none-any.whl.metadata (32 kB)
2026-09-29T22:55:37.6723685Z Collecting ruff>=0.5 (from strata==2026.8.10)
2026-09-29T22:55:37.6735109Z   Using cached ruff-0.16.9-py3-none-manylinux_2_17_x86_64.manylinux2014_x86_64.whl.metadata (20 kB)
2026-09-29T22:55:37.6849376Z Collecting pre-commit>=3.5 (from strata==2026.8.10)
2026-09-29T22:55:37.6859942Z   Using cached pre_commit-4.6.2-py2.py3-none-any.whl.metadata (1.2 kB)
2026-09-29T22:55:37.7132057Z Collecting clang-format<22,>=21 (from strata==2026.8.10)
2026-09-29T22:55:37.7143716Z   Using cached clang_format-21.1.8-py2.py3-none-manylinux_2_27_x86_64.manylinux_2_28_x86_64.whl.metadata (4.7 kB)
2026-09-29T22:55:37.8271935Z Collecting orjson (from strata==2026.8.10)
2026-09-29T22:55:37.8282073Z   Using cached orjson-3.12.0-cp312-cp312-manylinux_2_17_x86_64.manylinux2014_x86_64.whl.metadata (41 kB)
2026-09-29T22:55:37.8708898Z Collecting msgspec (from strata==2026.8.10)
2026-09-29T22:55:37.8718158Z   Using cached msgspec-0.22.0-cp312-cp312-manylinux2014_x86_64.manylinux_2_17_x86_64.manylinux_2_28_x86_64.whl.metadata (6.0 kB)
2026-09-29T22:55:37.9014532Z Collecting ujson (from strata==2026.8.10)
2026-09-29T22:55:37.9022675Z   Using cached ujson-6.0.0-cp312-cp312-manylinux_2_24_x86_64.manylinux_2_28_x86_64.whl.metadata (10.0 kB)
2026-09-29T22:55:37.9193200Z Collecting pysimdjson (from strata==2026.8.10)
2026-09-29T22:55:37.9201247Z   Using cached pysimdjson-7.0.2-cp312-cp312-manylinux_2_17_x86_64.manylinux2014_x86_64.whl.metadata (1.1 kB)
2026-09-29T22:55:37.9229421Z Collecting jmespath (from strata==2026.8.10)
2026-09-29T22:55:37.9236607Z   Using cached jmespath-1.1.0-py3-none-any.whl.metadata (7.6 kB)
2026-09-29T22:55:37.9264110Z Collecting jsonpath-ng (from strata==2026.8.10)
2026-09-29T22:55:37.9271240Z   Using cached jsonpath_ng-1.8.0-py3-none-any.whl.metadata (18 kB)
2026-09-29T22:55:37.9545668Z Collecting psutil>=5 (from strata==2026.8.10)
2026-09-29T22:55:37.9553992Z   Using cached psutil-7.2.2-cp36-abi3-manylinux2010_x86_64.manylinux_2_12_x86_64.manylinux_2_28_x86_64.whl.metadata (22 kB)
2026-09-29T22:55:37.9606844Z Collecting cfgv>=2.0.0 (from pre-commit>=3.5->strata==2026.8.10)
2026-09-29T22:55:37.9614004Z   Using cached cfgv-3.5.0-py2.py3-none-any.whl.metadata (8.9 kB)
2026-09-29T22:55:37.9739022Z Collecting identify>=1.0.0 (from pre-commit>=3.5->strata==2026.8.10)
2026-09-29T22:55:37.9746580Z   Using cached identify-2.6.20-py2.py3-none-any.whl.metadata (4.4 kB)
2026-09-29T22:55:37.9784670Z Collecting nodeenv>=0.11.1 (from pre-commit>=3.5->strata==2026.8.10)
2026-09-29T22:55:37.9791892Z   Using cached nodeenv-1.11.0-py2.py3-none-any.whl.metadata (40 kB)
2026-09-29T22:55:37.9936420Z Collecting pyyaml>=5.1 (from pre-commit>=3.5->strata==2026.8.10)
2026-09-29T22:55:37.9944214Z   Using cached pyyaml-6.0.3-cp312-cp312-manylinux2014_x86_64.manylinux_2_17_x86_64.manylinux_2_28_x86_64.whl.metadata (2.4 kB)
2026-09-29T22:55:38.0091751Z Collecting virtualenv>=20.10.0 (from pre-commit>=3.5->strata==2026.8.10)
2026-09-29T22:55:38.0099329Z   Using cached virtualenv-21.14.0-py3-none-any.whl.metadata (4.1 kB)
2026-09-29T22:55:38.0136432Z Collecting iniconfig>=1.0.1 (from pytest>=7->strata==2026.8.10)
2026-09-29T22:55:38.0143785Z   Using cached iniconfig-2.3.0-py3-none-any.whl.metadata (2.5 kB)
2026-09-29T22:55:38.0153601Z Requirement already satisfied: packaging>=22 in ./.venv/lib/python3.12/site-packages (from pytest>=7->strata==2026.8.10) (26.3)
2026-09-29T22:55:38.0176497Z Collecting pluggy<2,>=1.5 (from pytest>=7->strata==2026.8.10)
2026-09-29T22:55:38.0183573Z   Using cached pluggy-1.6.0-py3-none-any.whl.metadata (4.8 kB)
2026-09-29T22:55:38.0239155Z Collecting pygments>=2.7.2 (from pytest>=7->strata==2026.8.10)
2026-09-29T22:55:38.0246521Z   Using cached pygments-2.21.0-py3-none-any.whl.metadata (2.5 kB)
2026-09-29T22:55:38.2505875Z Collecting coverage>=7.10.6 (from coverage[toml]>=7.10.6->pytest-cov>=4->strata==2026.8.10)
2026-09-29T22:55:38.2516931Z   Using cached coverage-7.16.2-cp312-cp312-manylinux1_x86_64.manylinux_2_28_x86_64.manylinux_2_5_x86_64.whl.metadata (8.2 kB)
2026-09-29T22:55:38.2571106Z Collecting distlib<1,>=0.3.7 (from virtualenv>=20.10.0->pre-commit>=3.5->strata==2026.8.10)
2026-09-29T22:55:38.2579226Z   Using cached distlib-0.4.3-py2.py3-none-any.whl.metadata (5.3 kB)
2026-09-29T22:55:38.2653821Z Collecting filelock<5,>=3.24.2 (from virtualenv>=20.10.0->pre-commit>=3.5->strata==2026.8.10)
2026-09-29T22:55:38.2661520Z   Using cached filelock-4.0.6-py3-none-any.whl.metadata (2.0 kB)
2026-09-29T22:55:38.2723988Z Collecting platformdirs<5,>=3.9.1 (from virtualenv>=20.10.0->pre-commit>=3.5->strata==2026.8.10)
2026-09-29T22:55:38.2731467Z   Using cached platformdirs-4.12.2-py3-none-any.whl.metadata (5.5 kB)
2026-09-29T22:55:38.2759845Z Collecting python-discovery>=1.6 (from virtualenv>=20.10.0->pre-commit>=3.5->strata==2026.8.10)
2026-09-29T22:55:38.2767125Z   Using cached python_discovery-1.6.1-py3-none-any.whl.metadata (5.1 kB)
2026-09-29T22:55:38.2816066Z Using cached clang_format-21.1.8-py2.py3-none-manylinux_2_27_x86_64.manylinux_2_28_x86_64.whl (1.8 MB)
2026-09-29T22:55:38.2827587Z Using cached cmake-4.4.3-py3-none-manylinux2014_x86_64.manylinux_2_17_x86_64.whl (30.2 MB)
2026-09-29T22:55:38.2910120Z Using cached pre_commit-4.6.2-py2.py3-none-any.whl (226 kB)
2026-09-29T22:55:38.2917541Z Using cached cfgv-3.5.0-py2.py3-none-any.whl (7.4 kB)
2026-09-29T22:55:38.2924112Z Using cached identify-2.6.20-py2.py3-none-any.whl (99 kB)
2026-09-29T22:55:38.2930903Z Using cached nodeenv-1.11.0-py2.py3-none-any.whl (34 kB)
2026-09-29T22:55:38.2937866Z Using cached psutil-7.2.2-cp36-abi3-manylinux2010_x86_64.manylinux_2_12_x86_64.manylinux_2_28_x86_64.whl (155 kB)
2026-09-29T22:55:38.2944518Z Using cached pytest-9.1.1-py3-none-any.whl (386 kB)
2026-09-29T22:55:38.2951662Z Using cached pluggy-1.6.0-py3-none-any.whl (20 kB)
2026-09-29T22:55:38.2958056Z Using cached iniconfig-2.3.0-py3-none-any.whl (7.5 kB)
2026-09-29T22:55:38.2964307Z Using cached pygments-2.21.0-py3-none-any.whl (1.3 MB)
2026-09-29T22:55:38.2973212Z Using cached pytest_cov-7.1.0-py3-none-any.whl (22 kB)
2026-09-29T22:55:38.2979850Z Using cached coverage-7.16.2-cp312-cp312-manylinux1_x86_64.manylinux_2_28_x86_64.manylinux_2_5_x86_64.whl (258 kB)
2026-09-29T22:55:38.2986989Z Using cached pyyaml-6.0.3-cp312-cp312-manylinux2014_x86_64.manylinux_2_17_x86_64.manylinux_2_28_x86_64.whl (807 kB)
2026-09-29T22:55:38.2995192Z Using cached ruff-0.16.9-py3-none-manylinux_2_17_x86_64.manylinux2014_x86_64.whl (10.4 MB)
2026-09-29T22:55:38.3024645Z Using cached virtualenv-21.14.0-py3-none-any.whl (5.5 MB)
2026-09-29T22:55:38.3042864Z Using cached distlib-0.4.3-py2.py3-none-any.whl (470 kB)
2026-09-29T22:55:38.3050224Z Using cached filelock-4.0.6-py3-none-any.whl (109 kB)
2026-09-29T22:55:38.3056860Z Using cached platformdirs-4.12.2-py3-none-any.whl (32 kB)
2026-09-29T22:55:38.3063221Z Using cached python_discovery-1.6.1-py3-none-any.whl (38 kB)
2026-09-29T22:55:38.3069685Z Using cached jmespath-1.1.0-py3-none-any.whl (20 kB)
2026-09-29T22:55:38.3076014Z Using cached jsonpath_ng-1.8.0-py3-none-any.whl (67 kB)
2026-09-29T22:55:38.3082520Z Using cached msgspec-0.22.0-cp312-cp312-manylinux2014_x86_64.manylinux_2_17_x86_64.manylinux_2_28_x86_64.whl (230 kB)
2026-09-29T22:55:38.3089361Z Using cached orjson-3.12.0-cp312-cp312-manylinux_2_17_x86_64.manylinux2014_x86_64.whl (131 kB)
2026-09-29T22:55:38.3096115Z Using cached pysimdjson-7.0.2-cp312-cp312-manylinux_2_17_x86_64.manylinux2014_x86_64.whl (3.2 MB)
2026-09-29T22:55:38.3109691Z Using cached ujson-6.0.0-cp312-cp312-manylinux_2_24_x86_64.manylinux_2_28_x86_64.whl (56 kB)
2026-09-29T22:55:38.3866289Z Building wheels for collected packages: strata
2026-09-29T22:55:38.3872776Z   Building editable for strata (pyproject.toml): started
2026-09-29T22:56:39.0411567Z   Building editable for strata (pyproject.toml): still running...
2026-09-29T22:57:25.5415069Z   Building editable for strata (pyproject.toml): finished with status 'done'
2026-09-29T22:57:25.5420007Z   Created wheel for strata: filename=strata-2026.8.10-0.editable-cp312-cp312-linux_x86_64.whl size=4457 sha256=9647296fcef71ef79fb869d6da63ac0fe178ea021c701e5948fbb85b85fefbab
2026-09-29T22:57:25.5422094Z   Stored in directory: /tmp/pip-ephem-wheel-cache-tab03jax/wheels/4b/14/de/c01d5c98e482dba508ed0b80beaf37c3b37034de18f4d8fbd4
2026-09-29T22:57:25.5434280Z Successfully built strata
2026-09-29T22:57:25.5878057Z Installing collected packages: jsonpath-ng, distlib, clang-format, ujson, strata, ruff, pyyaml, pysimdjson, pygments, psutil, pluggy, platformdirs, orjson, nodeenv, msgspec, jmespath, iniconfig, identify, filelock, coverage, cmake, cfgv, python-discovery, pytest, virtualenv, pytest-cov, pre-commit
2026-09-29T22:57:27.3260813Z 
2026-09-29T22:57:27.3278889Z Successfully installed cfgv-3.5.0 clang-format-21.1.8 cmake-4.4.3 coverage-7.16.2 distlib-0.4.3 filelock-4.0.6 identify-2.6.20 iniconfig-2.3.0 jmespath-1.1.0 jsonpath-ng-1.8.0 msgspec-0.22.0 nodeenv-1.11.0 orjson-3.12.0 platformdirs-4.12.2 pluggy-1.6.0 pre-commit-4.6.2 psutil-7.2.2 pygments-2.21.0 pysimdjson-7.0.2 pytest-9.1.1 pytest-cov-7.1.0 python-discovery-1.6.1 pyyaml-6.0.3 ruff-0.16.9 strata-2026.8.10 ujson-6.0.0 virtualenv-21.14.0
2026-09-29T22:57:28.0246186Z + make pgo
2026-09-29T22:57:28.0435358Z ==> PGO: compiler is clang
2026-09-29T22:57:28.0454856Z ==> PGO phase 1: instrumented build
2026-09-29T22:57:28.2376676Z Obtaining file:///home/runner/work/_temp/identity-arm
2026-09-29T22:57:28.2389088Z   Installing build dependencies: started
2026-09-29T22:57:29.2528748Z   Installing build dependencies: finished with status 'done'
2026-09-29T22:57:29.2533321Z   Checking if build backend supports build_editable: started
2026-09-29T22:57:29.4296404Z   Checking if build backend supports build_editable: finished with status 'done'
2026-09-29T22:57:29.4302334Z   Getting requirements to build editable: started
2026-09-29T22:57:29.6681446Z   Getting requirements to build editable: finished with status 'done'
2026-09-29T22:57:29.6695628Z   Preparing editable metadata (pyproject.toml): started
2026-09-29T22:57:29.8077982Z   Preparing editable metadata (pyproject.toml): finished with status 'done'
2026-09-29T22:57:29.8112572Z Building wheels for collected packages: strata
2026-09-29T22:57:29.8117738Z   Building editable for strata (pyproject.toml): started
2026-09-29T22:58:01.9007404Z   Building editable for strata (pyproject.toml): finished with status 'done'
2026-09-29T22:58:01.9013001Z   Created wheel for strata: filename=strata-2026.8.10-0.editable-cp312-cp312-linux_x86_64.whl size=4457 sha256=f70c8d5642802e86b4f5947a737f1bcc34d8d69b1fc1998269ffaa4c6e0e6214
2026-09-29T22:58:01.9013949Z   Stored in directory: /tmp/pip-ephem-wheel-cache-kxv0gtuk/wheels/4b/14/de/c01d5c98e482dba508ed0b80beaf37c3b37034de18f4d8fbd4
2026-09-29T22:58:01.9031655Z Successfully built strata
2026-09-29T22:58:01.9101955Z Installing collected packages: strata
2026-09-29T22:58:01.9102764Z   Attempting uninstall: strata
2026-09-29T22:58:01.9115405Z     Found existing installation: strata 2026.8.10
2026-09-29T22:58:01.9125986Z     Uninstalling strata-2026.8.10:
2026-09-29T22:58:01.9299575Z       Successfully uninstalled strata-2026.8.10
2026-09-29T22:58:01.9430835Z Successfully installed strata-2026.8.10
2026-09-29T22:58:02.5845321Z ==> PGO: the hook image must carry no profile
2026-09-29T22:58:02.6188594Z + strata._dumps_hook is unprofiled: _dumps_hook.cpython-312-x86_64-linux-gnu.so.build.json records no profile or profile flag,
2026-09-29T22:58:02.6189107Z   and the image links no profile runtime
2026-09-29T22:58:02.6228189Z ==> PGO: generating training data
2026-09-29T22:58:02.8890951Z   build/pgo/train.json (10.0 MB)
2026-09-29T22:58:02.8891240Z   build/pgo/train.ndjson (10.0 MB)
2026-09-29T22:58:02.8939289Z ==> PGO: running the training workload
2026-09-29T22:58:03.0676030Z PGO training workload
2026-09-29T22:58:03.0676313Z   corpus: 4001 records, 10.0 MB
2026-09-29T22:58:03.0676555Z [1/7] loads
2026-09-29T22:58:03.0676718Z   loads(str): 1x in 0.04s
2026-09-29T22:58:03.1264450Z   loads(bytes): 1x in 0.04s
2026-09-29T22:58:03.1557524Z   loads(sample): 5x in 0.00s
2026-09-29T22:58:03.1798336Z   loads(cursor): 5x in 0.01s
2026-09-29T22:58:03.2002961Z   loads(iterator): 3x in 0.00s
2026-09-29T22:58:03.2311459Z [2/7] dumps
2026-09-29T22:58:03.2311688Z   dumps(str): 1x in 0.01s
2026-09-29T22:58:03.2791359Z   dumps(bytes): 3x in 0.02s
2026-09-29T22:58:03.3013720Z   dumps(sample, bytes): 5x in 0.00s
2026-09-29T22:58:03.3199668Z   dumps(sample): 5x in 0.00s
2026-09-29T22:58:03.3377344Z   dumps(parsed sample, bytes): 2x in 0.00s
2026-09-29T22:58:03.3880217Z [3/7] load
2026-09-29T22:58:03.3880440Z   load(json): 1x in 0.03s
2026-09-29T22:58:03.4499709Z   load(ndjson): 1x in 0.04s
2026-09-29T22:58:03.5098025Z   load(ndjson, iterator): 1x in 0.04s
2026-09-29T22:58:03.5369302Z [4/7] dump
2026-09-29T22:58:03.5369530Z   dump(json): 3x in 0.00s
2026-09-29T22:58:03.5545154Z [5/7] query
2026-09-29T22:58:03.5545434Z   query $[0].name: 3x in 0.00s
2026-09-29T22:58:03.5709490Z   query $[*].id: 3x in 0.00s
2026-09-29T22:58:03.5874865Z   query $[*].items[*].sku: 3x in 0.00s
2026-09-29T22:58:03.6039420Z   query $..leaf: 3x in 0.00s
2026-09-29T22:58:03.6202805Z   query $[0:50].score: 3x in 0.00s
2026-09-29T22:58:03.6363976Z   query $[?(@.id > 100)].name: 3x in 0.00s
2026-09-29T22:58:03.6523681Z   query $[?(@.id <= 500)]: 3x in 0.00s
2026-09-29T22:58:03.6685005Z   query $[?(@.name == 'alpha')]: 3x in 0.00s
2026-09-29T22:58:03.6844673Z   query $[?(@.name != 'alpha')].id: 3x in 0.00s
2026-09-29T22:58:03.7002398Z   query $[?(@['id'] >= 0)].name: 3x in 0.00s
2026-09-29T22:58:03.7164211Z   query $[*].nested.child: 3x in 0.00s
2026-09-29T22:58:03.7324664Z   query $[*].tags[0]: 3x in 0.00s
2026-09-29T22:58:03.7487308Z   query $.*: 3x in 0.00s
2026-09-29T22:58:03.7646997Z   query(compiled): 5x in 0.00s
2026-09-29T22:58:03.7894892Z [6/7] search
2026-09-29T22:58:03.7897219Z   search json $[*].id: 1x in 0.01s
2026-09-29T22:58:03.8437277Z   search ndjson $[*].id: 1x in 0.04s
2026-09-29T22:58:03.9073834Z   search json $..leaf: 1x in 0.04s
2026-09-29T22:58:03.9706655Z   search ndjson $..leaf: 1x in 0.04s
2026-09-29T22:58:04.0319035Z   search json $[?(@.id > 100)].name: 1x in 0.04s
2026-09-29T22:58:04.0904075Z   search ndjson $[?(@.id > 100)].name: 1x in 0.04s
2026-09-29T22:58:04.1165225Z [7/7] folder mode
2026-09-29T22:58:04.1165470Z   dump(split_by): 1x in 0.00s
2026-09-29T22:58:04.1348038Z   load(folder): 1x in 0.00s
2026-09-29T22:58:04.1514221Z   search(folder): 1x in 0.00s
2026-09-29T22:58:04.1718985Z PGO training workload complete
2026-09-29T22:58:04.1786783Z ==> PGO: gate tests on the instrumented build
2026-09-29T22:58:04.1996888Z + /home/runner/work/_temp/identity-arm/.venv/bin/cmake -S . -B build/cmake -DCMAKE_BUILD_TYPE=Release
2026-09-29T22:58:04.2919339Z -- Configuring done (0.0s)
2026-09-29T22:58:04.3316439Z -- Generating done (0.0s)
2026-09-29T22:58:04.3320970Z -- Build files have been written to: /home/runner/work/_temp/identity-arm/build/cmake
2026-09-29T22:58:04.3328975Z + /home/runner/work/_temp/identity-arm/.venv/bin/cmake --build build/cmake --config Release
2026-09-29T22:58:04.4223782Z gmake[1]: Entering directory '/home/runner/work/_temp/identity-arm/build/cmake'
2026-09-29T22:58:04.4279106Z gmake[2]: Entering directory '/home/runner/work/_temp/identity-arm/build/cmake'
2026-09-29T22:58:04.4287634Z gmake[3]: Entering directory '/home/runner/work/_temp/identity-arm/build/cmake'
2026-09-29T22:58:04.4370465Z gmake[3]: Leaving directory '/home/runner/work/_temp/identity-arm/build/cmake'
2026-09-29T22:58:04.4398419Z gmake[3]: Entering directory '/home/runner/work/_temp/identity-arm/build/cmake'
2026-09-29T22:58:04.4418026Z [  0%] Linking CXX executable smoke_tests
2026-09-29T22:58:04.4891376Z gmake[3]: Leaving directory '/home/runner/work/_temp/identity-arm/build/cmake'
2026-09-29T22:58:04.4917695Z [  6%] Built target smoke_tests
2026-09-29T22:58:04.4930941Z gmake[3]: Entering directory '/home/runner/work/_temp/identity-arm/build/cmake'
2026-09-29T22:58:04.5015764Z gmake[3]: Leaving directory '/home/runner/work/_temp/identity-arm/build/cmake'
2026-09-29T22:58:04.5043073Z gmake[3]: Entering directory '/home/runner/work/_temp/identity-arm/build/cmake'
2026-09-29T22:58:04.5063324Z [  7%] Linking CXX executable json_core_tests
2026-09-29T22:58:04.5532560Z gmake[3]: Leaving directory '/home/runner/work/_temp/identity-arm/build/cmake'
2026-09-29T22:58:04.5560963Z [ 13%] Built target json_core_tests
2026-09-29T22:58:04.5574681Z gmake[3]: Entering directory '/home/runner/work/_temp/identity-arm/build/cmake'
2026-09-29T22:58:04.5660683Z gmake[3]: Leaving directory '/home/runner/work/_temp/identity-arm/build/cmake'
2026-09-29T22:58:04.5688542Z gmake[3]: Entering directory '/home/runner/work/_temp/identity-arm/build/cmake'
2026-09-29T22:58:04.5709775Z [ 13%] Linking CXX executable json_parse_tests
2026-09-29T22:58:04.6172794Z gmake[3]: Leaving directory '/home/runner/work/_temp/identity-arm/build/cmake'
2026-09-29T22:58:04.6199759Z [ 19%] Built target json_parse_tests
2026-09-29T22:58:04.6213093Z gmake[3]: Entering directory '/home/runner/work/_temp/identity-arm/build/cmake'
2026-09-29T22:58:04.6299840Z gmake[3]: Leaving directory '/home/runner/work/_temp/identity-arm/build/cmake'
2026-09-29T22:58:04.6327418Z gmake[3]: Entering directory '/home/runner/work/_temp/identity-arm/build/cmake'
2026-09-29T22:58:04.6348289Z [ 20%] Linking CXX executable fast_parse_tests
2026-09-29T22:58:04.6811275Z gmake[3]: Leaving directory '/home/runner/work/_temp/identity-arm/build/cmake'
2026-09-29T22:58:04.6838050Z [ 25%] Built target fast_parse_tests
2026-09-29T22:58:04.6851284Z gmake[3]: Entering directory '/home/runner/work/_temp/identity-arm/build/cmake'
2026-09-29T22:58:04.6936085Z gmake[3]: Leaving directory '/home/runner/work/_temp/identity-arm/build/cmake'
2026-09-29T22:58:04.6963237Z gmake[3]: Entering directory '/home/runner/work/_temp/identity-arm/build/cmake'
2026-09-29T22:58:04.6983770Z [ 26%] Linking CXX executable value_cursor_tests
2026-09-29T22:58:04.7444019Z gmake[3]: Leaving directory '/home/runner/work/_temp/identity-arm/build/cmake'
2026-09-29T22:58:04.7471017Z [ 32%] Built target value_cursor_tests
2026-09-29T22:58:04.7484352Z gmake[3]: Entering directory '/home/runner/work/_temp/identity-arm/build/cmake'
2026-09-29T22:58:04.7569920Z gmake[3]: Leaving directory '/home/runner/work/_temp/identity-arm/build/cmake'
2026-09-29T22:58:04.7597705Z gmake[3]: Entering directory '/home/runner/work/_temp/identity-arm/build/cmake'
2026-09-29T22:58:04.7617819Z [ 32%] Linking CXX executable json_serialize_tests
2026-09-29T22:58:04.8078220Z gmake[3]: Leaving directory '/home/runner/work/_temp/identity-arm/build/cmake'
2026-09-29T22:58:04.8105811Z [ 38%] Built target json_serialize_tests
2026-09-29T22:58:04.8119247Z gmake[3]: Entering directory '/home/runner/work/_temp/identity-arm/build/cmake'
2026-09-29T22:58:04.8205676Z gmake[3]: Leaving directory '/home/runner/work/_temp/identity-arm/build/cmake'
2026-09-29T22:58:04.8233575Z gmake[3]: Entering directory '/home/runner/work/_temp/identity-arm/build/cmake'
2026-09-29T22:58:04.8254270Z [ 39%] Linking CXX executable float_precision_tests
2026-09-29T22:58:04.8716386Z gmake[3]: Leaving directory '/home/runner/work/_temp/identity-arm/build/cmake'
2026-09-29T22:58:04.8745947Z [ 44%] Built target float_precision_tests
2026-09-29T22:58:04.8759821Z gmake[3]: Entering directory '/home/runner/work/_temp/identity-arm/build/cmake'
2026-09-29T22:58:04.8847380Z gmake[3]: Leaving directory '/home/runner/work/_temp/identity-arm/build/cmake'
2026-09-29T22:58:04.8875228Z gmake[3]: Entering directory '/home/runner/work/_temp/identity-arm/build/cmake'
2026-09-29T22:58:04.8896317Z [ 45%] Linking CXX executable json_cursor_tests
2026-09-29T22:58:04.9360530Z gmake[3]: Leaving directory '/home/runner/work/_temp/identity-arm/build/cmake'
2026-09-29T22:58:04.9387647Z [ 50%] Built target json_cursor_tests
2026-09-29T22:58:04.9401064Z gmake[3]: Entering directory '/home/runner/work/_temp/identity-arm/build/cmake'
2026-09-29T22:58:04.9486518Z gmake[3]: Leaving directory '/home/runner/work/_temp/identity-arm/build/cmake'
2026-09-29T22:58:04.9513840Z gmake[3]: Entering directory '/home/runner/work/_temp/identity-arm/build/cmake'
2026-09-29T22:58:04.9535004Z [ 51%] Linking CXX executable ndjson_tests
2026-09-29T22:58:04.9993990Z gmake[3]: Leaving directory '/home/runner/work/_temp/identity-arm/build/cmake'
2026-09-29T22:58:05.0021482Z [ 56%] Built target ndjson_tests
2026-09-29T22:58:05.0035170Z gmake[3]: Entering directory '/home/runner/work/_temp/identity-arm/build/cmake'
2026-09-29T22:58:05.0121955Z gmake[3]: Leaving directory '/home/runner/work/_temp/identity-arm/build/cmake'
2026-09-29T22:58:05.0149723Z gmake[3]: Entering directory '/home/runner/work/_temp/identity-arm/build/cmake'
2026-09-29T22:58:05.0170579Z [ 57%] Linking CXX executable jsonpath_tests
2026-09-29T22:58:05.0633234Z gmake[3]: Leaving directory '/home/runner/work/_temp/identity-arm/build/cmake'
2026-09-29T22:58:05.0660669Z [ 63%] Built target jsonpath_tests
2026-09-29T22:58:05.0674032Z gmake[3]: Entering directory '/home/runner/work/_temp/identity-arm/build/cmake'
2026-09-29T22:58:05.0758116Z gmake[3]: Leaving directory '/home/runner/work/_temp/identity-arm/build/cmake'
2026-09-29T22:58:05.0785638Z gmake[3]: Entering directory '/home/runner/work/_temp/identity-arm/build/cmake'
2026-09-29T22:58:05.0806127Z [ 63%] Linking CXX executable jsonpath_stream_tests
2026-09-29T22:58:05.1259481Z gmake[3]: Leaving directory '/home/runner/work/_temp/identity-arm/build/cmake'
2026-09-29T22:58:05.1285849Z [ 69%] Built target jsonpath_stream_tests
2026-09-29T22:58:05.1298973Z gmake[3]: Entering directory '/home/runner/work/_temp/identity-arm/build/cmake'
2026-09-29T22:58:05.1382512Z gmake[3]: Leaving directory '/home/runner/work/_temp/identity-arm/build/cmake'
2026-09-29T22:58:05.1409576Z gmake[3]: Entering directory '/home/runner/work/_temp/identity-arm/build/cmake'
2026-09-29T22:58:05.1430293Z [ 69%] Linking CXX executable scan_tests
2026-09-29T22:58:05.1884882Z gmake[3]: Leaving directory '/home/runner/work/_temp/identity-arm/build/cmake'
2026-09-29T22:58:05.1911830Z [ 75%] Built target scan_tests
2026-09-29T22:58:05.1925674Z gmake[3]: Entering directory '/home/runner/work/_temp/identity-arm/build/cmake'
2026-09-29T22:58:05.2013296Z gmake[3]: Leaving directory '/home/runner/work/_temp/identity-arm/build/cmake'
2026-09-29T22:58:05.2041371Z gmake[3]: Entering directory '/home/runner/work/_temp/identity-arm/build/cmake'
2026-09-29T22:58:05.2062291Z [ 75%] Linking CXX executable temporal_tests
2026-09-29T22:58:05.2528580Z gmake[3]: Leaving directory '/home/runner/work/_temp/identity-arm/build/cmake'
2026-09-29T22:58:05.2555192Z [ 81%] Built target temporal_tests
2026-09-29T22:58:05.2568678Z gmake[3]: Entering directory '/home/runner/work/_temp/identity-arm/build/cmake'
2026-09-29T22:58:05.2656876Z gmake[3]: Leaving directory '/home/runner/work/_temp/identity-arm/build/cmake'
2026-09-29T22:58:05.2684911Z gmake[3]: Entering directory '/home/runner/work/_temp/identity-arm/build/cmake'
2026-09-29T22:58:05.2705644Z [ 81%] Linking CXX executable folder_tests
2026-09-29T22:58:05.3165309Z gmake[3]: Leaving directory '/home/runner/work/_temp/identity-arm/build/cmake'
2026-09-29T22:58:05.3192024Z [ 87%] Built target folder_tests
2026-09-29T22:58:05.3205593Z gmake[3]: Entering directory '/home/runner/work/_temp/identity-arm/build/cmake'
2026-09-29T22:58:05.3293776Z gmake[3]: Leaving directory '/home/runner/work/_temp/identity-arm/build/cmake'
2026-09-29T22:58:05.3321693Z gmake[3]: Entering directory '/home/runner/work/_temp/identity-arm/build/cmake'
2026-09-29T22:58:05.3342516Z [ 87%] Linking CXX executable fuzz_corpus_tests
2026-09-29T22:58:05.3800102Z gmake[3]: Leaving directory '/home/runner/work/_temp/identity-arm/build/cmake'
2026-09-29T22:58:05.3826483Z [ 93%] Built target fuzz_corpus_tests
2026-09-29T22:58:05.3839723Z gmake[3]: Entering directory '/home/runner/work/_temp/identity-arm/build/cmake'
2026-09-29T22:58:05.3926874Z gmake[3]: Leaving directory '/home/runner/work/_temp/identity-arm/build/cmake'
2026-09-29T22:58:05.3954528Z gmake[3]: Entering directory '/home/runner/work/_temp/identity-arm/build/cmake'
2026-09-29T22:58:05.3976018Z [ 94%] Linking CXX executable stress_deep_tests
2026-09-29T22:58:05.4443785Z gmake[3]: Leaving directory '/home/runner/work/_temp/identity-arm/build/cmake'
2026-09-29T22:58:05.4472369Z [100%] Built target stress_deep_tests
2026-09-29T22:58:05.4476532Z gmake[2]: Leaving directory '/home/runner/work/_temp/identity-arm/build/cmake'
2026-09-29T22:58:05.4522827Z gmake[1]: Leaving directory '/home/runner/work/_temp/identity-arm/build/cmake'
2026-09-29T22:58:05.4531779Z + /home/runner/work/_temp/identity-arm/.venv/bin/ctest --test-dir build/cmake --build-config Release --output-on-failure --no-tests=error
2026-09-29T22:58:05.5405965Z Test project /home/runner/work/_temp/identity-arm/build/cmake
2026-09-29T22:58:05.5410639Z       Start  1: smoke_tests
2026-09-29T22:58:05.5423220Z  1/16 Test  #1: smoke_tests ......................   Passed    0.00 sec
2026-09-29T22:58:05.5424724Z       Start  2: json_core_tests
2026-09-29T22:58:05.5436891Z  2/16 Test  #2: json_core_tests ..................   Passed    0.00 sec
2026-09-29T22:58:05.5438065Z       Start  3: json_parse_tests
2026-09-29T22:58:05.5450241Z  3/16 Test  #3: json_parse_tests .................   Passed    0.00 sec
2026-09-29T22:58:05.5451398Z       Start  4: fast_parse_tests
2026-09-29T22:58:05.5848459Z  4/16 Test  #4: fast_parse_tests .................   Passed    0.04 sec
2026-09-29T22:58:05.5849502Z       Start  5: value_cursor_tests
2026-09-29T22:58:05.5890180Z  5/16 Test  #5: value_cursor_tests ...............   Passed    0.00 sec
2026-09-29T22:58:05.5891160Z       Start  6: json_serialize_tests
2026-09-29T22:58:05.5903230Z  6/16 Test  #6: json_serialize_tests .............   Passed    0.00 sec
2026-09-29T22:58:05.5904239Z       Start  7: float_precision_tests
2026-09-29T22:58:07.5166877Z  7/16 Test  #7: float_precision_tests ............   Passed    1.93 sec
2026-09-29T22:58:07.5168229Z       Start  8: json_cursor_tests
2026-09-29T22:58:07.5185131Z  8/16 Test  #8: json_cursor_tests ................   Passed    0.00 sec
2026-09-29T22:58:07.5186108Z       Start  9: ndjson_tests
2026-09-29T22:58:07.5215487Z  9/16 Test  #9: ndjson_tests .....................   Passed    0.00 sec
2026-09-29T22:58:07.5216424Z       Start 10: jsonpath_tests
2026-09-29T22:58:07.5228300Z 10/16 Test #10: jsonpath_tests ...................   Passed    0.00 sec
2026-09-29T22:58:07.5229282Z       Start 11: jsonpath_stream_tests
2026-09-29T22:58:07.5244068Z 11/16 Test #11: jsonpath_stream_tests ............   Passed    0.00 sec
2026-09-29T22:58:07.5245046Z       Start 12: scan_tests
2026-09-29T22:58:07.5347650Z 12/16 Test #12: scan_tests .......................   Passed    0.01 sec
2026-09-29T22:58:07.5348594Z       Start 13: temporal_tests
2026-09-29T22:58:07.5360439Z 13/16 Test #13: temporal_tests ...................   Passed    0.00 sec
2026-09-29T22:58:07.5361374Z       Start 14: folder_tests
2026-09-29T22:58:07.5393008Z 14/16 Test #14: folder_tests .....................   Passed    0.00 sec
2026-09-29T22:58:07.5393970Z       Start 15: fuzz_corpus_tests
2026-09-29T22:58:07.5421767Z 15/16 Test #15: fuzz_corpus_tests ................   Passed    0.00 sec
2026-09-29T22:58:07.5422684Z       Start 16: stress_deep_tests
2026-09-29T22:58:07.5444856Z 16/16 Test #16: stress_deep_tests ................   Passed    0.00 sec
2026-09-29T22:58:07.5449085Z 
2026-09-29T22:58:07.5449175Z 100% tests passed out of 16
2026-09-29T22:58:07.5449485Z 
2026-09-29T22:58:07.5449610Z Total Test time (real) =   2.00 sec
2026-09-29T22:58:07.5738688Z + pytest tests/py tests/unit --ignore=tests/unit/native_types --ignore=tests/py/native_types --basetemp=/tmp/pytest-of-runner/uhjksy89
2026-09-29T22:58:07.9241509Z ============================= test session starts ==============================
2026-09-29T22:58:07.9241887Z platform linux -- Python 3.12.14, pytest-9.1.1, pluggy-1.6.0
2026-09-29T22:58:07.9242201Z rootdir: /home/runner/work/_temp/identity-arm
2026-09-29T22:58:07.9242446Z configfile: pyproject.toml
2026-09-29T22:58:07.9242673Z plugins: platformdirs-4.12.2, cov-7.1.0
2026-09-29T22:58:07.9242895Z collected 3183 items
2026-09-29T22:58:07.9243005Z 
2026-09-29T22:58:07.9350877Z tests/py/test_dumps_brace_fold.py .........                              [  0%]
2026-09-29T22:58:07.9534219Z tests/py/test_dumps_cycles_fused.py .................................... [  1%]
2026-09-29T22:58:07.9807209Z ....................................................                     [  3%]
2026-09-29T22:58:08.1066366Z tests/py/test_dumps_general_tables.py ............................       [  3%]
2026-09-29T22:58:08.3515979Z tests/py/test_dumps_with_default.py .................................... [  5%]
2026-09-29T22:58:08.4979880Z .............................ss                                          [  6%]
2026-09-29T22:58:08.5161305Z tests/py/test_dumps_with_default_contract.py ........................... [  6%]
2026-09-29T22:58:08.5665877Z ........................................................................ [  9%]
2026-09-29T22:58:08.6176873Z ........................................................................ [ 11%]
2026-09-29T22:58:08.6485655Z ..........................                                               [ 12%]
2026-09-29T22:58:08.6507886Z tests/py/test_fused_verification.py ..                                   [ 12%]
2026-09-29T22:58:08.6664662Z tests/py/test_json_parity.py ........................................... [ 13%]
2026-09-29T22:58:08.6920963Z ........................................................................ [ 15%]
2026-09-29T22:58:08.7179227Z ........................................................................ [ 18%]
2026-09-29T22:58:08.7435138Z ........................................................................ [ 20%]
2026-09-29T22:58:08.7692230Z ........................................................................ [ 22%]
2026-09-29T22:58:08.7935276Z ........................................................................ [ 24%]
2026-09-29T22:58:08.8175053Z ........................................................................ [ 27%]
2026-09-29T22:58:08.8410364Z ........................................................................ [ 29%]
2026-09-29T22:58:08.8644471Z ........................................................................ [ 31%]
2026-09-29T22:58:08.8883931Z ........................................................................ [ 33%]
2026-09-29T22:58:08.9118476Z ........................................................................ [ 36%]
2026-09-29T22:58:08.9365153Z ........................................................................ [ 38%]
2026-09-29T22:58:08.9615411Z ........................................................................ [ 40%]
2026-09-29T22:58:08.9859808Z ........................................................................ [ 43%]
2026-09-29T22:58:09.0102633Z ........................................................................ [ 45%]
2026-09-29T22:58:09.0350152Z ........................................................................ [ 47%]
2026-09-29T22:58:09.0582797Z ........................................................................ [ 49%]
2026-09-29T22:58:09.0715558Z .................................                                        [ 50%]
2026-09-29T22:58:09.0945411Z tests/py/test_path_dispatch.py ................................          [ 51%]
2026-09-29T22:58:09.0956195Z tests/py/test_py_tests_basetemp.py ..                                    [ 51%]
2026-09-29T22:58:09.0966863Z tests/py/test_smoke.py ...                                               [ 52%]
2026-09-29T22:58:09.3987669Z tests/unit/test_ab_analysis.py ......................................    [ 53%]
2026-09-29T22:58:09.4058250Z tests/unit/test_build_manifest.py ...........                            [ 53%]
2026-09-29T22:58:09.4131823Z tests/unit/test_canonical_builds.py ....                                 [ 53%]
2026-09-29T22:58:09.5281569Z tests/unit/test_ci_fetch.py ........................                     [ 54%]
2026-09-29T22:58:09.5812871Z tests/unit/test_ci_summary.py .......................                    [ 55%]
2026-09-29T22:58:09.5907763Z tests/unit/test_config.py ...........................                    [ 56%]
2026-09-29T22:58:09.6009458Z tests/unit/test_core_purity.py ....                                      [ 56%]
2026-09-29T22:58:09.6074936Z tests/unit/test_cross_sample.py ......                                   [ 56%]
2026-09-29T22:58:09.6372648Z tests/unit/test_dumps.py ............................................... [ 57%]
2026-09-29T22:58:09.6447830Z ..........                                                               [ 58%]
2026-09-29T22:58:09.6548382Z tests/unit/test_dumps_brace_fold.py .........                            [ 58%]
2026-09-29T22:58:09.8009276Z tests/unit/test_dumps_cold_start.py ....                                 [ 58%]
2026-09-29T22:58:09.8162630Z tests/unit/test_dumps_contract.py ...................................... [ 59%]
2026-09-29T22:58:09.8458755Z .............................................................            [ 61%]
2026-09-29T22:58:09.8625790Z tests/unit/test_dumps_cycles_fused.py .................................. [ 62%]
2026-09-29T22:58:09.8906814Z ......................................................                   [ 64%]
2026-09-29T22:58:10.0807702Z tests/unit/test_dumps_general_tables.py ............................     [ 65%]
2026-09-29T22:58:10.3185998Z tests/unit/test_dumps_latch.py ............................              [ 66%]
2026-09-29T22:58:10.3610293Z tests/unit/test_dumps_private_cache.py ................................  [ 67%]
2026-09-29T22:58:10.7185114Z tests/unit/test_dumps_reentrancy.py .................................... [ 68%]
2026-09-29T22:58:11.3463597Z ......................................................................   [ 70%]
2026-09-29T22:58:11.7443304Z tests/unit/test_dumps_reentrancy_review.py ............................. [ 71%]
2026-09-29T22:58:11.8312905Z ..                                                                       [ 71%]
2026-09-29T22:58:11.8562002Z tests/unit/test_dumps_schema_failure.py ...........................      [ 72%]
2026-09-29T22:58:12.1087227Z tests/unit/test_dumps_user_step_counter.py ..........................    [ 73%]
2026-09-29T22:58:12.1224768Z tests/unit/test_dumps_with_default.py .................................. [ 74%]
2026-09-29T22:58:12.1528286Z ........................................................................ [ 76%]
2026-09-29T22:58:12.2330816Z .........................................................                [ 78%]
2026-09-29T22:58:12.2440949Z tests/unit/test_dumps_with_default_state.py ............................ [ 79%]
2026-09-29T22:58:12.2886291Z ........................................................................ [ 81%]
2026-09-29T22:58:12.3734616Z ..............                                                           [ 81%]
2026-09-29T22:58:12.4153975Z tests/unit/test_folder.py .............................................. [ 83%]
2026-09-29T22:58:12.4606033Z .........................................                                [ 84%]
2026-09-29T22:58:12.4628869Z tests/unit/test_fused_verification.py ..                                 [ 84%]
2026-09-29T22:58:12.4928672Z tests/unit/test_hook_build_scope.py ...............................      [ 85%]
2026-09-29T22:58:12.5632957Z tests/unit/test_json_cursor.py ...........................               [ 86%]
2026-09-29T22:58:12.5786895Z tests/unit/test_jsonpath.py ............................................ [ 87%]
2026-09-29T22:58:12.6475594Z .......................................................................  [ 90%]
2026-09-29T22:58:12.7001840Z tests/unit/test_load_dump.py ........................................... [ 91%]
2026-09-29T22:58:12.7005233Z                                                                          [ 91%]
2026-09-29T22:58:12.7173892Z tests/unit/test_loads.py ............................................... [ 92%]
2026-09-29T22:58:12.7658254Z ........................................................................ [ 95%]
2026-09-29T22:58:13.3515012Z ................                                                         [ 95%]
2026-09-29T22:58:13.3550900Z tests/unit/test_native_interleaved_profile.py ...                        [ 95%]
2026-09-29T22:58:13.4038336Z tests/unit/test_nested_container_probe.py ....                           [ 95%]
2026-09-29T22:58:13.4363622Z tests/unit/test_path_dispatch.py ................................        [ 96%]
2026-09-29T22:58:13.4590508Z tests/unit/test_provenance.py ..................                         [ 97%]
2026-09-29T22:58:13.4907825Z tests/unit/test_regression_check.py ..........................           [ 98%]
2026-09-29T22:58:13.5857193Z tests/unit/test_search_stream.py .................                       [ 98%]
2026-09-29T22:58:13.5862809Z tests/unit/test_string_identity_probe.py .                               [ 98%]
2026-09-29T22:58:13.6309431Z tests/unit/test_supplementary.py .............                           [ 99%]
2026-09-29T22:58:13.6643531Z tests/unit/test_supportability_check.py ....................             [ 99%]
2026-09-29T22:58:13.7162599Z tests/unit/test_version.py ....                                          [100%]
2026-09-29T22:58:13.7162898Z 
2026-09-29T22:58:13.7163041Z ======================= 3181 passed, 2 skipped in 5.98s ========================
2026-09-29T22:58:13.8231916Z ==> PGO: merging 17 raw profiles
2026-09-29T22:58:13.8835643Z ==> PGO phase 2: optimized build (profile + LTO)
2026-09-29T22:58:14.0719255Z Obtaining file:///home/runner/work/_temp/identity-arm
2026-09-29T22:58:14.0731722Z   Installing build dependencies: started
2026-09-29T22:58:15.0975853Z   Installing build dependencies: finished with status 'done'
2026-09-29T22:58:15.0980199Z   Checking if build backend supports build_editable: started
2026-09-29T22:58:15.2712510Z   Checking if build backend supports build_editable: finished with status 'done'
2026-09-29T22:58:15.2717793Z   Getting requirements to build editable: started
2026-09-29T22:58:15.5043367Z   Getting requirements to build editable: finished with status 'done'
2026-09-29T22:58:15.5049273Z   Preparing editable metadata (pyproject.toml): started
2026-09-29T22:58:15.6455194Z   Preparing editable metadata (pyproject.toml): finished with status 'done'
2026-09-29T22:58:15.6488241Z Building wheels for collected packages: strata
2026-09-29T22:58:15.6493201Z   Building editable for strata (pyproject.toml): started
2026-09-29T22:58:50.7162820Z   Building editable for strata (pyproject.toml): finished with status 'done'
2026-09-29T22:58:50.7168154Z   Created wheel for strata: filename=strata-2026.8.10-0.editable-cp312-cp312-linux_x86_64.whl size=4457 sha256=010d9329270fdb9e8a9ad4387c51a8bbe9e14192f169a55395a6638118badced
2026-09-29T22:58:50.7169154Z   Stored in directory: /tmp/pip-ephem-wheel-cache-w26gon7o/wheels/4b/14/de/c01d5c98e482dba508ed0b80beaf37c3b37034de18f4d8fbd4
2026-09-29T22:58:50.7186466Z Successfully built strata
2026-09-29T22:58:50.7255289Z Installing collected packages: strata
2026-09-29T22:58:50.7256126Z   Attempting uninstall: strata
2026-09-29T22:58:50.7268366Z     Found existing installation: strata 2026.8.10
2026-09-29T22:58:50.7278576Z     Uninstalling strata-2026.8.10:
2026-09-29T22:58:50.7443578Z       Successfully uninstalled strata-2026.8.10
2026-09-29T22:58:50.7514781Z Successfully installed strata-2026.8.10
2026-09-29T22:58:51.4238838Z ==> PGO: the hook image must carry no profile
2026-09-29T22:58:51.4556832Z + strata._dumps_hook is unprofiled: _dumps_hook.cpython-312-x86_64-linux-gnu.so.build.json records no profile or profile flag,
2026-09-29T22:58:51.4557300Z   and the image links no profile runtime
2026-09-29T22:58:51.4592894Z ==> PGO: gate tests on the optimized build
2026-09-29T22:58:51.4797214Z + /home/runner/work/_temp/identity-arm/.venv/bin/cmake -S . -B build/cmake -DCMAKE_BUILD_TYPE=Release
2026-09-29T22:58:51.5704584Z -- Configuring done (0.0s)
2026-09-29T22:58:51.6082753Z -- Generating done (0.0s)
2026-09-29T22:58:51.6087041Z -- Build files have been written to: /home/runner/work/_temp/identity-arm/build/cmake
2026-09-29T22:58:51.6095277Z + /home/runner/work/_temp/identity-arm/.venv/bin/cmake --build build/cmake --config Release
2026-09-29T22:58:51.6980731Z gmake[1]: Entering directory '/home/runner/work/_temp/identity-arm/build/cmake'
2026-09-29T22:58:51.7034722Z gmake[2]: Entering directory '/home/runner/work/_temp/identity-arm/build/cmake'
2026-09-29T22:58:51.7043160Z gmake[3]: Entering directory '/home/runner/work/_temp/identity-arm/build/cmake'
2026-09-29T22:58:51.7125677Z gmake[3]: Leaving directory '/home/runner/work/_temp/identity-arm/build/cmake'
2026-09-29T22:58:51.7151776Z gmake[3]: Entering directory '/home/runner/work/_temp/identity-arm/build/cmake'
2026-09-29T22:58:51.7171403Z [  0%] Linking CXX executable smoke_tests
2026-09-29T22:58:51.7618815Z gmake[3]: Leaving directory '/home/runner/work/_temp/identity-arm/build/cmake'
2026-09-29T22:58:51.7645758Z [  6%] Built target smoke_tests
2026-09-29T22:58:51.7658951Z gmake[3]: Entering directory '/home/runner/work/_temp/identity-arm/build/cmake'
2026-09-29T22:58:51.7743620Z gmake[3]: Leaving directory '/home/runner/work/_temp/identity-arm/build/cmake'
2026-09-29T22:58:51.7770788Z gmake[3]: Entering directory '/home/runner/work/_temp/identity-arm/build/cmake'
2026-09-29T22:58:51.7791320Z [  7%] Linking CXX executable json_core_tests
2026-09-29T22:58:51.8258318Z gmake[3]: Leaving directory '/home/runner/work/_temp/identity-arm/build/cmake'
2026-09-29T22:58:51.8285336Z [ 13%] Built target json_core_tests
2026-09-29T22:58:51.8298600Z gmake[3]: Entering directory '/home/runner/work/_temp/identity-arm/build/cmake'
2026-09-29T22:58:51.8382024Z gmake[3]: Leaving directory '/home/runner/work/_temp/identity-arm/build/cmake'
2026-09-29T22:58:51.8410063Z gmake[3]: Entering directory '/home/runner/work/_temp/identity-arm/build/cmake'
2026-09-29T22:58:51.8430442Z [ 13%] Linking CXX executable json_parse_tests
2026-09-29T22:58:51.8900855Z gmake[3]: Leaving directory '/home/runner/work/_temp/identity-arm/build/cmake'
2026-09-29T22:58:51.8928182Z [ 19%] Built target json_parse_tests
2026-09-29T22:58:51.8941395Z gmake[3]: Entering directory '/home/runner/work/_temp/identity-arm/build/cmake'
2026-09-29T22:58:51.9026613Z gmake[3]: Leaving directory '/home/runner/work/_temp/identity-arm/build/cmake'
2026-09-29T22:58:51.9054055Z gmake[3]: Entering directory '/home/runner/work/_temp/identity-arm/build/cmake'
2026-09-29T22:58:51.9074605Z [ 20%] Linking CXX executable fast_parse_tests
2026-09-29T22:58:51.9556993Z gmake[3]: Leaving directory '/home/runner/work/_temp/identity-arm/build/cmake'
2026-09-29T22:58:51.9584962Z [ 25%] Built target fast_parse_tests
2026-09-29T22:58:51.9598445Z gmake[3]: Entering directory '/home/runner/work/_temp/identity-arm/build/cmake'
2026-09-29T22:58:51.9682063Z gmake[3]: Leaving directory '/home/runner/work/_temp/identity-arm/build/cmake'
2026-09-29T22:58:51.9709216Z gmake[3]: Entering directory '/home/runner/work/_temp/identity-arm/build/cmake'
2026-09-29T22:58:51.9729414Z [ 26%] Linking CXX executable value_cursor_tests
2026-09-29T22:58:52.0190189Z gmake[3]: Leaving directory '/home/runner/work/_temp/identity-arm/build/cmake'
2026-09-29T22:58:52.0218208Z [ 32%] Built target value_cursor_tests
2026-09-29T22:58:52.0231524Z gmake[3]: Entering directory '/home/runner/work/_temp/identity-arm/build/cmake'
2026-09-29T22:58:52.0316493Z gmake[3]: Leaving directory '/home/runner/work/_temp/identity-arm/build/cmake'
2026-09-29T22:58:52.0343830Z gmake[3]: Entering directory '/home/runner/work/_temp/identity-arm/build/cmake'
2026-09-29T22:58:52.0363292Z [ 32%] Linking CXX executable json_serialize_tests
2026-09-29T22:58:52.0828648Z gmake[3]: Leaving directory '/home/runner/work/_temp/identity-arm/build/cmake'
2026-09-29T22:58:52.0856456Z [ 38%] Built target json_serialize_tests
2026-09-29T22:58:52.0869872Z gmake[3]: Entering directory '/home/runner/work/_temp/identity-arm/build/cmake'
2026-09-29T22:58:52.0954851Z gmake[3]: Leaving directory '/home/runner/work/_temp/identity-arm/build/cmake'
2026-09-29T22:58:52.0982137Z gmake[3]: Entering directory '/home/runner/work/_temp/identity-arm/build/cmake'
2026-09-29T22:58:52.1002668Z [ 39%] Linking CXX executable float_precision_tests
2026-09-29T22:58:52.1469103Z gmake[3]: Leaving directory '/home/runner/work/_temp/identity-arm/build/cmake'
2026-09-29T22:58:52.1497500Z [ 44%] Built target float_precision_tests
2026-09-29T22:58:52.1510863Z gmake[3]: Entering directory '/home/runner/work/_temp/identity-arm/build/cmake'
2026-09-29T22:58:52.1595963Z gmake[3]: Leaving directory '/home/runner/work/_temp/identity-arm/build/cmake'
2026-09-29T22:58:52.1623659Z gmake[3]: Entering directory '/home/runner/work/_temp/identity-arm/build/cmake'
2026-09-29T22:58:52.1643704Z [ 45%] Linking CXX executable json_cursor_tests
2026-09-29T22:58:52.2127427Z gmake[3]: Leaving directory '/home/runner/work/_temp/identity-arm/build/cmake'
2026-09-29T22:58:52.2156243Z [ 50%] Built target json_cursor_tests
2026-09-29T22:58:52.2170638Z gmake[3]: Entering directory '/home/runner/work/_temp/identity-arm/build/cmake'
2026-09-29T22:58:52.2261500Z gmake[3]: Leaving directory '/home/runner/work/_temp/identity-arm/build/cmake'
2026-09-29T22:58:52.2290545Z gmake[3]: Entering directory '/home/runner/work/_temp/identity-arm/build/cmake'
2026-09-29T22:58:52.2312170Z [ 51%] Linking CXX executable ndjson_tests
2026-09-29T22:58:52.2798716Z gmake[3]: Leaving directory '/home/runner/work/_temp/identity-arm/build/cmake'
2026-09-29T22:58:52.2827049Z [ 56%] Built target ndjson_tests
2026-09-29T22:58:52.2840820Z gmake[3]: Entering directory '/home/runner/work/_temp/identity-arm/build/cmake'
2026-09-29T22:58:52.2928067Z gmake[3]: Leaving directory '/home/runner/work/_temp/identity-arm/build/cmake'
2026-09-29T22:58:52.2956171Z gmake[3]: Entering directory '/home/runner/work/_temp/identity-arm/build/cmake'
2026-09-29T22:58:52.2976973Z [ 57%] Linking CXX executable jsonpath_tests
2026-09-29T22:58:52.3440746Z gmake[3]: Leaving directory '/home/runner/work/_temp/identity-arm/build/cmake'
2026-09-29T22:58:52.3467984Z [ 63%] Built target jsonpath_tests
2026-09-29T22:58:52.3481492Z gmake[3]: Entering directory '/home/runner/work/_temp/identity-arm/build/cmake'
2026-09-29T22:58:52.3564609Z gmake[3]: Leaving directory '/home/runner/work/_temp/identity-arm/build/cmake'
2026-09-29T22:58:52.3591911Z gmake[3]: Entering directory '/home/runner/work/_temp/identity-arm/build/cmake'
2026-09-29T22:58:52.3612296Z [ 63%] Linking CXX executable jsonpath_stream_tests
2026-09-29T22:58:52.4103507Z gmake[3]: Leaving directory '/home/runner/work/_temp/identity-arm/build/cmake'
2026-09-29T22:58:52.4129798Z [ 69%] Built target jsonpath_stream_tests
2026-09-29T22:58:52.4142886Z gmake[3]: Entering directory '/home/runner/work/_temp/identity-arm/build/cmake'
2026-09-29T22:58:52.4225438Z gmake[3]: Leaving directory '/home/runner/work/_temp/identity-arm/build/cmake'
2026-09-29T22:58:52.4252527Z gmake[3]: Entering directory '/home/runner/work/_temp/identity-arm/build/cmake'
2026-09-29T22:58:52.4272335Z [ 69%] Linking CXX executable scan_tests
2026-09-29T22:58:52.4738750Z gmake[3]: Leaving directory '/home/runner/work/_temp/identity-arm/build/cmake'
2026-09-29T22:58:52.4767985Z [ 75%] Built target scan_tests
2026-09-29T22:58:52.4781483Z gmake[3]: Entering directory '/home/runner/work/_temp/identity-arm/build/cmake'
2026-09-29T22:58:52.4867633Z gmake[3]: Leaving directory '/home/runner/work/_temp/identity-arm/build/cmake'
2026-09-29T22:58:52.4895571Z gmake[3]: Entering directory '/home/runner/work/_temp/identity-arm/build/cmake'
2026-09-29T22:58:52.4916358Z [ 75%] Linking CXX executable temporal_tests
2026-09-29T22:58:52.5380697Z gmake[3]: Leaving directory '/home/runner/work/_temp/identity-arm/build/cmake'
2026-09-29T22:58:52.5408631Z [ 81%] Built target temporal_tests
2026-09-29T22:58:52.5421605Z gmake[3]: Entering directory '/home/runner/work/_temp/identity-arm/build/cmake'
2026-09-29T22:58:52.5506276Z gmake[3]: Leaving directory '/home/runner/work/_temp/identity-arm/build/cmake'
2026-09-29T22:58:52.5533776Z gmake[3]: Entering directory '/home/runner/work/_temp/identity-arm/build/cmake'
2026-09-29T22:58:52.5553611Z [ 81%] Linking CXX executable folder_tests
2026-09-29T22:58:52.6027182Z gmake[3]: Leaving directory '/home/runner/work/_temp/identity-arm/build/cmake'
2026-09-29T22:58:52.6056739Z [ 87%] Built target folder_tests
2026-09-29T22:58:52.6070231Z gmake[3]: Entering directory '/home/runner/work/_temp/identity-arm/build/cmake'
2026-09-29T22:58:52.6156947Z gmake[3]: Leaving directory '/home/runner/work/_temp/identity-arm/build/cmake'
2026-09-29T22:58:52.6184744Z gmake[3]: Entering directory '/home/runner/work/_temp/identity-arm/build/cmake'
2026-09-29T22:58:52.6205666Z [ 87%] Linking CXX executable fuzz_corpus_tests
2026-09-29T22:58:52.6678320Z gmake[3]: Leaving directory '/home/runner/work/_temp/identity-arm/build/cmake'
2026-09-29T22:58:52.6707110Z [ 93%] Built target fuzz_corpus_tests
2026-09-29T22:58:52.6720472Z gmake[3]: Entering directory '/home/runner/work/_temp/identity-arm/build/cmake'
2026-09-29T22:58:52.6805000Z gmake[3]: Leaving directory '/home/runner/work/_temp/identity-arm/build/cmake'
2026-09-29T22:58:52.6832923Z gmake[3]: Entering directory '/home/runner/work/_temp/identity-arm/build/cmake'
2026-09-29T22:58:52.6854207Z [ 94%] Linking CXX executable stress_deep_tests
2026-09-29T22:58:52.7329295Z gmake[3]: Leaving directory '/home/runner/work/_temp/identity-arm/build/cmake'
2026-09-29T22:58:52.7359095Z [100%] Built target stress_deep_tests
2026-09-29T22:58:52.7363120Z gmake[2]: Leaving directory '/home/runner/work/_temp/identity-arm/build/cmake'
2026-09-29T22:58:52.7410968Z gmake[1]: Leaving directory '/home/runner/work/_temp/identity-arm/build/cmake'
2026-09-29T22:58:52.7420694Z + /home/runner/work/_temp/identity-arm/.venv/bin/ctest --test-dir build/cmake --build-config Release --output-on-failure --no-tests=error
2026-09-29T22:58:52.8316608Z Test project /home/runner/work/_temp/identity-arm/build/cmake
2026-09-29T22:58:52.8321851Z       Start  1: smoke_tests
2026-09-29T22:58:52.8336926Z  1/16 Test  #1: smoke_tests ......................   Passed    0.00 sec
2026-09-29T22:58:52.8338445Z       Start  2: json_core_tests
2026-09-29T22:58:52.8350491Z  2/16 Test  #2: json_core_tests ..................   Passed    0.00 sec
2026-09-29T22:58:52.8351530Z       Start  3: json_parse_tests
2026-09-29T22:58:52.8363670Z  3/16 Test  #3: json_parse_tests .................   Passed    0.00 sec
2026-09-29T22:58:52.8364554Z       Start  4: fast_parse_tests
2026-09-29T22:58:52.8756565Z  4/16 Test  #4: fast_parse_tests .................   Passed    0.04 sec
2026-09-29T22:58:52.8757518Z       Start  5: value_cursor_tests
2026-09-29T22:58:52.8797658Z  5/16 Test  #5: value_cursor_tests ...............   Passed    0.00 sec
2026-09-29T22:58:52.8798545Z       Start  6: json_serialize_tests
2026-09-29T22:58:52.8810332Z  6/16 Test  #6: json_serialize_tests .............   Passed    0.00 sec
2026-09-29T22:58:52.8811153Z       Start  7: float_precision_tests
2026-09-29T22:58:54.8500552Z  7/16 Test  #7: float_precision_tests ............   Passed    1.97 sec
2026-09-29T22:58:54.8501691Z       Start  8: json_cursor_tests
2026-09-29T22:58:54.8519986Z  8/16 Test  #8: json_cursor_tests ................   Passed    0.00 sec
2026-09-29T22:58:54.8520898Z       Start  9: ndjson_tests
2026-09-29T22:58:54.8552637Z  9/16 Test  #9: ndjson_tests .....................   Passed    0.00 sec
2026-09-29T22:58:54.8553582Z       Start 10: jsonpath_tests
2026-09-29T22:58:54.8566577Z 10/16 Test #10: jsonpath_tests ...................   Passed    0.00 sec
2026-09-29T22:58:54.8567291Z       Start 11: jsonpath_stream_tests
2026-09-29T22:58:54.8582858Z 11/16 Test #11: jsonpath_stream_tests ............   Passed    0.00 sec
2026-09-29T22:58:54.8583638Z       Start 12: scan_tests
2026-09-29T22:58:54.8691643Z 12/16 Test #12: scan_tests .......................   Passed    0.01 sec
2026-09-29T22:58:54.8692223Z       Start 13: temporal_tests
2026-09-29T22:58:54.8704976Z 13/16 Test #13: temporal_tests ...................   Passed    0.00 sec
2026-09-29T22:58:54.8705752Z       Start 14: folder_tests
2026-09-29T22:58:54.8738726Z 14/16 Test #14: folder_tests .....................   Passed    0.00 sec
2026-09-29T22:58:54.8739461Z       Start 15: fuzz_corpus_tests
2026-09-29T22:58:54.8769315Z 15/16 Test #15: fuzz_corpus_tests ................   Passed    0.00 sec
2026-09-29T22:58:54.8770192Z       Start 16: stress_deep_tests
2026-09-29T22:58:54.8793370Z 16/16 Test #16: stress_deep_tests ................   Passed    0.00 sec
2026-09-29T22:58:54.8797845Z 
2026-09-29T22:58:54.8797945Z 100% tests passed out of 16
2026-09-29T22:58:54.8798083Z 
2026-09-29T22:58:54.8798175Z Total Test time (real) =   2.05 sec
2026-09-29T22:58:54.9098092Z + pytest tests/py tests/unit --basetemp=/tmp/pytest-of-runner/4udhuaki
2026-09-29T22:58:55.3306443Z ============================= test session starts ==============================
2026-09-29T22:58:55.3306819Z platform linux -- Python 3.12.14, pytest-9.1.1, pluggy-1.6.0
2026-09-29T22:58:55.3307026Z rootdir: /home/runner/work/_temp/identity-arm
2026-09-29T22:58:55.3307191Z configfile: pyproject.toml
2026-09-29T22:58:55.3307336Z plugins: platformdirs-4.12.2, cov-7.1.0
2026-09-29T22:58:55.3307480Z collected 3848 items
2026-09-29T22:58:55.3307554Z 
2026-09-29T22:58:55.3408151Z tests/py/native_types/test_native_dump.py ..............                 [  0%]
2026-09-29T22:58:55.3954657Z tests/py/native_types/test_native_fast_paths.py ........ssssssssss..     [  0%]
2026-09-29T22:58:55.4364440Z tests/py/native_types/test_native_import.py ...                          [  0%]
2026-09-29T22:58:55.4612332Z tests/py/native_types/test_native_opt_out.py ........................... [  1%]
2026-09-29T22:58:55.4615492Z                                                                          [  1%]
2026-09-29T22:58:55.5156793Z tests/py/native_types/test_native_oracle.py .........                    [  1%]
2026-09-29T22:58:55.7624680Z tests/py/native_types/test_native_reentrancy.py ........................ [  2%]
2026-09-29T22:58:56.2974027Z ..................................................                       [  3%]
2026-09-29T22:58:56.3180146Z tests/py/native_types/test_parse_types.py .............................. [  4%]
2026-09-29T22:58:56.5412369Z ............................................................             [  6%]
2026-09-29T22:58:56.5512677Z tests/py/test_dumps_brace_fold.py .........                              [  6%]
2026-09-29T22:58:56.5692989Z tests/py/test_dumps_cycles_fused.py .................................... [  7%]
2026-09-29T22:58:56.5966262Z ....................................................                     [  8%]
2026-09-29T22:58:56.7620721Z tests/py/test_dumps_general_tables.py ............................       [  9%]
2026-09-29T22:58:57.0866267Z tests/py/test_dumps_with_default.py .................................... [ 10%]
2026-09-29T22:58:57.2871140Z .............................ss                                          [ 11%]
2026-09-29T22:58:57.3066173Z tests/py/test_dumps_with_default_contract.py ........................... [ 11%]
2026-09-29T22:58:57.3600100Z ........................................................................ [ 13%]
2026-09-29T22:58:57.4119587Z ........................................................................ [ 15%]
2026-09-29T22:58:57.4425684Z ..........................                                               [ 16%]
2026-09-29T22:58:57.4447653Z tests/py/test_fused_verification.py ..                                   [ 16%]
2026-09-29T22:58:57.4599411Z tests/py/test_json_parity.py ........................................... [ 17%]
2026-09-29T22:58:57.4849333Z ........................................................................ [ 19%]
2026-09-29T22:58:57.5098333Z ........................................................................ [ 21%]
2026-09-29T22:58:57.5343856Z ........................................................................ [ 23%]
2026-09-29T22:58:57.5593027Z ........................................................................ [ 24%]
2026-09-29T22:58:57.5837806Z ........................................................................ [ 26%]
2026-09-29T22:58:57.6082974Z ........................................................................ [ 28%]
2026-09-29T22:58:57.6323363Z ........................................................................ [ 30%]
2026-09-29T22:58:57.6562432Z ........................................................................ [ 32%]
2026-09-29T22:58:57.6808766Z ........................................................................ [ 34%]
2026-09-29T22:58:57.7060143Z ........................................................................ [ 36%]
2026-09-29T22:58:57.7304488Z ........................................................................ [ 38%]
2026-09-29T22:58:57.7543014Z ........................................................................ [ 39%]
2026-09-29T22:58:57.7781070Z ........................................................................ [ 41%]
2026-09-29T22:58:57.8016979Z ........................................................................ [ 43%]
2026-09-29T22:58:57.8253511Z ........................................................................ [ 45%]
2026-09-29T22:58:57.8489285Z ........................................................................ [ 47%]
2026-09-29T22:58:57.8622939Z .................................                                        [ 48%]
2026-09-29T22:58:57.8874265Z tests/py/test_path_dispatch.py ................................          [ 49%]
2026-09-29T22:58:57.8885486Z tests/py/test_py_tests_basetemp.py ..                                    [ 49%]
2026-09-29T22:58:57.8896543Z tests/py/test_smoke.py ...                                               [ 49%]
2026-09-29T22:58:57.9031374Z tests/unit/native_types/test_build_sources.py .......                    [ 49%]
2026-09-29T22:58:57.9956803Z tests/unit/native_types/test_hook_import_gating.py .......               [ 49%]
2026-09-29T22:58:58.0016537Z tests/unit/native_types/test_native_benchmark_agreement.py ...........   [ 49%]
2026-09-29T22:58:58.0628817Z tests/unit/native_types/test_native_benchmark_dataset.py .....           [ 49%]
2026-09-29T22:58:58.0653950Z tests/unit/native_types/test_native_benchmark_rows.py .......            [ 50%]
2026-09-29T22:58:58.0748638Z tests/unit/native_types/test_native_ci_fetch.py ....                     [ 50%]
2026-09-29T22:58:58.0820782Z tests/unit/native_types/test_native_ci_summary.py .....                  [ 50%]
2026-09-29T22:58:58.1107473Z tests/unit/native_types/test_native_flag.py ..........................s. [ 51%]
2026-09-29T22:58:58.1357768Z ..                                                                       [ 51%]
2026-09-29T22:58:58.1439701Z tests/unit/native_types/test_native_identity_ab.py .......               [ 51%]
2026-09-29T22:58:58.1560818Z tests/unit/native_types/test_native_opt_out.py ......................... [ 52%]
2026-09-29T22:58:58.1912918Z ........................................................................ [ 53%]
2026-09-29T22:58:58.2141682Z ..................................................                       [ 55%]
2026-09-29T22:58:58.2232261Z tests/unit/native_types/test_parse_contract.py ......................... [ 55%]
2026-09-29T22:58:58.2635552Z .................................................                        [ 57%]
2026-09-29T22:58:58.2712392Z tests/unit/native_types/test_serializer_contract.py .................... [ 57%]
2026-09-29T22:58:58.4914307Z ........................................................................ [ 59%]
2026-09-29T22:58:58.5006203Z ....................                                                     [ 60%]
2026-09-29T22:58:58.5305161Z tests/unit/native_types/test_training_scope.py ............              [ 60%]
2026-09-29T22:58:58.7910609Z tests/unit/test_ab_analysis.py ......................................    [ 61%]
2026-09-29T22:58:58.7981766Z tests/unit/test_build_manifest.py ...........                            [ 61%]
2026-09-29T22:58:58.8058175Z tests/unit/test_canonical_builds.py ....                                 [ 61%]
2026-09-29T22:58:58.9220032Z tests/unit/test_ci_fetch.py ........................                     [ 62%]
2026-09-29T22:58:58.9770055Z tests/unit/test_ci_summary.py .......................                    [ 62%]
2026-09-29T22:58:58.9868151Z tests/unit/test_config.py ...........................                    [ 63%]
2026-09-29T22:58:58.9970823Z tests/unit/test_core_purity.py ....                                      [ 63%]
2026-09-29T22:58:59.0041983Z tests/unit/test_cross_sample.py ......                                   [ 63%]
2026-09-29T22:58:59.0343316Z tests/unit/test_dumps.py ............................................... [ 65%]
2026-09-29T22:58:59.0420445Z ..........                                                               [ 65%]
2026-09-29T22:58:59.0520032Z tests/unit/test_dumps_brace_fold.py .........                            [ 65%]
2026-09-29T22:58:59.1970484Z tests/unit/test_dumps_cold_start.py ....                                 [ 65%]
2026-09-29T22:58:59.2129597Z tests/unit/test_dumps_contract.py ...................................... [ 66%]
2026-09-29T22:58:59.2423716Z .............................................................            [ 68%]
2026-09-29T22:58:59.2596939Z tests/unit/test_dumps_cycles_fused.py .................................. [ 69%]
2026-09-29T22:58:59.2885681Z ......................................................                   [ 70%]
2026-09-29T22:58:59.5688452Z tests/unit/test_dumps_general_tables.py ............................     [ 71%]
2026-09-29T22:58:59.9394602Z tests/unit/test_dumps_latch.py ............................              [ 72%]
2026-09-29T22:58:59.9954714Z tests/unit/test_dumps_private_cache.py ................................  [ 72%]
2026-09-29T22:59:00.5373633Z tests/unit/test_dumps_reentrancy.py .................................... [ 73%]
2026-09-29T22:59:01.4928636Z ......................................................................   [ 75%]
2026-09-29T22:59:02.0934527Z tests/unit/test_dumps_reentrancy_review.py ............................. [ 76%]
2026-09-29T22:59:02.2233060Z ..                                                                       [ 76%]
2026-09-29T22:59:02.2563924Z tests/unit/test_dumps_schema_failure.py ...........................      [ 77%]
2026-09-29T22:59:02.6410415Z tests/unit/test_dumps_user_step_counter.py ..........................    [ 77%]
2026-09-29T22:59:02.6557018Z tests/unit/test_dumps_with_default.py .................................. [ 78%]
2026-09-29T22:59:02.6875495Z ........................................................................ [ 80%]
2026-09-29T22:59:02.7701959Z .........................................................                [ 82%]
2026-09-29T22:59:02.7822973Z tests/unit/test_dumps_with_default_state.py ............................ [ 82%]
2026-09-29T22:59:02.8290670Z ........................................................................ [ 84%]
2026-09-29T22:59:02.9147986Z ..............                                                           [ 84%]
2026-09-29T22:59:02.9605367Z tests/unit/test_folder.py .............................................. [ 86%]
2026-09-29T22:59:03.0069837Z .........................................                                [ 87%]
2026-09-29T22:59:03.0091760Z tests/unit/test_fused_verification.py ..                                 [ 87%]
2026-09-29T22:59:03.0386299Z tests/unit/test_hook_build_scope.py ...............................      [ 88%]
2026-09-29T22:59:03.1327069Z tests/unit/test_json_cursor.py ...........................               [ 88%]
2026-09-29T22:59:03.1485116Z tests/unit/test_jsonpath.py ............................................ [ 89%]
2026-09-29T22:59:03.2292562Z .......................................................................  [ 91%]
2026-09-29T22:59:03.2837314Z tests/unit/test_load_dump.py ........................................... [ 92%]
2026-09-29T22:59:03.2840582Z                                                                          [ 92%]
2026-09-29T22:59:03.3020055Z tests/unit/test_loads.py ............................................... [ 94%]
2026-09-29T22:59:03.3512397Z ........................................................................ [ 95%]
2026-09-29T22:59:03.9532093Z ................                                                         [ 96%]
2026-09-29T22:59:03.9572045Z tests/unit/test_native_interleaved_profile.py ...                        [ 96%]
2026-09-29T22:59:04.0221530Z tests/unit/test_nested_container_probe.py ....                           [ 96%]
2026-09-29T22:59:04.0586476Z tests/unit/test_path_dispatch.py ................................        [ 97%]
2026-09-29T22:59:04.0833612Z tests/unit/test_provenance.py ..................                         [ 97%]
2026-09-29T22:59:04.1168273Z tests/unit/test_regression_check.py ..........................           [ 98%]
2026-09-29T22:59:04.2062548Z tests/unit/test_search_stream.py .................                       [ 99%]
2026-09-29T22:59:04.2068510Z tests/unit/test_string_identity_probe.py .                               [ 99%]
2026-09-29T22:59:04.2520358Z tests/unit/test_supplementary.py .............                           [ 99%]
2026-09-29T22:59:04.2875583Z tests/unit/test_supportability_check.py ....................             [ 99%]
2026-09-29T22:59:04.3564977Z tests/unit/test_version.py ....                                          [100%]
2026-09-29T22:59:04.3565296Z 
2026-09-29T22:59:04.3565437Z ======================= 3835 passed, 13 skipped in 9.28s =======================
2026-09-29T22:59:04.5143937Z ==> PGO: generating benchmark data
2026-09-29T22:59:04.5157856Z make[1]: Entering directory '/home/runner/work/_temp/identity-arm'
2026-09-29T22:59:04.5158403Z PYTHONPATH=. .venv/bin/python -m benchmarks.data.generate_bench_data --out-dir benchmarks/data/generated/small  --num-users 1000 --max-orders 10 --max-items 5  --records 500
2026-09-29T22:59:04.6927122Z   benchmarks/data/generated/small/users.json  (1680 KB)
2026-09-29T22:59:04.6927372Z   benchmarks/data/generated/small/users.ndjson  (1679 KB)
2026-09-29T22:59:04.6927573Z   benchmarks/data/generated/small/flat.json  (209 KB)
2026-09-29T22:59:04.6927788Z   benchmarks/data/generated/small/nested.json  (148 KB)
2026-09-29T22:59:04.6927987Z   benchmarks/data/generated/small/wide_arrays.json  (1218 KB)
2026-09-29T22:59:04.6928184Z   benchmarks/data/generated/small/mixed.json  (34 KB)
2026-09-29T22:59:04.6979952Z PYTHONPATH=. .venv/bin/python -m benchmarks.data.generate_bench_data --out-dir benchmarks/data/generated/medium --num-users 2000 --max-orders 20 --max-items 10 --records 2000
2026-09-29T22:59:05.6014115Z   benchmarks/data/generated/medium/users.json  (9883 KB)
2026-09-29T22:59:05.6014510Z   benchmarks/data/generated/medium/users.ndjson  (9881 KB)
2026-09-29T22:59:05.6014858Z   benchmarks/data/generated/medium/flat.json  (836 KB)
2026-09-29T22:59:05.6015165Z   benchmarks/data/generated/medium/nested.json  (594 KB)
2026-09-29T22:59:05.6015490Z   benchmarks/data/generated/medium/wide_arrays.json  (4874 KB)
2026-09-29T22:59:05.6015807Z   benchmarks/data/generated/medium/mixed.json  (138 KB)
2026-09-29T22:59:05.6075475Z PYTHONPATH=. .venv/bin/python -m benchmarks.data.generate_bench_data --out-dir benchmarks/data/generated/large  --num-users 4000 --max-orders 40 --max-items 20 --records 5000
2026-09-29T22:59:11.4319323Z   benchmarks/data/generated/large/users.json  (68083 KB)
2026-09-29T22:59:11.4321281Z   benchmarks/data/generated/large/users.ndjson  (68079 KB)
2026-09-29T22:59:11.4321632Z   benchmarks/data/generated/large/flat.json  (2092 KB)
2026-09-29T22:59:11.4321929Z   benchmarks/data/generated/large/nested.json  (1488 KB)
2026-09-29T22:59:11.4322227Z   benchmarks/data/generated/large/wide_arrays.json  (12185 KB)
2026-09-29T22:59:11.4322866Z   benchmarks/data/generated/large/mixed.json  (347 KB)
2026-09-29T22:59:11.4420135Z make[1]: Leaving directory '/home/runner/work/_temp/identity-arm'
2026-09-29T22:59:11.4422779Z ==> PGO: verification benchmarks
2026-09-29T22:59:24.8162760Z wrote build/pgo/bench_results_pgo.md
2026-09-29T22:59:24.8294418Z ==> PGO complete
2026-09-29T22:59:24.8294768Z     profile: /home/runner/work/_temp/identity-arm/build/pgo/strata.profdata
2026-09-29T22:59:24.8295104Z     results: build/pgo/bench_results_pgo.md
2026-09-29T22:59:24.8295290Z     The installed extension is now the PGO+LTO build.
2026-09-29T22:59:24.8315609Z + git worktree remove --force /home/runner/work/_temp/identity-arm
2026-09-29T22:59:26.1201577Z + git worktree prune
2026-09-29T22:59:26.1216060Z + git worktree add --force --detach /home/runner/work/_temp/identity-arm HEAD
2026-09-29T22:59:26.1226397Z Preparing worktree (detached HEAD 271a2a0)
2026-09-29T22:59:26.2689074Z HEAD is now at 271a2a0 Record M15c's second five-leg sample 36637770136
2026-09-29T22:59:26.2710982Z + make install-bench
2026-09-29T22:59:26.2726310Z python3 -m venv .venv
2026-09-29T22:59:27.8126552Z .venv/bin/python -m pip install -U pip setuptools wheel
2026-09-29T22:59:28.0337618Z Requirement already satisfied: pip in ./.venv/lib/python3.12/site-packages (25.0.1)
2026-09-29T22:59:28.1087640Z Collecting pip
2026-09-29T22:59:28.1096545Z   Using cached pip-26.2.1-py3-none-any.whl.metadata (4.6 kB)
2026-09-29T22:59:28.1836012Z Collecting setuptools
2026-09-29T22:59:28.1843957Z   Using cached setuptools-84.0.0-py3-none-any.whl.metadata (6.6 kB)
2026-09-29T22:59:28.2109392Z Collecting wheel
2026-09-29T22:59:28.2116520Z   Using cached wheel-0.48.0-py3-none-any.whl.metadata (2.3 kB)
2026-09-29T22:59:28.2333096Z Collecting packaging>=24.0 (from wheel)
2026-09-29T22:59:28.2340135Z   Using cached packaging-26.3-py3-none-any.whl.metadata (3.5 kB)
2026-09-29T22:59:28.2358086Z Using cached pip-26.2.1-py3-none-any.whl (1.8 MB)
2026-09-29T22:59:28.2368952Z Using cached setuptools-84.0.0-py3-none-any.whl (818 kB)
2026-09-29T22:59:28.2377338Z Using cached wheel-0.48.0-py3-none-any.whl (33 kB)
2026-09-29T22:59:28.2383692Z Using cached packaging-26.3-py3-none-any.whl (129 kB)
2026-09-29T22:59:28.2526167Z Installing collected packages: setuptools, pip, packaging, wheel
2026-09-29T22:59:28.5324420Z   Attempting uninstall: pip
2026-09-29T22:59:28.5339724Z     Found existing installation: pip 25.0.1
2026-09-29T22:59:28.5543240Z     Uninstalling pip-25.0.1:
2026-09-29T22:59:28.5578540Z       Successfully uninstalled pip-25.0.1
2026-09-29T22:59:29.1517458Z Successfully installed packaging-26.3 pip-26.2.1 setuptools-84.0.0 wheel-0.48.0
2026-09-29T22:59:29.2061355Z .venv/bin/python -m pip install -e '.[dev,bench]'
2026-09-29T22:59:29.3937487Z Obtaining file:///home/runner/work/_temp/identity-arm
2026-09-29T22:59:29.3950285Z   Installing build dependencies: started
2026-09-29T22:59:30.3747370Z   Installing build dependencies: finished with status 'done'
2026-09-29T22:59:30.3751720Z   Checking if build backend supports build_editable: started
2026-09-29T22:59:30.5569072Z   Checking if build backend supports build_editable: finished with status 'done'
2026-09-29T22:59:30.5574540Z   Getting requirements to build editable: started
2026-09-29T22:59:30.7890485Z   Getting requirements to build editable: finished with status 'done'
2026-09-29T22:59:30.7896690Z   Preparing editable metadata (pyproject.toml): started
2026-09-29T22:59:30.9312873Z   Preparing editable metadata (pyproject.toml): finished with status 'done'
2026-09-29T22:59:30.9830249Z Collecting cmake>=3.20 (from strata==2026.8.10)
2026-09-29T22:59:30.9840939Z   Using cached cmake-4.4.3-py3-none-manylinux2014_x86_64.manylinux_2_17_x86_64.whl.metadata (7.0 kB)
2026-09-29T22:59:30.9935015Z Collecting pytest>=7 (from strata==2026.8.10)
2026-09-29T22:59:30.9942578Z   Using cached pytest-9.1.1-py3-none-any.whl.metadata (7.6 kB)
2026-09-29T22:59:30.9988448Z Collecting pytest-cov>=4 (from strata==2026.8.10)
2026-09-29T22:59:30.9995652Z   Using cached pytest_cov-7.1.0-py3-none-any.whl.metadata (32 kB)
2026-09-29T22:59:31.1614727Z Collecting ruff>=0.5 (from strata==2026.8.10)
2026-09-29T22:59:31.1624813Z   Using cached ruff-0.16.9-py3-none-manylinux_2_17_x86_64.manylinux2014_x86_64.whl.metadata (20 kB)
2026-09-29T22:59:31.1728336Z Collecting pre-commit>=3.5 (from strata==2026.8.10)
2026-09-29T22:59:31.1736464Z   Using cached pre_commit-4.6.2-py2.py3-none-any.whl.metadata (1.2 kB)
2026-09-29T22:59:31.1975065Z Collecting clang-format<22,>=21 (from strata==2026.8.10)
2026-09-29T22:59:31.1982825Z   Using cached clang_format-21.1.8-py2.py3-none-manylinux_2_27_x86_64.manylinux_2_28_x86_64.whl.metadata (4.7 kB)
2026-09-29T22:59:31.3033919Z Collecting orjson (from strata==2026.8.10)
2026-09-29T22:59:31.3043848Z   Using cached orjson-3.12.0-cp312-cp312-manylinux_2_17_x86_64.manylinux2014_x86_64.whl.metadata (41 kB)
2026-09-29T22:59:31.3445647Z Collecting msgspec (from strata==2026.8.10)
2026-09-29T22:59:31.3454204Z   Using cached msgspec-0.22.0-cp312-cp312-manylinux2014_x86_64.manylinux_2_17_x86_64.manylinux_2_28_x86_64.whl.metadata (6.0 kB)
2026-09-29T22:59:31.3744425Z Collecting ujson (from strata==2026.8.10)
2026-09-29T22:59:31.3752087Z   Using cached ujson-6.0.0-cp312-cp312-manylinux_2_24_x86_64.manylinux_2_28_x86_64.whl.metadata (10.0 kB)
2026-09-29T22:59:31.3919837Z Collecting pysimdjson (from strata==2026.8.10)
2026-09-29T22:59:31.3927496Z   Using cached pysimdjson-7.0.2-cp312-cp312-manylinux_2_17_x86_64.manylinux2014_x86_64.whl.metadata (1.1 kB)
2026-09-29T22:59:31.3955315Z Collecting jmespath (from strata==2026.8.10)
2026-09-29T22:59:31.3962673Z   Using cached jmespath-1.1.0-py3-none-any.whl.metadata (7.6 kB)
2026-09-29T22:59:31.3990115Z Collecting jsonpath-ng (from strata==2026.8.10)
2026-09-29T22:59:31.3997218Z   Using cached jsonpath_ng-1.8.0-py3-none-any.whl.metadata (18 kB)
2026-09-29T22:59:31.4269643Z Collecting psutil>=5 (from strata==2026.8.10)
2026-09-29T22:59:31.4277984Z   Using cached psutil-7.2.2-cp36-abi3-manylinux2010_x86_64.manylinux_2_12_x86_64.manylinux_2_28_x86_64.whl.metadata (22 kB)
2026-09-29T22:59:31.4331122Z Collecting cfgv>=2.0.0 (from pre-commit>=3.5->strata==2026.8.10)
2026-09-29T22:59:31.4338136Z   Using cached cfgv-3.5.0-py2.py3-none-any.whl.metadata (8.9 kB)
2026-09-29T22:59:31.4462436Z Collecting identify>=1.0.0 (from pre-commit>=3.5->strata==2026.8.10)
2026-09-29T22:59:31.4469645Z   Using cached identify-2.6.20-py2.py3-none-any.whl.metadata (4.4 kB)
2026-09-29T22:59:31.4507336Z Collecting nodeenv>=0.11.1 (from pre-commit>=3.5->strata==2026.8.10)
2026-09-29T22:59:31.4515574Z   Using cached nodeenv-1.11.0-py2.py3-none-any.whl.metadata (40 kB)
2026-09-29T22:59:31.4657307Z Collecting pyyaml>=5.1 (from pre-commit>=3.5->strata==2026.8.10)
2026-09-29T22:59:31.4664322Z   Using cached pyyaml-6.0.3-cp312-cp312-manylinux2014_x86_64.manylinux_2_17_x86_64.manylinux_2_28_x86_64.whl.metadata (2.4 kB)
2026-09-29T22:59:31.4811269Z Collecting virtualenv>=20.10.0 (from pre-commit>=3.5->strata==2026.8.10)
2026-09-29T22:59:31.4818349Z   Using cached virtualenv-21.14.0-py3-none-any.whl.metadata (4.1 kB)
2026-09-29T22:59:31.4854882Z Collecting iniconfig>=1.0.1 (from pytest>=7->strata==2026.8.10)
2026-09-29T22:59:31.4861624Z   Using cached iniconfig-2.3.0-py3-none-any.whl.metadata (2.5 kB)
2026-09-29T22:59:31.4871170Z Requirement already satisfied: packaging>=22 in ./.venv/lib/python3.12/site-packages (from pytest>=7->strata==2026.8.10) (26.3)
2026-09-29T22:59:31.4893539Z Collecting pluggy<2,>=1.5 (from pytest>=7->strata==2026.8.10)
2026-09-29T22:59:31.4900427Z   Using cached pluggy-1.6.0-py3-none-any.whl.metadata (4.8 kB)
2026-09-29T22:59:31.4956396Z Collecting pygments>=2.7.2 (from pytest>=7->strata==2026.8.10)
2026-09-29T22:59:31.4963536Z   Using cached pygments-2.21.0-py3-none-any.whl.metadata (2.5 kB)
2026-09-29T22:59:31.7175190Z Collecting coverage>=7.10.6 (from coverage[toml]>=7.10.6->pytest-cov>=4->strata==2026.8.10)
2026-09-29T22:59:31.7185184Z   Using cached coverage-7.16.2-cp312-cp312-manylinux1_x86_64.manylinux_2_28_x86_64.manylinux_2_5_x86_64.whl.metadata (8.2 kB)
2026-09-29T22:59:31.7238421Z Collecting distlib<1,>=0.3.7 (from virtualenv>=20.10.0->pre-commit>=3.5->strata==2026.8.10)
2026-09-29T22:59:31.7246156Z   Using cached distlib-0.4.3-py2.py3-none-any.whl.metadata (5.3 kB)
2026-09-29T22:59:31.7318887Z Collecting filelock<5,>=3.24.2 (from virtualenv>=20.10.0->pre-commit>=3.5->strata==2026.8.10)
2026-09-29T22:59:31.7326500Z   Using cached filelock-4.0.6-py3-none-any.whl.metadata (2.0 kB)
2026-09-29T22:59:31.7388214Z Collecting platformdirs<5,>=3.9.1 (from virtualenv>=20.10.0->pre-commit>=3.5->strata==2026.8.10)
2026-09-29T22:59:31.7395401Z   Using cached platformdirs-4.12.2-py3-none-any.whl.metadata (5.5 kB)
2026-09-29T22:59:31.7422966Z Collecting python-discovery>=1.6 (from virtualenv>=20.10.0->pre-commit>=3.5->strata==2026.8.10)
2026-09-29T22:59:31.7430106Z   Using cached python_discovery-1.6.1-py3-none-any.whl.metadata (5.1 kB)
2026-09-29T22:59:31.7478881Z Using cached clang_format-21.1.8-py2.py3-none-manylinux_2_27_x86_64.manylinux_2_28_x86_64.whl (1.8 MB)
2026-09-29T22:59:31.7489916Z Using cached cmake-4.4.3-py3-none-manylinux2014_x86_64.manylinux_2_17_x86_64.whl (30.2 MB)
2026-09-29T22:59:31.7569529Z Using cached pre_commit-4.6.2-py2.py3-none-any.whl (226 kB)
2026-09-29T22:59:31.7576449Z Using cached cfgv-3.5.0-py2.py3-none-any.whl (7.4 kB)
2026-09-29T22:59:31.7582531Z Using cached identify-2.6.20-py2.py3-none-any.whl (99 kB)
2026-09-29T22:59:31.7589078Z Using cached nodeenv-1.11.0-py2.py3-none-any.whl (34 kB)
2026-09-29T22:59:31.7595596Z Using cached psutil-7.2.2-cp36-abi3-manylinux2010_x86_64.manylinux_2_12_x86_64.manylinux_2_28_x86_64.whl (155 kB)
2026-09-29T22:59:31.7601794Z Using cached pytest-9.1.1-py3-none-any.whl (386 kB)
2026-09-29T22:59:31.7608797Z Using cached pluggy-1.6.0-py3-none-any.whl (20 kB)
2026-09-29T22:59:31.7614921Z Using cached iniconfig-2.3.0-py3-none-any.whl (7.5 kB)
2026-09-29T22:59:31.7620756Z Using cached pygments-2.21.0-py3-none-any.whl (1.3 MB)
2026-09-29T22:59:31.7629395Z Using cached pytest_cov-7.1.0-py3-none-any.whl (22 kB)
2026-09-29T22:59:31.7635668Z Using cached coverage-7.16.2-cp312-cp312-manylinux1_x86_64.manylinux_2_28_x86_64.manylinux_2_5_x86_64.whl (258 kB)
2026-09-29T22:59:31.7642288Z Using cached pyyaml-6.0.3-cp312-cp312-manylinux2014_x86_64.manylinux_2_17_x86_64.manylinux_2_28_x86_64.whl (807 kB)
2026-09-29T22:59:31.7650155Z Using cached ruff-0.16.9-py3-none-manylinux_2_17_x86_64.manylinux2014_x86_64.whl (10.4 MB)
2026-09-29T22:59:31.7679203Z Using cached virtualenv-21.14.0-py3-none-any.whl (5.5 MB)
2026-09-29T22:59:31.7697267Z Using cached distlib-0.4.3-py2.py3-none-any.whl (470 kB)
2026-09-29T22:59:31.7704269Z Using cached filelock-4.0.6-py3-none-any.whl (109 kB)
2026-09-29T22:59:31.7710797Z Using cached platformdirs-4.12.2-py3-none-any.whl (32 kB)
2026-09-29T22:59:31.7716842Z Using cached python_discovery-1.6.1-py3-none-any.whl (38 kB)
2026-09-29T22:59:31.7722694Z Using cached jmespath-1.1.0-py3-none-any.whl (20 kB)
2026-09-29T22:59:31.7728653Z Using cached jsonpath_ng-1.8.0-py3-none-any.whl (67 kB)
2026-09-29T22:59:31.7734938Z Using cached msgspec-0.22.0-cp312-cp312-manylinux2014_x86_64.manylinux_2_17_x86_64.manylinux_2_28_x86_64.whl (230 kB)
2026-09-29T22:59:31.7741246Z Using cached orjson-3.12.0-cp312-cp312-manylinux_2_17_x86_64.manylinux2014_x86_64.whl (131 kB)
2026-09-29T22:59:31.7747490Z Using cached pysimdjson-7.0.2-cp312-cp312-manylinux_2_17_x86_64.manylinux2014_x86_64.whl (3.2 MB)
2026-09-29T22:59:31.7760539Z Using cached ujson-6.0.0-cp312-cp312-manylinux_2_24_x86_64.manylinux_2_28_x86_64.whl (56 kB)
2026-09-29T22:59:31.8509775Z Building wheels for collected packages: strata
2026-09-29T22:59:31.8515743Z   Building editable for strata (pyproject.toml): started
2026-09-29T23:00:31.9215918Z   Building editable for strata (pyproject.toml): still running...
2026-09-29T23:01:20.6471525Z   Building editable for strata (pyproject.toml): finished with status 'done'
2026-09-29T23:01:20.6476963Z   Created wheel for strata: filename=strata-2026.8.10-0.editable-cp312-cp312-linux_x86_64.whl size=4457 sha256=ea67e38a216077e09595686a225ac7cccc26d211facae5d3fcf73b432d00ad2d
2026-09-29T23:01:20.6478161Z   Stored in directory: /tmp/pip-ephem-wheel-cache-kyrl1s3s/wheels/4b/14/de/c01d5c98e482dba508ed0b80beaf37c3b37034de18f4d8fbd4
2026-09-29T23:01:20.6491496Z Successfully built strata
2026-09-29T23:01:20.6944291Z Installing collected packages: jsonpath-ng, distlib, clang-format, ujson, strata, ruff, pyyaml, pysimdjson, pygments, psutil, pluggy, platformdirs, orjson, nodeenv, msgspec, jmespath, iniconfig, identify, filelock, coverage, cmake, cfgv, python-discovery, pytest, virtualenv, pytest-cov, pre-commit
2026-09-29T23:01:22.3605128Z 
2026-09-29T23:01:22.3626128Z Successfully installed cfgv-3.5.0 clang-format-21.1.8 cmake-4.4.3 coverage-7.16.2 distlib-0.4.3 filelock-4.0.6 identify-2.6.20 iniconfig-2.3.0 jmespath-1.1.0 jsonpath-ng-1.8.0 msgspec-0.22.0 nodeenv-1.11.0 orjson-3.12.0 platformdirs-4.12.2 pluggy-1.6.0 pre-commit-4.6.2 psutil-7.2.2 pygments-2.21.0 pysimdjson-7.0.2 pytest-9.1.1 pytest-cov-7.1.0 python-discovery-1.6.1 pyyaml-6.0.3 ruff-0.16.9 strata-2026.8.10 ujson-6.0.0 virtualenv-21.14.0
2026-09-29T23:01:23.1027090Z + /home/runner/work/_temp/identity-arm/.venv/bin/python -m pip install --force-reinstall --no-deps -e .
2026-09-29T23:01:23.2922964Z Obtaining file:///home/runner/work/_temp/identity-arm
2026-09-29T23:01:23.2935677Z   Installing build dependencies: started
2026-09-29T23:01:24.4106598Z   Installing build dependencies: finished with status 'done'
2026-09-29T23:01:24.4110934Z   Checking if build backend supports build_editable: started
2026-09-29T23:01:24.5892024Z   Checking if build backend supports build_editable: finished with status 'done'
2026-09-29T23:01:24.5897791Z   Getting requirements to build editable: started
2026-09-29T23:01:24.8252430Z   Getting requirements to build editable: finished with status 'done'
2026-09-29T23:01:24.8258998Z   Preparing editable metadata (pyproject.toml): started
2026-09-29T23:01:24.9705053Z   Preparing editable metadata (pyproject.toml): finished with status 'done'
2026-09-29T23:01:24.9739077Z Building wheels for collected packages: strata
2026-09-29T23:01:24.9744446Z   Building editable for strata (pyproject.toml): started
2026-09-29T23:02:03.5690617Z   Building editable for strata (pyproject.toml): finished with status 'done'
2026-09-29T23:02:03.5696725Z   Created wheel for strata: filename=strata-2026.8.10-0.editable-cp312-cp312-linux_x86_64.whl size=4457 sha256=66e3b1a759892e14af5687e35aa8082194b86ed4d853c41c033f9f68fa97f417
2026-09-29T23:02:03.5697623Z   Stored in directory: /tmp/pip-ephem-wheel-cache-air23_zd/wheels/4b/14/de/c01d5c98e482dba508ed0b80beaf37c3b37034de18f4d8fbd4
2026-09-29T23:02:03.5716750Z Successfully built strata
2026-09-29T23:02:03.5791917Z Installing collected packages: strata
2026-09-29T23:02:03.5792625Z   Attempting uninstall: strata
2026-09-29T23:02:03.5806442Z     Found existing installation: strata 2026.8.10
2026-09-29T23:02:03.5817586Z     Uninstalling strata-2026.8.10:
2026-09-29T23:02:03.6001379Z       Successfully uninstalled strata-2026.8.10
2026-09-29T23:02:03.6144344Z Successfully installed strata-2026.8.10
2026-09-29T23:02:04.4507880Z + git worktree remove --force /home/runner/work/_temp/identity-arm
2026-09-29T23:02:05.9616379Z .data                            1a23dcba68c88a30 1a23dcba68c88a30 identical
2026-09-29T23:02:05.9616771Z .data.rel.ro                     477955a1cc9ff7c1 477955a1cc9ff7c1 identical
2026-09-29T23:02:05.9617078Z .dynamic                         3a8c162766cb5003 3a8c162766cb5003 identical
2026-09-29T23:02:05.9617721Z .dynstr                          a8ee2aa255d8c693 a8ee2aa255d8c693 identical
2026-09-29T23:02:05.9618030Z .dynsym                          914f2364f38558ff 914f2364f38558ff identical
2026-09-29T23:02:05.9618348Z .eh_frame                        c8f22b94069c5a6c c8f22b94069c5a6c identical
2026-09-29T23:02:05.9618676Z .eh_frame_hdr                    87474ebdfb9684cc 87474ebdfb9684cc identical
2026-09-29T23:02:05.9619008Z .fini                            6a4f3e5efc7c1f7e 6a4f3e5efc7c1f7e identical
2026-09-29T23:02:05.9619490Z .fini_array                      9152d6bf468f3689 9152d6bf468f3689 identical
2026-09-29T23:02:05.9619838Z .gcc_except_table                1313792adf724f26 1313792adf724f26 identical
2026-09-29T23:02:05.9620188Z .gnu.hash                        74bf2d00237d924a 74bf2d00237d924a identical
2026-09-29T23:02:05.9620521Z .gnu.version                     333a783136bc6ecb 333a783136bc6ecb identical
2026-09-29T23:02:05.9620872Z .gnu.version_r                   165d0bca64f698fc 165d0bca64f698fc identical
2026-09-29T23:02:05.9621205Z .got                             5c55c8f4db4010ba 5c55c8f4db4010ba identical
2026-09-29T23:02:05.9621419Z .got.plt                         d61a1d86238b4c84 d61a1d86238b4c84 identical
2026-09-29T23:02:05.9621624Z .init                            444b53b2f2846a7c 444b53b2f2846a7c identical
2026-09-29T23:02:05.9621836Z .init_array                      96cbc06a973de8cf 96cbc06a973de8cf identical
2026-09-29T23:02:05.9622064Z .note.gnu.build-id               602e7711df121de7 1dac26e2d736387e differs
2026-09-29T23:02:05.9622291Z .plt                             07a8c78503e53022 07a8c78503e53022 identical
2026-09-29T23:02:05.9622490Z .plt.got                         ab8398f80f650255 ab8398f80f650255 identical
2026-09-29T23:02:05.9622700Z .rela.dyn                        66a6e217a299df32 66a6e217a299df32 identical
2026-09-29T23:02:05.9622913Z .rela.plt                        f7e82814e1a905ad f7e82814e1a905ad identical
2026-09-29T23:02:05.9623121Z .rodata                          2c9190727cdfc7e0 2c9190727cdfc7e0 identical
2026-09-29T23:02:05.9623324Z .tdata                           fef02424157f106b fef02424157f106b identical
2026-09-29T23:02:05.9623863Z .text                            fe9acee0683ef765 fe9acee0683ef765 identical
2026-09-29T23:02:05.9624042Z CODE IDENTICAL
2026-09-29T23:02:05.9624185Z .data                            ff7bce7123517176 ff7bce7123517176 identical
2026-09-29T23:02:05.9624392Z .data.rel.ro                     f8631e6e03815990 f8631e6e03815990 identical
2026-09-29T23:02:05.9624609Z .dynamic                         6b1ab2c6f3aa526c 6b1ab2c6f3aa526c identical
2026-09-29T23:02:05.9624816Z .dynstr                          4d9713484a90058e 4d9713484a90058e identical
2026-09-29T23:02:05.9625032Z .dynsym                          b323f3d859823ec6 b323f3d859823ec6 identical
2026-09-29T23:02:05.9625242Z .eh_frame                        3da872a21623fce8 3da872a21623fce8 identical
2026-09-29T23:02:05.9625460Z .eh_frame_hdr                    d4c6ab63167a59a6 d4c6ab63167a59a6 identical
2026-09-29T23:02:05.9625674Z .fini                            6a4f3e5efc7c1f7e 6a4f3e5efc7c1f7e identical
2026-09-29T23:02:05.9625883Z .fini_array                      667863b6073ebd8a 667863b6073ebd8a identical
2026-09-29T23:02:05.9626103Z .gcc_except_table                1c4fb773720307c4 1c4fb773720307c4 identical
2026-09-29T23:02:05.9626325Z .gnu.hash                        d6a3d95996df5df9 d6a3d95996df5df9 identical
2026-09-29T23:02:05.9626535Z .gnu.version                     633068e1c75b1142 633068e1c75b1142 identical
2026-09-29T23:02:05.9626755Z .gnu.version_r                   7796889a3af8c8a2 7796889a3af8c8a2 identical
2026-09-29T23:02:05.9626965Z .got                             71818ecc26433c32 71818ecc26433c32 identical
2026-09-29T23:02:05.9627167Z .got.plt                         e5dc0ece494681a3 e5dc0ece494681a3 identical
2026-09-29T23:02:05.9627370Z .init                            f802af80d0689c20 f802af80d0689c20 identical
2026-09-29T23:02:05.9627686Z .init_array                      0babff5eb7460f79 0babff5eb7460f79 identical
2026-09-29T23:02:05.9627914Z .note.gnu.build-id               7fdd902aa7e7b988 50a3dc401acaf15c differs
2026-09-29T23:02:05.9628135Z .plt                             c002070c92a7f790 c002070c92a7f790 identical
2026-09-29T23:02:05.9628339Z .plt.got                         ae84e5ab37b90500 ae84e5ab37b90500 identical
2026-09-29T23:02:05.9628548Z .rela.dyn                        e150b446aeb20bf0 e150b446aeb20bf0 identical
2026-09-29T23:02:05.9628765Z .rela.plt                        df3140cfa8a90739 df3140cfa8a90739 identical
2026-09-29T23:02:05.9629059Z .rodata                          ca55d2e8c69abf34 ca55d2e8c69abf34 identical
2026-09-29T23:02:05.9629269Z .tdata                           fef02424157f106b fef02424157f106b identical
2026-09-29T23:02:05.9629470Z .text                            b72777725b3de901 b72777725b3de901 identical
2026-09-29T23:02:05.9629643Z CODE IDENTICAL
2026-09-29T23:02:05.9629757Z {
2026-09-29T23:02:05.9629911Z  "base": "234ea15861d2f37b1b55c6251281a49021864441",
2026-09-29T23:02:05.9630075Z  "plain_exit": 0,
2026-09-29T23:02:05.9630193Z  "held_pgo_exit": 0
2026-09-29T23:02:05.9630303Z }
2026-09-29T23:02:05.9630402Z plain build: exit 0
2026-09-29T23:02:05.9630535Z held-profile pgo+lto build: exit 0
2026-09-29T23:02:05.9630638Z 
2026-09-29T23:02:05.9738916Z ##[group]Run actions/upload-artifact@v4
2026-09-29T23:02:05.9739071Z with:
2026-09-29T23:02:05.9739201Z   name: benchmark-linux-x86_64
2026-09-29T23:02:05.9739421Z   path: bench_ci_*.md
bench_ci_*.json
bench_native_*.md
bench_native_*.json
identity-*.txt

2026-09-29T23:02:05.9739654Z   if-no-files-found: ignore
2026-09-29T23:02:05.9739785Z   compression-level: 6
2026-09-29T23:02:05.9739903Z   overwrite: false
2026-09-29T23:02:05.9740022Z   include-hidden-files: false
2026-09-29T23:02:05.9740150Z env:
2026-09-29T23:02:05.9740250Z   ARCHFLAGS: 
2026-09-29T23:02:05.9740396Z   pythonLocation: /opt/hostedtoolcache/Python/3.12.14/x64
2026-09-29T23:02:05.9740634Z   PKG_CONFIG_PATH: /opt/hostedtoolcache/Python/3.12.14/x64/lib/pkgconfig
2026-09-29T23:02:05.9740860Z   Python_ROOT_DIR: /opt/hostedtoolcache/Python/3.12.14/x64
2026-09-29T23:02:05.9741064Z   Python2_ROOT_DIR: /opt/hostedtoolcache/Python/3.12.14/x64
2026-09-29T23:02:05.9741294Z   Python3_ROOT_DIR: /opt/hostedtoolcache/Python/3.12.14/x64
2026-09-29T23:02:05.9741500Z   LD_LIBRARY_PATH: /opt/hostedtoolcache/Python/3.12.14/x64/lib
2026-09-29T23:02:05.9741673Z ##[endgroup]
2026-09-29T23:02:06.0841498Z (node:19204) [DEP0040] DeprecationWarning: The `punycode` module is deprecated. Please use a userland alternative instead.
2026-09-29T23:02:06.0841905Z (Use `node --trace-deprecation ...` to show where the warning was created)
2026-09-29T23:02:06.0910027Z With the provided path, there will be 5 files uploaded
2026-09-29T23:02:06.0914670Z Artifact name is valid!
2026-09-29T23:02:06.0914888Z Root directory input is valid!
2026-09-29T23:02:06.3871287Z Beginning upload of artifact content to blob storage
2026-09-29T23:02:06.4076934Z (node:19204) [DEP0169] DeprecationWarning: `url.parse()` behavior is not standardized and prone to errors that have security implications. Use the WHATWG URL API instead. CVEs are not issued for `url.parse()` vulnerabilities.
2026-09-29T23:02:06.6039858Z Uploaded bytes 66362
2026-09-29T23:02:06.6451520Z Finished uploading artifact content to blob storage!
2026-09-29T23:02:06.6452046Z SHA256 digest of uploaded artifact zip is 4e3576d5e9f8a42a6c3bf47318b7d6bd40af75d5909b1f83e4aca9f62a75172c
2026-09-29T23:02:06.6453680Z Finalizing artifact upload
2026-09-29T23:02:06.8698672Z Artifact benchmark-linux-x86_64.zip successfully finalized. Artifact ID 11066963395
2026-09-29T23:02:06.8699315Z Artifact benchmark-linux-x86_64 has been successfully uploaded! Final size is 66362 bytes. Artifact ID is 11066963395
2026-09-29T23:02:06.8703722Z Artifact download URL: https://github.com/PrimeLab-Foundation/strata/actions/runs/36641825105/artifacts/11066963395
2026-09-29T23:02:06.8840820Z Post job cleanup.
2026-09-29T23:02:06.9630371Z (node:19216) [DEP0040] DeprecationWarning: The `punycode` module is deprecated. Please use a userland alternative instead.
2026-09-29T23:02:06.9630797Z (Use `node --trace-deprecation ...` to show where the warning was created)
2026-09-29T23:02:06.9759228Z Post job cleanup.
2026-09-29T23:02:07.0323700Z [command]/usr/bin/git version
2026-09-29T23:02:07.0387498Z git version 2.55.0
2026-09-29T23:02:07.0412878Z Temporarily overriding HOME='/home/runner/work/_temp/66071e4f-3559-4d6d-957d-d02800330d86' before making global git config changes
2026-09-29T23:02:07.0413697Z Adding repository directory to the temporary git global config as a safe directory
2026-09-29T23:02:07.0416690Z [command]/usr/bin/git config --global --add safe.directory /home/runner/work/strata/strata
2026-09-29T23:02:07.0447856Z [command]/usr/bin/git config --local --name-only --get-regexp core\.sshCommand
2026-09-29T23:02:07.0476644Z [command]/usr/bin/git submodule foreach --recursive sh -c "git config --local --name-only --get-regexp 'core\.sshCommand' && git config --local --unset-all 'core.sshCommand' || :"
2026-09-29T23:02:07.0695540Z [command]/usr/bin/git config --local --name-only --get-regexp http\.https\:\/\/github\.com\/\.extraheader
2026-09-29T23:02:07.0725531Z http.https://github.com/.extraheader
2026-09-29T23:02:07.0740850Z [command]/usr/bin/git config --local --unset-all http.https://github.com/.extraheader
2026-09-29T23:02:07.0766510Z [command]/usr/bin/git submodule foreach --recursive sh -c "git config --local --name-only --get-regexp 'http\.https\:\/\/github\.com\/\.extraheader' && git config --local --unset-all 'http.https://github.com/.extraheader' || :"
2026-09-29T23:02:07.1008293Z [command]/usr/bin/git config --local --name-only --get-regexp ^includeIf\.gitdir:
2026-09-29T23:02:07.1042993Z [command]/usr/bin/git submodule foreach --recursive git config --local --show-origin --name-only --get-regexp remote.origin.url
2026-09-29T23:02:07.1352026Z Cleaning up orphan processes
2026-09-29T23:02:07.1559391Z ##[warning]Node.js 20 is deprecated. The following actions target Node.js 20 but are being forced to run on Node.js 24: actions/checkout@v4, actions/setup-python@v5, actions/upload-artifact@v4. For more information see: https://github.blog/changelog/2025-09-19-deprecation-of-node-20-on-github-actions-runners/
