2026-09-29T22:49:39.7230221Z Current runner version: '2.337.0'
2026-09-29T22:49:39.7251736Z ##[group]Runner Image Provisioner
2026-09-29T22:49:39.7252391Z Hosted Compute Agent
2026-09-29T22:49:39.7252959Z Version: 20260828.587
2026-09-29T22:49:39.7253479Z Commit: abac92662cab4cc7352de4f9f9d2e2419aad9c29
2026-09-29T22:49:39.7254067Z Build Date: 2026-08-28T16:44:25Z
2026-09-29T22:49:39.7254985Z Worker ID: {5bff2a4b-d4ef-488f-910f-60a58b486c99}
2026-09-29T22:49:39.7255866Z Azure Region: eastus
2026-09-29T22:49:39.7256557Z ##[endgroup]
2026-09-29T22:49:39.7258100Z ##[group]Operating System
2026-09-29T22:49:39.7258800Z Microsoft Windows Server 2025
2026-09-29T22:49:39.7259494Z 10.0.26100
2026-09-29T22:49:39.7260081Z Datacenter
2026-09-29T22:49:39.7260650Z ##[endgroup]
2026-09-29T22:49:39.7261222Z ##[group]Runner Image
2026-09-29T22:49:39.7261864Z Image: windows-2025-vs2026
2026-09-29T22:49:39.7262528Z Version: 20260922.246.2
2026-09-29T22:49:39.7264324Z Included Software: https://github.com/actions/runner-images/blob/win25-vs2026/20260922.246/images/windows/Windows2025-VS2026-Readme.md
2026-09-29T22:49:39.7266669Z Image Release: https://github.com/actions/runner-images/releases/tag/win25-vs2026%2F20260922.246
2026-09-29T22:49:39.7267962Z ##[endgroup]
2026-09-29T22:49:39.7269702Z ##[group]GITHUB_TOKEN Permissions
2026-09-29T22:49:39.7272153Z Contents: read
2026-09-29T22:49:39.7272891Z Metadata: read
2026-09-29T22:49:39.7273522Z Packages: read
2026-09-29T22:49:39.7274127Z ##[endgroup]
2026-09-29T22:49:39.7276728Z Secret source: Actions
2026-09-29T22:49:39.7277764Z Cache mode: write
2026-09-29T22:49:39.7278608Z Prepare workflow directory
2026-09-29T22:49:39.7576957Z Prepare all required actions
2026-09-29T22:49:39.7615651Z Getting action download info
2026-09-29T22:49:39.9102608Z Download action repository 'actions/checkout@v4' (SHA:11d5960a326750d5838078e36cf38b85af677262)
2026-09-29T22:49:40.0115995Z Download action repository 'actions/setup-python@v5' (SHA:a26af69be951a213d495a4c3e4e4022e16d87065)
2026-09-29T22:49:40.1343671Z Download action repository 'actions/upload-artifact@v4' (SHA:ea165f8d65b6e75b540449e92b4886f43607fa02)
2026-09-29T22:49:40.4344842Z Complete job name: supportability (windows-x86_64)
2026-09-29T22:49:40.5411955Z ##[group]Run actions/checkout@v4
2026-09-29T22:49:40.5412796Z with:
2026-09-29T22:49:40.5413089Z   fetch-depth: 0
2026-09-29T22:49:40.5413431Z   repository: PrimeLab-Foundation/strata
2026-09-29T22:49:40.5416445Z   token: ***
2026-09-29T22:49:40.5416747Z   ssh-strict: true
2026-09-29T22:49:40.5417054Z   ssh-user: git
2026-09-29T22:49:40.5417367Z   persist-credentials: true
2026-09-29T22:49:40.5417715Z   clean: true
2026-09-29T22:49:40.5418021Z   sparse-checkout-cone-mode: true
2026-09-29T22:49:40.5418387Z   fetch-tags: false
2026-09-29T22:49:40.5418692Z   show-progress: true
2026-09-29T22:49:40.5418999Z   lfs: false
2026-09-29T22:49:40.5419281Z   submodules: false
2026-09-29T22:49:40.5419590Z   set-safe-directory: true
2026-09-29T22:49:40.5419940Z   allow-unsafe-pr-checkout: false
2026-09-29T22:49:40.5420488Z ##[endgroup]
2026-09-29T22:49:40.6701121Z Syncing repository: PrimeLab-Foundation/strata
2026-09-29T22:49:40.6702491Z ##[group]Getting Git version info
2026-09-29T22:49:40.6703053Z Working directory is 'D:\a\strata\strata'
2026-09-29T22:49:40.7397578Z [command]"C:\Program Files\Git\bin\git.exe" version
2026-09-29T22:49:41.1871401Z git version 2.55.0.windows.5
2026-09-29T22:49:41.1923448Z ##[endgroup]
2026-09-29T22:49:41.1940593Z Temporarily overriding HOME='D:\a\_temp\2aeb68bb-52bf-4aa0-b568-94d41c40980e' before making global git config changes
2026-09-29T22:49:41.1949053Z Adding repository directory to the temporary git global config as a safe directory
2026-09-29T22:49:41.1951120Z [command]"C:\Program Files\Git\bin\git.exe" config --global --add safe.directory D:\a\strata\strata
2026-09-29T22:49:41.3033042Z Deleting the contents of 'D:\a\strata\strata'
2026-09-29T22:49:41.3037910Z ##[group]Initializing the repository
2026-09-29T22:49:41.3045407Z [command]"C:\Program Files\Git\bin\git.exe" init D:\a\strata\strata
2026-09-29T22:49:41.3800047Z Initialized empty Git repository in D:/a/strata/strata/.git/
2026-09-29T22:49:41.3838027Z [command]"C:\Program Files\Git\bin\git.exe" remote add origin https://github.com/PrimeLab-Foundation/strata
2026-09-29T22:49:41.4776280Z ##[endgroup]
2026-09-29T22:49:41.4778119Z ##[group]Disabling automatic garbage collection
2026-09-29T22:49:41.4785012Z [command]"C:\Program Files\Git\bin\git.exe" config --local gc.auto 0
2026-09-29T22:49:41.5051916Z ##[endgroup]
2026-09-29T22:49:41.5065668Z ##[group]Setting up auth
2026-09-29T22:49:41.5067723Z [command]"C:\Program Files\Git\bin\git.exe" config --local --name-only --get-regexp core\.sshCommand
2026-09-29T22:49:41.5380500Z [command]"C:\Program Files\Git\bin\git.exe" submodule foreach --recursive "sh -c \"git config --local --name-only --get-regexp 'core\.sshCommand' && git config --local --unset-all 'core.sshCommand' || :\""
2026-09-29T22:49:43.6796186Z [command]"C:\Program Files\Git\bin\git.exe" config --local --name-only --get-regexp http\.https\:\/\/github\.com\/\.extraheader
2026-09-29T22:49:43.7072933Z [command]"C:\Program Files\Git\bin\git.exe" submodule foreach --recursive "sh -c \"git config --local --name-only --get-regexp 'http\.https\:\/\/github\.com\/\.extraheader' && git config --local --unset-all 'http.https://github.com/.extraheader' || :\""
2026-09-29T22:49:44.3007263Z [command]"C:\Program Files\Git\bin\git.exe" config --local --name-only --get-regexp ^includeIf\.gitdir:
2026-09-29T22:49:44.3283323Z [command]"C:\Program Files\Git\bin\git.exe" submodule foreach --recursive "git config --local --show-origin --name-only --get-regexp remote.origin.url"
2026-09-29T22:49:44.7424524Z [command]"C:\Program Files\Git\bin\git.exe" config --local http.https://github.com/.extraheader "AUTHORIZATION: basic ***"
2026-09-29T22:49:44.7669041Z ##[endgroup]
2026-09-29T22:49:44.7669701Z ##[group]Fetching the repository
2026-09-29T22:49:44.7680269Z [command]"C:\Program Files\Git\bin\git.exe" -c protocol.version=2 fetch --prune --no-recurse-submodules origin +refs/heads/*:refs/remotes/origin/* +refs/tags/*:refs/tags/*
2026-09-29T22:49:51.5434774Z From https://github.com/PrimeLab-Foundation/strata
2026-09-29T22:49:51.5435568Z  * [new branch]      exp/ab-historic-base        -> origin/exp/ab-historic-base
2026-09-29T22:49:51.5436426Z  * [new branch]      exp/cold-entry              -> origin/exp/cold-entry
2026-09-29T22:49:51.5436845Z  * [new branch]      exp/cold-slot-interleave    -> origin/exp/cold-slot-interleave
2026-09-29T22:49:51.5437260Z  * [new branch]      exp/cross-sample            -> origin/exp/cross-sample
2026-09-29T22:49:51.5437663Z  * [new branch]      exp/emit-n2                 -> origin/exp/emit-n2
2026-09-29T22:49:51.5437989Z  * [new branch]      exp/m12-ab-arm              -> origin/exp/m12-ab-arm
2026-09-29T22:49:51.5438343Z  * [new branch]      exp/m12-base-pin            -> origin/exp/m12-base-pin
2026-09-29T22:49:51.5438689Z  * [new branch]      exp/m12-base-pin2           -> origin/exp/m12-base-pin2
2026-09-29T22:49:51.5439105Z  * [new branch]      exp/m12-default-hook        -> origin/exp/m12-default-hook
2026-09-29T22:49:51.5439719Z  * [new branch]      exp/m12-default-hook-2      -> origin/exp/m12-default-hook-2
2026-09-29T22:49:51.5440073Z  * [new branch]      exp/m12-source-ab           -> origin/exp/m12-source-ab
2026-09-29T22:49:51.5440461Z  * [new branch]      exp/m12b-ab-arm             -> origin/exp/m12b-ab-arm
2026-09-29T22:49:51.5440975Z  * [new branch]      exp/m12b-dumps-with-default -> origin/exp/m12b-dumps-with-default
2026-09-29T22:49:51.5441583Z  * [new branch]      exp/m13-adapters            -> origin/exp/m13-adapters
2026-09-29T22:49:51.5442218Z  * [new branch]      exp/m15-ab-arm              -> origin/exp/m15-ab-arm
2026-09-29T22:49:51.5442540Z  * [new branch]      exp/main-repair             -> origin/exp/main-repair
2026-09-29T22:49:51.5442854Z  * [new branch]      exp/native-gap              -> origin/exp/native-gap
2026-09-29T22:49:51.5444148Z  * [new branch]      exp/native-types            -> origin/exp/native-types
2026-09-29T22:49:51.5445091Z  * [new branch]      exp/p0-integration          -> origin/exp/p0-integration
2026-09-29T22:49:51.5445907Z  * [new branch]      exp/p0p6-integration        -> origin/exp/p0p6-integration
2026-09-29T22:49:51.5446385Z  * [new branch]      exp/p23-b1                  -> origin/exp/p23-b1
2026-09-29T22:49:51.5446777Z  * [new branch]      exp/p23-b1-tests            -> origin/exp/p23-b1-tests
2026-09-29T22:49:51.5447140Z  * [new branch]      exp/p23-general-tables      -> origin/exp/p23-general-tables
2026-09-29T22:49:51.5447498Z  * [new branch]      exp/p23-tests-only          -> origin/exp/p23-tests-only
2026-09-29T22:49:51.5447828Z  * [new branch]      exp/p24-open-cost           -> origin/exp/p24-open-cost
2026-09-29T22:49:51.5448168Z  * [new branch]      exp/p24-tests-only          -> origin/exp/p24-tests-only
2026-09-29T22:49:51.5448499Z  * [new branch]      exp/p26-tests-arm           -> origin/exp/p26-tests-arm
2026-09-29T22:49:51.5448833Z  * [new branch]      exp/p26-win-abi             -> origin/exp/p26-win-abi
2026-09-29T22:49:51.5449173Z  * [new branch]      exp/p6-acceptance2          -> origin/exp/p6-acceptance2
2026-09-29T22:49:51.5449500Z  * [new branch]      exp/p6-windows-ab           -> origin/exp/p6-windows-ab
2026-09-29T22:49:51.5449822Z  * [new branch]      exp/p6-x86-ab               -> origin/exp/p6-x86-ab
2026-09-29T22:49:51.5450140Z  * [new branch]      exp/p6-x86-regs             -> origin/exp/p6-x86-regs
2026-09-29T22:49:51.5450488Z  * [new branch]      exp/p6p7-integration        -> origin/exp/p6p7-integration
2026-09-29T22:49:51.5450823Z  * [new branch]      exp/p7-x86-nofp             -> origin/exp/p7-x86-nofp
2026-09-29T22:49:51.5451160Z  * [new branch]      exp/p7b-tests-only          -> origin/exp/p7b-tests-only
2026-09-29T22:49:51.5451480Z  * [new branch]      exp/p8-b1                   -> origin/exp/p8-b1
2026-09-29T22:49:51.5451777Z  * [new branch]      exp/p8-b12                  -> origin/exp/p8-b12
2026-09-29T22:49:51.5452063Z  * [new branch]      exp/p8-b2                   -> origin/exp/p8-b2
2026-09-29T22:49:51.5452966Z  * [new branch]      exp/p9-fused-dicts          -> origin/exp/p9-fused-dicts
2026-09-29T22:49:51.5453322Z  * [new branch]      exp/p9-probe-flag           -> origin/exp/p9-probe-flag
2026-09-29T22:49:51.5453677Z  * [new branch]      exp/p9-probe-placement      -> origin/exp/p9-probe-placement
2026-09-29T22:49:51.5454041Z  * [new branch]      exp/pin-discovery-ab        -> origin/exp/pin-discovery-ab
2026-09-29T22:49:51.5454403Z  * [new branch]      exp/pin-discovery-test      -> origin/exp/pin-discovery-test
2026-09-29T22:49:51.5454728Z  * [new branch]      exp/t1-ab                   -> origin/exp/t1-ab
2026-09-29T22:49:51.5455069Z  * [new branch]      exp/t1-private-cache-leak   -> origin/exp/t1-private-cache-leak
2026-09-29T22:49:51.5455427Z  * [new branch]      exp/t1-source-ab            -> origin/exp/t1-source-ab
2026-09-29T22:49:51.5455993Z  * [new branch]      exp/t1-tests-only           -> origin/exp/t1-tests-only
2026-09-29T22:49:51.5456924Z  * [new branch]      exp/t2-evidence-gates       -> origin/exp/t2-evidence-gates
2026-09-29T22:49:51.5457510Z  * [new branch]      exp/t3-ab-estimator         -> origin/exp/t3-ab-estimator
2026-09-29T22:49:51.5458049Z  * [new branch]      exp/win-mixed-probe         -> origin/exp/win-mixed-probe
2026-09-29T22:49:51.5458593Z  * [new branch]      exp/win-rawwalk-check       -> origin/exp/win-rawwalk-check
2026-09-29T22:49:51.5459082Z  * [new branch]      main                        -> origin/main
2026-09-29T22:49:51.5459756Z  * [new branch]      work/benchmark-lead         -> origin/work/benchmark-lead
2026-09-29T22:49:51.5460320Z  * [new branch]      work/september-7-plan       -> origin/work/september-7-plan
2026-09-29T22:49:51.5460849Z  * [new tag]         archive/exp/audit-tests     -> archive/exp/audit-tests
2026-09-29T22:49:51.5461327Z  * [new tag]         archive/exp/cursor          -> archive/exp/cursor
2026-09-29T22:49:51.5462007Z  * [new tag]         archive/exp/cursor2         -> archive/exp/cursor2
2026-09-29T22:49:51.5462508Z  * [new tag]         archive/exp/digitchain      -> archive/exp/digitchain
2026-09-29T22:49:51.5463066Z  * [new tag]         archive/exp/dump-flat-macos -> archive/exp/dump-flat-macos
2026-09-29T22:49:51.5463583Z  * [new tag]         archive/exp/dumps-n2        -> archive/exp/dumps-n2
2026-09-29T22:49:51.5464081Z  * [new tag]         archive/exp/e26-p2-profile  -> archive/exp/e26-p2-profile
2026-09-29T22:49:51.5464762Z  * [new tag]         archive/exp/fix1-reentrant-mutation -> archive/exp/fix1-reentrant-mutation
2026-09-29T22:49:51.5465559Z  * [new tag]         archive/exp/fix1-reentrant-mutation-v2 -> archive/exp/fix1-reentrant-mutation-v2
2026-09-29T22:49:51.5466347Z  * [new tag]         archive/exp/fix1-reentrant-mutation-v3 -> archive/exp/fix1-reentrant-mutation-v3
2026-09-29T22:49:51.5467361Z  * [new tag]         archive/exp/fix1-reentrant-mutation-v4 -> archive/exp/fix1-reentrant-mutation-v4
2026-09-29T22:49:51.5467951Z  * [new tag]         archive/exp/fix2-surrogate-key -> archive/exp/fix2-surrogate-key
2026-09-29T22:49:51.5468312Z  * [new tag]         archive/exp/p0-controls     -> archive/exp/p0-controls
2026-09-29T22:49:51.5468657Z  * [new tag]         archive/exp/p1-attribution  -> archive/exp/p1-attribution
2026-09-29T22:49:51.5469134Z  * [new tag]         archive/exp/shrink-cold-instruction-footprint -> archive/exp/shrink-cold-instruction-footprint
2026-09-29T22:49:51.5469856Z  * [new tag]         archive/exp/shrink-write-stack-frames -> archive/exp/shrink-write-stack-frames
2026-09-29T22:49:51.5470524Z  * [new tag]         archive/exp/terminator      -> archive/exp/terminator
2026-09-29T22:49:51.5470991Z  * [new tag]         archive/exp/width-flat-format-int64-above-1e4 -> archive/exp/width-flat-format-int64-above-1e4
2026-09-29T22:49:51.5471456Z  * [new tag]         archive/main-from-scratch-v1 -> archive/main-from-scratch-v1
2026-09-29T22:49:51.5471792Z  * [new tag]         archive/main-v2             -> archive/main-v2
2026-09-29T22:49:51.5472237Z  * [new tag]         archive/main-v2-0.1         -> archive/main-v2-0.1
2026-09-29T22:49:51.5472615Z  * [new tag]         archive/main-v2-long-run-do-nothing -> archive/main-v2-long-run-do-nothing
2026-09-29T22:49:51.5473008Z  * [new tag]         archive/main-v2-prompt-1    -> archive/main-v2-prompt-1
2026-09-29T22:49:51.5473458Z  * [new tag]         archive/main-v2-prompt-2    -> archive/main-v2-prompt-2
2026-09-29T22:49:51.5473778Z  * [new tag]         archive/main-v2-prompt-3    -> archive/main-v2-prompt-3
2026-09-29T22:49:51.5474088Z  * [new tag]         archive/main-v2-prompt-4    -> archive/main-v2-prompt-4
2026-09-29T22:49:51.5542654Z [command]"C:\Program Files\Git\bin\git.exe" branch --list --remote origin/exp/native-gap
2026-09-29T22:49:51.5833653Z   origin/exp/native-gap
2026-09-29T22:49:51.5879800Z [command]"C:\Program Files\Git\bin\git.exe" rev-parse refs/remotes/origin/exp/native-gap
2026-09-29T22:49:51.6084968Z 271a2a0864aa430c4690ca9b609e4201e13cfb51
2026-09-29T22:49:51.6109860Z ##[endgroup]
2026-09-29T22:49:51.6110227Z ##[group]Determining the checkout info
2026-09-29T22:49:51.6111605Z ##[endgroup]
2026-09-29T22:49:51.6118341Z [command]"C:\Program Files\Git\bin\git.exe" sparse-checkout disable
2026-09-29T22:49:51.6564082Z [command]"C:\Program Files\Git\bin\git.exe" config --local --unset-all extensions.worktreeConfig
2026-09-29T22:49:51.6788108Z ##[group]Checking out the ref
2026-09-29T22:49:51.6796061Z [command]"C:\Program Files\Git\bin\git.exe" checkout --progress --force -B exp/native-gap refs/remotes/origin/exp/native-gap
2026-09-29T22:49:52.3207240Z Switched to a new branch 'exp/native-gap'
2026-09-29T22:49:52.5206917Z branch 'exp/native-gap' set up to track 'origin/exp/native-gap'.
2026-09-29T22:49:52.5332184Z ##[endgroup]
2026-09-29T22:49:52.5923427Z [command]"C:\Program Files\Git\bin\git.exe" log -1 --format=%H
2026-09-29T22:49:52.6168369Z 271a2a0864aa430c4690ca9b609e4201e13cfb51
2026-09-29T22:49:52.6552196Z ##[group]Run actions/setup-python@v5
2026-09-29T22:49:52.6552484Z with:
2026-09-29T22:49:52.6552644Z   python-version: 3.12
2026-09-29T22:49:52.6552827Z   check-latest: false
2026-09-29T22:49:52.6554732Z   token: ***
2026-09-29T22:49:52.6554900Z   update-environment: true
2026-09-29T22:49:52.6555096Z   allow-prereleases: false
2026-09-29T22:49:52.6555698Z   freethreaded: false
2026-09-29T22:49:52.6556967Z ##[endgroup]
2026-09-29T22:49:52.7937510Z ##[group]Installed versions
2026-09-29T22:49:52.8361297Z (node:6588) [DEP0040] DeprecationWarning: The `punycode` module is deprecated. Please use a userland alternative instead.
2026-09-29T22:49:52.8361842Z (Use `node --trace-deprecation ...` to show where the warning was created)
2026-09-29T22:49:52.8362792Z Successfully set up CPython (3.12.10)
2026-09-29T22:49:52.8363762Z ##[endgroup]
2026-09-29T22:49:52.8614641Z ##[group]Run python -m pip install -U pip setuptools wheel
2026-09-29T22:49:52.8615086Z python -m pip install -U pip setuptools wheel
2026-09-29T22:49:52.8615384Z python -m pip install -e ".[dev,bench]"
2026-09-29T22:49:52.8667360Z shell: C:\Program Files\Git\bin\bash.EXE --noprofile --norc -e -o pipefail {0}
2026-09-29T22:49:52.8667685Z env:
2026-09-29T22:49:52.8667904Z   pythonLocation: C:\hostedtoolcache\windows\Python\3.12.10\x64
2026-09-29T22:49:52.8668276Z   PKG_CONFIG_PATH: C:\hostedtoolcache\windows\Python\3.12.10\x64/lib/pkgconfig
2026-09-29T22:49:52.8668641Z   Python_ROOT_DIR: C:\hostedtoolcache\windows\Python\3.12.10\x64
2026-09-29T22:49:52.8668961Z   Python2_ROOT_DIR: C:\hostedtoolcache\windows\Python\3.12.10\x64
2026-09-29T22:49:52.8669273Z   Python3_ROOT_DIR: C:\hostedtoolcache\windows\Python\3.12.10\x64
2026-09-29T22:49:52.8669531Z ##[endgroup]
2026-09-29T22:49:57.4025088Z Requirement already satisfied: pip in C:\hostedtoolcache\windows\Python\3.12.10\x64\Lib\site-packages (26.2.1)
2026-09-29T22:49:57.8958740Z Collecting setuptools
2026-09-29T22:49:58.0535080Z   Downloading setuptools-84.0.0-py3-none-any.whl.metadata (6.6 kB)
2026-09-29T22:49:58.1355983Z Collecting wheel
2026-09-29T22:49:58.1393945Z   Downloading wheel-0.48.0-py3-none-any.whl.metadata (2.3 kB)
2026-09-29T22:49:58.1763989Z Requirement already satisfied: packaging>=24.0 in C:\hostedtoolcache\windows\Python\3.12.10\x64\Lib\site-packages (from wheel) (26.3)
2026-09-29T22:49:58.2001931Z Downloading setuptools-84.0.0-py3-none-any.whl (818 kB)
2026-09-29T22:49:58.3238169Z    ---------------------------------------- 818.2/818.2 kB 17.9 MB/s  0:00:00
2026-09-29T22:49:58.3284728Z Downloading wheel-0.48.0-py3-none-any.whl (33 kB)
2026-09-29T22:49:58.5588840Z Installing collected packages: wheel, setuptools
2026-09-29T22:49:59.7419217Z 
2026-09-29T22:49:59.7433402Z Successfully installed setuptools-84.0.0 wheel-0.48.0
2026-09-29T22:50:00.8412359Z Obtaining file:///D:/a/strata/strata
2026-09-29T22:50:00.8438449Z   Installing build dependencies: started
2026-09-29T22:50:13.7278504Z   Installing build dependencies: finished with status 'done'
2026-09-29T22:50:13.7291924Z   Checking if build backend supports build_editable: started
2026-09-29T22:50:14.4879770Z   Checking if build backend supports build_editable: finished with status 'done'
2026-09-29T22:50:14.4899896Z   Getting requirements to build editable: started
2026-09-29T22:50:14.9925605Z   Getting requirements to build editable: finished with status 'done'
2026-09-29T22:50:14.9949838Z   Preparing editable metadata (pyproject.toml): started
2026-09-29T22:50:15.3338226Z   Preparing editable metadata (pyproject.toml): finished with status 'done'
2026-09-29T22:50:15.4059296Z Collecting cmake>=3.20 (from strata==2026.8.10)
2026-09-29T22:50:15.4080405Z   Using cached cmake-4.4.3-py3-none-win_amd64.whl.metadata (7.0 kB)
2026-09-29T22:50:15.4229254Z Collecting pytest>=7 (from strata==2026.8.10)
2026-09-29T22:50:15.4248543Z   Using cached pytest-9.1.1-py3-none-any.whl.metadata (7.6 kB)
2026-09-29T22:50:15.6484853Z Collecting pytest-cov>=4 (from strata==2026.8.10)
2026-09-29T22:50:15.8084362Z   Downloading pytest_cov-7.1.0-py3-none-any.whl.metadata (32 kB)
2026-09-29T22:50:16.2725890Z Collecting ruff>=0.5 (from strata==2026.8.10)
2026-09-29T22:50:16.2770490Z   Downloading ruff-0.16.9-py3-none-win_amd64.whl.metadata (21 kB)
2026-09-29T22:50:16.3412157Z Collecting pre-commit>=3.5 (from strata==2026.8.10)
2026-09-29T22:50:16.3450606Z   Downloading pre_commit-4.6.2-py2.py3-none-any.whl.metadata (1.2 kB)
2026-09-29T22:50:16.4236350Z Collecting clang-format<22,>=21 (from strata==2026.8.10)
2026-09-29T22:50:16.4340007Z   Downloading clang_format-21.1.8-py2.py3-none-win_amd64.whl.metadata (4.7 kB)
2026-09-29T22:50:16.6756522Z Collecting orjson (from strata==2026.8.10)
2026-09-29T22:50:16.6860924Z   Downloading orjson-3.12.0-cp312-cp312-win_amd64.whl.metadata (43 kB)
2026-09-29T22:50:16.7912885Z Collecting msgspec (from strata==2026.8.10)
2026-09-29T22:50:16.7963417Z   Downloading msgspec-0.22.0-cp312-cp312-win_amd64.whl.metadata (6.1 kB)
2026-09-29T22:50:16.8820039Z Collecting ujson (from strata==2026.8.10)
2026-09-29T22:50:16.8887272Z   Downloading ujson-6.0.0-cp312-cp312-win_amd64.whl.metadata (10 kB)
2026-09-29T22:50:16.9539373Z Collecting jmespath (from strata==2026.8.10)
2026-09-29T22:50:16.9579964Z   Downloading jmespath-1.1.0-py3-none-any.whl.metadata (7.6 kB)
2026-09-29T22:50:17.0924163Z Collecting jsonpath-ng (from strata==2026.8.10)
2026-09-29T22:50:17.0968010Z   Downloading jsonpath_ng-1.8.0-py3-none-any.whl.metadata (18 kB)
2026-09-29T22:50:17.1795925Z Collecting psutil>=5 (from strata==2026.8.10)
2026-09-29T22:50:17.1848839Z   Downloading psutil-7.2.2-cp37-abi3-win_amd64.whl.metadata (22 kB)
2026-09-29T22:50:17.2592755Z Collecting cfgv>=2.0.0 (from pre-commit>=3.5->strata==2026.8.10)
2026-09-29T22:50:17.2631538Z   Downloading cfgv-3.5.0-py2.py3-none-any.whl.metadata (8.9 kB)
2026-09-29T22:50:17.3444615Z Collecting identify>=1.0.0 (from pre-commit>=3.5->strata==2026.8.10)
2026-09-29T22:50:17.3490748Z   Downloading identify-2.6.20-py2.py3-none-any.whl.metadata (4.4 kB)
2026-09-29T22:50:17.4149170Z Collecting nodeenv>=0.11.1 (from pre-commit>=3.5->strata==2026.8.10)
2026-09-29T22:50:17.4189610Z   Downloading nodeenv-1.11.0-py2.py3-none-any.whl.metadata (40 kB)
2026-09-29T22:50:17.4759779Z Collecting pyyaml>=5.1 (from pre-commit>=3.5->strata==2026.8.10)
2026-09-29T22:50:17.4813604Z   Downloading pyyaml-6.0.3-cp312-cp312-win_amd64.whl.metadata (2.4 kB)
2026-09-29T22:50:17.5586479Z Collecting virtualenv>=20.10.0 (from pre-commit>=3.5->strata==2026.8.10)
2026-09-29T22:50:17.5627792Z   Downloading virtualenv-21.14.0-py3-none-any.whl.metadata (4.1 kB)
2026-09-29T22:50:17.5830662Z Requirement already satisfied: colorama>=0.4 in C:\hostedtoolcache\windows\Python\3.12.10\x64\Lib\site-packages (from pytest>=7->strata==2026.8.10) (0.4.6)
2026-09-29T22:50:17.5854958Z Collecting iniconfig>=1.0.1 (from pytest>=7->strata==2026.8.10)
2026-09-29T22:50:17.5870211Z   Using cached iniconfig-2.3.0-py3-none-any.whl.metadata (2.5 kB)
2026-09-29T22:50:17.5897032Z Requirement already satisfied: packaging>=22 in C:\hostedtoolcache\windows\Python\3.12.10\x64\Lib\site-packages (from pytest>=7->strata==2026.8.10) (26.3)
2026-09-29T22:50:17.5928322Z Collecting pluggy<2,>=1.5 (from pytest>=7->strata==2026.8.10)
2026-09-29T22:50:17.5943927Z   Using cached pluggy-1.6.0-py3-none-any.whl.metadata (4.8 kB)
2026-09-29T22:50:17.6044406Z Collecting pygments>=2.7.2 (from pytest>=7->strata==2026.8.10)
2026-09-29T22:50:17.6125870Z   Using cached pygments-2.21.0-py3-none-any.whl.metadata (2.5 kB)
2026-09-29T22:50:17.9942228Z Collecting coverage>=7.10.6 (from coverage[toml]>=7.10.6->pytest-cov>=4->strata==2026.8.10)
2026-09-29T22:50:17.9991431Z   Downloading coverage-7.16.2-cp312-cp312-win_amd64.whl.metadata (8.4 kB)
2026-09-29T22:50:18.0609973Z Collecting distlib<1,>=0.3.7 (from virtualenv>=20.10.0->pre-commit>=3.5->strata==2026.8.10)
2026-09-29T22:50:18.0650039Z   Downloading distlib-0.4.3-py2.py3-none-any.whl.metadata (5.3 kB)
2026-09-29T22:50:18.0814206Z Requirement already satisfied: filelock<5,>=3.24.2 in C:\hostedtoolcache\windows\Python\3.12.10\x64\Lib\site-packages (from virtualenv>=20.10.0->pre-commit>=3.5->strata==2026.8.10) (4.0.1)
2026-09-29T22:50:18.0818394Z Requirement already satisfied: platformdirs<5,>=3.9.1 in C:\hostedtoolcache\windows\Python\3.12.10\x64\Lib\site-packages (from virtualenv>=20.10.0->pre-commit>=3.5->strata==2026.8.10) (4.11.12)
2026-09-29T22:50:18.1106791Z Collecting python-discovery>=1.6 (from virtualenv>=20.10.0->pre-commit>=3.5->strata==2026.8.10)
2026-09-29T22:50:18.1145719Z   Downloading python_discovery-1.6.1-py3-none-any.whl.metadata (5.1 kB)
2026-09-29T22:50:18.1461048Z Downloading clang_format-21.1.8-py2.py3-none-win_amd64.whl (1.4 MB)
2026-09-29T22:50:18.2026979Z    ---------------------------------------- 1.4/1.4 MB 24.8 MB/s  0:00:00
2026-09-29T22:50:18.2058226Z Using cached cmake-4.4.3-py3-none-win_amd64.whl (42.3 MB)
2026-09-29T22:50:18.2264263Z Downloading pre_commit-4.6.2-py2.py3-none-any.whl (226 kB)
2026-09-29T22:50:18.2952949Z Downloading cfgv-3.5.0-py2.py3-none-any.whl (7.4 kB)
2026-09-29T22:50:18.3147084Z Downloading identify-2.6.20-py2.py3-none-any.whl (99 kB)
2026-09-29T22:50:18.3495502Z Downloading nodeenv-1.11.0-py2.py3-none-any.whl (34 kB)
2026-09-29T22:50:18.3939470Z Downloading psutil-7.2.2-cp37-abi3-win_amd64.whl (137 kB)
2026-09-29T22:50:18.7038464Z Using cached pytest-9.1.1-py3-none-any.whl (386 kB)
2026-09-29T22:50:18.7056495Z Using cached pluggy-1.6.0-py3-none-any.whl (20 kB)
2026-09-29T22:50:18.7071388Z Using cached iniconfig-2.3.0-py3-none-any.whl (7.5 kB)
2026-09-29T22:50:18.7086632Z Using cached pygments-2.21.0-py3-none-any.whl (1.3 MB)
2026-09-29T22:50:18.7138641Z Downloading pytest_cov-7.1.0-py3-none-any.whl (22 kB)
2026-09-29T22:50:18.7454204Z Downloading coverage-7.16.2-cp312-cp312-win_amd64.whl (226 kB)
2026-09-29T22:50:18.7666628Z Downloading pyyaml-6.0.3-cp312-cp312-win_amd64.whl (154 kB)
2026-09-29T22:50:18.7952251Z Downloading ruff-0.16.9-py3-none-win_amd64.whl (10.6 MB)
2026-09-29T22:50:18.9549429Z    ---------------------------------------- 10.6/10.6 MB 60.1 MB/s  0:00:00
2026-09-29T22:50:18.9635544Z Downloading virtualenv-21.14.0-py3-none-any.whl (5.5 MB)
2026-09-29T22:50:19.0217900Z    ---------------------------------------- 5.5/5.5 MB 84.3 MB/s  0:00:00
2026-09-29T22:50:19.0263456Z Downloading distlib-0.4.3-py2.py3-none-any.whl (470 kB)
2026-09-29T22:50:19.0530117Z Downloading python_discovery-1.6.1-py3-none-any.whl (38 kB)
2026-09-29T22:50:19.0720618Z Downloading jmespath-1.1.0-py3-none-any.whl (20 kB)
2026-09-29T22:50:19.0908128Z Downloading jsonpath_ng-1.8.0-py3-none-any.whl (67 kB)
2026-09-29T22:50:19.1290867Z Downloading msgspec-0.22.0-cp312-cp312-win_amd64.whl (192 kB)
2026-09-29T22:50:19.1567731Z Downloading orjson-3.12.0-cp312-cp312-win_amd64.whl (122 kB)
2026-09-29T22:50:19.1931360Z Downloading ujson-6.0.0-cp312-cp312-win_amd64.whl (227 kB)
2026-09-29T22:50:19.3652932Z Building wheels for collected packages: strata
2026-09-29T22:50:19.3675050Z   Building editable for strata (pyproject.toml): started
2026-09-29T22:51:19.7901895Z   Building editable for strata (pyproject.toml): still running...
2026-09-29T22:52:19.8909028Z   Building editable for strata (pyproject.toml): still running...
2026-09-29T22:53:22.5876810Z   Building editable for strata (pyproject.toml): still running...
2026-09-29T22:54:19.7280056Z   Building editable for strata (pyproject.toml): finished with status 'done'
2026-09-29T22:54:19.7319690Z   Created wheel for strata: filename=strata-2026.8.10-0.editable-cp312-cp312-win_amd64.whl size=4481 sha256=817921d2ec159a86036e039884415f444cc5b6a784423ebb90e6e2fe9d6f1d7f
2026-09-29T22:54:19.7320815Z   Stored in directory: C:\Users\runneradmin\AppData\Local\Temp\pip-ephem-wheel-cache-rcxbtk1g\wheels\b6\3b\c8\2f2ce7f33d27af776fa93be556bcd24459639b05d76b33473b
2026-09-29T22:54:19.7353047Z Successfully built strata
2026-09-29T22:54:19.8079926Z Installing collected packages: jsonpath-ng, distlib, clang-format, ujson, strata, ruff, pyyaml, python-discovery, pygments, psutil, pluggy, orjson, nodeenv, msgspec, jmespath, iniconfig, identify, coverage, cmake, cfgv, virtualenv, pytest, pytest-cov, pre-commit
2026-09-29T22:54:28.0085455Z 
2026-09-29T22:54:28.0111558Z Successfully installed cfgv-3.5.0 clang-format-21.1.8 cmake-4.4.3 coverage-7.16.2 distlib-0.4.3 identify-2.6.20 iniconfig-2.3.0 jmespath-1.1.0 jsonpath-ng-1.8.0 msgspec-0.22.0 nodeenv-1.11.0 orjson-3.12.0 pluggy-1.6.0 pre-commit-4.6.2 psutil-7.2.2 pygments-2.21.0 pytest-9.1.1 pytest-cov-7.1.0 python-discovery-1.6.1 pyyaml-6.0.3 ruff-0.16.9 strata-2026.8.10 ujson-6.0.0 virtualenv-21.14.0
2026-09-29T22:54:31.0838814Z ##[group]Run export PATH="/c/Program Files/LLVM/bin:$PATH"
2026-09-29T22:54:31.0839342Z export PATH="/c/Program Files/LLVM/bin:$PATH"
2026-09-29T22:54:31.0839671Z python scripts/pgo_build_clang_cl.py
2026-09-29T22:54:31.0851597Z shell: C:\Program Files\Git\bin\bash.EXE --noprofile --norc -e -o pipefail {0}
2026-09-29T22:54:31.0851987Z env:
2026-09-29T22:54:31.0852267Z   pythonLocation: C:\hostedtoolcache\windows\Python\3.12.10\x64
2026-09-29T22:54:31.0852700Z   PKG_CONFIG_PATH: C:\hostedtoolcache\windows\Python\3.12.10\x64/lib/pkgconfig
2026-09-29T22:54:31.0853128Z   Python_ROOT_DIR: C:\hostedtoolcache\windows\Python\3.12.10\x64
2026-09-29T22:54:31.0853494Z   Python2_ROOT_DIR: C:\hostedtoolcache\windows\Python\3.12.10\x64
2026-09-29T22:54:31.0853848Z   Python3_ROOT_DIR: C:\hostedtoolcache\windows\Python\3.12.10\x64
2026-09-29T22:54:31.0854145Z ##[endgroup]
2026-09-29T22:54:31.1745173Z ==> PGO phase 1: instrumented build (clang-cl, -fprofile-generate)
2026-09-29T22:54:31.1750807Z + C:\hostedtoolcache\windows\Python\3.12.10\x64\python.exe -m pip install --force-reinstall --no-deps -e .
2026-09-29T22:54:32.1387855Z Obtaining file:///D:/a/strata/strata
2026-09-29T22:54:32.1413222Z   Installing build dependencies: started
2026-09-29T22:54:39.1566524Z   Installing build dependencies: finished with status 'done'
2026-09-29T22:54:39.1581257Z   Checking if build backend supports build_editable: started
2026-09-29T22:54:39.7456075Z   Checking if build backend supports build_editable: finished with status 'done'
2026-09-29T22:54:39.7476865Z   Getting requirements to build editable: started
2026-09-29T22:54:42.6948042Z   Getting requirements to build editable: finished with status 'done'
2026-09-29T22:54:42.6972390Z   Preparing editable metadata (pyproject.toml): started
2026-09-29T22:54:43.1178045Z   Preparing editable metadata (pyproject.toml): finished with status 'done'
2026-09-29T22:54:43.1239082Z Building wheels for collected packages: strata
2026-09-29T22:54:43.1259003Z   Building editable for strata (pyproject.toml): started
2026-09-29T22:55:40.4712078Z   Building editable for strata (pyproject.toml): finished with status 'done'
2026-09-29T22:55:40.4750817Z   Created wheel for strata: filename=strata-2026.8.10-0.editable-cp312-cp312-win_amd64.whl size=4481 sha256=3067ec5d1ffc8e9c7e9fc054dc1b87b06234810f770faf5fcaf2b7d66f2c4aca
2026-09-29T22:55:40.4752078Z   Stored in directory: C:\Users\runneradmin\AppData\Local\Temp\pip-ephem-wheel-cache-mqe0kuyu\wheels\b6\3b\c8\2f2ce7f33d27af776fa93be556bcd24459639b05d76b33473b
2026-09-29T22:55:40.4784014Z Successfully built strata
2026-09-29T22:55:40.4915646Z Installing collected packages: strata
2026-09-29T22:55:40.4917272Z   Attempting uninstall: strata
2026-09-29T22:55:40.4938783Z     Found existing installation: strata 2026.8.10
2026-09-29T22:55:40.4958472Z     Uninstalling strata-2026.8.10:
2026-09-29T22:55:40.8151201Z       Successfully uninstalled strata-2026.8.10
2026-09-29T22:55:40.8557986Z Successfully installed strata-2026.8.10
2026-09-29T22:55:43.7235026Z + C:\hostedtoolcache\windows\Python\3.12.10\x64\python.exe scripts/build_identity.py --check-unprofiled strata._dumps_hook --instrumented strata._strata
2026-09-29T22:55:43.7739539Z + strata._dumps_hook is unprofiled: _dumps_hook.cp312-win_amd64.pyd.build.json records no profile or profile flag,
2026-09-29T22:55:43.7740300Z   and the image links no profile runtime
2026-09-29T22:55:43.7795200Z ==> PGO: generating training data
2026-09-29T22:55:43.7796469Z + C:\hostedtoolcache\windows\Python\3.12.10\x64\python.exe scripts/pgo_training_data.py --out-dir D:\a\strata\strata\build\pgo
2026-09-29T22:55:44.1800233Z   D:\a\strata\strata\build\pgo\train.json (10.0 MB)
2026-09-29T22:55:44.1800642Z   D:\a\strata\strata\build\pgo\train.ndjson (10.0 MB)
2026-09-29T22:55:44.1864090Z ==> PGO: running the training workload
2026-09-29T22:55:44.1868148Z + C:\hostedtoolcache\windows\Python\3.12.10\x64\python.exe scripts/pgo_training.py --json D:\a\strata\strata\build\pgo\train.json --ndjson D:\a\strata\strata\build\pgo\train.ndjson --work-dir D:\a\strata\strata\build\pgo\work
2026-09-29T22:55:44.4256561Z PGO training workload
2026-09-29T22:55:44.4256886Z   corpus: 4001 records, 10.0 MB
2026-09-29T22:55:44.4257172Z [1/7] loads
2026-09-29T22:55:44.4257385Z   loads(str): 1x in 0.05s
2026-09-29T22:55:44.5010801Z   loads(bytes): 1x in 0.05s
2026-09-29T22:55:44.5337811Z   loads(sample): 5x in 0.01s
2026-09-29T22:55:44.5720965Z   loads(cursor): 5x in 0.02s
2026-09-29T22:55:44.5988654Z   loads(iterator): 3x in 0.01s
2026-09-29T22:55:44.6497698Z [2/7] dumps
2026-09-29T22:55:44.6497973Z   dumps(str): 1x in 0.02s
2026-09-29T22:55:44.7124974Z   dumps(bytes): 3x in 0.04s
2026-09-29T22:55:44.7372435Z   dumps(sample, bytes): 5x in 0.00s
2026-09-29T22:55:44.7602745Z   dumps(sample): 5x in 0.01s
2026-09-29T22:55:44.7808266Z   dumps(parsed sample, bytes): 2x in 0.00s
2026-09-29T22:55:44.8535603Z [3/7] load
2026-09-29T22:55:44.8535888Z   load(json): 1x in 0.05s
2026-09-29T22:55:44.9301807Z   load(ndjson): 1x in 0.05s
2026-09-29T22:55:45.0060679Z   load(ndjson, iterator): 1x in 0.05s
2026-09-29T22:55:45.0321293Z [4/7] dump
2026-09-29T22:55:45.0321525Z   dump(json): 3x in 0.00s
2026-09-29T22:55:45.0505665Z [5/7] query
2026-09-29T22:55:45.0505892Z   query $[0].name: 3x in 0.00s
2026-09-29T22:55:45.0685311Z   query $[*].id: 3x in 0.00s
2026-09-29T22:55:45.0870924Z   query $[*].items[*].sku: 3x in 0.00s
2026-09-29T22:55:45.1057002Z   query $..leaf: 3x in 0.00s
2026-09-29T22:55:45.1248084Z   query $[0:50].score: 3x in 0.00s
2026-09-29T22:55:45.1424151Z   query $[?(@.id > 100)].name: 3x in 0.00s
2026-09-29T22:55:45.1599537Z   query $[?(@.id <= 500)]: 3x in 0.00s
2026-09-29T22:55:45.1767332Z   query $[?(@.name == 'alpha')]: 3x in 0.00s
2026-09-29T22:55:45.1941291Z   query $[?(@.name != 'alpha')].id: 3x in 0.00s
2026-09-29T22:55:45.2116530Z   query $[?(@['id'] >= 0)].name: 3x in 0.00s
2026-09-29T22:55:45.2287022Z   query $[*].nested.child: 3x in 0.00s
2026-09-29T22:55:45.2459734Z   query $[*].tags[0]: 3x in 0.00s
2026-09-29T22:55:45.2631203Z   query $.*: 3x in 0.00s
2026-09-29T22:55:45.2807351Z   query(compiled): 5x in 0.00s
2026-09-29T22:55:45.3150014Z [6/7] search
2026-09-29T22:55:45.3150355Z   search json $[*].id: 1x in 0.02s
2026-09-29T22:55:45.3906116Z   search ndjson $[*].id: 1x in 0.05s
2026-09-29T22:55:45.4685901Z   search json $..leaf: 1x in 0.05s
2026-09-29T22:55:45.5480260Z   search ndjson $..leaf: 1x in 0.06s
2026-09-29T22:55:45.6249809Z   search json $[?(@.id > 100)].name: 1x in 0.05s
2026-09-29T22:55:45.7047620Z   search ndjson $[?(@.id > 100)].name: 1x in 0.05s
2026-09-29T22:55:45.7342117Z [7/7] folder mode
2026-09-29T22:55:45.7342401Z   dump(split_by): 1x in 0.00s
2026-09-29T22:55:45.7549180Z   load(folder): 1x in 0.00s
2026-09-29T22:55:45.7737988Z   search(folder): 1x in 0.00s
2026-09-29T22:55:45.7943182Z PGO training workload complete
2026-09-29T22:55:45.8017824Z ==> PGO: gate tests on the instrumented build
2026-09-29T22:55:45.8019167Z + C:\hostedtoolcache\windows\Python\3.12.10\x64\python.exe scripts/cpp_tests.py
2026-09-29T22:55:45.8408772Z + C:\hostedtoolcache\windows\Python\3.12.10\x64\Scripts\cmake.EXE -S . -B build/cmake -DCMAKE_BUILD_TYPE=Release
2026-09-29T22:55:46.0546482Z -- Configuring done (0.0s)
2026-09-29T22:55:46.1187455Z -- Generating done (0.1s)
2026-09-29T22:55:46.1194650Z -- Build files have been written to: D:/a/strata/strata/build/cmake
2026-09-29T22:55:46.1385585Z + C:\hostedtoolcache\windows\Python\3.12.10\x64\Scripts\cmake.EXE --build build/cmake --config Release
2026-09-29T22:55:46.3986270Z MSBuild version 18.10.1-1.26427.6+3cd27c13e for .NET Framework
2026-09-29T22:55:46.4261821Z 
2026-09-29T22:55:46.6283924Z   1>Checking Build System
2026-09-29T22:55:46.7241757Z   Building Custom Rule D:/a/strata/strata/CMakeLists.txt
2026-09-29T22:55:46.8670487Z   fast_parse_tests.vcxproj -> D:\a\strata\strata\build\cmake\Release\fast_parse_tests.exe
2026-09-29T22:55:46.9172130Z   Building Custom Rule D:/a/strata/strata/CMakeLists.txt
2026-09-29T22:55:46.9524990Z   float_precision_tests.vcxproj -> D:\a\strata\strata\build\cmake\Release\float_precision_tests.exe
2026-09-29T22:55:46.9977746Z   Building Custom Rule D:/a/strata/strata/CMakeLists.txt
2026-09-29T22:55:47.0382135Z   folder_tests.vcxproj -> D:\a\strata\strata\build\cmake\Release\folder_tests.exe
2026-09-29T22:55:47.0816219Z   Building Custom Rule D:/a/strata/strata/CMakeLists.txt
2026-09-29T22:55:47.1192899Z   fuzz_corpus_tests.vcxproj -> D:\a\strata\strata\build\cmake\Release\fuzz_corpus_tests.exe
2026-09-29T22:55:47.1666780Z   Building Custom Rule D:/a/strata/strata/CMakeLists.txt
2026-09-29T22:55:47.2021969Z   json_core_tests.vcxproj -> D:\a\strata\strata\build\cmake\Release\json_core_tests.exe
2026-09-29T22:55:47.2484317Z   Building Custom Rule D:/a/strata/strata/CMakeLists.txt
2026-09-29T22:55:47.2874187Z   json_cursor_tests.vcxproj -> D:\a\strata\strata\build\cmake\Release\json_cursor_tests.exe
2026-09-29T22:55:47.3352515Z   Building Custom Rule D:/a/strata/strata/CMakeLists.txt
2026-09-29T22:55:47.3709338Z   json_parse_tests.vcxproj -> D:\a\strata\strata\build\cmake\Release\json_parse_tests.exe
2026-09-29T22:55:47.4177494Z   Building Custom Rule D:/a/strata/strata/CMakeLists.txt
2026-09-29T22:55:47.4563299Z   json_serialize_tests.vcxproj -> D:\a\strata\strata\build\cmake\Release\json_serialize_tests.exe
2026-09-29T22:55:47.5000224Z   Building Custom Rule D:/a/strata/strata/CMakeLists.txt
2026-09-29T22:55:47.5377908Z   jsonpath_stream_tests.vcxproj -> D:\a\strata\strata\build\cmake\Release\jsonpath_stream_tests.exe
2026-09-29T22:55:47.5872869Z   Building Custom Rule D:/a/strata/strata/CMakeLists.txt
2026-09-29T22:55:47.6243828Z   jsonpath_tests.vcxproj -> D:\a\strata\strata\build\cmake\Release\jsonpath_tests.exe
2026-09-29T22:55:47.6781292Z   Building Custom Rule D:/a/strata/strata/CMakeLists.txt
2026-09-29T22:55:47.7152592Z   ndjson_tests.vcxproj -> D:\a\strata\strata\build\cmake\Release\ndjson_tests.exe
2026-09-29T22:55:47.7591082Z   Building Custom Rule D:/a/strata/strata/CMakeLists.txt
2026-09-29T22:55:47.7962474Z   scan_tests.vcxproj -> D:\a\strata\strata\build\cmake\Release\scan_tests.exe
2026-09-29T22:55:47.8419697Z   Building Custom Rule D:/a/strata/strata/CMakeLists.txt
2026-09-29T22:55:47.8792104Z   smoke_tests.vcxproj -> D:\a\strata\strata\build\cmake\Release\smoke_tests.exe
2026-09-29T22:55:47.9262984Z   Building Custom Rule D:/a/strata/strata/CMakeLists.txt
2026-09-29T22:55:47.9631916Z   stress_deep_tests.vcxproj -> D:\a\strata\strata\build\cmake\Release\stress_deep_tests.exe
2026-09-29T22:55:48.0073604Z   Building Custom Rule D:/a/strata/strata/CMakeLists.txt
2026-09-29T22:55:48.0457076Z   temporal_tests.vcxproj -> D:\a\strata\strata\build\cmake\Release\temporal_tests.exe
2026-09-29T22:55:48.0925176Z   Building Custom Rule D:/a/strata/strata/CMakeLists.txt
2026-09-29T22:55:48.1286641Z   value_cursor_tests.vcxproj -> D:\a\strata\strata\build\cmake\Release\value_cursor_tests.exe
2026-09-29T22:55:48.1840024Z   Building Custom Rule D:/a/strata/strata/CMakeLists.txt
2026-09-29T22:55:48.2693102Z + C:\hostedtoolcache\windows\Python\3.12.10\x64\Scripts\ctest.EXE --test-dir build/cmake --build-config Release --output-on-failure --no-tests=error
2026-09-29T22:55:48.4641427Z Test project D:/a/strata/strata/build/cmake
2026-09-29T22:55:48.4666919Z       Start  1: smoke_tests
2026-09-29T22:55:48.4720798Z  1/16 Test  #1: smoke_tests ......................   Passed    0.00 sec
2026-09-29T22:55:48.4725104Z       Start  2: json_core_tests
2026-09-29T22:55:48.4775354Z  2/16 Test  #2: json_core_tests ..................   Passed    0.00 sec
2026-09-29T22:55:48.4778911Z       Start  3: json_parse_tests
2026-09-29T22:55:48.4827967Z  3/16 Test  #3: json_parse_tests .................   Passed    0.00 sec
2026-09-29T22:55:48.4831057Z       Start  4: fast_parse_tests
2026-09-29T22:55:48.5793135Z  4/16 Test  #4: fast_parse_tests .................   Passed    0.10 sec
2026-09-29T22:55:48.5796621Z       Start  5: value_cursor_tests
2026-09-29T22:55:48.5946566Z  5/16 Test  #5: value_cursor_tests ...............   Passed    0.01 sec
2026-09-29T22:55:48.5949644Z       Start  6: json_serialize_tests
2026-09-29T22:55:48.6014994Z  6/16 Test  #6: json_serialize_tests .............   Passed    0.01 sec
2026-09-29T22:55:48.6018233Z       Start  7: float_precision_tests
2026-09-29T22:55:51.7398794Z  7/16 Test  #7: float_precision_tests ............   Passed    3.14 sec
2026-09-29T22:55:51.7402320Z       Start  8: json_cursor_tests
2026-09-29T22:55:51.7463048Z  8/16 Test  #8: json_cursor_tests ................   Passed    0.01 sec
2026-09-29T22:55:51.7466239Z       Start  9: ndjson_tests
2026-09-29T22:55:51.7552528Z  9/16 Test  #9: ndjson_tests .....................   Passed    0.01 sec
2026-09-29T22:55:51.7555999Z       Start 10: jsonpath_tests
2026-09-29T22:55:51.7604979Z 10/16 Test #10: jsonpath_tests ...................   Passed    0.00 sec
2026-09-29T22:55:51.7608685Z       Start 11: jsonpath_stream_tests
2026-09-29T22:55:51.7669776Z 11/16 Test #11: jsonpath_stream_tests ............   Passed    0.01 sec
2026-09-29T22:55:51.7673855Z       Start 12: scan_tests
2026-09-29T22:55:51.7897597Z 12/16 Test #12: scan_tests .......................   Passed    0.02 sec
2026-09-29T22:55:51.7900774Z       Start 13: temporal_tests
2026-09-29T22:55:51.8125630Z 13/16 Test #13: temporal_tests ...................   Passed    0.02 sec
2026-09-29T22:55:51.8129568Z       Start 14: folder_tests
2026-09-29T22:55:52.0635999Z 14/16 Test #14: folder_tests .....................   Passed    0.25 sec
2026-09-29T22:55:52.0639282Z       Start 15: fuzz_corpus_tests
2026-09-29T22:55:52.0750820Z 15/16 Test #15: fuzz_corpus_tests ................   Passed    0.01 sec
2026-09-29T22:55:52.0754354Z       Start 16: stress_deep_tests
2026-09-29T22:55:52.0832322Z 16/16 Test #16: stress_deep_tests ................   Passed    0.01 sec
2026-09-29T22:55:52.0841565Z 
2026-09-29T22:55:52.0841844Z 100% tests passed out of 16
2026-09-29T22:55:52.0842250Z 
2026-09-29T22:55:52.0842515Z Total Test time (real) =   3.62 sec
2026-09-29T22:55:52.1081606Z + C:\hostedtoolcache\windows\Python\3.12.10\x64\python.exe scripts/py_tests.py --training
2026-09-29T22:55:52.1508821Z + pytest tests/py tests/unit --ignore=tests/unit/native_types --ignore=tests/py/native_types --basetemp=C:\Users\RUNNER~1\AppData\Local\Temp\pytest-of-runneradmin\5kxv7e5f
2026-09-29T22:55:52.8257857Z ============================= test session starts =============================
2026-09-29T22:55:52.8258422Z platform win32 -- Python 3.12.10, pytest-9.1.1, pluggy-1.6.0
2026-09-29T22:55:52.8258842Z rootdir: D:\a\strata\strata
2026-09-29T22:55:52.8259132Z configfile: pyproject.toml
2026-09-29T22:55:52.8259396Z plugins: cov-7.1.0
2026-09-29T22:55:52.8259655Z collected 3183 items
2026-09-29T22:55:52.8259799Z 
2026-09-29T22:55:52.8467200Z tests\py\test_dumps_brace_fold.py .........                              [  0%]
2026-09-29T22:55:52.8838261Z tests\py\test_dumps_cycles_fused.py .................................... [  1%]
2026-09-29T22:55:52.9433610Z ....................................................                     [  3%]
2026-09-29T22:55:53.1247956Z tests\py\test_dumps_general_tables.py ............................       [  3%]
2026-09-29T22:55:53.5052794Z tests\py\test_dumps_with_default.py .................................... [  5%]
2026-09-29T22:55:53.7061168Z .............................ss                                          [  6%]
2026-09-29T22:55:53.7354528Z tests\py\test_dumps_with_default_contract.py ........................... [  6%]
2026-09-29T22:55:53.8284582Z ........................................................................ [  9%]
2026-09-29T22:55:53.9250954Z ........................................................................ [ 11%]
2026-09-29T22:55:53.9853188Z ..........................                                               [ 12%]
2026-09-29T22:55:53.9893650Z tests\py\test_fused_verification.py ..                                   [ 12%]
2026-09-29T22:55:54.0191781Z tests\py\test_json_parity.py ........................................... [ 13%]
2026-09-29T22:55:54.0649108Z ........................................................................ [ 15%]
2026-09-29T22:55:54.1117913Z ........................................................................ [ 18%]
2026-09-29T22:55:54.1568922Z ........................................................................ [ 20%]
2026-09-29T22:55:54.2019719Z ........................................................................ [ 22%]
2026-09-29T22:55:54.2463987Z ........................................................................ [ 24%]
2026-09-29T22:55:54.2918594Z ........................................................................ [ 27%]
2026-09-29T22:55:54.3358192Z ........................................................................ [ 29%]
2026-09-29T22:55:54.3798797Z ........................................................................ [ 31%]
2026-09-29T22:55:54.4256884Z ........................................................................ [ 33%]
2026-09-29T22:55:54.4764472Z ........................................................................ [ 36%]
2026-09-29T22:55:54.5203438Z ........................................................................ [ 38%]
2026-09-29T22:55:54.5642184Z ........................................................................ [ 40%]
2026-09-29T22:55:54.6084650Z ........................................................................ [ 43%]
2026-09-29T22:55:54.6516423Z ........................................................................ [ 45%]
2026-09-29T22:55:54.6960135Z ........................................................................ [ 47%]
2026-09-29T22:55:54.7390670Z ........................................................................ [ 49%]
2026-09-29T22:55:54.7628529Z .................................                                        [ 50%]
2026-09-29T22:55:54.8514512Z tests\py\test_path_dispatch.py ................................          [ 51%]
2026-09-29T22:55:54.8542048Z tests\py\test_py_tests_basetemp.py ..                                    [ 51%]
2026-09-29T22:55:54.8562938Z tests\py\test_smoke.py ...                                               [ 52%]
2026-09-29T22:56:00.1790981Z tests\unit\test_ab_analysis.py ......................................    [ 53%]
2026-09-29T22:56:00.1926520Z tests\unit\test_build_manifest.py ...........                            [ 53%]
2026-09-29T22:56:01.7543543Z tests\unit\test_canonical_builds.py ....                                 [ 53%]
2026-09-29T22:56:05.0520779Z tests\unit\test_ci_fetch.py ........................                     [ 54%]
2026-09-29T22:56:05.2082566Z tests\unit\test_ci_summary.py .......................                    [ 55%]
2026-09-29T22:56:05.2255377Z tests\unit\test_config.py ...........................                    [ 56%]
2026-09-29T22:56:05.2490960Z tests\unit\test_core_purity.py ....                                      [ 56%]
2026-09-29T22:56:05.2697430Z tests\unit\test_cross_sample.py ......                                   [ 56%]
2026-09-29T22:56:05.3158081Z tests\unit\test_dumps.py ............................................... [ 57%]
2026-09-29T22:56:05.3289852Z ..........                                                               [ 58%]
2026-09-29T22:56:05.3462248Z tests\unit\test_dumps_brace_fold.py .........                            [ 58%]
2026-09-29T22:56:05.6019723Z tests\unit\test_dumps_cold_start.py ....                                 [ 58%]
2026-09-29T22:56:05.6288488Z tests\unit\test_dumps_contract.py ...................................... [ 59%]
2026-09-29T22:56:05.6859037Z .............................................................            [ 61%]
2026-09-29T22:56:05.7186112Z tests\unit\test_dumps_cycles_fused.py .................................. [ 62%]
2026-09-29T22:56:05.7752224Z ......................................................                   [ 64%]
2026-09-29T22:56:06.0238267Z tests\unit\test_dumps_general_tables.py ............................     [ 65%]
2026-09-29T22:56:06.3361336Z tests\unit\test_dumps_latch.py ............................              [ 66%]
2026-09-29T22:56:06.4111366Z tests\unit\test_dumps_private_cache.py ................................  [ 67%]
2026-09-29T22:56:06.9269827Z tests\unit\test_dumps_reentrancy.py .................................... [ 68%]
2026-09-29T22:56:07.8099788Z ......................................................................   [ 70%]
2026-09-29T22:56:08.3263869Z tests\unit\test_dumps_reentrancy_review.py ............................. [ 71%]
2026-09-29T22:56:08.4412526Z ..                                                                       [ 71%]
2026-09-29T22:56:08.4867889Z tests\unit\test_dumps_schema_failure.py ...........................      [ 72%]
2026-09-29T22:56:08.8420571Z tests\unit\test_dumps_user_step_counter.py ..........................    [ 73%]
2026-09-29T22:56:08.8659092Z tests\unit\test_dumps_with_default.py .................................. [ 74%]
2026-09-29T22:56:08.9164006Z ........................................................................ [ 76%]
2026-09-29T22:56:09.0340994Z .........................................................                [ 78%]
2026-09-29T22:56:09.0527138Z tests\unit\test_dumps_with_default_state.py ............................ [ 79%]
2026-09-29T22:56:09.1410341Z ........................................................................ [ 81%]
2026-09-29T22:56:09.3197915Z ..............                                                           [ 81%]
2026-09-29T22:56:09.5774738Z tests\unit\test_folder.py .....ss....................................... [ 83%]
2026-09-29T22:56:10.3466256Z .........................................                                [ 84%]
2026-09-29T22:56:10.3506038Z tests\unit\test_fused_verification.py ..                                 [ 84%]
2026-09-29T22:56:10.4233641Z tests\unit\test_hook_build_scope.py ...............................      [ 85%]
2026-09-29T22:56:10.5043568Z tests\unit\test_json_cursor.py ...........................               [ 86%]
2026-09-29T22:56:10.5305503Z tests\unit\test_jsonpath.py ............................................ [ 87%]
2026-09-29T22:56:10.7241236Z .......................................................................  [ 90%]
2026-09-29T22:56:10.9721992Z tests\unit\test_load_dump.py ........................s.................. [ 91%]
2026-09-29T22:56:10.9727546Z                                                                          [ 91%]
2026-09-29T22:56:11.0017918Z tests\unit\test_loads.py ............................................... [ 92%]
2026-09-29T22:56:11.0793102Z ........................................................................ [ 95%]
2026-09-29T22:56:11.8737077Z ................                                                         [ 95%]
2026-09-29T22:56:11.8841239Z tests\unit\test_native_interleaved_profile.py ...                        [ 95%]
2026-09-29T22:56:11.9433038Z tests\unit\test_nested_container_probe.py ....                           [ 95%]
2026-09-29T22:56:13.4229470Z tests\unit\test_path_dispatch.py ................................        [ 96%]
2026-09-29T22:56:13.5049132Z tests\unit\test_provenance.py ..................                         [ 97%]
2026-09-29T22:56:13.5891666Z tests\unit\test_regression_check.py ..........................           [ 98%]
2026-09-29T22:56:13.7503676Z tests\unit\test_search_stream.py .................                       [ 98%]
2026-09-29T22:56:13.7511835Z tests\unit\test_string_identity_probe.py .                               [ 98%]
2026-09-29T22:56:13.8457457Z tests\unit\test_supplementary.py .............                           [ 99%]
2026-09-29T22:56:13.9610580Z tests\unit\test_supportability_check.py ....................             [ 99%]
2026-09-29T22:56:14.0528151Z tests\unit\test_version.py ....                                          [100%]
2026-09-29T22:56:14.0528495Z 
2026-09-29T22:56:14.0528953Z ====================== 3178 passed, 5 skipped in 21.50s =======================
2026-09-29T22:56:14.7508895Z ==> PGO: merging 17 raw profiles
2026-09-29T22:56:14.7513185Z + C:\Program Files\LLVM\bin\llvm-profdata.EXE merge -output=D:\a\strata\strata\build\pgo\strata.profdata D:\a\strata\strata\build\pgo\raw\1504.profraw D:\a\strata\strata\build\pgo\raw\2588.profraw D:\a\strata\strata\build\pgo\raw\3496.profraw D:\a\strata\strata\build\pgo\raw\3520.profraw D:\a\strata\strata\build\pgo\raw\3628.profraw D:\a\strata\strata\build\pgo\raw\3732.profraw D:\a\strata\strata\build\pgo\raw\4460.profraw D:\a\strata\strata\build\pgo\raw\5412.profraw D:\a\strata\strata\build\pgo\raw\6808.profraw D:\a\strata\strata\build\pgo\raw\7104.profraw D:\a\strata\strata\build\pgo\raw\7496.profraw D:\a\strata\strata\build\pgo\raw\7508.profraw D:\a\strata\strata\build\pgo\raw\7992.profraw D:\a\strata\strata\build\pgo\raw\8484.profraw D:\a\strata\strata\build\pgo\raw\8692.profraw D:\a\strata\strata\build\pgo\raw\9036.profraw D:\a\strata\strata\build\pgo\raw\9688.profraw
2026-09-29T22:56:15.0427939Z + C:\hostedtoolcache\windows\Python\3.12.10\x64\python.exe scripts/build_identity.py --profile D:\a\strata\strata\build\pgo\strata.profdata --raw D:\a\strata\strata\build\pgo\raw --recipe gate-inclusive-clang-cl-v1
2026-09-29T22:56:15.1683029Z ==> PGO phase 2: optimized build (clang-cl, -fprofile-use)
2026-09-29T22:56:15.1686258Z + C:\hostedtoolcache\windows\Python\3.12.10\x64\python.exe -m pip install --force-reinstall --no-deps -e .
2026-09-29T22:56:16.1192655Z Obtaining file:///D:/a/strata/strata
2026-09-29T22:56:16.1218023Z   Installing build dependencies: started
2026-09-29T22:56:23.8322743Z   Installing build dependencies: finished with status 'done'
2026-09-29T22:56:23.8336106Z   Checking if build backend supports build_editable: started
2026-09-29T22:56:24.2115136Z   Checking if build backend supports build_editable: finished with status 'done'
2026-09-29T22:56:24.2136061Z   Getting requirements to build editable: started
2026-09-29T22:56:24.7123612Z   Getting requirements to build editable: finished with status 'done'
2026-09-29T22:56:24.7148462Z   Preparing editable metadata (pyproject.toml): started
2026-09-29T22:56:25.0839809Z   Preparing editable metadata (pyproject.toml): finished with status 'done'
2026-09-29T22:56:25.0906876Z Building wheels for collected packages: strata
2026-09-29T22:56:25.0927613Z   Building editable for strata (pyproject.toml): started
2026-09-29T22:57:23.3277128Z   Building editable for strata (pyproject.toml): finished with status 'done'
2026-09-29T22:57:23.3315401Z   Created wheel for strata: filename=strata-2026.8.10-0.editable-cp312-cp312-win_amd64.whl size=4481 sha256=416625c6159c9f6f4b9d7a931a7024be0146a250b5c48a67ba36eea2e78e40d7
2026-09-29T22:57:23.3316879Z   Stored in directory: C:\Users\runneradmin\AppData\Local\Temp\pip-ephem-wheel-cache-ufi6iztj\wheels\b6\3b\c8\2f2ce7f33d27af776fa93be556bcd24459639b05d76b33473b
2026-09-29T22:57:23.3348638Z Successfully built strata
2026-09-29T22:57:23.3479181Z Installing collected packages: strata
2026-09-29T22:57:23.3480648Z   Attempting uninstall: strata
2026-09-29T22:57:23.3502210Z     Found existing installation: strata 2026.8.10
2026-09-29T22:57:23.3521398Z     Uninstalling strata-2026.8.10:
2026-09-29T22:57:23.4156236Z       Successfully uninstalled strata-2026.8.10
2026-09-29T22:57:23.4507181Z Successfully installed strata-2026.8.10
2026-09-29T22:57:26.2360353Z + C:\hostedtoolcache\windows\Python\3.12.10\x64\python.exe -c import strata; strata.loads('{}')
2026-09-29T22:57:26.3132605Z + C:\hostedtoolcache\windows\Python\3.12.10\x64\python.exe scripts/build_identity.py --check-unprofiled strata._dumps_hook
2026-09-29T22:57:26.3623720Z + strata._dumps_hook is unprofiled: _dumps_hook.cp312-win_amd64.pyd.build.json records no profile or profile flag,
2026-09-29T22:57:26.3624253Z   and the image links no profile runtime
2026-09-29T22:57:26.3685376Z ==> PGO: gate tests on the optimized build
2026-09-29T22:57:26.3686231Z + C:\hostedtoolcache\windows\Python\3.12.10\x64\python.exe scripts/cpp_tests.py
2026-09-29T22:57:26.4076657Z + C:\hostedtoolcache\windows\Python\3.12.10\x64\Scripts\cmake.EXE -S . -B build/cmake -DCMAKE_BUILD_TYPE=Release
2026-09-29T22:57:26.6217581Z -- Configuring done (0.0s)
2026-09-29T22:57:26.6858307Z -- Generating done (0.1s)
2026-09-29T22:57:26.6866080Z -- Build files have been written to: D:/a/strata/strata/build/cmake
2026-09-29T22:57:26.7063456Z + C:\hostedtoolcache\windows\Python\3.12.10\x64\Scripts\cmake.EXE --build build/cmake --config Release
2026-09-29T22:57:27.0214403Z MSBuild version 18.10.1-1.26427.6+3cd27c13e for .NET Framework
2026-09-29T22:57:27.0751153Z 
2026-09-29T22:57:27.5981709Z   1>Checking Build System
2026-09-29T22:57:27.7954205Z   Building Custom Rule D:/a/strata/strata/CMakeLists.txt
2026-09-29T22:57:27.9491050Z   fast_parse_tests.vcxproj -> D:\a\strata\strata\build\cmake\Release\fast_parse_tests.exe
2026-09-29T22:57:28.0009038Z   Building Custom Rule D:/a/strata/strata/CMakeLists.txt
2026-09-29T22:57:28.0376222Z   float_precision_tests.vcxproj -> D:\a\strata\strata\build\cmake\Release\float_precision_tests.exe
2026-09-29T22:57:28.0835905Z   Building Custom Rule D:/a/strata/strata/CMakeLists.txt
2026-09-29T22:57:28.1254437Z   folder_tests.vcxproj -> D:\a\strata\strata\build\cmake\Release\folder_tests.exe
2026-09-29T22:57:28.1688517Z   Building Custom Rule D:/a/strata/strata/CMakeLists.txt
2026-09-29T22:57:28.2160854Z   fuzz_corpus_tests.vcxproj -> D:\a\strata\strata\build\cmake\Release\fuzz_corpus_tests.exe
2026-09-29T22:57:28.2661704Z   Building Custom Rule D:/a/strata/strata/CMakeLists.txt
2026-09-29T22:57:28.3041498Z   json_core_tests.vcxproj -> D:\a\strata\strata\build\cmake\Release\json_core_tests.exe
2026-09-29T22:57:28.3514680Z   Building Custom Rule D:/a/strata/strata/CMakeLists.txt
2026-09-29T22:57:28.3904632Z   json_cursor_tests.vcxproj -> D:\a\strata\strata\build\cmake\Release\json_cursor_tests.exe
2026-09-29T22:57:28.4365831Z   Building Custom Rule D:/a/strata/strata/CMakeLists.txt
2026-09-29T22:57:28.4721695Z   json_parse_tests.vcxproj -> D:\a\strata\strata\build\cmake\Release\json_parse_tests.exe
2026-09-29T22:57:28.5180620Z   Building Custom Rule D:/a/strata/strata/CMakeLists.txt
2026-09-29T22:57:28.5555097Z   json_serialize_tests.vcxproj -> D:\a\strata\strata\build\cmake\Release\json_serialize_tests.exe
2026-09-29T22:57:28.6036283Z   Building Custom Rule D:/a/strata/strata/CMakeLists.txt
2026-09-29T22:57:28.6423371Z   jsonpath_stream_tests.vcxproj -> D:\a\strata\strata\build\cmake\Release\jsonpath_stream_tests.exe
2026-09-29T22:57:28.6929178Z   Building Custom Rule D:/a/strata/strata/CMakeLists.txt
2026-09-29T22:57:28.7347409Z   jsonpath_tests.vcxproj -> D:\a\strata\strata\build\cmake\Release\jsonpath_tests.exe
2026-09-29T22:57:28.7906977Z   Building Custom Rule D:/a/strata/strata/CMakeLists.txt
2026-09-29T22:57:28.8282965Z   ndjson_tests.vcxproj -> D:\a\strata\strata\build\cmake\Release\ndjson_tests.exe
2026-09-29T22:57:28.8722165Z   Building Custom Rule D:/a/strata/strata/CMakeLists.txt
2026-09-29T22:57:28.9104173Z   scan_tests.vcxproj -> D:\a\strata\strata\build\cmake\Release\scan_tests.exe
2026-09-29T22:57:28.9571658Z   Building Custom Rule D:/a/strata/strata/CMakeLists.txt
2026-09-29T22:57:28.9961479Z   smoke_tests.vcxproj -> D:\a\strata\strata\build\cmake\Release\smoke_tests.exe
2026-09-29T22:57:29.0433029Z   Building Custom Rule D:/a/strata/strata/CMakeLists.txt
2026-09-29T22:57:29.0810779Z   stress_deep_tests.vcxproj -> D:\a\strata\strata\build\cmake\Release\stress_deep_tests.exe
2026-09-29T22:57:29.1256258Z   Building Custom Rule D:/a/strata/strata/CMakeLists.txt
2026-09-29T22:57:29.1639158Z   temporal_tests.vcxproj -> D:\a\strata\strata\build\cmake\Release\temporal_tests.exe
2026-09-29T22:57:29.2098438Z   Building Custom Rule D:/a/strata/strata/CMakeLists.txt
2026-09-29T22:57:29.2452981Z   value_cursor_tests.vcxproj -> D:\a\strata\strata\build\cmake\Release\value_cursor_tests.exe
2026-09-29T22:57:29.2993901Z   Building Custom Rule D:/a/strata/strata/CMakeLists.txt
2026-09-29T22:57:29.3866469Z + C:\hostedtoolcache\windows\Python\3.12.10\x64\Scripts\ctest.EXE --test-dir build/cmake --build-config Release --output-on-failure --no-tests=error
2026-09-29T22:57:29.5778313Z Test project D:/a/strata/strata/build/cmake
2026-09-29T22:57:29.5802258Z       Start  1: smoke_tests
2026-09-29T22:57:29.5858100Z  1/16 Test  #1: smoke_tests ......................   Passed    0.01 sec
2026-09-29T22:57:29.5862049Z       Start  2: json_core_tests
2026-09-29T22:57:29.5912811Z  2/16 Test  #2: json_core_tests ..................   Passed    0.00 sec
2026-09-29T22:57:29.5916245Z       Start  3: json_parse_tests
2026-09-29T22:57:29.5964368Z  3/16 Test  #3: json_parse_tests .................   Passed    0.00 sec
2026-09-29T22:57:29.5967391Z       Start  4: fast_parse_tests
2026-09-29T22:57:29.6924496Z  4/16 Test  #4: fast_parse_tests .................   Passed    0.10 sec
2026-09-29T22:57:29.6928650Z       Start  5: value_cursor_tests
2026-09-29T22:57:29.7080876Z  5/16 Test  #5: value_cursor_tests ...............   Passed    0.01 sec
2026-09-29T22:57:29.7084101Z       Start  6: json_serialize_tests
2026-09-29T22:57:29.7136275Z  6/16 Test  #6: json_serialize_tests .............   Passed    0.00 sec
2026-09-29T22:57:29.7139720Z       Start  7: float_precision_tests
2026-09-29T22:57:32.9751213Z  7/16 Test  #7: float_precision_tests ............   Passed    3.26 sec
2026-09-29T22:57:32.9755909Z       Start  8: json_cursor_tests
2026-09-29T22:57:32.9822196Z  8/16 Test  #8: json_cursor_tests ................   Passed    0.01 sec
2026-09-29T22:57:32.9825787Z       Start  9: ndjson_tests
2026-09-29T22:57:32.9914789Z  9/16 Test  #9: ndjson_tests .....................   Passed    0.01 sec
2026-09-29T22:57:32.9918097Z       Start 10: jsonpath_tests
2026-09-29T22:57:32.9968882Z 10/16 Test #10: jsonpath_tests ...................   Passed    0.00 sec
2026-09-29T22:57:32.9972283Z       Start 11: jsonpath_stream_tests
2026-09-29T22:57:33.0033331Z 11/16 Test #11: jsonpath_stream_tests ............   Passed    0.01 sec
2026-09-29T22:57:33.0036451Z       Start 12: scan_tests
2026-09-29T22:57:33.0261774Z 12/16 Test #12: scan_tests .......................   Passed    0.02 sec
2026-09-29T22:57:33.0264812Z       Start 13: temporal_tests
2026-09-29T22:57:33.0558248Z 13/16 Test #13: temporal_tests ...................   Passed    0.03 sec
2026-09-29T22:57:33.0562118Z       Start 14: folder_tests
2026-09-29T22:57:33.1007129Z 14/16 Test #14: folder_tests .....................   Passed    0.04 sec
2026-09-29T22:57:33.1010257Z       Start 15: fuzz_corpus_tests
2026-09-29T22:57:33.1120253Z 15/16 Test #15: fuzz_corpus_tests ................   Passed    0.01 sec
2026-09-29T22:57:33.1123685Z       Start 16: stress_deep_tests
2026-09-29T22:57:33.1204820Z 16/16 Test #16: stress_deep_tests ................   Passed    0.01 sec
2026-09-29T22:57:33.1213538Z 
2026-09-29T22:57:33.1213660Z 100% tests passed out of 16
2026-09-29T22:57:33.1213884Z 
2026-09-29T22:57:33.1214047Z Total Test time (real) =   3.54 sec
2026-09-29T22:57:33.1467040Z + C:\hostedtoolcache\windows\Python\3.12.10\x64\python.exe scripts/py_tests.py
2026-09-29T22:57:33.1941440Z + pytest tests/py tests/unit --basetemp=C:\Users\RUNNER~1\AppData\Local\Temp\pytest-of-runneradmin\48d107bw
2026-09-29T22:57:33.8302843Z ============================= test session starts =============================
2026-09-29T22:57:33.8303716Z platform win32 -- Python 3.12.10, pytest-9.1.1, pluggy-1.6.0
2026-09-29T22:57:33.8304051Z rootdir: D:\a\strata\strata
2026-09-29T22:57:33.8304258Z configfile: pyproject.toml
2026-09-29T22:57:33.8304467Z plugins: cov-7.1.0
2026-09-29T22:57:33.8304622Z collected 3925 items
2026-09-29T22:57:33.8304721Z 
2026-09-29T22:57:33.8664648Z tests\py\native_types\test_native_dump.py ..............                 [  0%]
2026-09-29T22:57:33.9501856Z tests\py\native_types\test_native_fast_paths.py ........ssssssssss...... [  0%]
2026-09-29T22:57:34.1598865Z .............................                                            [  1%]
2026-09-29T22:57:34.2447751Z tests\py\native_types\test_native_import.py ...                          [  1%]
2026-09-29T22:57:34.2933639Z tests\py\native_types\test_native_opt_out.py ........................... [  2%]
2026-09-29T22:57:34.2938442Z                                                                          [  2%]
2026-09-29T22:57:34.3973890Z tests\py\native_types\test_native_oracle.py .........                    [  2%]
2026-09-29T22:57:34.7407577Z tests\py\native_types\test_native_reentrancy.py ........................ [  3%]
2026-09-29T22:57:35.5867749Z ..................................................                       [  4%]
2026-09-29T22:57:35.6226086Z tests\py\native_types\test_parse_types.py .............................. [  5%]
2026-09-29T22:57:36.0954084Z ............................................................             [  6%]
2026-09-29T22:57:36.1125559Z tests\py\test_dumps_brace_fold.py .........                              [  7%]
2026-09-29T22:57:36.1481581Z tests\py\test_dumps_cycles_fused.py .................................... [  8%]
2026-09-29T22:57:36.2011442Z ....................................................                     [  9%]
2026-09-29T22:57:36.4544270Z tests\py\test_dumps_general_tables.py ............................       [ 10%]
2026-09-29T22:57:37.0054129Z tests\py\test_dumps_with_default.py .................................... [ 10%]
2026-09-29T22:57:37.3151001Z .............................ss                                          [ 11%]
2026-09-29T22:57:37.3455047Z tests\py\test_dumps_with_default_contract.py ........................... [ 12%]
2026-09-29T22:57:37.4405720Z ........................................................................ [ 14%]
2026-09-29T22:57:37.5347335Z ........................................................................ [ 16%]
2026-09-29T22:57:37.5965049Z ..........................                                               [ 16%]
2026-09-29T22:57:37.6002255Z tests\py\test_fused_verification.py ..                                   [ 16%]
2026-09-29T22:57:37.6284782Z tests\py\test_json_parity.py ........................................... [ 17%]
2026-09-29T22:57:37.6747638Z ........................................................................ [ 19%]
2026-09-29T22:57:37.7222014Z ........................................................................ [ 21%]
2026-09-29T22:57:37.7687334Z ........................................................................ [ 23%]
2026-09-29T22:57:37.8161810Z ........................................................................ [ 25%]
2026-09-29T22:57:37.8609769Z ........................................................................ [ 27%]
2026-09-29T22:57:37.9068804Z ........................................................................ [ 28%]
2026-09-29T22:57:37.9518572Z ........................................................................ [ 30%]
2026-09-29T22:57:37.9981791Z ........................................................................ [ 32%]
2026-09-29T22:57:38.0443015Z ........................................................................ [ 34%]
2026-09-29T22:57:38.0930214Z ........................................................................ [ 36%]
2026-09-29T22:57:38.1395684Z ........................................................................ [ 38%]
2026-09-29T22:57:38.1841366Z ........................................................................ [ 39%]
2026-09-29T22:57:38.2283479Z ........................................................................ [ 41%]
2026-09-29T22:57:38.2728948Z ........................................................................ [ 43%]
2026-09-29T22:57:38.3169252Z ........................................................................ [ 45%]
2026-09-29T22:57:38.3617360Z ........................................................................ [ 47%]
2026-09-29T22:57:38.3861735Z .................................                                        [ 48%]
2026-09-29T22:57:38.9728096Z tests\py\test_path_dispatch.py ................................          [ 48%]
2026-09-29T22:57:38.9756053Z tests\py\test_py_tests_basetemp.py ..                                    [ 48%]
2026-09-29T22:57:38.9775994Z tests\py\test_smoke.py ...                                               [ 49%]
2026-09-29T22:57:39.0007231Z tests\unit\native_types\test_build_sources.py .......                    [ 49%]
2026-09-29T22:57:39.2227873Z tests\unit\native_types\test_hook_import_gating.py .......               [ 49%]
2026-09-29T22:57:39.9669181Z tests\unit\native_types\test_hook_profile_build.py sss............       [ 49%]
2026-09-29T22:57:40.1172731Z tests\unit\native_types\test_native_benchmark_agreement.py ...........   [ 50%]
2026-09-29T22:57:40.1996861Z tests\unit\native_types\test_native_benchmark_dataset.py .....           [ 50%]
2026-09-29T22:57:40.2052955Z tests\unit\native_types\test_native_benchmark_rows.py .......            [ 50%]
2026-09-29T22:57:40.2487711Z tests\unit\native_types\test_native_ci_fetch.py ....                     [ 50%]
2026-09-29T22:57:40.2757521Z tests\unit\native_types\test_native_ci_summary.py .....                  [ 50%]
2026-09-29T22:57:40.3800252Z tests\unit\native_types\test_native_flag.py ..........................s. [ 51%]
2026-09-29T22:57:40.4425016Z ..                                                                       [ 51%]
2026-09-29T22:57:40.4772265Z tests\unit\native_types\test_native_identity_ab.py .......               [ 51%]
2026-09-29T22:57:40.5047298Z tests\unit\native_types\test_native_opt_out.py ......................... [ 52%]
2026-09-29T22:57:40.5759374Z ........................................................................ [ 54%]
2026-09-29T22:57:40.6154590Z ..................................................                       [ 55%]
2026-09-29T22:57:40.6316923Z tests\unit\native_types\test_parse_contract.py ......................... [ 55%]
2026-09-29T22:57:40.7884124Z .................................................                        [ 57%]
2026-09-29T22:57:40.8106831Z tests\unit\native_types\test_serializer_contract.py .................... [ 57%]
2026-09-29T22:57:41.1576219Z ........................................................................ [ 59%]
2026-09-29T22:57:41.2022412Z ................................................                         [ 60%]
2026-09-29T22:57:41.2677260Z tests\unit\native_types\test_training_scope.py .............             [ 61%]
2026-09-29T22:57:44.6053474Z tests\unit\test_ab_analysis.py ......................................    [ 62%]
2026-09-29T22:57:44.6191493Z tests\unit\test_build_manifest.py ...........                            [ 62%]
2026-09-29T22:57:44.9869849Z tests\unit\test_canonical_builds.py ....                                 [ 62%]
2026-09-29T22:57:45.6071811Z tests\unit\test_ci_fetch.py ........................                     [ 63%]
2026-09-29T22:57:45.7522362Z tests\unit\test_ci_summary.py .......................                    [ 63%]
2026-09-29T22:57:45.7719262Z tests\unit\test_config.py ...........................                    [ 64%]
2026-09-29T22:57:45.7959383Z tests\unit\test_core_purity.py ....                                      [ 64%]
2026-09-29T22:57:45.8186162Z tests\unit\test_cross_sample.py ......                                   [ 64%]
2026-09-29T22:57:45.8655538Z tests\unit\test_dumps.py ............................................... [ 65%]
2026-09-29T22:57:45.8781983Z ..........                                                               [ 66%]
2026-09-29T22:57:45.8948325Z tests\unit\test_dumps_brace_fold.py .........                            [ 66%]
2026-09-29T22:57:46.1470361Z tests\unit\test_dumps_cold_start.py ....                                 [ 66%]
2026-09-29T22:57:46.1742993Z tests\unit\test_dumps_contract.py ...................................... [ 67%]
2026-09-29T22:57:46.2272867Z .............................................................            [ 68%]
2026-09-29T22:57:46.2601203Z tests\unit\test_dumps_cycles_fused.py .................................. [ 69%]
2026-09-29T22:57:46.3241483Z ......................................................                   [ 71%]
2026-09-29T22:57:46.7162018Z tests\unit\test_dumps_general_tables.py ............................     [ 71%]
2026-09-29T22:57:47.3325392Z tests\unit\test_dumps_latch.py ............................              [ 72%]
2026-09-29T22:57:47.4370515Z tests\unit\test_dumps_private_cache.py ................................  [ 73%]
2026-09-29T22:57:48.3405579Z tests\unit\test_dumps_reentrancy.py .................................... [ 74%]
2026-09-29T22:57:49.8154921Z ......................................................................   [ 76%]
2026-09-29T22:57:50.6564082Z tests\unit\test_dumps_reentrancy_review.py ............................. [ 76%]
2026-09-29T22:57:50.8452961Z ..                                                                       [ 76%]
2026-09-29T22:57:50.8982792Z tests\unit\test_dumps_schema_failure.py ...........................      [ 77%]
2026-09-29T22:57:51.4810502Z tests\unit\test_dumps_user_step_counter.py ..........................    [ 78%]
2026-09-29T22:57:51.5063303Z tests\unit\test_dumps_with_default.py .................................. [ 79%]
2026-09-29T22:57:51.5582732Z ........................................................................ [ 80%]
2026-09-29T22:57:51.6916584Z .........................................................                [ 82%]
2026-09-29T22:57:51.7108013Z tests\unit\test_dumps_with_default_state.py ............................ [ 83%]
2026-09-29T22:57:51.8036181Z ........................................................................ [ 84%]
2026-09-29T22:57:51.9784376Z ..............                                                           [ 85%]
2026-09-29T22:57:52.1809302Z tests\unit\test_folder.py .....ss....................................... [ 86%]
2026-09-29T22:57:52.4072057Z .........................................                                [ 87%]
2026-09-29T22:57:52.4107260Z tests\unit\test_fused_verification.py ..                                 [ 87%]
2026-09-29T22:57:52.4843437Z tests\unit\test_hook_build_scope.py ...............................      [ 88%]
2026-09-29T22:57:52.6020214Z tests\unit\test_json_cursor.py ...........................               [ 89%]
2026-09-29T22:57:52.6292178Z tests\unit\test_jsonpath.py ............................................ [ 90%]
2026-09-29T22:57:52.8582551Z .......................................................................  [ 91%]
2026-09-29T22:57:53.0512923Z tests\unit\test_load_dump.py ........................s.................. [ 93%]
2026-09-29T22:57:53.0518106Z                                                                          [ 93%]
2026-09-29T22:57:53.0820325Z tests\unit\test_loads.py ............................................... [ 94%]
2026-09-29T22:57:53.1664743Z ........................................................................ [ 96%]
2026-09-29T22:57:53.9655639Z ................                                                         [ 96%]
2026-09-29T22:57:53.9773449Z tests\unit\test_native_interleaved_profile.py ...                        [ 96%]
2026-09-29T22:57:54.0514793Z tests\unit\test_nested_container_probe.py ....                           [ 96%]
2026-09-29T22:57:54.1672293Z tests\unit\test_path_dispatch.py ................................        [ 97%]
2026-09-29T22:57:54.2485671Z tests\unit\test_provenance.py ..................                         [ 97%]
2026-09-29T22:57:54.3510059Z tests\unit\test_regression_check.py ..........................           [ 98%]
2026-09-29T22:57:54.5146619Z tests\unit\test_search_stream.py .................                       [ 99%]
2026-09-29T22:57:54.5157281Z tests\unit\test_string_identity_probe.py .                               [ 99%]
2026-09-29T22:57:54.6272961Z tests\unit\test_supplementary.py .............                           [ 99%]
2026-09-29T22:57:54.8150092Z tests\unit\test_supportability_check.py ....................             [ 99%]
2026-09-29T22:57:54.9302248Z tests\unit\test_version.py ....                                          [100%]
2026-09-29T22:57:54.9302561Z 
2026-09-29T22:57:54.9302743Z ====================== 3906 passed, 19 skipped in 21.48s ======================
2026-09-29T22:57:55.5213810Z ==> PGO phase 3a: instrumented hook
2026-09-29T22:57:55.5217100Z + C:\hostedtoolcache\windows\Python\3.12.10\x64\python.exe -m pip install --force-reinstall --no-deps -e .
2026-09-29T22:57:56.4844777Z Obtaining file:///D:/a/strata/strata
2026-09-29T22:57:56.4871198Z   Installing build dependencies: started
2026-09-29T22:58:03.6097210Z   Installing build dependencies: finished with status 'done'
2026-09-29T22:58:03.6110899Z   Checking if build backend supports build_editable: started
2026-09-29T22:58:03.9769780Z   Checking if build backend supports build_editable: finished with status 'done'
2026-09-29T22:58:03.9791172Z   Getting requirements to build editable: started
2026-09-29T22:58:04.5083159Z   Getting requirements to build editable: finished with status 'done'
2026-09-29T22:58:04.5108865Z   Preparing editable metadata (pyproject.toml): started
2026-09-29T22:58:04.8881772Z   Preparing editable metadata (pyproject.toml): finished with status 'done'
2026-09-29T22:58:04.8945005Z Building wheels for collected packages: strata
2026-09-29T22:58:04.8965710Z   Building editable for strata (pyproject.toml): started
2026-09-29T22:58:53.5737219Z   Building editable for strata (pyproject.toml): finished with status 'done'
2026-09-29T22:58:53.7800369Z   Created wheel for strata: filename=strata-2026.8.10-0.editable-cp312-cp312-win_amd64.whl size=4481 sha256=543445e275c5e25bdb27475f781e98ad9985b0baa66b1b1e5f89cc6de36fbf33
2026-09-29T22:58:53.7801998Z   Stored in directory: C:\Users\runneradmin\AppData\Local\Temp\pip-ephem-wheel-cache-jsxfdv6c\wheels\b6\3b\c8\2f2ce7f33d27af776fa93be556bcd24459639b05d76b33473b
2026-09-29T22:58:53.7835968Z Successfully built strata
2026-09-29T22:58:53.7985079Z Installing collected packages: strata
2026-09-29T22:58:53.7986253Z   Attempting uninstall: strata
2026-09-29T22:58:53.8009140Z     Found existing installation: strata 2026.8.10
2026-09-29T22:58:53.8030784Z     Uninstalling strata-2026.8.10:
2026-09-29T22:58:53.8704943Z       Successfully uninstalled strata-2026.8.10
2026-09-29T22:58:55.1115461Z Successfully installed strata-2026.8.10
2026-09-29T22:59:13.0979760Z ==> PGO: the hook's native training workload
2026-09-29T22:59:13.0980781Z + C:\hostedtoolcache\windows\Python\3.12.10\x64\python.exe scripts/pgo_hook_training.py --work-dir D:\a\strata\strata\build\pgo\work
2026-09-29T22:59:13.8429844Z + C:\Program Files\LLVM\bin\llvm-profdata.EXE merge -output=D:\a\strata\strata\build\pgo\hook.profdata D:\a\strata\strata\build\pgo\hook-raw\5964.profraw
2026-09-29T22:59:13.8562437Z + C:\hostedtoolcache\windows\Python\3.12.10\x64\python.exe scripts/build_identity.py --profile D:\a\strata\strata\build\pgo\hook.profdata --raw D:\a\strata\strata\build\pgo\hook-raw --recipe hook-native-training-clang-cl-v1
2026-09-29T22:59:13.9168725Z ==> PGO phase 3b: the hook against its own profile
2026-09-29T22:59:13.9169466Z + C:\hostedtoolcache\windows\Python\3.12.10\x64\python.exe -m pip install --force-reinstall --no-deps -e .
2026-09-29T22:59:14.4336404Z Obtaining file:///D:/a/strata/strata
2026-09-29T22:59:14.4362042Z   Installing build dependencies: started
2026-09-29T22:59:24.0383363Z   Installing build dependencies: finished with status 'done'
2026-09-29T22:59:24.0397283Z   Checking if build backend supports build_editable: started
2026-09-29T22:59:24.5955163Z   Checking if build backend supports build_editable: finished with status 'done'
2026-09-29T22:59:24.5976064Z   Getting requirements to build editable: started
2026-09-29T22:59:25.0868986Z   Getting requirements to build editable: finished with status 'done'
2026-09-29T22:59:25.0893587Z   Preparing editable metadata (pyproject.toml): started
2026-09-29T22:59:25.4211033Z   Preparing editable metadata (pyproject.toml): finished with status 'done'
2026-09-29T22:59:25.4273155Z Building wheels for collected packages: strata
2026-09-29T22:59:25.4293105Z   Building editable for strata (pyproject.toml): started
2026-09-29T23:00:06.0864483Z   Building editable for strata (pyproject.toml): finished with status 'done'
2026-09-29T23:00:06.1020534Z   Created wheel for strata: filename=strata-2026.8.10-0.editable-cp312-cp312-win_amd64.whl size=4481 sha256=14884ed98f553d37ffa85101b28a9835f23d4445261e6a48137ce5e01d8cda2e
2026-09-29T23:00:06.1021763Z   Stored in directory: C:\Users\runneradmin\AppData\Local\Temp\pip-ephem-wheel-cache-h06njggd\wheels\b6\3b\c8\2f2ce7f33d27af776fa93be556bcd24459639b05d76b33473b
2026-09-29T23:00:06.1053164Z Successfully built strata
2026-09-29T23:00:06.1186869Z Installing collected packages: strata
2026-09-29T23:00:06.1188311Z   Attempting uninstall: strata
2026-09-29T23:00:06.1210122Z     Found existing installation: strata 2026.8.10
2026-09-29T23:00:06.1230345Z     Uninstalling strata-2026.8.10:
2026-09-29T23:00:06.1860610Z       Successfully uninstalled strata-2026.8.10
2026-09-29T23:00:06.2657784Z Successfully installed strata-2026.8.10
2026-09-29T23:00:08.2165691Z + C:\hostedtoolcache\windows\Python\3.12.10\x64\python.exe scripts/build_identity.py --check-profiled strata._dumps_hook --profile D:\a\strata\strata\build\pgo\hook.profdata --foreign D:\a\strata\strata\build\pgo\strata.profdata
2026-09-29T23:00:08.2824884Z + strata._dumps_hook is built against hook.profdata alone and links no profile runtime
2026-09-29T23:00:08.2916496Z + C:\hostedtoolcache\windows\Python\3.12.10\x64\python.exe scripts/build_identity.py --check-profiled strata._strata --profile D:\a\strata\strata\build\pgo\strata.profdata --foreign D:\a\strata\strata\build\pgo\hook.profdata
2026-09-29T23:00:08.3442606Z + strata._strata is built against strata.profdata alone and links no profile runtime
2026-09-29T23:00:08.3501311Z ==> PGO: gate tests on the optimized hook
2026-09-29T23:00:08.3502679Z + C:\hostedtoolcache\windows\Python\3.12.10\x64\python.exe scripts/cpp_tests.py
2026-09-29T23:00:08.3886159Z + C:\hostedtoolcache\windows\Python\3.12.10\x64\Scripts\cmake.EXE -S . -B build/cmake -DCMAKE_BUILD_TYPE=Release
2026-09-29T23:00:08.5996397Z -- Configuring done (0.0s)
2026-09-29T23:00:08.6628352Z -- Generating done (0.1s)
2026-09-29T23:00:08.6634811Z -- Build files have been written to: D:/a/strata/strata/build/cmake
2026-09-29T23:00:08.6834793Z + C:\hostedtoolcache\windows\Python\3.12.10\x64\Scripts\cmake.EXE --build build/cmake --config Release
2026-09-29T23:00:08.9593013Z MSBuild version 18.10.1-1.26427.6+3cd27c13e for .NET Framework
2026-09-29T23:00:08.9874438Z 
2026-09-29T23:00:09.1917908Z   1>Checking Build System
2026-09-29T23:00:09.2901878Z   Building Custom Rule D:/a/strata/strata/CMakeLists.txt
2026-09-29T23:00:09.4346777Z   fast_parse_tests.vcxproj -> D:\a\strata\strata\build\cmake\Release\fast_parse_tests.exe
2026-09-29T23:00:09.4857035Z   Building Custom Rule D:/a/strata/strata/CMakeLists.txt
2026-09-29T23:00:09.5225149Z   float_precision_tests.vcxproj -> D:\a\strata\strata\build\cmake\Release\float_precision_tests.exe
2026-09-29T23:00:09.5685243Z   Building Custom Rule D:/a/strata/strata/CMakeLists.txt
2026-09-29T23:00:09.6107784Z   folder_tests.vcxproj -> D:\a\strata\strata\build\cmake\Release\folder_tests.exe
2026-09-29T23:00:09.6559969Z   Building Custom Rule D:/a/strata/strata/CMakeLists.txt
2026-09-29T23:00:09.6942321Z   fuzz_corpus_tests.vcxproj -> D:\a\strata\strata\build\cmake\Release\fuzz_corpus_tests.exe
2026-09-29T23:00:09.7401624Z   Building Custom Rule D:/a/strata/strata/CMakeLists.txt
2026-09-29T23:00:09.7759557Z   json_core_tests.vcxproj -> D:\a\strata\strata\build\cmake\Release\json_core_tests.exe
2026-09-29T23:00:09.8220991Z   Building Custom Rule D:/a/strata/strata/CMakeLists.txt
2026-09-29T23:00:09.8612819Z   json_cursor_tests.vcxproj -> D:\a\strata\strata\build\cmake\Release\json_cursor_tests.exe
2026-09-29T23:00:09.9067433Z   Building Custom Rule D:/a/strata/strata/CMakeLists.txt
2026-09-29T23:00:09.9435828Z   json_parse_tests.vcxproj -> D:\a\strata\strata\build\cmake\Release\json_parse_tests.exe
2026-09-29T23:00:09.9939476Z   Building Custom Rule D:/a/strata/strata/CMakeLists.txt
2026-09-29T23:00:10.0333389Z   json_serialize_tests.vcxproj -> D:\a\strata\strata\build\cmake\Release\json_serialize_tests.exe
2026-09-29T23:00:10.0771104Z   Building Custom Rule D:/a/strata/strata/CMakeLists.txt
2026-09-29T23:00:10.1156454Z   jsonpath_stream_tests.vcxproj -> D:\a\strata\strata\build\cmake\Release\jsonpath_stream_tests.exe
2026-09-29T23:00:10.1655329Z   Building Custom Rule D:/a/strata/strata/CMakeLists.txt
2026-09-29T23:00:10.2032139Z   jsonpath_tests.vcxproj -> D:\a\strata\strata\build\cmake\Release\jsonpath_tests.exe
2026-09-29T23:00:10.2549277Z   Building Custom Rule D:/a/strata/strata/CMakeLists.txt
2026-09-29T23:00:10.2923849Z   ndjson_tests.vcxproj -> D:\a\strata\strata\build\cmake\Release\ndjson_tests.exe
2026-09-29T23:00:10.3364440Z   Building Custom Rule D:/a/strata/strata/CMakeLists.txt
2026-09-29T23:00:10.3744476Z   scan_tests.vcxproj -> D:\a\strata\strata\build\cmake\Release\scan_tests.exe
2026-09-29T23:00:10.4202580Z   Building Custom Rule D:/a/strata/strata/CMakeLists.txt
2026-09-29T23:00:10.4558272Z   smoke_tests.vcxproj -> D:\a\strata\strata\build\cmake\Release\smoke_tests.exe
2026-09-29T23:00:10.5038698Z   Building Custom Rule D:/a/strata/strata/CMakeLists.txt
2026-09-29T23:00:10.5417842Z   stress_deep_tests.vcxproj -> D:\a\strata\strata\build\cmake\Release\stress_deep_tests.exe
2026-09-29T23:00:10.5853960Z   Building Custom Rule D:/a/strata/strata/CMakeLists.txt
2026-09-29T23:00:10.6234779Z   temporal_tests.vcxproj -> D:\a\strata\strata\build\cmake\Release\temporal_tests.exe
2026-09-29T23:00:10.6692211Z   Building Custom Rule D:/a/strata/strata/CMakeLists.txt
2026-09-29T23:00:10.7050597Z   value_cursor_tests.vcxproj -> D:\a\strata\strata\build\cmake\Release\value_cursor_tests.exe
2026-09-29T23:00:10.7583303Z   Building Custom Rule D:/a/strata/strata/CMakeLists.txt
2026-09-29T23:00:10.8443319Z + C:\hostedtoolcache\windows\Python\3.12.10\x64\Scripts\ctest.EXE --test-dir build/cmake --build-config Release --output-on-failure --no-tests=error
2026-09-29T23:00:11.0374482Z Test project D:/a/strata/strata/build/cmake
2026-09-29T23:00:11.0397907Z       Start  1: smoke_tests
2026-09-29T23:00:11.0453710Z  1/16 Test  #1: smoke_tests ......................   Passed    0.01 sec
2026-09-29T23:00:11.0457967Z       Start  2: json_core_tests
2026-09-29T23:00:11.0510235Z  2/16 Test  #2: json_core_tests ..................   Passed    0.00 sec
2026-09-29T23:00:11.0513580Z       Start  3: json_parse_tests
2026-09-29T23:00:11.0565781Z  3/16 Test  #3: json_parse_tests .................   Passed    0.00 sec
2026-09-29T23:00:11.0568746Z       Start  4: fast_parse_tests
2026-09-29T23:00:11.1528097Z  4/16 Test  #4: fast_parse_tests .................   Passed    0.10 sec
2026-09-29T23:00:11.1531548Z       Start  5: value_cursor_tests
2026-09-29T23:00:11.1681468Z  5/16 Test  #5: value_cursor_tests ...............   Passed    0.01 sec
2026-09-29T23:00:11.1684745Z       Start  6: json_serialize_tests
2026-09-29T23:00:11.1735489Z  6/16 Test  #6: json_serialize_tests .............   Passed    0.00 sec
2026-09-29T23:00:11.1739109Z       Start  7: float_precision_tests
2026-09-29T23:00:14.2923199Z  7/16 Test  #7: float_precision_tests ............   Passed    3.12 sec
2026-09-29T23:00:14.2926850Z       Start  8: json_cursor_tests
2026-09-29T23:00:14.2990500Z  8/16 Test  #8: json_cursor_tests ................   Passed    0.01 sec
2026-09-29T23:00:14.2993689Z       Start  9: ndjson_tests
2026-09-29T23:00:14.3081758Z  9/16 Test  #9: ndjson_tests .....................   Passed    0.01 sec
2026-09-29T23:00:14.3085022Z       Start 10: jsonpath_tests
2026-09-29T23:00:14.3138263Z 10/16 Test #10: jsonpath_tests ...................   Passed    0.00 sec
2026-09-29T23:00:14.3141744Z       Start 11: jsonpath_stream_tests
2026-09-29T23:00:14.3202185Z 11/16 Test #11: jsonpath_stream_tests ............   Passed    0.01 sec
2026-09-29T23:00:14.3205459Z       Start 12: scan_tests
2026-09-29T23:00:14.3427322Z 12/16 Test #12: scan_tests .......................   Passed    0.02 sec
2026-09-29T23:00:14.3430917Z       Start 13: temporal_tests
2026-09-29T23:00:14.3657310Z 13/16 Test #13: temporal_tests ...................   Passed    0.02 sec
2026-09-29T23:00:14.3660302Z       Start 14: folder_tests
2026-09-29T23:00:14.4449827Z 14/16 Test #14: folder_tests .....................   Passed    0.08 sec
2026-09-29T23:00:14.4452861Z       Start 15: fuzz_corpus_tests
2026-09-29T23:00:14.4560663Z 15/16 Test #15: fuzz_corpus_tests ................   Passed    0.01 sec
2026-09-29T23:00:14.4563653Z       Start 16: stress_deep_tests
2026-09-29T23:00:14.4642423Z 16/16 Test #16: stress_deep_tests ................   Passed    0.01 sec
2026-09-29T23:00:14.4650379Z 
2026-09-29T23:00:14.4650483Z 100% tests passed out of 16
2026-09-29T23:00:14.4650697Z 
2026-09-29T23:00:14.4650935Z Total Test time (real) =   3.43 sec
2026-09-29T23:00:14.4897701Z + C:\hostedtoolcache\windows\Python\3.12.10\x64\python.exe scripts/py_tests.py
2026-09-29T23:00:14.5333030Z + pytest tests/py tests/unit --basetemp=C:\Users\RUNNER~1\AppData\Local\Temp\pytest-of-runneradmin\wgm2dk6p
2026-09-29T23:00:15.1566931Z ============================= test session starts =============================
2026-09-29T23:00:15.1567328Z platform win32 -- Python 3.12.10, pytest-9.1.1, pluggy-1.6.0
2026-09-29T23:00:15.1567603Z rootdir: D:\a\strata\strata
2026-09-29T23:00:15.1567797Z configfile: pyproject.toml
2026-09-29T23:00:15.1567967Z plugins: cov-7.1.0
2026-09-29T23:00:15.1568121Z collected 3925 items
2026-09-29T23:00:15.1568225Z 
2026-09-29T23:00:15.1907017Z tests\py\native_types\test_native_dump.py ..............                 [  0%]
2026-09-29T23:00:15.2705955Z tests\py\native_types\test_native_fast_paths.py ........ssssssssss...... [  0%]
2026-09-29T23:00:15.4758222Z .............................                                            [  1%]
2026-09-29T23:00:15.5603339Z tests\py\native_types\test_native_import.py ...                          [  1%]
2026-09-29T23:00:15.6106107Z tests\py\native_types\test_native_opt_out.py ........................... [  2%]
2026-09-29T23:00:15.6110882Z                                                                          [  2%]
2026-09-29T23:00:15.7058122Z tests\py\native_types\test_native_oracle.py .........                    [  2%]
2026-09-29T23:00:16.0226695Z tests\py\native_types\test_native_reentrancy.py ........................ [  3%]
2026-09-29T23:00:16.8536516Z ..................................................                       [  4%]
2026-09-29T23:00:16.8904669Z tests\py\native_types\test_parse_types.py .............................. [  5%]
2026-09-29T23:00:17.3873083Z ............................................................             [  6%]
2026-09-29T23:00:17.4049772Z tests\py\test_dumps_brace_fold.py .........                              [  7%]
2026-09-29T23:00:17.4431388Z tests\py\test_dumps_cycles_fused.py .................................... [  8%]
2026-09-29T23:00:17.5002956Z ....................................................                     [  9%]
2026-09-29T23:00:17.7838161Z tests\py\test_dumps_general_tables.py ............................       [ 10%]
2026-09-29T23:00:18.4822031Z tests\py\test_dumps_with_default.py .................................... [ 10%]
2026-09-29T23:00:18.9332403Z .............................ss                                          [ 11%]
2026-09-29T23:00:18.9675003Z tests\py\test_dumps_with_default_contract.py ........................... [ 12%]
2026-09-29T23:00:19.0632903Z ........................................................................ [ 14%]
2026-09-29T23:00:19.1613527Z ........................................................................ [ 16%]
2026-09-29T23:00:19.2204812Z ..........................                                               [ 16%]
2026-09-29T23:00:19.2260126Z tests\py\test_fused_verification.py ..                                   [ 16%]
2026-09-29T23:00:19.2593399Z tests\py\test_json_parity.py ........................................... [ 17%]
2026-09-29T23:00:19.3047842Z ........................................................................ [ 19%]
2026-09-29T23:00:19.3502263Z ........................................................................ [ 21%]
2026-09-29T23:00:19.3958262Z ........................................................................ [ 23%]
2026-09-29T23:00:19.4406322Z ........................................................................ [ 25%]
2026-09-29T23:00:19.4852103Z ........................................................................ [ 27%]
2026-09-29T23:00:19.5300943Z ........................................................................ [ 28%]
2026-09-29T23:00:19.5745953Z ........................................................................ [ 30%]
2026-09-29T23:00:19.6199362Z ........................................................................ [ 32%]
2026-09-29T23:00:19.6664784Z ........................................................................ [ 34%]
2026-09-29T23:00:19.7121977Z ........................................................................ [ 36%]
2026-09-29T23:00:19.7576083Z ........................................................................ [ 38%]
2026-09-29T23:00:19.8126636Z ........................................................................ [ 39%]
2026-09-29T23:00:19.8570714Z ........................................................................ [ 41%]
2026-09-29T23:00:19.9000785Z ........................................................................ [ 43%]
2026-09-29T23:00:19.9427751Z ........................................................................ [ 45%]
2026-09-29T23:00:19.9866231Z ........................................................................ [ 47%]
2026-09-29T23:00:20.0127135Z .................................                                        [ 48%]
2026-09-29T23:00:20.1551749Z tests\py\test_path_dispatch.py ................................          [ 48%]
2026-09-29T23:00:20.1580907Z tests\py\test_py_tests_basetemp.py ..                                    [ 48%]
2026-09-29T23:00:20.1601457Z tests\py\test_smoke.py ...                                               [ 49%]
2026-09-29T23:00:20.1839235Z tests\unit\native_types\test_build_sources.py .......                    [ 49%]
2026-09-29T23:00:20.4039901Z tests\unit\native_types\test_hook_import_gating.py .......               [ 49%]
2026-09-29T23:00:20.6101835Z tests\unit\native_types\test_hook_profile_build.py sss............       [ 49%]
2026-09-29T23:00:20.6623831Z tests\unit\native_types\test_native_benchmark_agreement.py ...........   [ 50%]
2026-09-29T23:00:20.7454273Z tests\unit\native_types\test_native_benchmark_dataset.py .....           [ 50%]
2026-09-29T23:00:20.7514555Z tests\unit\native_types\test_native_benchmark_rows.py .......            [ 50%]
2026-09-29T23:00:20.8119810Z tests\unit\native_types\test_native_ci_fetch.py ....                     [ 50%]
2026-09-29T23:00:20.8932151Z tests\unit\native_types\test_native_ci_summary.py .....                  [ 50%]
2026-09-29T23:00:20.9610904Z tests\unit\native_types\test_native_flag.py ..........................s. [ 51%]
2026-09-29T23:00:21.0173129Z ..                                                                       [ 51%]
2026-09-29T23:00:21.2261199Z tests\unit\native_types\test_native_identity_ab.py .......               [ 51%]
2026-09-29T23:00:21.2459370Z tests\unit\native_types\test_native_opt_out.py ......................... [ 52%]
2026-09-29T23:00:21.3055225Z ........................................................................ [ 54%]
2026-09-29T23:00:21.3438691Z ..................................................                       [ 55%]
2026-09-29T23:00:21.3600544Z tests\unit\native_types\test_parse_contract.py ......................... [ 55%]
2026-09-29T23:00:21.6347659Z .................................................                        [ 57%]
2026-09-29T23:00:21.6476516Z tests\unit\native_types\test_serializer_contract.py .................... [ 57%]
2026-09-29T23:00:21.9762331Z ........................................................................ [ 59%]
2026-09-29T23:00:22.0194231Z ................................................                         [ 60%]
2026-09-29T23:00:22.0794767Z tests\unit\native_types\test_training_scope.py .............             [ 61%]
2026-09-29T23:00:24.5843094Z tests\unit\test_ab_analysis.py ......................................    [ 62%]
2026-09-29T23:00:24.5983544Z tests\unit\test_build_manifest.py ...........                            [ 62%]
2026-09-29T23:00:24.6720615Z tests\unit\test_canonical_builds.py ....                                 [ 62%]
2026-09-29T23:00:26.0831235Z tests\unit\test_ci_fetch.py ........................                     [ 63%]
2026-09-29T23:00:26.2821224Z tests\unit\test_ci_summary.py .......................                    [ 63%]
2026-09-29T23:00:26.3000136Z tests\unit\test_config.py ...........................                    [ 64%]
2026-09-29T23:00:26.3234472Z tests\unit\test_core_purity.py ....                                      [ 64%]
2026-09-29T23:00:26.3496323Z tests\unit\test_cross_sample.py ......                                   [ 64%]
2026-09-29T23:00:26.3979132Z tests\unit\test_dumps.py ............................................... [ 65%]
2026-09-29T23:00:26.4107791Z ..........                                                               [ 66%]
2026-09-29T23:00:26.4279293Z tests\unit\test_dumps_brace_fold.py .........                            [ 66%]
2026-09-29T23:00:26.6859546Z tests\unit\test_dumps_cold_start.py ....                                 [ 66%]
2026-09-29T23:00:26.7139041Z tests\unit\test_dumps_contract.py ...................................... [ 67%]
2026-09-29T23:00:26.7676153Z .............................................................            [ 68%]
2026-09-29T23:00:26.8026956Z tests\unit\test_dumps_cycles_fused.py .................................. [ 69%]
2026-09-29T23:00:26.8589397Z ......................................................                   [ 71%]
2026-09-29T23:00:27.1742635Z tests\unit\test_dumps_general_tables.py ............................     [ 71%]
2026-09-29T23:00:27.7131348Z tests\unit\test_dumps_latch.py ............................              [ 72%]
2026-09-29T23:00:27.8037386Z tests\unit\test_dumps_private_cache.py ................................  [ 73%]
2026-09-29T23:00:28.5584771Z tests\unit\test_dumps_reentrancy.py .................................... [ 74%]
2026-09-29T23:00:29.9194679Z ......................................................................   [ 76%]
2026-09-29T23:00:30.7783008Z tests\unit\test_dumps_reentrancy_review.py ............................. [ 76%]
2026-09-29T23:00:30.9654902Z ..                                                                       [ 76%]
2026-09-29T23:00:31.0195934Z tests\unit\test_dumps_schema_failure.py ...........................      [ 77%]
2026-09-29T23:00:31.5657744Z tests\unit\test_dumps_user_step_counter.py ..........................    [ 78%]
2026-09-29T23:00:31.5906180Z tests\unit\test_dumps_with_default.py .................................. [ 79%]
2026-09-29T23:00:31.6421765Z ........................................................................ [ 80%]
2026-09-29T23:00:31.7624122Z .........................................................                [ 82%]
2026-09-29T23:00:31.7815058Z tests\unit\test_dumps_with_default_state.py ............................ [ 83%]
2026-09-29T23:00:31.8735707Z ........................................................................ [ 84%]
2026-09-29T23:00:32.0522426Z ..............                                                           [ 85%]
2026-09-29T23:00:34.9442329Z tests\unit\test_folder.py .....ss....................................... [ 86%]
2026-09-29T23:00:35.3280424Z .........................................                                [ 87%]
2026-09-29T23:00:35.3318059Z tests\unit\test_fused_verification.py ..                                 [ 87%]
2026-09-29T23:00:35.4078631Z tests\unit\test_hook_build_scope.py ...............................      [ 88%]
2026-09-29T23:00:35.5291776Z tests\unit\test_json_cursor.py ...........................               [ 89%]
2026-09-29T23:00:35.5560116Z tests\unit\test_jsonpath.py ............................................ [ 90%]
2026-09-29T23:00:35.7862511Z .......................................................................  [ 91%]
2026-09-29T23:00:36.3951720Z tests\unit\test_load_dump.py ........................s.................. [ 93%]
2026-09-29T23:00:36.3956648Z                                                                          [ 93%]
2026-09-29T23:00:36.4266286Z tests\unit\test_loads.py ............................................... [ 94%]
2026-09-29T23:00:36.5052116Z ........................................................................ [ 96%]
2026-09-29T23:00:37.3502083Z ................                                                         [ 96%]
2026-09-29T23:00:37.3614373Z tests\unit\test_native_interleaved_profile.py ...                        [ 96%]
2026-09-29T23:00:37.4523302Z tests\unit\test_nested_container_probe.py ....                           [ 96%]
2026-09-29T23:00:37.5724605Z tests\unit\test_path_dispatch.py ................................        [ 97%]
2026-09-29T23:00:37.6919014Z tests\unit\test_provenance.py ..................                         [ 97%]
2026-09-29T23:00:37.7946134Z tests\unit\test_regression_check.py ..........................           [ 98%]
2026-09-29T23:00:37.9661552Z tests\unit\test_search_stream.py .................                       [ 99%]
2026-09-29T23:00:37.9669918Z tests\unit\test_string_identity_probe.py .                               [ 99%]
2026-09-29T23:00:38.0850811Z tests\unit\test_supplementary.py .............                           [ 99%]
2026-09-29T23:00:38.2270637Z tests\unit\test_supportability_check.py ....................             [ 99%]
2026-09-29T23:00:38.3685456Z tests\unit\test_version.py ....                                          [100%]
2026-09-29T23:00:38.3685733Z 
2026-09-29T23:00:38.3685863Z ====================== 3906 passed, 19 skipped in 23.56s ======================
2026-09-29T23:00:38.9919410Z ==> PGO: generating benchmark data
2026-09-29T23:00:38.9920273Z + C:\hostedtoolcache\windows\Python\3.12.10\x64\python.exe -m benchmarks.data.generate_bench_data --out-dir D:\a\strata\strata\benchmarks\data\generated\small --num-users 1000 --max-orders 10 --max-items 5 --records 500
2026-09-29T23:00:39.2458933Z   D:\a\strata\strata\benchmarks\data\generated\small\users.json  (1680 KB)
2026-09-29T23:00:39.2459365Z   D:\a\strata\strata\benchmarks\data\generated\small\users.ndjson  (1680 KB)
2026-09-29T23:00:39.2459748Z   D:\a\strata\strata\benchmarks\data\generated\small\flat.json  (209 KB)
2026-09-29T23:00:39.2460118Z   D:\a\strata\strata\benchmarks\data\generated\small\nested.json  (148 KB)
2026-09-29T23:00:39.2460487Z   D:\a\strata\strata\benchmarks\data\generated\small\wide_arrays.json  (1218 KB)
2026-09-29T23:00:39.2460839Z   D:\a\strata\strata\benchmarks\data\generated\small\mixed.json  (34 KB)
2026-09-29T23:00:39.2527171Z ==> PGO: verification benchmarks
2026-09-29T23:00:39.2529996Z + C:\hostedtoolcache\windows\Python\3.12.10\x64\python.exe -m benchmarks.bench_main --name pgo --repeat 10 --warmup 2 --dataset D:\a\strata\strata\benchmarks\data\generated\small\users.json --dataset D:\a\strata\strata\benchmarks\data\generated\small\flat.json --dataset D:\a\strata\strata\benchmarks\data\generated\small\nested.json --output D:\a\strata\strata\build\pgo\bench_results_pgo.md
2026-09-29T23:00:56.0503341Z wrote D:\a\strata\strata\build\pgo\bench_results_pgo.md
2026-09-29T23:00:56.0661455Z ==> PGO complete
2026-09-29T23:00:56.0661830Z     profile: D:\a\strata\strata\build\pgo\strata.profdata
2026-09-29T23:00:56.0662587Z     results: D:\a\strata\strata\build\pgo\bench_results_pgo.md
2026-09-29T23:00:56.0663063Z     The installed extension is now the clang-cl PGO build.
2026-09-29T23:00:56.0916396Z ##[group]Run PYTHONPATH=. python -m benchmarks.data.generate_bench_data \
2026-09-29T23:00:56.0916929Z PYTHONPATH=. python -m benchmarks.data.generate_bench_data \
2026-09-29T23:00:56.0917275Z   --out-dir benchmarks/data/generated/small \
2026-09-29T23:00:56.0917628Z   --num-users 1000 --max-orders 10 --max-items 5 --records 500
2026-09-29T23:00:56.0929616Z shell: C:\Program Files\Git\bin\bash.EXE --noprofile --norc -e -o pipefail {0}
2026-09-29T23:00:56.0929920Z env:
2026-09-29T23:00:56.0930138Z   pythonLocation: C:\hostedtoolcache\windows\Python\3.12.10\x64
2026-09-29T23:00:56.0930501Z   PKG_CONFIG_PATH: C:\hostedtoolcache\windows\Python\3.12.10\x64/lib/pkgconfig
2026-09-29T23:00:56.0930854Z   Python_ROOT_DIR: C:\hostedtoolcache\windows\Python\3.12.10\x64
2026-09-29T23:00:56.0931162Z   Python2_ROOT_DIR: C:\hostedtoolcache\windows\Python\3.12.10\x64
2026-09-29T23:00:56.0931512Z   Python3_ROOT_DIR: C:\hostedtoolcache\windows\Python\3.12.10\x64
2026-09-29T23:00:56.0931754Z ##[endgroup]
2026-09-29T23:00:56.3802278Z   benchmarks\data\generated\small\users.json  (1680 KB)
2026-09-29T23:00:56.3802759Z   benchmarks\data\generated\small\users.ndjson  (1680 KB)
2026-09-29T23:00:56.3803192Z   benchmarks\data\generated\small\flat.json  (209 KB)
2026-09-29T23:00:56.3803600Z   benchmarks\data\generated\small\nested.json  (148 KB)
2026-09-29T23:00:56.3804026Z   benchmarks\data\generated\small\wide_arrays.json  (1218 KB)
2026-09-29T23:00:56.3804460Z   benchmarks\data\generated\small\mixed.json  (34 KB)
2026-09-29T23:00:56.4026893Z ##[group]Run PYTHONPATH=. python -m benchmarks.bench_main --name "ci-windows-x86_64" \
2026-09-29T23:00:56.4027448Z PYTHONPATH=. python -m benchmarks.bench_main --name "ci-windows-x86_64" \
2026-09-29T23:00:56.4027773Z   --repeat 10 --warmup 2 \
2026-09-29T23:00:56.4028036Z   --dataset benchmarks/data/generated/small/users.json \
2026-09-29T23:00:56.4028363Z   --dataset benchmarks/data/generated/small/users.ndjson \
2026-09-29T23:00:56.4028838Z   --dataset benchmarks/data/generated/small/flat.json \
2026-09-29T23:00:56.4029135Z   --dataset benchmarks/data/generated/small/nested.json \
2026-09-29T23:00:56.4029603Z   --dataset benchmarks/data/generated/small/wide_arrays.json \
2026-09-29T23:00:56.4029935Z   --dataset benchmarks/data/generated/small/mixed.json \
2026-09-29T23:00:56.4030339Z   --output "bench_ci_windows-x86_64.md"
2026-09-29T23:00:56.4040974Z shell: C:\Program Files\Git\bin\bash.EXE --noprofile --norc -e -o pipefail {0}
2026-09-29T23:00:56.4041275Z env:
2026-09-29T23:00:56.4041513Z   pythonLocation: C:\hostedtoolcache\windows\Python\3.12.10\x64
2026-09-29T23:00:56.4042096Z   PKG_CONFIG_PATH: C:\hostedtoolcache\windows\Python\3.12.10\x64/lib/pkgconfig
2026-09-29T23:00:56.4042441Z   Python_ROOT_DIR: C:\hostedtoolcache\windows\Python\3.12.10\x64
2026-09-29T23:00:56.4042739Z   Python2_ROOT_DIR: C:\hostedtoolcache\windows\Python\3.12.10\x64
2026-09-29T23:00:56.4043056Z   Python3_ROOT_DIR: C:\hostedtoolcache\windows\Python\3.12.10\x64
2026-09-29T23:00:56.4043309Z   PGO_MODE: use
2026-09-29T23:00:56.4043470Z   STRATA_WIN_COMPILER: clang-cl
2026-09-29T23:00:56.4043802Z ##[endgroup]
2026-09-29T23:01:16.7048019Z wrote bench_ci_windows-x86_64.md
2026-09-29T23:01:16.7368366Z ##[group]Run PYTHONPATH=. python -m benchmarks.supportability_check \
2026-09-29T23:01:16.7368852Z PYTHONPATH=. python -m benchmarks.supportability_check \
2026-09-29T23:01:16.7369152Z   "bench_ci_windows-x86_64.md"
2026-09-29T23:01:16.7380610Z shell: C:\Program Files\Git\bin\bash.EXE --noprofile --norc -e -o pipefail {0}
2026-09-29T23:01:16.7380924Z env:
2026-09-29T23:01:16.7381142Z   pythonLocation: C:\hostedtoolcache\windows\Python\3.12.10\x64
2026-09-29T23:01:16.7381509Z   PKG_CONFIG_PATH: C:\hostedtoolcache\windows\Python\3.12.10\x64/lib/pkgconfig
2026-09-29T23:01:16.7381857Z   Python_ROOT_DIR: C:\hostedtoolcache\windows\Python\3.12.10\x64
2026-09-29T23:01:16.7382171Z   Python2_ROOT_DIR: C:\hostedtoolcache\windows\Python\3.12.10\x64
2026-09-29T23:01:16.7382495Z   Python3_ROOT_DIR: C:\hostedtoolcache\windows\Python\3.12.10\x64
2026-09-29T23:01:16.7382762Z ##[endgroup]
2026-09-29T23:01:16.8710940Z supportability: bench_ci_windows-x86_64.md: 27/27 declared rows, no problems; 27 rows within 3.0x, no ERROR rows
2026-09-29T23:01:16.8981624Z ##[group]Run PYTHONPATH=. python -m benchmarks.native_v1 \
2026-09-29T23:01:16.8982028Z PYTHONPATH=. python -m benchmarks.native_v1 \
2026-09-29T23:01:16.8982332Z   --data benchmarks/data/generated --tiers small \
2026-09-29T23:01:16.8982584Z   --repeat 30 --warmup 2 \
2026-09-29T23:01:16.8982810Z   --output "bench_native_windows-x86_64.md"
2026-09-29T23:01:16.8994570Z shell: C:\Program Files\Git\bin\bash.EXE --noprofile --norc -e -o pipefail {0}
2026-09-29T23:01:16.8994869Z env:
2026-09-29T23:01:16.8995083Z   pythonLocation: C:\hostedtoolcache\windows\Python\3.12.10\x64
2026-09-29T23:01:16.8995435Z   PKG_CONFIG_PATH: C:\hostedtoolcache\windows\Python\3.12.10\x64/lib/pkgconfig
2026-09-29T23:01:16.8995781Z   Python_ROOT_DIR: C:\hostedtoolcache\windows\Python\3.12.10\x64
2026-09-29T23:01:16.8996125Z   Python2_ROOT_DIR: C:\hostedtoolcache\windows\Python\3.12.10\x64
2026-09-29T23:01:16.8996459Z   Python3_ROOT_DIR: C:\hostedtoolcache\windows\Python\3.12.10\x64
2026-09-29T23:01:16.8996710Z   PGO_MODE: use
2026-09-29T23:01:16.8996868Z   STRATA_WIN_COMPILER: clang-cl
2026-09-29T23:01:16.8997048Z ##[endgroup]
2026-09-29T23:01:18.5958495Z native-v1: 2/2 declared rows, 1 extra
2026-09-29T23:01:18.5958783Z native-v1: 1/1 declared rows, 2 extra
2026-09-29T23:01:18.5959000Z native-v1: 1/1 declared rows, 2 extra
2026-09-29T23:01:18.6269161Z ##[group]Run export PATH="/c/Program Files/LLVM/bin:$PATH"
2026-09-29T23:01:18.6269570Z export PATH="/c/Program Files/LLVM/bin:$PATH"
2026-09-29T23:01:18.6269868Z PYTHONPATH=. python scripts/identity_ab.py \
2026-09-29T23:01:18.6270170Z   --base "234ea15861d2f37b1b55c6251281a49021864441" \
2026-09-29T23:01:18.6270450Z   --arm-dir "D:\a\_temp/identity-arm" \
2026-09-29T23:01:18.6270703Z   --out "identity-windows-x86_64"
2026-09-29T23:01:18.6270997Z cp "identity-windows-x86_64/identity.txt" "identity-windows-x86_64.txt"
2026-09-29T23:01:18.6281842Z shell: C:\Program Files\Git\bin\bash.EXE --noprofile --norc -e -o pipefail {0}
2026-09-29T23:01:18.6282141Z env:
2026-09-29T23:01:18.6282349Z   pythonLocation: C:\hostedtoolcache\windows\Python\3.12.10\x64
2026-09-29T23:01:18.6282709Z   PKG_CONFIG_PATH: C:\hostedtoolcache\windows\Python\3.12.10\x64/lib/pkgconfig
2026-09-29T23:01:18.6283101Z   Python_ROOT_DIR: C:\hostedtoolcache\windows\Python\3.12.10\x64
2026-09-29T23:01:18.6283407Z   Python2_ROOT_DIR: C:\hostedtoolcache\windows\Python\3.12.10\x64
2026-09-29T23:01:18.6283704Z   Python3_ROOT_DIR: C:\hostedtoolcache\windows\Python\3.12.10\x64
2026-09-29T23:01:18.6283963Z ##[endgroup]
2026-09-29T23:01:18.7099244Z + git worktree add --force --detach D:\a\_temp\identity-arm 234ea15861d2f37b1b55c6251281a49021864441
2026-09-29T23:01:18.7236475Z Preparing worktree (detached HEAD 234ea15)
2026-09-29T23:01:19.3344507Z HEAD is now at 234ea15 Merge M13: framework adapters, reconciled with native precedence
2026-09-29T23:01:19.3428250Z + C:\hostedtoolcache\windows\Python\3.12.10\x64\python.exe -m venv .venv
2026-09-29T23:01:22.3173401Z + D:\a\_temp\identity-arm\.venv\Scripts\python.exe -m pip install -U pip setuptools wheel
2026-09-29T23:01:23.1239122Z Requirement already satisfied: pip in d:\a\_temp\identity-arm\.venv\lib\site-packages (25.0.1)
2026-09-29T23:01:23.2051618Z Collecting pip
2026-09-29T23:01:23.2395230Z   Downloading pip-26.2.1-py3-none-any.whl.metadata (4.6 kB)
2026-09-29T23:01:23.4025119Z Collecting setuptools
2026-09-29T23:01:23.4042468Z   Using cached setuptools-84.0.0-py3-none-any.whl.metadata (6.6 kB)
2026-09-29T23:01:23.4374443Z Collecting wheel
2026-09-29T23:01:23.4388902Z   Using cached wheel-0.48.0-py3-none-any.whl.metadata (2.3 kB)
2026-09-29T23:01:23.4631698Z Collecting packaging>=24.0 (from wheel)
2026-09-29T23:01:23.4645831Z   Using cached packaging-26.3-py3-none-any.whl.metadata (3.5 kB)
2026-09-29T23:01:23.4725654Z Downloading pip-26.2.1-py3-none-any.whl (1.8 MB)
2026-09-29T23:01:23.5442023Z    ---------------------------------------- 1.8/1.8 MB 33.1 MB/s eta 0:00:00
2026-09-29T23:01:23.5454424Z Using cached setuptools-84.0.0-py3-none-any.whl (818 kB)
2026-09-29T23:01:23.5474239Z Using cached wheel-0.48.0-py3-none-any.whl (33 kB)
2026-09-29T23:01:23.5504999Z Using cached packaging-26.3-py3-none-any.whl (129 kB)
2026-09-29T23:01:23.5896072Z Installing collected packages: setuptools, pip, packaging, wheel
2026-09-29T23:01:24.1190323Z   Attempting uninstall: pip
2026-09-29T23:01:24.1218292Z     Found existing installation: pip 25.0.1
2026-09-29T23:01:24.1682160Z     Uninstalling pip-25.0.1:
2026-09-29T23:01:24.1817893Z       Successfully uninstalled pip-25.0.1
2026-09-29T23:01:25.3470440Z Successfully installed packaging-26.3 pip-26.2.1 setuptools-84.0.0 wheel-0.48.0
2026-09-29T23:01:25.5903382Z + D:\a\_temp\identity-arm\.venv\Scripts\python.exe -m pip install -e .[dev,bench]
2026-09-29T23:01:26.0804384Z Obtaining file:///D:/a/_temp/identity-arm
2026-09-29T23:01:26.0830314Z   Installing build dependencies: started
2026-09-29T23:01:33.3786973Z   Installing build dependencies: finished with status 'done'
2026-09-29T23:01:33.3799885Z   Checking if build backend supports build_editable: started
2026-09-29T23:01:33.9185212Z   Checking if build backend supports build_editable: finished with status 'done'
2026-09-29T23:01:33.9207133Z   Getting requirements to build editable: started
2026-09-29T23:01:34.4089380Z   Getting requirements to build editable: finished with status 'done'
2026-09-29T23:01:34.4113007Z   Preparing editable metadata (pyproject.toml): started
2026-09-29T23:01:34.7277819Z   Preparing editable metadata (pyproject.toml): finished with status 'done'
2026-09-29T23:01:34.8040620Z Collecting cmake>=3.20 (from strata==2026.8.10)
2026-09-29T23:01:34.8062239Z   Using cached cmake-4.4.3-py3-none-win_amd64.whl.metadata (7.0 kB)
2026-09-29T23:01:34.8212919Z Collecting pytest>=7 (from strata==2026.8.10)
2026-09-29T23:01:34.8229259Z   Using cached pytest-9.1.1-py3-none-any.whl.metadata (7.6 kB)
2026-09-29T23:01:35.0452886Z Collecting pytest-cov>=4 (from strata==2026.8.10)
2026-09-29T23:01:35.0471353Z   Using cached pytest_cov-7.1.0-py3-none-any.whl.metadata (32 kB)
2026-09-29T23:01:35.3101230Z Collecting ruff>=0.5 (from strata==2026.8.10)
2026-09-29T23:01:35.3122496Z   Using cached ruff-0.16.9-py3-none-win_amd64.whl.metadata (21 kB)
2026-09-29T23:01:35.3418946Z Collecting pre-commit>=3.5 (from strata==2026.8.10)
2026-09-29T23:01:35.3441371Z   Using cached pre_commit-4.6.2-py2.py3-none-any.whl.metadata (1.2 kB)
2026-09-29T23:01:35.3977398Z Collecting clang-format<22,>=21 (from strata==2026.8.10)
2026-09-29T23:01:35.3996821Z   Using cached clang_format-21.1.8-py2.py3-none-win_amd64.whl.metadata (4.7 kB)
2026-09-29T23:01:35.5979976Z Collecting orjson (from strata==2026.8.10)
2026-09-29T23:01:35.6000058Z   Using cached orjson-3.12.0-cp312-cp312-win_amd64.whl.metadata (43 kB)
2026-09-29T23:01:35.6994944Z Collecting msgspec (from strata==2026.8.10)
2026-09-29T23:01:35.7014915Z   Using cached msgspec-0.22.0-cp312-cp312-win_amd64.whl.metadata (6.1 kB)
2026-09-29T23:01:35.7964687Z Collecting ujson (from strata==2026.8.10)
2026-09-29T23:01:35.7985534Z   Using cached ujson-6.0.0-cp312-cp312-win_amd64.whl.metadata (10 kB)
2026-09-29T23:01:35.8247520Z Collecting jmespath (from strata==2026.8.10)
2026-09-29T23:01:35.8268077Z   Using cached jmespath-1.1.0-py3-none-any.whl.metadata (7.6 kB)
2026-09-29T23:01:35.8544722Z Collecting jsonpath-ng (from strata==2026.8.10)
2026-09-29T23:01:35.8568325Z   Using cached jsonpath_ng-1.8.0-py3-none-any.whl.metadata (18 kB)
2026-09-29T23:01:35.9178388Z Collecting psutil>=5 (from strata==2026.8.10)
2026-09-29T23:01:35.9198184Z   Using cached psutil-7.2.2-cp37-abi3-win_amd64.whl.metadata (22 kB)
2026-09-29T23:01:35.9414668Z Collecting cfgv>=2.0.0 (from pre-commit>=3.5->strata==2026.8.10)
2026-09-29T23:01:35.9432765Z   Using cached cfgv-3.5.0-py2.py3-none-any.whl.metadata (8.9 kB)
2026-09-29T23:01:35.9835000Z Collecting identify>=1.0.0 (from pre-commit>=3.5->strata==2026.8.10)
2026-09-29T23:01:35.9858695Z   Using cached identify-2.6.20-py2.py3-none-any.whl.metadata (4.4 kB)
2026-09-29T23:01:36.0177866Z Collecting nodeenv>=0.11.1 (from pre-commit>=3.5->strata==2026.8.10)
2026-09-29T23:01:36.0196532Z   Using cached nodeenv-1.11.0-py2.py3-none-any.whl.metadata (40 kB)
2026-09-29T23:01:36.0586293Z Collecting pyyaml>=5.1 (from pre-commit>=3.5->strata==2026.8.10)
2026-09-29T23:01:36.0605378Z   Using cached pyyaml-6.0.3-cp312-cp312-win_amd64.whl.metadata (2.4 kB)
2026-09-29T23:01:36.1016176Z Collecting virtualenv>=20.10.0 (from pre-commit>=3.5->strata==2026.8.10)
2026-09-29T23:01:36.1036875Z   Using cached virtualenv-21.14.0-py3-none-any.whl.metadata (4.1 kB)
2026-09-29T23:01:36.1153468Z Collecting colorama>=0.4 (from pytest>=7->strata==2026.8.10)
2026-09-29T23:01:36.1171931Z   Using cached colorama-0.4.6-py2.py3-none-any.whl.metadata (17 kB)
2026-09-29T23:01:36.1232061Z Collecting iniconfig>=1.0.1 (from pytest>=7->strata==2026.8.10)
2026-09-29T23:01:36.1250054Z   Using cached iniconfig-2.3.0-py3-none-any.whl.metadata (2.5 kB)
2026-09-29T23:01:36.1279167Z Requirement already satisfied: packaging>=22 in .\.venv\Lib\site-packages (from pytest>=7->strata==2026.8.10) (26.3)
2026-09-29T23:01:36.1312185Z Collecting pluggy<2,>=1.5 (from pytest>=7->strata==2026.8.10)
2026-09-29T23:01:36.1329450Z   Using cached pluggy-1.6.0-py3-none-any.whl.metadata (4.8 kB)
2026-09-29T23:01:36.1428240Z Collecting pygments>=2.7.2 (from pytest>=7->strata==2026.8.10)
2026-09-29T23:01:36.1445545Z   Using cached pygments-2.21.0-py3-none-any.whl.metadata (2.5 kB)
2026-09-29T23:01:36.4963457Z Collecting coverage>=7.10.6 (from coverage[toml]>=7.10.6->pytest-cov>=4->strata==2026.8.10)
2026-09-29T23:01:36.4984647Z   Using cached coverage-7.16.2-cp312-cp312-win_amd64.whl.metadata (8.4 kB)
2026-09-29T23:01:36.5231462Z Collecting distlib<1,>=0.3.7 (from virtualenv>=20.10.0->pre-commit>=3.5->strata==2026.8.10)
2026-09-29T23:01:36.5252184Z   Using cached distlib-0.4.3-py2.py3-none-any.whl.metadata (5.3 kB)
2026-09-29T23:01:36.5659464Z Collecting filelock<5,>=3.24.2 (from virtualenv>=20.10.0->pre-commit>=3.5->strata==2026.8.10)
2026-09-29T23:01:36.7843130Z   Downloading filelock-4.0.6-py3-none-any.whl.metadata (2.0 kB)
2026-09-29T23:01:36.8362238Z Collecting platformdirs<5,>=3.9.1 (from virtualenv>=20.10.0->pre-commit>=3.5->strata==2026.8.10)
2026-09-29T23:01:36.8411278Z   Downloading platformdirs-4.12.2-py3-none-any.whl.metadata (5.5 kB)
2026-09-29T23:01:36.8775465Z Collecting python-discovery>=1.6 (from virtualenv>=20.10.0->pre-commit>=3.5->strata==2026.8.10)
2026-09-29T23:01:36.8800094Z   Using cached python_discovery-1.6.1-py3-none-any.whl.metadata (5.1 kB)
2026-09-29T23:01:36.8920043Z Using cached clang_format-21.1.8-py2.py3-none-win_amd64.whl (1.4 MB)
2026-09-29T23:01:36.8963033Z Using cached cmake-4.4.3-py3-none-win_amd64.whl (42.3 MB)
2026-09-29T23:01:36.9158066Z Using cached pre_commit-4.6.2-py2.py3-none-any.whl (226 kB)
2026-09-29T23:01:36.9173321Z Using cached cfgv-3.5.0-py2.py3-none-any.whl (7.4 kB)
2026-09-29T23:01:36.9188046Z Using cached identify-2.6.20-py2.py3-none-any.whl (99 kB)
2026-09-29T23:01:36.9203078Z Using cached nodeenv-1.11.0-py2.py3-none-any.whl (34 kB)
2026-09-29T23:01:36.9218404Z Using cached psutil-7.2.2-cp37-abi3-win_amd64.whl (137 kB)
2026-09-29T23:01:36.9233232Z Using cached pytest-9.1.1-py3-none-any.whl (386 kB)
2026-09-29T23:01:36.9249682Z Using cached pluggy-1.6.0-py3-none-any.whl (20 kB)
2026-09-29T23:01:36.9264371Z Using cached colorama-0.4.6-py2.py3-none-any.whl (25 kB)
2026-09-29T23:01:36.9279256Z Using cached iniconfig-2.3.0-py3-none-any.whl (7.5 kB)
2026-09-29T23:01:36.9294278Z Using cached pygments-2.21.0-py3-none-any.whl (1.3 MB)
2026-09-29T23:01:36.9315123Z Using cached pytest_cov-7.1.0-py3-none-any.whl (22 kB)
2026-09-29T23:01:36.9329428Z Using cached coverage-7.16.2-cp312-cp312-win_amd64.whl (226 kB)
2026-09-29T23:01:36.9344541Z Using cached pyyaml-6.0.3-cp312-cp312-win_amd64.whl (154 kB)
2026-09-29T23:01:36.9516478Z Using cached ruff-0.16.9-py3-none-win_amd64.whl (10.6 MB)
2026-09-29T23:01:36.9580067Z Using cached virtualenv-21.14.0-py3-none-any.whl (5.5 MB)
2026-09-29T23:01:36.9629345Z Using cached distlib-0.4.3-py2.py3-none-any.whl (470 kB)
2026-09-29T23:01:36.9686660Z Downloading filelock-4.0.6-py3-none-any.whl (109 kB)
2026-09-29T23:01:37.1017568Z Downloading platformdirs-4.12.2-py3-none-any.whl (32 kB)
2026-09-29T23:01:37.1191679Z Using cached python_discovery-1.6.1-py3-none-any.whl (38 kB)
2026-09-29T23:01:37.1207503Z Using cached jmespath-1.1.0-py3-none-any.whl (20 kB)
2026-09-29T23:01:37.1222695Z Using cached jsonpath_ng-1.8.0-py3-none-any.whl (67 kB)
2026-09-29T23:01:37.1238245Z Using cached msgspec-0.22.0-cp312-cp312-win_amd64.whl (192 kB)
2026-09-29T23:01:37.1253619Z Using cached orjson-3.12.0-cp312-cp312-win_amd64.whl (122 kB)
2026-09-29T23:01:37.1268272Z Using cached ujson-6.0.0-cp312-cp312-win_amd64.whl (227 kB)
2026-09-29T23:01:37.3041589Z Building wheels for collected packages: strata
2026-09-29T23:01:37.3069080Z   Building editable for strata (pyproject.toml): started
2026-09-29T23:02:37.4985762Z   Building editable for strata (pyproject.toml): still running...
2026-09-29T23:03:37.7070037Z   Building editable for strata (pyproject.toml): still running...
2026-09-29T23:04:38.2803564Z   Building editable for strata (pyproject.toml): still running...
2026-09-29T23:05:27.2190263Z   Building editable for strata (pyproject.toml): finished with status 'done'
2026-09-29T23:05:27.2310640Z   Created wheel for strata: filename=strata-2026.8.10-0.editable-cp312-cp312-win_amd64.whl size=4494 sha256=5cef5502481f08c9cc300b678b71458a478519b50e869e5c33e2c617badf6cc7
2026-09-29T23:05:27.2312315Z   Stored in directory: C:\Users\runneradmin\AppData\Local\Temp\pip-ephem-wheel-cache-km9_9nhk\wheels\81\e7\4e\f8e8fde54f81c2c46712646ebd0437e93803cae04b1c31157f
2026-09-29T23:05:27.2339177Z Successfully built strata
2026-09-29T23:05:27.3067576Z Installing collected packages: jsonpath-ng, distlib, clang-format, ujson, strata, ruff, pyyaml, pygments, psutil, pluggy, platformdirs, orjson, nodeenv, msgspec, jmespath, iniconfig, identify, filelock, coverage, colorama, cmake, cfgv, python-discovery, pytest, virtualenv, pytest-cov, pre-commit
2026-09-29T23:05:31.4254831Z 
2026-09-29T23:05:31.4278102Z Successfully installed cfgv-3.5.0 clang-format-21.1.8 cmake-4.4.3 colorama-0.4.6 coverage-7.16.2 distlib-0.4.3 filelock-4.0.6 identify-2.6.20 iniconfig-2.3.0 jmespath-1.1.0 jsonpath-ng-1.8.0 msgspec-0.22.0 nodeenv-1.11.0 orjson-3.12.0 platformdirs-4.12.2 pluggy-1.6.0 pre-commit-4.6.2 psutil-7.2.2 pygments-2.21.0 pytest-9.1.1 pytest-cov-7.1.0 python-discovery-1.6.1 pyyaml-6.0.3 ruff-0.16.9 strata-2026.8.10 ujson-6.0.0 virtualenv-21.14.0
2026-09-29T23:05:34.9442620Z + D:\a\_temp\identity-arm\.venv\Scripts\python.exe scripts/pgo_build_clang_cl.py
2026-09-29T23:05:34.9877268Z ==> PGO phase 1: instrumented build (clang-cl, -fprofile-generate)
2026-09-29T23:05:34.9882987Z + D:\a\_temp\identity-arm\.venv\Scripts\python.exe -m pip install --force-reinstall --no-deps -e .
2026-09-29T23:05:35.4669627Z Obtaining file:///D:/a/_temp/identity-arm
2026-09-29T23:05:35.4697069Z   Installing build dependencies: started
2026-09-29T23:05:44.2335844Z   Installing build dependencies: finished with status 'done'
2026-09-29T23:05:44.2349795Z   Checking if build backend supports build_editable: started
2026-09-29T23:05:44.6321792Z   Checking if build backend supports build_editable: finished with status 'done'
2026-09-29T23:05:44.6341175Z   Getting requirements to build editable: started
2026-09-29T23:05:45.4967704Z   Getting requirements to build editable: finished with status 'done'
2026-09-29T23:05:45.4993244Z   Preparing editable metadata (pyproject.toml): started
2026-09-29T23:05:45.8922742Z   Preparing editable metadata (pyproject.toml): finished with status 'done'
2026-09-29T23:05:45.8987587Z Building wheels for collected packages: strata
2026-09-29T23:05:45.9007517Z   Building editable for strata (pyproject.toml): started
2026-09-29T23:06:38.3111649Z   Building editable for strata (pyproject.toml): finished with status 'done'
2026-09-29T23:06:38.3159242Z   Created wheel for strata: filename=strata-2026.8.10-0.editable-cp312-cp312-win_amd64.whl size=4494 sha256=4e51dac43f8345d2e4d902ffe625776e52194a64e2387533df1abefde48af781
2026-09-29T23:06:38.3160886Z   Stored in directory: C:\Users\runneradmin\AppData\Local\Temp\pip-ephem-wheel-cache-8qwy48s_\wheels\81\e7\4e\f8e8fde54f81c2c46712646ebd0437e93803cae04b1c31157f
2026-09-29T23:06:38.3191928Z Successfully built strata
2026-09-29T23:06:38.3323136Z Installing collected packages: strata
2026-09-29T23:06:38.3324765Z   Attempting uninstall: strata
2026-09-29T23:06:38.3349516Z     Found existing installation: strata 2026.8.10
2026-09-29T23:06:38.3369812Z     Uninstalling strata-2026.8.10:
2026-09-29T23:06:38.3854081Z       Successfully uninstalled strata-2026.8.10
2026-09-29T23:06:38.3964185Z Successfully installed strata-2026.8.10
2026-09-29T23:06:41.4717840Z + D:\a\_temp\identity-arm\.venv\Scripts\python.exe scripts/build_identity.py --check-unprofiled strata._dumps_hook --instrumented strata._strata
2026-09-29T23:06:41.5311057Z + strata._dumps_hook is unprofiled: _dumps_hook.cp312-win_amd64.pyd.build.json records no profile or profile flag,
2026-09-29T23:06:41.5311898Z   and the image links no profile runtime
2026-09-29T23:06:41.5381251Z ==> PGO: generating training data
2026-09-29T23:06:41.5382830Z + D:\a\_temp\identity-arm\.venv\Scripts\python.exe scripts/pgo_training_data.py --out-dir D:\a\_temp\identity-arm\build\pgo
2026-09-29T23:06:41.9256653Z   D:\a\_temp\identity-arm\build\pgo\train.json (10.0 MB)
2026-09-29T23:06:41.9257197Z   D:\a\_temp\identity-arm\build\pgo\train.ndjson (10.0 MB)
2026-09-29T23:06:41.9332274Z ==> PGO: running the training workload
2026-09-29T23:06:41.9334718Z + D:\a\_temp\identity-arm\.venv\Scripts\python.exe scripts/pgo_training.py --json D:\a\_temp\identity-arm\build\pgo\train.json --ndjson D:\a\_temp\identity-arm\build\pgo\train.ndjson --work-dir D:\a\_temp\identity-arm\build\pgo\work
2026-09-29T23:06:42.1769852Z PGO training workload
2026-09-29T23:06:42.1770139Z   corpus: 4001 records, 10.0 MB
2026-09-29T23:06:42.1770388Z [1/7] loads
2026-09-29T23:06:42.1770626Z   loads(str): 1x in 0.05s
2026-09-29T23:06:42.2518464Z   loads(bytes): 1x in 0.05s
2026-09-29T23:06:42.2841675Z   loads(sample): 5x in 0.01s
2026-09-29T23:06:42.3171382Z   loads(cursor): 5x in 0.01s
2026-09-29T23:06:42.3418341Z   loads(iterator): 3x in 0.01s
2026-09-29T23:06:42.3879996Z [2/7] dumps
2026-09-29T23:06:42.3880534Z   dumps(str): 1x in 0.03s
2026-09-29T23:06:42.4620061Z   dumps(bytes): 3x in 0.04s
2026-09-29T23:06:42.4890339Z   dumps(sample, bytes): 5x in 0.00s
2026-09-29T23:06:42.5141711Z   dumps(sample): 5x in 0.01s
2026-09-29T23:06:42.5418858Z   dumps(parsed sample, bytes): 2x in 0.00s
2026-09-29T23:06:42.6185632Z [3/7] load
2026-09-29T23:06:42.6186519Z   load(json): 1x in 0.06s
2026-09-29T23:06:42.6961179Z   load(ndjson): 1x in 0.05s
2026-09-29T23:06:42.7728534Z   load(ndjson, iterator): 1x in 0.05s
2026-09-29T23:06:42.7993274Z [4/7] dump
2026-09-29T23:06:42.7993538Z   dump(json): 3x in 0.00s
2026-09-29T23:06:42.8183029Z [5/7] query
2026-09-29T23:06:42.8183409Z   query $[0].name: 3x in 0.00s
2026-09-29T23:06:42.8378436Z   query $[*].id: 3x in 0.00s
2026-09-29T23:06:42.8562901Z   query $[*].items[*].sku: 3x in 0.00s
2026-09-29T23:06:42.8744923Z   query $..leaf: 3x in 0.00s
2026-09-29T23:06:42.8924172Z   query $[0:50].score: 3x in 0.00s
2026-09-29T23:06:42.9123001Z   query $[?(@.id > 100)].name: 3x in 0.00s
2026-09-29T23:06:42.9329431Z   query $[?(@.id <= 500)]: 3x in 0.00s
2026-09-29T23:06:42.9518547Z   query $[?(@.name == 'alpha')]: 3x in 0.00s
2026-09-29T23:06:42.9709057Z   query $[?(@.name != 'alpha')].id: 3x in 0.00s
2026-09-29T23:06:42.9923297Z   query $[?(@['id'] >= 0)].name: 3x in 0.00s
2026-09-29T23:06:43.0118517Z   query $[*].nested.child: 3x in 0.00s
2026-09-29T23:06:43.0305800Z   query $[*].tags[0]: 3x in 0.00s
2026-09-29T23:06:43.0490236Z   query $.*: 3x in 0.00s
2026-09-29T23:06:43.0678677Z   query(compiled): 5x in 0.00s
2026-09-29T23:06:43.1039804Z [6/7] search
2026-09-29T23:06:43.1040203Z   search json $[*].id: 1x in 0.02s
2026-09-29T23:06:43.1842586Z   search ndjson $[*].id: 1x in 0.06s
2026-09-29T23:06:43.2632016Z   search json $..leaf: 1x in 0.05s
2026-09-29T23:06:43.3434907Z   search ndjson $..leaf: 1x in 0.06s
2026-09-29T23:06:43.4191980Z   search json $[?(@.id > 100)].name: 1x in 0.05s
2026-09-29T23:06:43.4980319Z   search ndjson $[?(@.id > 100)].name: 1x in 0.05s
2026-09-29T23:06:43.5254588Z [7/7] folder mode
2026-09-29T23:06:43.5254976Z   dump(split_by): 1x in 0.00s
2026-09-29T23:06:43.5481494Z   load(folder): 1x in 0.00s
2026-09-29T23:06:43.5678473Z   search(folder): 1x in 0.00s
2026-09-29T23:06:43.5917013Z PGO training workload complete
2026-09-29T23:06:43.6014841Z ==> PGO: gate tests on the instrumented build
2026-09-29T23:06:43.6015657Z + D:\a\_temp\identity-arm\.venv\Scripts\python.exe scripts/cpp_tests.py
2026-09-29T23:06:43.6469047Z + D:\a\_temp\identity-arm\.venv\Scripts\cmake.EXE -S . -B build/cmake -DCMAKE_BUILD_TYPE=Release
2026-09-29T23:06:43.8626366Z -- Configuring done (0.0s)
2026-09-29T23:06:43.9230597Z -- Generating done (0.1s)
2026-09-29T23:06:43.9237893Z -- Build files have been written to: D:/a/_temp/identity-arm/build/cmake
2026-09-29T23:06:43.9443414Z + D:\a\_temp\identity-arm\.venv\Scripts\cmake.EXE --build build/cmake --config Release
2026-09-29T23:06:44.2066996Z MSBuild version 18.10.1-1.26427.6+3cd27c13e for .NET Framework
2026-09-29T23:06:44.2336062Z 
2026-09-29T23:06:44.4359284Z   1>Checking Build System
2026-09-29T23:06:44.5321597Z   Building Custom Rule D:/a/_temp/identity-arm/CMakeLists.txt
2026-09-29T23:06:44.6705151Z   fast_parse_tests.vcxproj -> D:\a\_temp\identity-arm\build\cmake\Release\fast_parse_tests.exe
2026-09-29T23:06:44.7210993Z   Building Custom Rule D:/a/_temp/identity-arm/CMakeLists.txt
2026-09-29T23:06:44.7563999Z   float_precision_tests.vcxproj -> D:\a\_temp\identity-arm\build\cmake\Release\float_precision_tests.exe
2026-09-29T23:06:44.8034642Z   Building Custom Rule D:/a/_temp/identity-arm/CMakeLists.txt
2026-09-29T23:06:44.8460632Z   folder_tests.vcxproj -> D:\a\_temp\identity-arm\build\cmake\Release\folder_tests.exe
2026-09-29T23:06:44.8900250Z   Building Custom Rule D:/a/_temp/identity-arm/CMakeLists.txt
2026-09-29T23:06:44.9278634Z   fuzz_corpus_tests.vcxproj -> D:\a\_temp\identity-arm\build\cmake\Release\fuzz_corpus_tests.exe
2026-09-29T23:06:44.9748151Z   Building Custom Rule D:/a/_temp/identity-arm/CMakeLists.txt
2026-09-29T23:06:45.0107160Z   json_core_tests.vcxproj -> D:\a\_temp\identity-arm\build\cmake\Release\json_core_tests.exe
2026-09-29T23:06:45.0564188Z   Building Custom Rule D:/a/_temp/identity-arm/CMakeLists.txt
2026-09-29T23:06:45.0945013Z   json_cursor_tests.vcxproj -> D:\a\_temp\identity-arm\build\cmake\Release\json_cursor_tests.exe
2026-09-29T23:06:45.1411056Z   Building Custom Rule D:/a/_temp/identity-arm/CMakeLists.txt
2026-09-29T23:06:45.1764086Z   json_parse_tests.vcxproj -> D:\a\_temp\identity-arm\build\cmake\Release\json_parse_tests.exe
2026-09-29T23:06:45.2238296Z   Building Custom Rule D:/a/_temp/identity-arm/CMakeLists.txt
2026-09-29T23:06:45.2603610Z   json_serialize_tests.vcxproj -> D:\a\_temp\identity-arm\build\cmake\Release\json_serialize_tests.exe
2026-09-29T23:06:45.3041468Z   Building Custom Rule D:/a/_temp/identity-arm/CMakeLists.txt
2026-09-29T23:06:45.3476176Z   jsonpath_stream_tests.vcxproj -> D:\a\_temp\identity-arm\build\cmake\Release\jsonpath_stream_tests.exe
2026-09-29T23:06:45.3992399Z   Building Custom Rule D:/a/_temp/identity-arm/CMakeLists.txt
2026-09-29T23:06:45.4358321Z   jsonpath_tests.vcxproj -> D:\a\_temp\identity-arm\build\cmake\Release\jsonpath_tests.exe
2026-09-29T23:06:45.4909228Z   Building Custom Rule D:/a/_temp/identity-arm/CMakeLists.txt
2026-09-29T23:06:45.5282419Z   ndjson_tests.vcxproj -> D:\a\_temp\identity-arm\build\cmake\Release\ndjson_tests.exe
2026-09-29T23:06:45.5720409Z   Building Custom Rule D:/a/_temp/identity-arm/CMakeLists.txt
2026-09-29T23:06:45.6085009Z   scan_tests.vcxproj -> D:\a\_temp\identity-arm\build\cmake\Release\scan_tests.exe
2026-09-29T23:06:45.6548818Z   Building Custom Rule D:/a/_temp/identity-arm/CMakeLists.txt
2026-09-29T23:06:45.6893567Z   smoke_tests.vcxproj -> D:\a\_temp\identity-arm\build\cmake\Release\smoke_tests.exe
2026-09-29T23:06:45.7343943Z   Building Custom Rule D:/a/_temp/identity-arm/CMakeLists.txt
2026-09-29T23:06:45.7710830Z   stress_deep_tests.vcxproj -> D:\a\_temp\identity-arm\build\cmake\Release\stress_deep_tests.exe
2026-09-29T23:06:45.8142929Z   Building Custom Rule D:/a/_temp/identity-arm/CMakeLists.txt
2026-09-29T23:06:45.8521967Z   temporal_tests.vcxproj -> D:\a\_temp\identity-arm\build\cmake\Release\temporal_tests.exe
2026-09-29T23:06:45.8990517Z   Building Custom Rule D:/a/_temp/identity-arm/CMakeLists.txt
2026-09-29T23:06:45.9360387Z   value_cursor_tests.vcxproj -> D:\a\_temp\identity-arm\build\cmake\Release\value_cursor_tests.exe
2026-09-29T23:06:45.9898122Z   Building Custom Rule D:/a/_temp/identity-arm/CMakeLists.txt
2026-09-29T23:06:46.0728081Z + D:\a\_temp\identity-arm\.venv\Scripts\ctest.EXE --test-dir build/cmake --build-config Release --output-on-failure --no-tests=error
2026-09-29T23:06:46.2819138Z Test project D:/a/_temp/identity-arm/build/cmake
2026-09-29T23:06:46.2844945Z       Start  1: smoke_tests
2026-09-29T23:06:46.2901625Z  1/16 Test  #1: smoke_tests ......................   Passed    0.01 sec
2026-09-29T23:06:46.2907481Z       Start  2: json_core_tests
2026-09-29T23:06:46.2957467Z  2/16 Test  #2: json_core_tests ..................   Passed    0.00 sec
2026-09-29T23:06:46.2961370Z       Start  3: json_parse_tests
2026-09-29T23:06:46.3012051Z  3/16 Test  #3: json_parse_tests .................   Passed    0.00 sec
2026-09-29T23:06:46.3015347Z       Start  4: fast_parse_tests
2026-09-29T23:06:46.3966862Z  4/16 Test  #4: fast_parse_tests .................   Passed    0.09 sec
2026-09-29T23:06:46.3970289Z       Start  5: value_cursor_tests
2026-09-29T23:06:46.4122903Z  5/16 Test  #5: value_cursor_tests ...............   Passed    0.01 sec
2026-09-29T23:06:46.4126181Z       Start  6: json_serialize_tests
2026-09-29T23:06:46.4177531Z  6/16 Test  #6: json_serialize_tests .............   Passed    0.00 sec
2026-09-29T23:06:46.4180426Z       Start  7: float_precision_tests
2026-09-29T23:06:49.6225210Z  7/16 Test  #7: float_precision_tests ............   Passed    3.20 sec
2026-09-29T23:06:49.6228812Z       Start  8: json_cursor_tests
2026-09-29T23:06:49.6289022Z  8/16 Test  #8: json_cursor_tests ................   Passed    0.01 sec
2026-09-29T23:06:49.6292171Z       Start  9: ndjson_tests
2026-09-29T23:06:49.6392674Z  9/16 Test  #9: ndjson_tests .....................   Passed    0.01 sec
2026-09-29T23:06:49.6395769Z       Start 10: jsonpath_tests
2026-09-29T23:06:49.6464286Z 10/16 Test #10: jsonpath_tests ...................   Passed    0.01 sec
2026-09-29T23:06:49.6467286Z       Start 11: jsonpath_stream_tests
2026-09-29T23:06:49.6540947Z 11/16 Test #11: jsonpath_stream_tests ............   Passed    0.01 sec
2026-09-29T23:06:49.6544701Z       Start 12: scan_tests
2026-09-29T23:06:49.6789553Z 12/16 Test #12: scan_tests .......................   Passed    0.02 sec
2026-09-29T23:06:49.6792643Z       Start 13: temporal_tests
2026-09-29T23:06:49.6845074Z 13/16 Test #13: temporal_tests ...................   Passed    0.00 sec
2026-09-29T23:06:49.6848756Z       Start 14: folder_tests
2026-09-29T23:06:49.7368531Z 14/16 Test #14: folder_tests .....................   Passed    0.05 sec
2026-09-29T23:06:49.7371479Z       Start 15: fuzz_corpus_tests
2026-09-29T23:06:49.7524801Z 15/16 Test #15: fuzz_corpus_tests ................   Passed    0.01 sec
2026-09-29T23:06:49.7526334Z       Start 16: stress_deep_tests
2026-09-29T23:06:49.7597391Z 16/16 Test #16: stress_deep_tests ................   Passed    0.01 sec
2026-09-29T23:06:49.7606232Z 
2026-09-29T23:06:49.7606550Z 100% tests passed out of 16
2026-09-29T23:06:49.7606764Z 
2026-09-29T23:06:49.7606881Z Total Test time (real) =   3.48 sec
2026-09-29T23:06:49.7883904Z + D:\a\_temp\identity-arm\.venv\Scripts\python.exe scripts/py_tests.py --training
2026-09-29T23:06:49.8419537Z + pytest tests/py tests/unit --ignore=tests/unit/native_types --ignore=tests/py/native_types --basetemp=C:\Users\RUNNER~1\AppData\Local\Temp\pytest-of-runneradmin\7qamohjz
2026-09-29T23:06:50.3960925Z ============================= test session starts =============================
2026-09-29T23:06:50.3961331Z platform win32 -- Python 3.12.10, pytest-9.1.1, pluggy-1.6.0
2026-09-29T23:06:50.3961612Z rootdir: D:\a\_temp\identity-arm
2026-09-29T23:06:50.3961818Z configfile: pyproject.toml
2026-09-29T23:06:50.3962016Z plugins: platformdirs-4.12.2, cov-7.1.0
2026-09-29T23:06:50.3962221Z collected 3183 items
2026-09-29T23:06:50.3962330Z 
2026-09-29T23:06:50.4153432Z tests\py\test_dumps_brace_fold.py .........                              [  0%]
2026-09-29T23:06:50.4505562Z tests\py\test_dumps_cycles_fused.py .................................... [  1%]
2026-09-29T23:06:50.5051484Z ....................................................                     [  3%]
2026-09-29T23:06:50.6739828Z tests\py\test_dumps_general_tables.py ............................       [  3%]
2026-09-29T23:06:51.0671278Z tests\py\test_dumps_with_default.py .................................... [  5%]
2026-09-29T23:06:51.2946328Z .............................ss                                          [  6%]
2026-09-29T23:06:51.3239102Z tests\py\test_dumps_with_default_contract.py ........................... [  6%]
2026-09-29T23:06:51.4180457Z ........................................................................ [  9%]
2026-09-29T23:06:51.5104889Z ........................................................................ [ 11%]
2026-09-29T23:06:51.5754934Z ..........................                                               [ 12%]
2026-09-29T23:06:51.5793486Z tests\py\test_fused_verification.py ..                                   [ 12%]
2026-09-29T23:06:51.6066887Z tests\py\test_json_parity.py ........................................... [ 13%]
2026-09-29T23:06:51.6512036Z ........................................................................ [ 15%]
2026-09-29T23:06:51.6966070Z ........................................................................ [ 18%]
2026-09-29T23:06:51.7415152Z ........................................................................ [ 20%]
2026-09-29T23:06:51.7868048Z ........................................................................ [ 22%]
2026-09-29T23:06:51.8304408Z ........................................................................ [ 24%]
2026-09-29T23:06:51.8750514Z ........................................................................ [ 27%]
2026-09-29T23:06:51.9186976Z ........................................................................ [ 29%]
2026-09-29T23:06:51.9637449Z ........................................................................ [ 31%]
2026-09-29T23:06:52.0131202Z ........................................................................ [ 33%]
2026-09-29T23:06:52.0570034Z ........................................................................ [ 36%]
2026-09-29T23:06:52.1008580Z ........................................................................ [ 38%]
2026-09-29T23:06:52.1461270Z ........................................................................ [ 40%]
2026-09-29T23:06:52.1886815Z ........................................................................ [ 43%]
2026-09-29T23:06:52.2318946Z ........................................................................ [ 45%]
2026-09-29T23:06:52.2752296Z ........................................................................ [ 47%]
2026-09-29T23:06:52.3213544Z ........................................................................ [ 49%]
2026-09-29T23:06:52.3448080Z .................................                                        [ 50%]
2026-09-29T23:06:52.5193742Z tests\py\test_path_dispatch.py ................................          [ 51%]
2026-09-29T23:06:52.5220159Z tests\py\test_py_tests_basetemp.py ..                                    [ 51%]
2026-09-29T23:06:52.5239138Z tests\py\test_smoke.py ...                                               [ 52%]
2026-09-29T23:06:53.6419236Z tests\unit\test_ab_analysis.py ......................................    [ 53%]
2026-09-29T23:06:53.6559063Z tests\unit\test_build_manifest.py ...........                            [ 53%]
2026-09-29T23:06:53.7579701Z tests\unit\test_canonical_builds.py ....                                 [ 53%]
2026-09-29T23:06:54.3723931Z tests\unit\test_ci_fetch.py ........................                     [ 54%]
2026-09-29T23:06:54.5098552Z tests\unit\test_ci_summary.py .......................                    [ 55%]
2026-09-29T23:06:54.5273588Z tests\unit\test_config.py ...........................                    [ 56%]
2026-09-29T23:06:54.5511445Z tests\unit\test_core_purity.py ....                                      [ 56%]
2026-09-29T23:06:54.5717812Z tests\unit\test_cross_sample.py ......                                   [ 56%]
2026-09-29T23:06:54.6179851Z tests\unit\test_dumps.py ............................................... [ 57%]
2026-09-29T23:06:54.6312232Z ..........                                                               [ 58%]
2026-09-29T23:06:54.6481573Z tests\unit\test_dumps_brace_fold.py .........                            [ 58%]
2026-09-29T23:06:54.9236906Z tests\unit\test_dumps_cold_start.py ....                                 [ 58%]
2026-09-29T23:06:54.9502246Z tests\unit\test_dumps_contract.py ...................................... [ 59%]
2026-09-29T23:06:55.0054846Z .............................................................            [ 61%]
2026-09-29T23:06:55.0395976Z tests\unit\test_dumps_cycles_fused.py .................................. [ 62%]
2026-09-29T23:06:55.0956656Z ......................................................                   [ 64%]
2026-09-29T23:06:55.3016934Z tests\unit\test_dumps_general_tables.py ............................     [ 65%]
2026-09-29T23:06:55.6037122Z tests\unit\test_dumps_latch.py ............................              [ 66%]
2026-09-29T23:06:55.6874710Z tests\unit\test_dumps_private_cache.py ................................  [ 67%]
2026-09-29T23:06:56.1745658Z tests\unit\test_dumps_reentrancy.py .................................... [ 68%]
2026-09-29T23:06:56.9969372Z ......................................................................   [ 70%]
2026-09-29T23:06:57.4852804Z tests\unit\test_dumps_reentrancy_review.py ............................. [ 71%]
2026-09-29T23:06:57.5886376Z ..                                                                       [ 71%]
2026-09-29T23:06:57.6321012Z tests\unit\test_dumps_schema_failure.py ...........................      [ 72%]
2026-09-29T23:06:57.9747585Z tests\unit\test_dumps_user_step_counter.py ..........................    [ 73%]
2026-09-29T23:06:58.0047277Z tests\unit\test_dumps_with_default.py .................................. [ 74%]
2026-09-29T23:06:58.0562301Z ........................................................................ [ 76%]
2026-09-29T23:06:58.1753948Z .........................................................                [ 78%]
2026-09-29T23:06:58.1938079Z tests\unit\test_dumps_with_default_state.py ............................ [ 79%]
2026-09-29T23:06:58.2827902Z ........................................................................ [ 81%]
2026-09-29T23:06:58.4862198Z ..............                                                           [ 81%]
2026-09-29T23:06:58.8031678Z tests\unit\test_folder.py .....ss....................................... [ 83%]
2026-09-29T23:06:59.0903529Z .........................................                                [ 84%]
2026-09-29T23:06:59.0953790Z tests\unit\test_fused_verification.py ..                                 [ 84%]
2026-09-29T23:06:59.1659216Z tests\unit\test_hook_build_scope.py ...............................      [ 85%]
2026-09-29T23:06:59.2490726Z tests\unit\test_json_cursor.py ...........................               [ 86%]
2026-09-29T23:06:59.2750322Z tests\unit\test_jsonpath.py ............................................ [ 87%]
2026-09-29T23:06:59.4687952Z .......................................................................  [ 90%]
2026-09-29T23:06:59.7193693Z tests\unit\test_load_dump.py ........................s.................. [ 91%]
2026-09-29T23:06:59.7198889Z                                                                          [ 91%]
2026-09-29T23:06:59.7491081Z tests\unit\test_loads.py ............................................... [ 92%]
2026-09-29T23:06:59.8270462Z ........................................................................ [ 95%]
2026-09-29T23:07:00.6473820Z ................                                                         [ 95%]
2026-09-29T23:07:00.6580098Z tests\unit\test_native_interleaved_profile.py ...                        [ 95%]
2026-09-29T23:07:00.7197594Z tests\unit\test_nested_container_probe.py ....                           [ 95%]
2026-09-29T23:07:00.8280535Z tests\unit\test_path_dispatch.py ................................        [ 96%]
2026-09-29T23:07:00.9098664Z tests\unit\test_provenance.py ..................                         [ 97%]
2026-09-29T23:07:00.9957326Z tests\unit\test_regression_check.py ..........................           [ 98%]
2026-09-29T23:07:01.1560101Z tests\unit\test_search_stream.py .................                       [ 98%]
2026-09-29T23:07:01.1569026Z tests\unit\test_string_identity_probe.py .                               [ 98%]
2026-09-29T23:07:01.2712671Z tests\unit\test_supplementary.py .............                           [ 99%]
2026-09-29T23:07:01.3651569Z tests\unit\test_supportability_check.py ....................             [ 99%]
2026-09-29T23:07:01.4635737Z tests\unit\test_version.py ....                                          [100%]
2026-09-29T23:07:01.4636026Z 
2026-09-29T23:07:01.4636162Z ====================== 3178 passed, 5 skipped in 11.34s =======================
2026-09-29T23:07:02.0703277Z ==> PGO: merging 16 raw profiles
2026-09-29T23:07:02.0706137Z + C:\Program Files\LLVM\bin\llvm-profdata.EXE merge -output=D:\a\_temp\identity-arm\build\pgo\strata.profdata D:\a\_temp\identity-arm\build\pgo\raw\2108.profraw D:\a\_temp\identity-arm\build\pgo\raw\2348.profraw D:\a\_temp\identity-arm\build\pgo\raw\2444.profraw D:\a\_temp\identity-arm\build\pgo\raw\2908.profraw D:\a\_temp\identity-arm\build\pgo\raw\3552.profraw D:\a\_temp\identity-arm\build\pgo\raw\3604.profraw D:\a\_temp\identity-arm\build\pgo\raw\3768.profraw D:\a\_temp\identity-arm\build\pgo\raw\5044.profraw D:\a\_temp\identity-arm\build\pgo\raw\5248.profraw D:\a\_temp\identity-arm\build\pgo\raw\5776.profraw D:\a\_temp\identity-arm\build\pgo\raw\6220.profraw D:\a\_temp\identity-arm\build\pgo\raw\6872.profraw D:\a\_temp\identity-arm\build\pgo\raw\7084.profraw D:\a\_temp\identity-arm\build\pgo\raw\7368.profraw D:\a\_temp\identity-arm\build\pgo\raw\8968.profraw D:\a\_temp\identity-arm\build\pgo\raw\9480.profraw
2026-09-29T23:07:02.0888001Z + D:\a\_temp\identity-arm\.venv\Scripts\python.exe scripts/build_identity.py --profile D:\a\_temp\identity-arm\build\pgo\strata.profdata --raw D:\a\_temp\identity-arm\build\pgo\raw --recipe gate-inclusive-clang-cl-v1
2026-09-29T23:07:02.2217946Z ==> PGO phase 2: optimized build (clang-cl, -fprofile-use)
2026-09-29T23:07:02.2221093Z + D:\a\_temp\identity-arm\.venv\Scripts\python.exe -m pip install --force-reinstall --no-deps -e .
2026-09-29T23:07:02.7010004Z Obtaining file:///D:/a/_temp/identity-arm
2026-09-29T23:07:02.7036988Z   Installing build dependencies: started
2026-09-29T23:07:11.7645157Z   Installing build dependencies: finished with status 'done'
2026-09-29T23:07:11.7657813Z   Checking if build backend supports build_editable: started
2026-09-29T23:07:12.2138157Z   Checking if build backend supports build_editable: finished with status 'done'
2026-09-29T23:07:12.2158422Z   Getting requirements to build editable: started
2026-09-29T23:07:12.9277145Z   Getting requirements to build editable: finished with status 'done'
2026-09-29T23:07:12.9313945Z   Preparing editable metadata (pyproject.toml): started
2026-09-29T23:07:13.3223539Z   Preparing editable metadata (pyproject.toml): finished with status 'done'
2026-09-29T23:07:13.3304297Z Building wheels for collected packages: strata
2026-09-29T23:07:13.3328050Z   Building editable for strata (pyproject.toml): started
2026-09-29T23:08:09.0131924Z   Building editable for strata (pyproject.toml): finished with status 'done'
2026-09-29T23:08:09.0427854Z   Created wheel for strata: filename=strata-2026.8.10-0.editable-cp312-cp312-win_amd64.whl size=4494 sha256=e8e0a24fa0ae5ac8d89aed48285fe2c8af41eb44c496050f22e7543084196c4c
2026-09-29T23:08:09.0429452Z   Stored in directory: C:\Users\runneradmin\AppData\Local\Temp\pip-ephem-wheel-cache-ipq6vhgf\wheels\81\e7\4e\f8e8fde54f81c2c46712646ebd0437e93803cae04b1c31157f
2026-09-29T23:08:09.0462642Z Successfully built strata
2026-09-29T23:08:09.0597833Z Installing collected packages: strata
2026-09-29T23:08:09.0598777Z   Attempting uninstall: strata
2026-09-29T23:08:09.0624655Z     Found existing installation: strata 2026.8.10
2026-09-29T23:08:09.0645567Z     Uninstalling strata-2026.8.10:
2026-09-29T23:08:09.1128959Z       Successfully uninstalled strata-2026.8.10
2026-09-29T23:08:09.1225130Z Successfully installed strata-2026.8.10
2026-09-29T23:08:14.8441156Z + D:\a\_temp\identity-arm\.venv\Scripts\python.exe -c import strata; strata.loads('{}')
2026-09-29T23:08:14.9732052Z + D:\a\_temp\identity-arm\.venv\Scripts\python.exe scripts/build_identity.py --check-unprofiled strata._dumps_hook
2026-09-29T23:08:15.0277866Z + strata._dumps_hook is unprofiled: _dumps_hook.cp312-win_amd64.pyd.build.json records no profile or profile flag,
2026-09-29T23:08:15.0278674Z   and the image links no profile runtime
2026-09-29T23:08:15.0343565Z ==> PGO: gate tests on the optimized build
2026-09-29T23:08:15.0345013Z + D:\a\_temp\identity-arm\.venv\Scripts\python.exe scripts/cpp_tests.py
2026-09-29T23:08:15.0970057Z + D:\a\_temp\identity-arm\.venv\Scripts\cmake.EXE -S . -B build/cmake -DCMAKE_BUILD_TYPE=Release
2026-09-29T23:08:15.3132020Z -- Configuring done (0.0s)
2026-09-29T23:08:15.3737012Z -- Generating done (0.1s)
2026-09-29T23:08:15.3744779Z -- Build files have been written to: D:/a/_temp/identity-arm/build/cmake
2026-09-29T23:08:15.3986255Z + D:\a\_temp\identity-arm\.venv\Scripts\cmake.EXE --build build/cmake --config Release
2026-09-29T23:08:15.6709079Z MSBuild version 18.10.1-1.26427.6+3cd27c13e for .NET Framework
2026-09-29T23:08:15.6985620Z 
2026-09-29T23:08:15.9098288Z   1>Checking Build System
2026-09-29T23:08:16.0147452Z   Building Custom Rule D:/a/_temp/identity-arm/CMakeLists.txt
2026-09-29T23:08:16.1573413Z   fast_parse_tests.vcxproj -> D:\a\_temp\identity-arm\build\cmake\Release\fast_parse_tests.exe
2026-09-29T23:08:16.2102396Z   Building Custom Rule D:/a/_temp/identity-arm/CMakeLists.txt
2026-09-29T23:08:16.2499748Z   float_precision_tests.vcxproj -> D:\a\_temp\identity-arm\build\cmake\Release\float_precision_tests.exe
2026-09-29T23:08:16.2967951Z   Building Custom Rule D:/a/_temp/identity-arm/CMakeLists.txt
2026-09-29T23:08:16.3393459Z   folder_tests.vcxproj -> D:\a\_temp\identity-arm\build\cmake\Release\folder_tests.exe
2026-09-29T23:08:16.3846640Z   Building Custom Rule D:/a/_temp/identity-arm/CMakeLists.txt
2026-09-29T23:08:16.4231152Z   fuzz_corpus_tests.vcxproj -> D:\a\_temp\identity-arm\build\cmake\Release\fuzz_corpus_tests.exe
2026-09-29T23:08:16.4780089Z   Building Custom Rule D:/a/_temp/identity-arm/CMakeLists.txt
2026-09-29T23:08:16.5204326Z   json_core_tests.vcxproj -> D:\a\_temp\identity-arm\build\cmake\Release\json_core_tests.exe
2026-09-29T23:08:16.5737470Z   Building Custom Rule D:/a/_temp/identity-arm/CMakeLists.txt
2026-09-29T23:08:16.6132539Z   json_cursor_tests.vcxproj -> D:\a\_temp\identity-arm\build\cmake\Release\json_cursor_tests.exe
2026-09-29T23:08:16.6624915Z   Building Custom Rule D:/a/_temp/identity-arm/CMakeLists.txt
2026-09-29T23:08:16.6986272Z   json_parse_tests.vcxproj -> D:\a\_temp\identity-arm\build\cmake\Release\json_parse_tests.exe
2026-09-29T23:08:16.7464370Z   Building Custom Rule D:/a/_temp/identity-arm/CMakeLists.txt
2026-09-29T23:08:16.7855684Z   json_serialize_tests.vcxproj -> D:\a\_temp\identity-arm\build\cmake\Release\json_serialize_tests.exe
2026-09-29T23:08:16.8320015Z   Building Custom Rule D:/a/_temp/identity-arm/CMakeLists.txt
2026-09-29T23:08:16.8712570Z   jsonpath_stream_tests.vcxproj -> D:\a\_temp\identity-arm\build\cmake\Release\jsonpath_stream_tests.exe
2026-09-29T23:08:16.9226539Z   Building Custom Rule D:/a/_temp/identity-arm/CMakeLists.txt
2026-09-29T23:08:16.9606270Z   jsonpath_tests.vcxproj -> D:\a\_temp\identity-arm\build\cmake\Release\jsonpath_tests.exe
2026-09-29T23:08:17.0154528Z   Building Custom Rule D:/a/_temp/identity-arm/CMakeLists.txt
2026-09-29T23:08:17.0594933Z   ndjson_tests.vcxproj -> D:\a\_temp\identity-arm\build\cmake\Release\ndjson_tests.exe
2026-09-29T23:08:17.1132063Z   Building Custom Rule D:/a/_temp/identity-arm/CMakeLists.txt
2026-09-29T23:08:17.1516566Z   scan_tests.vcxproj -> D:\a\_temp\identity-arm\build\cmake\Release\scan_tests.exe
2026-09-29T23:08:17.2003484Z   Building Custom Rule D:/a/_temp/identity-arm/CMakeLists.txt
2026-09-29T23:08:17.2372174Z   smoke_tests.vcxproj -> D:\a\_temp\identity-arm\build\cmake\Release\smoke_tests.exe
2026-09-29T23:08:17.2834339Z   Building Custom Rule D:/a/_temp/identity-arm/CMakeLists.txt
2026-09-29T23:08:17.3212803Z   stress_deep_tests.vcxproj -> D:\a\_temp\identity-arm\build\cmake\Release\stress_deep_tests.exe
2026-09-29T23:08:17.3669661Z   Building Custom Rule D:/a/_temp/identity-arm/CMakeLists.txt
2026-09-29T23:08:17.4127715Z   temporal_tests.vcxproj -> D:\a\_temp\identity-arm\build\cmake\Release\temporal_tests.exe
2026-09-29T23:08:17.4665875Z   Building Custom Rule D:/a/_temp/identity-arm/CMakeLists.txt
2026-09-29T23:08:17.5034647Z   value_cursor_tests.vcxproj -> D:\a\_temp\identity-arm\build\cmake\Release\value_cursor_tests.exe
2026-09-29T23:08:17.5626186Z   Building Custom Rule D:/a/_temp/identity-arm/CMakeLists.txt
2026-09-29T23:08:17.6541493Z + D:\a\_temp\identity-arm\.venv\Scripts\ctest.EXE --test-dir build/cmake --build-config Release --output-on-failure --no-tests=error
2026-09-29T23:08:17.8531403Z Test project D:/a/_temp/identity-arm/build/cmake
2026-09-29T23:08:17.8556649Z       Start  1: smoke_tests
2026-09-29T23:08:17.8617645Z  1/16 Test  #1: smoke_tests ......................   Passed    0.01 sec
2026-09-29T23:08:17.8623102Z       Start  2: json_core_tests
2026-09-29T23:08:17.8675067Z  2/16 Test  #2: json_core_tests ..................   Passed    0.00 sec
2026-09-29T23:08:17.8678553Z       Start  3: json_parse_tests
2026-09-29T23:08:17.8729919Z  3/16 Test  #3: json_parse_tests .................   Passed    0.00 sec
2026-09-29T23:08:17.8733069Z       Start  4: fast_parse_tests
2026-09-29T23:08:17.9693338Z  4/16 Test  #4: fast_parse_tests .................   Passed    0.10 sec
2026-09-29T23:08:17.9697746Z       Start  5: value_cursor_tests
2026-09-29T23:08:17.9874893Z  5/16 Test  #5: value_cursor_tests ...............   Passed    0.02 sec
2026-09-29T23:08:17.9878507Z       Start  6: json_serialize_tests
2026-09-29T23:08:17.9931947Z  6/16 Test  #6: json_serialize_tests .............   Passed    0.00 sec
2026-09-29T23:08:17.9935378Z       Start  7: float_precision_tests
2026-09-29T23:08:21.2153775Z  7/16 Test  #7: float_precision_tests ............   Passed    3.22 sec
2026-09-29T23:08:21.2158069Z       Start  8: json_cursor_tests
2026-09-29T23:08:21.2218543Z  8/16 Test  #8: json_cursor_tests ................   Passed    0.01 sec
2026-09-29T23:08:21.2221677Z       Start  9: ndjson_tests
2026-09-29T23:08:21.2310429Z  9/16 Test  #9: ndjson_tests .....................   Passed    0.01 sec
2026-09-29T23:08:21.2314091Z       Start 10: jsonpath_tests
2026-09-29T23:08:21.2367572Z 10/16 Test #10: jsonpath_tests ...................   Passed    0.00 sec
2026-09-29T23:08:21.2370976Z       Start 11: jsonpath_stream_tests
2026-09-29T23:08:21.2433323Z 11/16 Test #11: jsonpath_stream_tests ............   Passed    0.01 sec
2026-09-29T23:08:21.2436501Z       Start 12: scan_tests
2026-09-29T23:08:21.2664370Z 12/16 Test #12: scan_tests .......................   Passed    0.02 sec
2026-09-29T23:08:21.2668015Z       Start 13: temporal_tests
2026-09-29T23:08:21.2728810Z 13/16 Test #13: temporal_tests ...................   Passed    0.01 sec
2026-09-29T23:08:21.2732590Z       Start 14: folder_tests
2026-09-29T23:08:21.3315562Z 14/16 Test #14: folder_tests .....................   Passed    0.06 sec
2026-09-29T23:08:21.3319181Z       Start 15: fuzz_corpus_tests
2026-09-29T23:08:21.3441417Z 15/16 Test #15: fuzz_corpus_tests ................   Passed    0.01 sec
2026-09-29T23:08:21.3445167Z       Start 16: stress_deep_tests
2026-09-29T23:08:21.3547706Z 16/16 Test #16: stress_deep_tests ................   Passed    0.01 sec
2026-09-29T23:08:21.3557552Z 
2026-09-29T23:08:21.3557779Z 100% tests passed out of 16
2026-09-29T23:08:21.3557997Z 
2026-09-29T23:08:21.3558170Z Total Test time (real) =   3.50 sec
2026-09-29T23:08:21.3846613Z + D:\a\_temp\identity-arm\.venv\Scripts\python.exe scripts/py_tests.py
2026-09-29T23:08:21.4366628Z + pytest tests/py tests/unit --basetemp=C:\Users\RUNNER~1\AppData\Local\Temp\pytest-of-runneradmin\nbso67n_
2026-09-29T23:08:22.1355738Z ============================= test session starts =============================
2026-09-29T23:08:22.1356389Z platform win32 -- Python 3.12.10, pytest-9.1.1, pluggy-1.6.0
2026-09-29T23:08:22.1356738Z rootdir: D:\a\_temp\identity-arm
2026-09-29T23:08:22.1357035Z configfile: pyproject.toml
2026-09-29T23:08:22.1357291Z plugins: platformdirs-4.12.2, cov-7.1.0
2026-09-29T23:08:22.1357553Z collected 3848 items
2026-09-29T23:08:22.1357700Z 
2026-09-29T23:08:22.1766554Z tests\py\native_types\test_native_dump.py ..............                 [  0%]
2026-09-29T23:08:22.2558419Z tests\py\native_types\test_native_fast_paths.py ........ssssssssss..     [  0%]
2026-09-29T23:08:22.3693830Z tests\py\native_types\test_native_import.py ...                          [  0%]
2026-09-29T23:08:22.4232895Z tests\py\native_types\test_native_opt_out.py ........................... [  1%]
2026-09-29T23:08:22.4238152Z                                                                          [  1%]
2026-09-29T23:08:22.5519085Z tests\py\native_types\test_native_oracle.py .........                    [  1%]
2026-09-29T23:08:23.0003261Z tests\py\native_types\test_native_reentrancy.py ........................ [  2%]
2026-09-29T23:08:24.0655260Z ..................................................                       [  3%]
2026-09-29T23:08:24.1020521Z tests\py\native_types\test_parse_types.py .............................. [  4%]
2026-09-29T23:08:24.5386962Z ............................................................             [  6%]
2026-09-29T23:08:24.5552116Z tests\py\test_dumps_brace_fold.py .........                              [  6%]
2026-09-29T23:08:24.5922980Z tests\py\test_dumps_cycles_fused.py .................................... [  7%]
2026-09-29T23:08:24.6473743Z ....................................................                     [  8%]
2026-09-29T23:08:24.8508790Z tests\py\test_dumps_general_tables.py ............................       [  9%]
2026-09-29T23:08:25.4066901Z tests\py\test_dumps_with_default.py .................................... [ 10%]
2026-09-29T23:08:25.6503759Z .............................ss                                          [ 11%]
2026-09-29T23:08:25.6798335Z tests\py\test_dumps_with_default_contract.py ........................... [ 11%]
2026-09-29T23:08:25.7717250Z ........................................................................ [ 13%]
2026-09-29T23:08:25.8665473Z ........................................................................ [ 15%]
2026-09-29T23:08:25.9314553Z ..........................                                               [ 16%]
2026-09-29T23:08:25.9350009Z tests\py\test_fused_verification.py ..                                   [ 16%]
2026-09-29T23:08:25.9623476Z tests\py\test_json_parity.py ........................................... [ 17%]
2026-09-29T23:08:26.0067103Z ........................................................................ [ 19%]
2026-09-29T23:08:26.0517980Z ........................................................................ [ 21%]
2026-09-29T23:08:26.1053965Z ........................................................................ [ 23%]
2026-09-29T23:08:26.1545745Z ........................................................................ [ 24%]
2026-09-29T23:08:26.1984159Z ........................................................................ [ 26%]
2026-09-29T23:08:26.2427798Z ........................................................................ [ 28%]
2026-09-29T23:08:26.2862516Z ........................................................................ [ 30%]
2026-09-29T23:08:26.3297187Z ........................................................................ [ 32%]
2026-09-29T23:08:26.3745036Z ........................................................................ [ 34%]
2026-09-29T23:08:26.4214253Z ........................................................................ [ 36%]
2026-09-29T23:08:26.4673569Z ........................................................................ [ 38%]
2026-09-29T23:08:26.5108995Z ........................................................................ [ 39%]
2026-09-29T23:08:26.5539674Z ........................................................................ [ 41%]
2026-09-29T23:08:26.5965834Z ........................................................................ [ 43%]
2026-09-29T23:08:26.6398762Z ........................................................................ [ 45%]
2026-09-29T23:08:26.6828363Z ........................................................................ [ 47%]
2026-09-29T23:08:26.7061167Z .................................                                        [ 48%]
2026-09-29T23:08:27.3548996Z tests\py\test_path_dispatch.py ................................          [ 49%]
2026-09-29T23:08:27.3575917Z tests\py\test_py_tests_basetemp.py ..                                    [ 49%]
2026-09-29T23:08:27.3595368Z tests\py\test_smoke.py ...                                               [ 49%]
2026-09-29T23:08:27.3802538Z tests\unit\native_types\test_build_sources.py .......                    [ 49%]
2026-09-29T23:08:27.6278852Z tests\unit\native_types\test_hook_import_gating.py .......               [ 49%]
2026-09-29T23:08:28.1623942Z tests\unit\native_types\test_native_benchmark_agreement.py ...........   [ 49%]
2026-09-29T23:08:28.2423222Z tests\unit\native_types\test_native_benchmark_dataset.py .....           [ 49%]
2026-09-29T23:08:28.2466551Z tests\unit\native_types\test_native_benchmark_rows.py .......            [ 50%]
2026-09-29T23:08:28.7353716Z tests\unit\native_types\test_native_ci_fetch.py ....                     [ 50%]
2026-09-29T23:08:29.2782159Z tests\unit\native_types\test_native_ci_summary.py .....                  [ 50%]
2026-09-29T23:08:29.3710619Z tests\unit\native_types\test_native_flag.py ..........................s. [ 51%]
2026-09-29T23:08:29.4372411Z ..                                                                       [ 51%]
2026-09-29T23:08:30.0989209Z tests\unit\native_types\test_native_identity_ab.py .......               [ 51%]
2026-09-29T23:08:30.1185373Z tests\unit\native_types\test_native_opt_out.py ......................... [ 52%]
2026-09-29T23:08:30.1750597Z ........................................................................ [ 53%]
2026-09-29T23:08:30.2117895Z ..................................................                       [ 55%]
2026-09-29T23:08:30.2268952Z tests\unit\native_types\test_parse_contract.py ......................... [ 55%]
2026-09-29T23:08:30.7237993Z .................................................                        [ 57%]
2026-09-29T23:08:30.7367704Z tests\unit\native_types\test_serializer_contract.py .................... [ 57%]
2026-09-29T23:08:31.0701337Z ........................................................................ [ 59%]
2026-09-29T23:08:31.0861506Z ....................                                                     [ 60%]
2026-09-29T23:08:31.1689623Z tests\unit\native_types\test_training_scope.py ............              [ 60%]
2026-09-29T23:08:35.1334624Z tests\unit\test_ab_analysis.py ......................................    [ 61%]
2026-09-29T23:08:35.1472724Z tests\unit\test_build_manifest.py ...........                            [ 61%]
2026-09-29T23:08:35.2183770Z tests\unit\test_canonical_builds.py ....                                 [ 61%]
2026-09-29T23:08:35.6724139Z tests\unit\test_ci_fetch.py ........................                     [ 62%]
2026-09-29T23:08:35.8319767Z tests\unit\test_ci_summary.py .......................                    [ 62%]
2026-09-29T23:08:35.8499378Z tests\unit\test_config.py ...........................                    [ 63%]
2026-09-29T23:08:35.8734040Z tests\unit\test_core_purity.py ....                                      [ 63%]
2026-09-29T23:08:35.8964378Z tests\unit\test_cross_sample.py ......                                   [ 63%]
2026-09-29T23:08:35.9437409Z tests\unit\test_dumps.py ............................................... [ 65%]
2026-09-29T23:08:35.9563967Z ..........                                                               [ 65%]
2026-09-29T23:08:35.9734134Z tests\unit\test_dumps_brace_fold.py .........                            [ 65%]
2026-09-29T23:08:36.2550355Z tests\unit\test_dumps_cold_start.py ....                                 [ 65%]
2026-09-29T23:08:36.2837878Z tests\unit\test_dumps_contract.py ...................................... [ 66%]
2026-09-29T23:08:36.3373597Z .............................................................            [ 68%]
2026-09-29T23:08:36.3721885Z tests\unit\test_dumps_cycles_fused.py .................................. [ 69%]
2026-09-29T23:08:36.4301283Z ......................................................                   [ 70%]
2026-09-29T23:08:36.7176719Z tests\unit\test_dumps_general_tables.py ............................     [ 71%]
2026-09-29T23:08:37.2176488Z tests\unit\test_dumps_latch.py ............................              [ 72%]
2026-09-29T23:08:37.2985810Z tests\unit\test_dumps_private_cache.py ................................  [ 72%]
2026-09-29T23:08:37.9912300Z tests\unit\test_dumps_reentrancy.py .................................... [ 73%]
2026-09-29T23:08:39.2768822Z ......................................................................   [ 75%]
2026-09-29T23:08:40.0983494Z tests\unit\test_dumps_reentrancy_review.py ............................. [ 76%]
2026-09-29T23:08:40.2848558Z ..                                                                       [ 76%]
2026-09-29T23:08:40.3385331Z tests\unit\test_dumps_schema_failure.py ...........................      [ 77%]
2026-09-29T23:08:40.8326215Z tests\unit\test_dumps_user_step_counter.py ..........................    [ 77%]
2026-09-29T23:08:40.8583085Z tests\unit\test_dumps_with_default.py .................................. [ 78%]
2026-09-29T23:08:40.9113357Z ........................................................................ [ 80%]
2026-09-29T23:08:41.0312572Z .........................................................                [ 82%]
2026-09-29T23:08:41.0504340Z tests\unit\test_dumps_with_default_state.py ............................ [ 82%]
2026-09-29T23:08:41.1405345Z ........................................................................ [ 84%]
2026-09-29T23:08:41.3500387Z ..............                                                           [ 84%]
2026-09-29T23:08:41.6112961Z tests\unit\test_folder.py .....ss....................................... [ 86%]
2026-09-29T23:08:41.9663324Z .........................................                                [ 87%]
2026-09-29T23:08:41.9699364Z tests\unit\test_fused_verification.py ..                                 [ 87%]
2026-09-29T23:08:42.0564245Z tests\unit\test_hook_build_scope.py ...............................      [ 88%]
2026-09-29T23:08:42.1692008Z tests\unit\test_json_cursor.py ...........................               [ 88%]
2026-09-29T23:08:42.1963076Z tests\unit\test_jsonpath.py ............................................ [ 89%]
2026-09-29T23:08:42.4109812Z .......................................................................  [ 91%]
2026-09-29T23:08:42.6943499Z tests\unit\test_load_dump.py ........................s.................. [ 92%]
2026-09-29T23:08:42.6948935Z                                                                          [ 92%]
2026-09-29T23:08:42.7255397Z tests\unit\test_loads.py ............................................... [ 94%]
2026-09-29T23:08:42.8037612Z ........................................................................ [ 95%]
2026-09-29T23:08:43.5970328Z ................                                                         [ 96%]
2026-09-29T23:08:43.6080034Z tests\unit\test_native_interleaved_profile.py ...                        [ 96%]
2026-09-29T23:08:43.6769929Z tests\unit\test_nested_container_probe.py ....                           [ 96%]
2026-09-29T23:08:43.7911671Z tests\unit\test_path_dispatch.py ................................        [ 97%]
2026-09-29T23:08:43.9237578Z tests\unit\test_provenance.py ..................                         [ 97%]
2026-09-29T23:08:44.0146714Z tests\unit\test_regression_check.py ..........................           [ 98%]
2026-09-29T23:08:44.1778192Z tests\unit\test_search_stream.py .................                       [ 99%]
2026-09-29T23:08:44.1788640Z tests\unit\test_string_identity_probe.py .                               [ 99%]
2026-09-29T23:08:44.2881299Z tests\unit\test_supplementary.py .............                           [ 99%]
2026-09-29T23:08:44.3737211Z tests\unit\test_supportability_check.py ....................             [ 99%]
2026-09-29T23:08:44.4817576Z tests\unit\test_version.py ....                                          [100%]
2026-09-29T23:08:44.4817856Z 
2026-09-29T23:08:44.4817997Z ====================== 3832 passed, 16 skipped in 22.76s ======================
2026-09-29T23:08:45.0966888Z ==> PGO: generating benchmark data
2026-09-29T23:08:45.0967723Z + D:\a\_temp\identity-arm\.venv\Scripts\python.exe -m benchmarks.data.generate_bench_data --out-dir D:\a\_temp\identity-arm\benchmarks\data\generated\small --num-users 1000 --max-orders 10 --max-items 5 --records 500
2026-09-29T23:08:45.3493691Z   D:\a\_temp\identity-arm\benchmarks\data\generated\small\users.json  (1680 KB)
2026-09-29T23:08:45.3494156Z   D:\a\_temp\identity-arm\benchmarks\data\generated\small\users.ndjson  (1680 KB)
2026-09-29T23:08:45.3494543Z   D:\a\_temp\identity-arm\benchmarks\data\generated\small\flat.json  (209 KB)
2026-09-29T23:08:45.3495157Z   D:\a\_temp\identity-arm\benchmarks\data\generated\small\nested.json  (148 KB)
2026-09-29T23:08:45.3495539Z   D:\a\_temp\identity-arm\benchmarks\data\generated\small\wide_arrays.json  (1218 KB)
2026-09-29T23:08:45.3495911Z   D:\a\_temp\identity-arm\benchmarks\data\generated\small\mixed.json  (34 KB)
2026-09-29T23:08:45.3569228Z ==> PGO: verification benchmarks
2026-09-29T23:08:45.3573337Z + D:\a\_temp\identity-arm\.venv\Scripts\python.exe -m benchmarks.bench_main --name pgo --repeat 10 --warmup 2 --dataset D:\a\_temp\identity-arm\benchmarks\data\generated\small\users.json --dataset D:\a\_temp\identity-arm\benchmarks\data\generated\small\flat.json --dataset D:\a\_temp\identity-arm\benchmarks\data\generated\small\nested.json --output D:\a\_temp\identity-arm\build\pgo\bench_results_pgo.md
2026-09-29T23:09:02.3930152Z wrote D:\a\_temp\identity-arm\build\pgo\bench_results_pgo.md
2026-09-29T23:09:02.4098725Z ==> PGO complete
2026-09-29T23:09:02.4099380Z     profile: D:\a\_temp\identity-arm\build\pgo\strata.profdata
2026-09-29T23:09:02.4099902Z     results: D:\a\_temp\identity-arm\build\pgo\bench_results_pgo.md
2026-09-29T23:09:02.4100577Z     The installed extension is now the clang-cl PGO build.
2026-09-29T23:09:02.4184423Z + git worktree remove --force D:\a\_temp\identity-arm
2026-09-29T23:09:03.2632197Z + git worktree prune
2026-09-29T23:09:03.2769230Z + git worktree add --force --detach D:\a\_temp\identity-arm HEAD
2026-09-29T23:09:03.2894413Z Preparing worktree (detached HEAD 271a2a0)
2026-09-29T23:09:03.8556695Z HEAD is now at 271a2a0 Record M15c's second five-leg sample 36637770136
2026-09-29T23:09:03.8643607Z + C:\hostedtoolcache\windows\Python\3.12.10\x64\python.exe -m venv .venv
2026-09-29T23:09:06.8247054Z + D:\a\_temp\identity-arm\.venv\Scripts\python.exe -m pip install -U pip setuptools wheel
2026-09-29T23:09:07.6340942Z Requirement already satisfied: pip in d:\a\_temp\identity-arm\.venv\lib\site-packages (25.0.1)
2026-09-29T23:09:07.7207841Z Collecting pip
2026-09-29T23:09:07.7223876Z   Using cached pip-26.2.1-py3-none-any.whl.metadata (4.6 kB)
2026-09-29T23:09:07.8128682Z Collecting setuptools
2026-09-29T23:09:07.8145133Z   Using cached setuptools-84.0.0-py3-none-any.whl.metadata (6.6 kB)
2026-09-29T23:09:07.8408892Z Collecting wheel
2026-09-29T23:09:07.8423029Z   Using cached wheel-0.48.0-py3-none-any.whl.metadata (2.3 kB)
2026-09-29T23:09:07.8669691Z Collecting packaging>=24.0 (from wheel)
2026-09-29T23:09:07.8683918Z   Using cached packaging-26.3-py3-none-any.whl.metadata (3.5 kB)
2026-09-29T23:09:07.8727378Z Using cached pip-26.2.1-py3-none-any.whl (1.8 MB)
2026-09-29T23:09:07.8749305Z Using cached setuptools-84.0.0-py3-none-any.whl (818 kB)
2026-09-29T23:09:07.8767375Z Using cached wheel-0.48.0-py3-none-any.whl (33 kB)
2026-09-29T23:09:07.8796662Z Using cached packaging-26.3-py3-none-any.whl (129 kB)
2026-09-29T23:09:07.9185497Z Installing collected packages: setuptools, pip, packaging, wheel
2026-09-29T23:09:08.4507679Z   Attempting uninstall: pip
2026-09-29T23:09:08.4535946Z     Found existing installation: pip 25.0.1
2026-09-29T23:09:08.5002049Z     Uninstalling pip-25.0.1:
2026-09-29T23:09:08.5132363Z       Successfully uninstalled pip-25.0.1
2026-09-29T23:09:09.7061692Z Successfully installed packaging-26.3 pip-26.2.1 setuptools-84.0.0 wheel-0.48.0
2026-09-29T23:09:09.8893546Z + D:\a\_temp\identity-arm\.venv\Scripts\python.exe -m pip install -e .[dev,bench]
2026-09-29T23:09:10.3652901Z Obtaining file:///D:/a/_temp/identity-arm
2026-09-29T23:09:10.3679559Z   Installing build dependencies: started
2026-09-29T23:09:17.3272102Z   Installing build dependencies: finished with status 'done'
2026-09-29T23:09:17.3284524Z   Checking if build backend supports build_editable: started
2026-09-29T23:09:17.7421221Z   Checking if build backend supports build_editable: finished with status 'done'
2026-09-29T23:09:17.7441085Z   Getting requirements to build editable: started
2026-09-29T23:09:18.2339771Z   Getting requirements to build editable: finished with status 'done'
2026-09-29T23:09:18.2363763Z   Preparing editable metadata (pyproject.toml): started
2026-09-29T23:09:18.5557026Z   Preparing editable metadata (pyproject.toml): finished with status 'done'
2026-09-29T23:09:18.6286258Z Collecting cmake>=3.20 (from strata==2026.8.10)
2026-09-29T23:09:18.6305915Z   Using cached cmake-4.4.3-py3-none-win_amd64.whl.metadata (7.0 kB)
2026-09-29T23:09:18.6455538Z Collecting pytest>=7 (from strata==2026.8.10)
2026-09-29T23:09:18.6471587Z   Using cached pytest-9.1.1-py3-none-any.whl.metadata (7.6 kB)
2026-09-29T23:09:18.6546925Z Collecting pytest-cov>=4 (from strata==2026.8.10)
2026-09-29T23:09:18.6562867Z   Using cached pytest_cov-7.1.0-py3-none-any.whl.metadata (32 kB)
2026-09-29T23:09:18.8940090Z Collecting ruff>=0.5 (from strata==2026.8.10)
2026-09-29T23:09:18.8960001Z   Using cached ruff-0.16.9-py3-none-win_amd64.whl.metadata (21 kB)
2026-09-29T23:09:18.9119013Z Collecting pre-commit>=3.5 (from strata==2026.8.10)
2026-09-29T23:09:18.9135494Z   Using cached pre_commit-4.6.2-py2.py3-none-any.whl.metadata (1.2 kB)
2026-09-29T23:09:18.9505005Z Collecting clang-format<22,>=21 (from strata==2026.8.10)
2026-09-29T23:09:18.9521832Z   Using cached clang_format-21.1.8-py2.py3-none-win_amd64.whl.metadata (4.7 kB)
2026-09-29T23:09:19.1221006Z Collecting orjson (from strata==2026.8.10)
2026-09-29T23:09:19.1240688Z   Using cached orjson-3.12.0-cp312-cp312-win_amd64.whl.metadata (43 kB)
2026-09-29T23:09:19.1774235Z Collecting msgspec (from strata==2026.8.10)
2026-09-29T23:09:19.1792282Z   Using cached msgspec-0.22.0-cp312-cp312-win_amd64.whl.metadata (6.1 kB)
2026-09-29T23:09:19.2260695Z Collecting ujson (from strata==2026.8.10)
2026-09-29T23:09:19.2278078Z   Using cached ujson-6.0.0-cp312-cp312-win_amd64.whl.metadata (10 kB)
2026-09-29T23:09:19.2338429Z Collecting jmespath (from strata==2026.8.10)
2026-09-29T23:09:19.2353939Z   Using cached jmespath-1.1.0-py3-none-any.whl.metadata (7.6 kB)
2026-09-29T23:09:19.2407295Z Collecting jsonpath-ng (from strata==2026.8.10)
2026-09-29T23:09:19.2423041Z   Using cached jsonpath_ng-1.8.0-py3-none-any.whl.metadata (18 kB)
2026-09-29T23:09:19.2844294Z Collecting psutil>=5 (from strata==2026.8.10)
2026-09-29T23:09:19.2862216Z   Using cached psutil-7.2.2-cp37-abi3-win_amd64.whl.metadata (22 kB)
2026-09-29T23:09:19.2952751Z Collecting cfgv>=2.0.0 (from pre-commit>=3.5->strata==2026.8.10)
2026-09-29T23:09:19.2968133Z   Using cached cfgv-3.5.0-py2.py3-none-any.whl.metadata (8.9 kB)
2026-09-29T23:09:19.3167449Z Collecting identify>=1.0.0 (from pre-commit>=3.5->strata==2026.8.10)
2026-09-29T23:09:19.3183383Z   Using cached identify-2.6.20-py2.py3-none-any.whl.metadata (4.4 kB)
2026-09-29T23:09:19.3250574Z Collecting nodeenv>=0.11.1 (from pre-commit>=3.5->strata==2026.8.10)
2026-09-29T23:09:19.3266293Z   Using cached nodeenv-1.11.0-py2.py3-none-any.whl.metadata (40 kB)
2026-09-29T23:09:19.3497619Z Collecting pyyaml>=5.1 (from pre-commit>=3.5->strata==2026.8.10)
2026-09-29T23:09:19.3516164Z   Using cached pyyaml-6.0.3-cp312-cp312-win_amd64.whl.metadata (2.4 kB)
2026-09-29T23:09:19.3746113Z Collecting virtualenv>=20.10.0 (from pre-commit>=3.5->strata==2026.8.10)
2026-09-29T23:09:19.3762528Z   Using cached virtualenv-21.14.0-py3-none-any.whl.metadata (4.1 kB)
2026-09-29T23:09:19.3852652Z Collecting colorama>=0.4 (from pytest>=7->strata==2026.8.10)
2026-09-29T23:09:19.3868648Z   Using cached colorama-0.4.6-py2.py3-none-any.whl.metadata (17 kB)
2026-09-29T23:09:19.3921559Z Collecting iniconfig>=1.0.1 (from pytest>=7->strata==2026.8.10)
2026-09-29T23:09:19.3937408Z   Using cached iniconfig-2.3.0-py3-none-any.whl.metadata (2.5 kB)
2026-09-29T23:09:19.3964588Z Requirement already satisfied: packaging>=22 in .\.venv\Lib\site-packages (from pytest>=7->strata==2026.8.10) (26.3)
2026-09-29T23:09:19.4010037Z Collecting pluggy<2,>=1.5 (from pytest>=7->strata==2026.8.10)
2026-09-29T23:09:19.4063374Z   Using cached pluggy-1.6.0-py3-none-any.whl.metadata (4.8 kB)
2026-09-29T23:09:19.4169409Z Collecting pygments>=2.7.2 (from pytest>=7->strata==2026.8.10)
2026-09-29T23:09:19.4185369Z   Using cached pygments-2.21.0-py3-none-any.whl.metadata (2.5 kB)
2026-09-29T23:09:19.7333222Z Collecting coverage>=7.10.6 (from coverage[toml]>=7.10.6->pytest-cov>=4->strata==2026.8.10)
2026-09-29T23:09:19.7353159Z   Using cached coverage-7.16.2-cp312-cp312-win_amd64.whl.metadata (8.4 kB)
2026-09-29T23:09:19.7436014Z Collecting distlib<1,>=0.3.7 (from virtualenv>=20.10.0->pre-commit>=3.5->strata==2026.8.10)
2026-09-29T23:09:19.7451923Z   Using cached distlib-0.4.3-py2.py3-none-any.whl.metadata (5.3 kB)
2026-09-29T23:09:19.7569893Z Collecting filelock<5,>=3.24.2 (from virtualenv>=20.10.0->pre-commit>=3.5->strata==2026.8.10)
2026-09-29T23:09:19.7587435Z   Using cached filelock-4.0.6-py3-none-any.whl.metadata (2.0 kB)
2026-09-29T23:09:19.7691860Z Collecting platformdirs<5,>=3.9.1 (from virtualenv>=20.10.0->pre-commit>=3.5->strata==2026.8.10)
2026-09-29T23:09:19.7708203Z   Using cached platformdirs-4.12.2-py3-none-any.whl.metadata (5.5 kB)
2026-09-29T23:09:19.7761052Z Collecting python-discovery>=1.6 (from virtualenv>=20.10.0->pre-commit>=3.5->strata==2026.8.10)
2026-09-29T23:09:19.7782091Z   Using cached python_discovery-1.6.1-py3-none-any.whl.metadata (5.1 kB)
2026-09-29T23:09:19.7865149Z Using cached clang_format-21.1.8-py2.py3-none-win_amd64.whl (1.4 MB)
2026-09-29T23:09:19.7902469Z Using cached cmake-4.4.3-py3-none-win_amd64.whl (42.3 MB)
2026-09-29T23:09:19.8093098Z Using cached pre_commit-4.6.2-py2.py3-none-any.whl (226 kB)
2026-09-29T23:09:19.8108489Z Using cached cfgv-3.5.0-py2.py3-none-any.whl (7.4 kB)
2026-09-29T23:09:19.8123050Z Using cached identify-2.6.20-py2.py3-none-any.whl (99 kB)
2026-09-29T23:09:19.8137586Z Using cached nodeenv-1.11.0-py2.py3-none-any.whl (34 kB)
2026-09-29T23:09:19.8151765Z Using cached psutil-7.2.2-cp37-abi3-win_amd64.whl (137 kB)
2026-09-29T23:09:19.8166403Z Using cached pytest-9.1.1-py3-none-any.whl (386 kB)
2026-09-29T23:09:19.8181945Z Using cached pluggy-1.6.0-py3-none-any.whl (20 kB)
2026-09-29T23:09:19.8196441Z Using cached colorama-0.4.6-py2.py3-none-any.whl (25 kB)
2026-09-29T23:09:19.8210731Z Using cached iniconfig-2.3.0-py3-none-any.whl (7.5 kB)
2026-09-29T23:09:19.8224914Z Using cached pygments-2.21.0-py3-none-any.whl (1.3 MB)
2026-09-29T23:09:19.8244684Z Using cached pytest_cov-7.1.0-py3-none-any.whl (22 kB)
2026-09-29T23:09:19.8259603Z Using cached coverage-7.16.2-cp312-cp312-win_amd64.whl (226 kB)
2026-09-29T23:09:19.8274450Z Using cached pyyaml-6.0.3-cp312-cp312-win_amd64.whl (154 kB)
2026-09-29T23:09:19.8306268Z Using cached ruff-0.16.9-py3-none-win_amd64.whl (10.6 MB)
2026-09-29T23:09:19.8364635Z Using cached virtualenv-21.14.0-py3-none-any.whl (5.5 MB)
2026-09-29T23:09:19.8402723Z Using cached distlib-0.4.3-py2.py3-none-any.whl (470 kB)
2026-09-29T23:09:19.8419530Z Using cached filelock-4.0.6-py3-none-any.whl (109 kB)
2026-09-29T23:09:19.8433815Z Using cached platformdirs-4.12.2-py3-none-any.whl (32 kB)
2026-09-29T23:09:19.8448619Z Using cached python_discovery-1.6.1-py3-none-any.whl (38 kB)
2026-09-29T23:09:19.8462925Z Using cached jmespath-1.1.0-py3-none-any.whl (20 kB)
2026-09-29T23:09:19.8477038Z Using cached jsonpath_ng-1.8.0-py3-none-any.whl (67 kB)
2026-09-29T23:09:19.8491013Z Using cached msgspec-0.22.0-cp312-cp312-win_amd64.whl (192 kB)
2026-09-29T23:09:19.8505753Z Using cached orjson-3.12.0-cp312-cp312-win_amd64.whl (122 kB)
2026-09-29T23:09:19.8520371Z Using cached ujson-6.0.0-cp312-cp312-win_amd64.whl (227 kB)
2026-09-29T23:09:20.0106127Z Building wheels for collected packages: strata
2026-09-29T23:09:20.0128043Z   Building editable for strata (pyproject.toml): started
2026-09-29T23:10:20.2386326Z   Building editable for strata (pyproject.toml): still running...
2026-09-29T23:11:20.9797484Z   Building editable for strata (pyproject.toml): still running...
2026-09-29T23:12:21.0904977Z   Building editable for strata (pyproject.toml): still running...
2026-09-29T23:13:18.8300319Z   Building editable for strata (pyproject.toml): finished with status 'done'
2026-09-29T23:13:18.8343747Z   Created wheel for strata: filename=strata-2026.8.10-0.editable-cp312-cp312-win_amd64.whl size=4494 sha256=455030c72869ff06bd7714dd1e073fe5a71ef81a36dd131465ae100028a41c0c
2026-09-29T23:13:18.8345514Z   Stored in directory: C:\Users\runneradmin\AppData\Local\Temp\pip-ephem-wheel-cache-xz71bk1r\wheels\81\e7\4e\f8e8fde54f81c2c46712646ebd0437e93803cae04b1c31157f
2026-09-29T23:13:18.8377285Z Successfully built strata
2026-09-29T23:13:18.9237313Z Installing collected packages: jsonpath-ng, distlib, clang-format, ujson, strata, ruff, pyyaml, pygments, psutil, pluggy, platformdirs, orjson, nodeenv, msgspec, jmespath, iniconfig, identify, filelock, coverage, colorama, cmake, cfgv, python-discovery, pytest, virtualenv, pytest-cov, pre-commit
2026-09-29T23:13:23.2861243Z 
2026-09-29T23:13:23.2884315Z Successfully installed cfgv-3.5.0 clang-format-21.1.8 cmake-4.4.3 colorama-0.4.6 coverage-7.16.2 distlib-0.4.3 filelock-4.0.6 identify-2.6.20 iniconfig-2.3.0 jmespath-1.1.0 jsonpath-ng-1.8.0 msgspec-0.22.0 nodeenv-1.11.0 orjson-3.12.0 platformdirs-4.12.2 pluggy-1.6.0 pre-commit-4.6.2 psutil-7.2.2 pygments-2.21.0 pytest-9.1.1 pytest-cov-7.1.0 python-discovery-1.6.1 pyyaml-6.0.3 ruff-0.16.9 strata-2026.8.10 ujson-6.0.0 virtualenv-21.14.0
2026-09-29T23:13:26.4374619Z + D:\a\_temp\identity-arm\.venv\Scripts\python.exe -m pip install --force-reinstall --no-deps -e .
2026-09-29T23:13:26.9347513Z Obtaining file:///D:/a/_temp/identity-arm
2026-09-29T23:13:26.9375327Z   Installing build dependencies: started
2026-09-29T23:13:34.7342556Z   Installing build dependencies: finished with status 'done'
2026-09-29T23:13:34.7356495Z   Checking if build backend supports build_editable: started
2026-09-29T23:13:35.1214567Z   Checking if build backend supports build_editable: finished with status 'done'
2026-09-29T23:13:35.1236011Z   Getting requirements to build editable: started
2026-09-29T23:13:35.6365379Z   Getting requirements to build editable: finished with status 'done'
2026-09-29T23:13:35.6391579Z   Preparing editable metadata (pyproject.toml): started
2026-09-29T23:13:36.0392472Z   Preparing editable metadata (pyproject.toml): finished with status 'done'
2026-09-29T23:13:36.0457988Z Building wheels for collected packages: strata
2026-09-29T23:13:36.0481150Z   Building editable for strata (pyproject.toml): started
2026-09-29T23:14:35.0228856Z   Building editable for strata (pyproject.toml): finished with status 'done'
2026-09-29T23:14:35.0268097Z   Created wheel for strata: filename=strata-2026.8.10-0.editable-cp312-cp312-win_amd64.whl size=4494 sha256=06f2fe802ef00e3a9f540b61c3d718820df3004bbbe3dda6a2300701a27f4e01
2026-09-29T23:14:35.0269998Z   Stored in directory: C:\Users\runneradmin\AppData\Local\Temp\pip-ephem-wheel-cache-23cf1j7t\wheels\81\e7\4e\f8e8fde54f81c2c46712646ebd0437e93803cae04b1c31157f
2026-09-29T23:14:35.0301152Z Successfully built strata
2026-09-29T23:14:35.0437908Z Installing collected packages: strata
2026-09-29T23:14:35.0439493Z   Attempting uninstall: strata
2026-09-29T23:14:35.0464430Z     Found existing installation: strata 2026.8.10
2026-09-29T23:14:35.0484630Z     Uninstalling strata-2026.8.10:
2026-09-29T23:14:35.1091352Z       Successfully uninstalled strata-2026.8.10
2026-09-29T23:14:35.1742636Z Successfully installed strata-2026.8.10
2026-09-29T23:14:38.2428769Z + git worktree remove --force D:\a\_temp\identity-arm
2026-09-29T23:14:39.1632236Z .data                            3472aea909ce9d5b 3472aea909ce9d5b identical
2026-09-29T23:14:39.1632960Z .pdata                           4d358add37ccba1f 4d358add37ccba1f identical
2026-09-29T23:14:39.1633529Z .rdata                           65c10d21b4779f02 497518a14b7fadba differs
2026-09-29T23:14:39.1634082Z .reloc                           76f82f79f6d974b5 76f82f79f6d974b5 identical
2026-09-29T23:14:39.1634606Z .rsrc                            323d55f7042655d5 323d55f7042655d5 identical
2026-09-29T23:14:39.1635378Z .text                            bb72f9af7a278cc6 bb72f9af7a278cc6 identical
2026-09-29T23:14:39.1636315Z CODE IDENTICAL
2026-09-29T23:14:39.1636707Z .data                            7971a8bf4bc792b6 7971a8bf4bc792b6 identical
2026-09-29T23:14:39.1637198Z .pdata                           2c5509addc634701 2c5509addc634701 identical
2026-09-29T23:14:39.1637686Z .rdata                           58b12e97283ecfbb 2e21770c445740f1 differs
2026-09-29T23:14:39.1638181Z .reloc                           5f1ba849e19cd97d 5f1ba849e19cd97d identical
2026-09-29T23:14:39.1638674Z .rsrc                            0f66fddfa6873918 0f66fddfa6873918 identical
2026-09-29T23:14:39.1639162Z .text                            fdcdef7555aac90c fdcdef7555aac90c identical
2026-09-29T23:14:39.1639565Z CODE IDENTICAL
2026-09-29T23:14:39.1639884Z {
2026-09-29T23:14:39.1640217Z  "base": "234ea15861d2f37b1b55c6251281a49021864441",
2026-09-29T23:14:39.1640592Z  "plain_exit": 0,
2026-09-29T23:14:39.1640892Z  "held_pgo_exit": 0
2026-09-29T23:14:39.1641158Z }
2026-09-29T23:14:39.1641414Z plain build: exit 0
2026-09-29T23:14:39.1641759Z held-profile pgo+lto build: exit 0
2026-09-29T23:14:39.1642042Z 
2026-09-29T23:14:39.2150806Z ##[group]Run actions/upload-artifact@v4
2026-09-29T23:14:39.2151144Z with:
2026-09-29T23:14:39.2151374Z   name: benchmark-windows-x86_64
2026-09-29T23:14:39.2151923Z   path: bench_ci_*.md
bench_ci_*.json
bench_native_*.md
bench_native_*.json
identity-*.txt

2026-09-29T23:14:39.2152327Z   if-no-files-found: ignore
2026-09-29T23:14:39.2152569Z   compression-level: 6
2026-09-29T23:14:39.2152800Z   overwrite: false
2026-09-29T23:14:39.2153034Z   include-hidden-files: false
2026-09-29T23:14:39.2153317Z env:
2026-09-29T23:14:39.2153584Z   pythonLocation: C:\hostedtoolcache\windows\Python\3.12.10\x64
2026-09-29T23:14:39.2154000Z   PKG_CONFIG_PATH: C:\hostedtoolcache\windows\Python\3.12.10\x64/lib/pkgconfig
2026-09-29T23:14:39.2154402Z   Python_ROOT_DIR: C:\hostedtoolcache\windows\Python\3.12.10\x64
2026-09-29T23:14:39.2154767Z   Python2_ROOT_DIR: C:\hostedtoolcache\windows\Python\3.12.10\x64
2026-09-29T23:14:39.2155222Z   Python3_ROOT_DIR: C:\hostedtoolcache\windows\Python\3.12.10\x64
2026-09-29T23:14:39.2155550Z ##[endgroup]
2026-09-29T23:14:39.3843576Z (node:7048) [DEP0040] DeprecationWarning: The `punycode` module is deprecated. Please use a userland alternative instead.
2026-09-29T23:14:39.3844302Z (Use `node --trace-deprecation ...` to show where the warning was created)
2026-09-29T23:14:39.3941107Z With the provided path, there will be 5 files uploaded
2026-09-29T23:14:39.3945677Z Artifact name is valid!
2026-09-29T23:14:39.3947041Z Root directory input is valid!
2026-09-29T23:14:39.6073692Z Beginning upload of artifact content to blob storage
2026-09-29T23:14:39.6445669Z (node:7048) [DEP0169] DeprecationWarning: `url.parse()` behavior is not standardized and prone to errors that have security implications. Use the WHATWG URL API instead. CVEs are not issued for `url.parse()` vulnerabilities.
2026-09-29T23:14:39.6780542Z Uploaded bytes 64871
2026-09-29T23:14:39.6950195Z Finished uploading artifact content to blob storage!
2026-09-29T23:14:39.6951149Z SHA256 digest of uploaded artifact zip is 446aa518136310d30b0b5b695cf405fae4306afe75e31baea933c6eebd8e8d2c
2026-09-29T23:14:39.6953194Z Finalizing artifact upload
2026-09-29T23:14:39.9096664Z Artifact benchmark-windows-x86_64.zip successfully finalized. Artifact ID 11068095876
2026-09-29T23:14:39.9097890Z Artifact benchmark-windows-x86_64 has been successfully uploaded! Final size is 64871 bytes. Artifact ID is 11068095876
2026-09-29T23:14:39.9108211Z Artifact download URL: https://github.com/PrimeLab-Foundation/strata/actions/runs/36641825105/artifacts/11068095876
2026-09-29T23:14:39.9401119Z Post job cleanup.
2026-09-29T23:14:40.0702779Z (node:7096) [DEP0040] DeprecationWarning: The `punycode` module is deprecated. Please use a userland alternative instead.
2026-09-29T23:14:40.0812730Z (Use `node --trace-deprecation ...` to show where the warning was created)
2026-09-29T23:14:40.0984919Z Post job cleanup.
2026-09-29T23:14:40.2885239Z [command]"C:\Program Files\Git\bin\git.exe" version
2026-09-29T23:14:40.3189997Z git version 2.55.0.windows.5
2026-09-29T23:14:40.3244041Z Temporarily overriding HOME='D:\a\_temp\5e3d0ee2-121d-4a32-8973-15e22038e098' before making global git config changes
2026-09-29T23:14:40.3245039Z Adding repository directory to the temporary git global config as a safe directory
2026-09-29T23:14:40.3253451Z [command]"C:\Program Files\Git\bin\git.exe" config --global --add safe.directory D:\a\strata\strata
2026-09-29T23:14:40.3548551Z [command]"C:\Program Files\Git\bin\git.exe" config --local --name-only --get-regexp core\.sshCommand
2026-09-29T23:14:40.3801334Z [command]"C:\Program Files\Git\bin\git.exe" submodule foreach --recursive "sh -c \"git config --local --name-only --get-regexp 'core\.sshCommand' && git config --local --unset-all 'core.sshCommand' || :\""
2026-09-29T23:14:40.8783271Z [command]"C:\Program Files\Git\bin\git.exe" config --local --name-only --get-regexp http\.https\:\/\/github\.com\/\.extraheader
2026-09-29T23:14:40.9019334Z http.https://github.com/.extraheader
2026-09-29T23:14:40.9058333Z [command]"C:\Program Files\Git\bin\git.exe" config --local --unset-all http.https://github.com/.extraheader
2026-09-29T23:14:40.9320886Z [command]"C:\Program Files\Git\bin\git.exe" submodule foreach --recursive "sh -c \"git config --local --name-only --get-regexp 'http\.https\:\/\/github\.com\/\.extraheader' && git config --local --unset-all 'http.https://github.com/.extraheader' || :\""
2026-09-29T23:14:41.3569637Z [command]"C:\Program Files\Git\bin\git.exe" config --local --name-only --get-regexp ^includeIf\.gitdir:
2026-09-29T23:14:41.3818393Z [command]"C:\Program Files\Git\bin\git.exe" submodule foreach --recursive "git config --local --show-origin --name-only --get-regexp remote.origin.url"
2026-09-29T23:14:41.8484623Z Cleaning up orphan processes
2026-09-29T23:14:41.9056962Z Terminate orphan process: pid (3568) (vctip)
2026-09-29T23:14:41.9378930Z ##[warning]Node.js 20 is deprecated. The following actions target Node.js 20 but are being forced to run on Node.js 24: actions/checkout@v4, actions/setup-python@v5, actions/upload-artifact@v4. For more information see: https://github.blog/changelog/2025-09-19-deprecation-of-node-20-on-github-actions-runners/
