supportability (linux-arm64)	Same-path identity check against identity_base	﻿2026-09-29T14:35:28.0603522Z ##[group]Run PYTHONPATH=. .venv/bin/python scripts/identity_ab.py \
supportability (linux-arm64)	Same-path identity check against identity_base	2026-09-29T14:35:28.0604033Z ^[[36;1mPYTHONPATH=. .venv/bin/python scripts/identity_ab.py \^[[0m
supportability (linux-arm64)	Same-path identity check against identity_base	2026-09-29T14:35:28.0604424Z ^[[36;1m  --base "38eaa9f248f509d9a4beb75b267189d011c1109e" \^[[0m
supportability (linux-arm64)	Same-path identity check against identity_base	2026-09-29T14:35:28.0604784Z ^[[36;1m  --arm-dir "/home/runner/work/_temp/identity-arm" \^[[0m
supportability (linux-arm64)	Same-path identity check against identity_base	2026-09-29T14:35:28.0605097Z ^[[36;1m  --out "identity-linux-arm64"^[[0m
supportability (linux-arm64)	Same-path identity check against identity_base	2026-09-29T14:35:28.0605452Z ^[[36;1mcp "identity-linux-arm64/identity.txt" "identity-linux-arm64.txt"^[[0m
supportability (linux-arm64)	Same-path identity check against identity_base	2026-09-29T14:35:28.0641884Z shell: /usr/bin/bash -e {0}
supportability (linux-arm64)	Same-path identity check against identity_base	2026-09-29T14:35:28.0642118Z env:
supportability (linux-arm64)	Same-path identity check against identity_base	2026-09-29T14:35:28.0642363Z   pythonLocation: /opt/hostedtoolcache/Python/3.12.14/arm64
supportability (linux-arm64)	Same-path identity check against identity_base	2026-09-29T14:35:28.0642770Z   PKG_CONFIG_PATH: /opt/hostedtoolcache/Python/3.12.14/arm64/lib/pkgconfig
supportability (linux-arm64)	Same-path identity check against identity_base	2026-09-29T14:35:28.0643175Z   Python_ROOT_DIR: /opt/hostedtoolcache/Python/3.12.14/arm64
supportability (linux-arm64)	Same-path identity check against identity_base	2026-09-29T14:35:28.0643537Z   Python2_ROOT_DIR: /opt/hostedtoolcache/Python/3.12.14/arm64
supportability (linux-arm64)	Same-path identity check against identity_base	2026-09-29T14:35:28.0643930Z   Python3_ROOT_DIR: /opt/hostedtoolcache/Python/3.12.14/arm64
supportability (linux-arm64)	Same-path identity check against identity_base	2026-09-29T14:35:28.0644352Z   LD_LIBRARY_PATH: /opt/hostedtoolcache/Python/3.12.14/arm64/lib
supportability (linux-arm64)	Same-path identity check against identity_base	2026-09-29T14:35:28.0644653Z ##[endgroup]
supportability (linux-arm64)	Same-path identity check against identity_base	2026-09-29T14:35:28.1018626Z + git worktree add --force --detach /home/runner/work/_temp/identity-arm 38eaa9f248f509d9a4beb75b267189d011c1109e
supportability (linux-arm64)	Same-path identity check against identity_base	2026-09-29T14:35:28.1031401Z fatal: invalid reference: 38eaa9f248f509d9a4beb75b267189d011c1109e
supportability (linux-arm64)	Same-path identity check against identity_base	2026-09-29T14:35:28.1033028Z + git worktree remove --force /home/runner/work/_temp/identity-arm
supportability (linux-arm64)	Same-path identity check against identity_base	2026-09-29T14:35:28.1043326Z fatal: '/home/runner/work/_temp/identity-arm' is not a working tree
supportability (linux-arm64)	Same-path identity check against identity_base	2026-09-29T14:35:28.1045252Z Traceback (most recent call last):
supportability (linux-arm64)	Same-path identity check against identity_base	2026-09-29T14:35:28.1051809Z   File "/home/runner/work/strata/strata/scripts/identity_ab.py", line 235, in main
supportability (linux-arm64)	Same-path identity check against identity_base	2026-09-29T14:35:28.1052382Z     worktree_checkout(args.base, arm_dir, dry_run=dry_run)
supportability (linux-arm64)	Same-path identity check against identity_base	2026-09-29T14:35:28.1052923Z   File "/home/runner/work/strata/strata/scripts/identity_ab.py", line 97, in worktree_checkout
supportability (linux-arm64)	Same-path identity check against identity_base	2026-09-29T14:35:28.1053548Z     run(["git", "worktree", "add", "--force", "--detach", str(arm_dir), ref], dry_run=dry_run)
supportability (linux-arm64)	Same-path identity check against identity_base	2026-09-29T14:35:28.1054068Z   File "/home/runner/work/strata/strata/scripts/identity_ab.py", line 52, in run
supportability (linux-arm64)	Same-path identity check against identity_base	2026-09-29T14:35:28.1054489Z     subprocess.run(cmd, cwd=cwd, env=merged, check=True)
supportability (linux-arm64)	Same-path identity check against identity_base	2026-09-29T14:35:28.1054977Z   File "/opt/hostedtoolcache/Python/3.12.14/arm64/lib/python3.12/subprocess.py", line 571, in run
supportability (linux-arm64)	Same-path identity check against identity_base	2026-09-29T14:35:28.1337548Z     raise CalledProcessError(retcode, process.args,
supportability (linux-arm64)	Same-path identity check against identity_base	2026-09-29T14:35:28.1338418Z subprocess.CalledProcessError: Command '['git', 'worktree', 'add', '--force', '--detach', '/home/runner/work/_temp/identity-arm', '38eaa9f248f509d9a4beb75b267189d011c1109e']' returned non-zero exit status 128.
supportability (linux-arm64)	Same-path identity check against identity_base	2026-09-29T14:35:28.1339114Z 
supportability (linux-arm64)	Same-path identity check against identity_base	2026-09-29T14:35:28.1339288Z During handling of the above exception, another exception occurred:
supportability (linux-arm64)	Same-path identity check against identity_base	2026-09-29T14:35:28.1339576Z 
supportability (linux-arm64)	Same-path identity check against identity_base	2026-09-29T14:35:28.1339667Z Traceback (most recent call last):
supportability (linux-arm64)	Same-path identity check against identity_base	2026-09-29T14:35:28.1340707Z   File "/home/runner/work/strata/strata/scripts/identity_ab.py", line 278, in <module>
supportability (linux-arm64)	Same-path identity check against identity_base	2026-09-29T14:35:28.1341139Z     raise SystemExit(main())
supportability (linux-arm64)	Same-path identity check against identity_base	2026-09-29T14:35:28.1341351Z                      ^^^^^^
supportability (linux-arm64)	Same-path identity check against identity_base	2026-09-29T14:35:28.1341703Z   File "/home/runner/work/strata/strata/scripts/identity_ab.py", line 245, in main
supportability (linux-arm64)	Same-path identity check against identity_base	2026-09-29T14:35:28.1342106Z     worktree_remove(arm_dir, dry_run=dry_run)
supportability (linux-arm64)	Same-path identity check against identity_base	2026-09-29T14:35:28.1342552Z   File "/home/runner/work/strata/strata/scripts/identity_ab.py", line 101, in worktree_remove
supportability (linux-arm64)	Same-path identity check against identity_base	2026-09-29T14:35:28.1343076Z     run(["git", "worktree", "remove", "--force", str(arm_dir)], dry_run=dry_run)
supportability (linux-arm64)	Same-path identity check against identity_base	2026-09-29T14:35:28.1343562Z   File "/home/runner/work/strata/strata/scripts/identity_ab.py", line 52, in run
supportability (linux-arm64)	Same-path identity check against identity_base	2026-09-29T14:35:28.1343980Z     subprocess.run(cmd, cwd=cwd, env=merged, check=True)
supportability (linux-arm64)	Same-path identity check against identity_base	2026-09-29T14:35:28.1344504Z   File "/opt/hostedtoolcache/Python/3.12.14/arm64/lib/python3.12/subprocess.py", line 571, in run
supportability (linux-arm64)	Same-path identity check against identity_base	2026-09-29T14:35:28.1344997Z     raise CalledProcessError(retcode, process.args,
supportability (linux-arm64)	Same-path identity check against identity_base	2026-09-29T14:35:28.1345999Z subprocess.CalledProcessError: Command '['git', 'worktree', 'remove', '--force', '/home/runner/work/_temp/identity-arm']' returned non-zero exit status 128.
supportability (linux-arm64)	Same-path identity check against identity_base	2026-09-29T14:35:28.1419249Z ##[error]Process completed with exit code 1.
supportability (windows-x86_64)	clang-cl PGO build (gate tests on both phases)	﻿2026-09-29T14:34:43.1123779Z ##[group]Run export PATH="/c/Program Files/LLVM/bin:$PATH"
supportability (windows-x86_64)	clang-cl PGO build (gate tests on both phases)	2026-09-29T14:34:43.1124788Z ^[[36;1mexport PATH="/c/Program Files/LLVM/bin:$PATH"^[[0m
supportability (windows-x86_64)	clang-cl PGO build (gate tests on both phases)	2026-09-29T14:34:43.1125429Z ^[[36;1mpython scripts/pgo_build_clang_cl.py^[[0m
supportability (windows-x86_64)	clang-cl PGO build (gate tests on both phases)	2026-09-29T14:34:43.1147130Z shell: C:\Program Files\Git\bin\bash.EXE --noprofile --norc -e -o pipefail {0}
supportability (windows-x86_64)	clang-cl PGO build (gate tests on both phases)	2026-09-29T14:34:43.1147917Z env:
supportability (windows-x86_64)	clang-cl PGO build (gate tests on both phases)	2026-09-29T14:34:43.1148459Z   pythonLocation: C:\hostedtoolcache\windows\Python\3.12.10\x64
supportability (windows-x86_64)	clang-cl PGO build (gate tests on both phases)	2026-09-29T14:34:43.1149329Z   PKG_CONFIG_PATH: C:\hostedtoolcache\windows\Python\3.12.10\x64/lib/pkgconfig
supportability (windows-x86_64)	clang-cl PGO build (gate tests on both phases)	2026-09-29T14:34:43.1150162Z   Python_ROOT_DIR: C:\hostedtoolcache\windows\Python\3.12.10\x64
supportability (windows-x86_64)	clang-cl PGO build (gate tests on both phases)	2026-09-29T14:34:43.1151146Z   Python2_ROOT_DIR: C:\hostedtoolcache\windows\Python\3.12.10\x64
supportability (windows-x86_64)	clang-cl PGO build (gate tests on both phases)	2026-09-29T14:34:43.1151926Z   Python3_ROOT_DIR: C:\hostedtoolcache\windows\Python\3.12.10\x64
supportability (windows-x86_64)	clang-cl PGO build (gate tests on both phases)	2026-09-29T14:34:43.1152564Z ##[endgroup]
supportability (windows-x86_64)	clang-cl PGO build (gate tests on both phases)	2026-09-29T14:34:43.2881496Z ==> PGO phase 1: instrumented build (clang-cl, -fprofile-generate)
supportability (windows-x86_64)	clang-cl PGO build (gate tests on both phases)	2026-09-29T14:34:43.2888378Z + C:\hostedtoolcache\windows\Python\3.12.10\x64\python.exe -m pip install --force-reinstall --no-deps -e .
supportability (windows-x86_64)	clang-cl PGO build (gate tests on both phases)	2026-09-29T14:34:44.4916441Z Obtaining file:///D:/a/strata/strata
supportability (windows-x86_64)	clang-cl PGO build (gate tests on both phases)	2026-09-29T14:34:44.4951245Z   Installing build dependencies: started
supportability (windows-x86_64)	clang-cl PGO build (gate tests on both phases)	2026-09-29T14:35:02.7153631Z   Installing build dependencies: finished with status 'done'
supportability (windows-x86_64)	clang-cl PGO build (gate tests on both phases)	2026-09-29T14:35:02.7171503Z   Checking if build backend supports build_editable: started
supportability (windows-x86_64)	clang-cl PGO build (gate tests on both phases)	2026-09-29T14:35:03.5728206Z   Checking if build backend supports build_editable: finished with status 'done'
supportability (windows-x86_64)	clang-cl PGO build (gate tests on both phases)	2026-09-29T14:35:03.5757327Z   Getting requirements to build editable: started
supportability (windows-x86_64)	clang-cl PGO build (gate tests on both phases)	2026-09-29T14:35:05.3681711Z   Getting requirements to build editable: finished with status 'done'
supportability (windows-x86_64)	clang-cl PGO build (gate tests on both phases)	2026-09-29T14:35:05.3713419Z   Preparing editable metadata (pyproject.toml): started
supportability (windows-x86_64)	clang-cl PGO build (gate tests on both phases)	2026-09-29T14:35:05.8699791Z   Preparing editable metadata (pyproject.toml): finished with status 'done'
supportability (windows-x86_64)	clang-cl PGO build (gate tests on both phases)	2026-09-29T14:35:05.8778117Z Building wheels for collected packages: strata
supportability (windows-x86_64)	clang-cl PGO build (gate tests on both phases)	2026-09-29T14:35:05.8806219Z   Building editable for strata (pyproject.toml): started
supportability (windows-x86_64)	clang-cl PGO build (gate tests on both phases)	2026-09-29T14:36:05.9935652Z   Building editable for strata (pyproject.toml): still running...
supportability (windows-x86_64)	clang-cl PGO build (gate tests on both phases)	2026-09-29T14:36:15.4164254Z   Building editable for strata (pyproject.toml): finished with status 'done'
supportability (windows-x86_64)	clang-cl PGO build (gate tests on both phases)	2026-09-29T14:36:15.4205332Z   Created wheel for strata: filename=strata-2026.8.10-0.editable-cp312-cp312-win_amd64.whl size=4397 sha256=38d342c62aed438e9c7b36c70f7a400cb92585829b4ba45b1bc67c8141d1eadb
supportability (windows-x86_64)	clang-cl PGO build (gate tests on both phases)	2026-09-29T14:36:15.4207316Z   Stored in directory: C:\Users\runneradmin\AppData\Local\Temp\pip-ephem-wheel-cache-igmi6vsn\wheels\b6\3b\c8\2f2ce7f33d27af776fa93be556bcd24459639b05d76b33473b
supportability (windows-x86_64)	clang-cl PGO build (gate tests on both phases)	2026-09-29T14:36:15.4246145Z Successfully built strata
supportability (windows-x86_64)	clang-cl PGO build (gate tests on both phases)	2026-09-29T14:36:15.4413162Z Installing collected packages: strata
supportability (windows-x86_64)	clang-cl PGO build (gate tests on both phases)	2026-09-29T14:36:15.4414836Z   Attempting uninstall: strata
supportability (windows-x86_64)	clang-cl PGO build (gate tests on both phases)	2026-09-29T14:36:15.4443821Z     Found existing installation: strata 2026.8.10
supportability (windows-x86_64)	clang-cl PGO build (gate tests on both phases)	2026-09-29T14:36:15.4469380Z     Uninstalling strata-2026.8.10:
supportability (windows-x86_64)	clang-cl PGO build (gate tests on both phases)	2026-09-29T14:36:15.6922726Z       Successfully uninstalled strata-2026.8.10
supportability (windows-x86_64)	clang-cl PGO build (gate tests on both phases)	2026-09-29T14:36:15.7240202Z Successfully installed strata-2026.8.10
supportability (windows-x86_64)	clang-cl PGO build (gate tests on both phases)	2026-09-29T14:36:18.1327046Z + C:\hostedtoolcache\windows\Python\3.12.10\x64\python.exe scripts/build_identity.py --check-unprofiled strata._dumps_hook --instrumented strata._strata
supportability (windows-x86_64)	clang-cl PGO build (gate tests on both phases)	2026-09-29T14:36:18.1989598Z + strata._dumps_hook is unprofiled: _dumps_hook.cp312-win_amd64.pyd.build.json records no profile or profile flag,
supportability (windows-x86_64)	clang-cl PGO build (gate tests on both phases)	2026-09-29T14:36:18.1990345Z   and the image links no profile runtime
supportability (windows-x86_64)	clang-cl PGO build (gate tests on both phases)	2026-09-29T14:36:18.2070461Z ==> PGO: generating training data
supportability (windows-x86_64)	clang-cl PGO build (gate tests on both phases)	2026-09-29T14:36:18.2072167Z + C:\hostedtoolcache\windows\Python\3.12.10\x64\python.exe scripts/pgo_training_data.py --out-dir D:\a\strata\strata\build\pgo
supportability (windows-x86_64)	clang-cl PGO build (gate tests on both phases)	2026-09-29T14:36:18.7189262Z   D:\a\strata\strata\build\pgo\train.json (10.0 MB)
supportability (windows-x86_64)	clang-cl PGO build (gate tests on both phases)	2026-09-29T14:36:18.7189837Z   D:\a\strata\strata\build\pgo\train.ndjson (10.0 MB)
supportability (windows-x86_64)	clang-cl PGO build (gate tests on both phases)	2026-09-29T14:36:18.7270056Z ==> PGO: running the training workload
supportability (windows-x86_64)	clang-cl PGO build (gate tests on both phases)	2026-09-29T14:36:18.7272634Z + C:\hostedtoolcache\windows\Python\3.12.10\x64\python.exe scripts/pgo_training.py --json D:\a\strata\strata\build\pgo\train.json --ndjson D:\a\strata\strata\build\pgo\train.ndjson --work-dir D:\a\strata\strata\build\pgo\work
supportability (windows-x86_64)	clang-cl PGO build (gate tests on both phases)	2026-09-29T14:36:19.0377570Z PGO training workload
supportability (windows-x86_64)	clang-cl PGO build (gate tests on both phases)	2026-09-29T14:36:19.0378167Z   corpus: 4001 records, 10.0 MB
supportability (windows-x86_64)	clang-cl PGO build (gate tests on both phases)	2026-09-29T14:36:19.0378495Z [1/7] loads
supportability (windows-x86_64)	clang-cl PGO build (gate tests on both phases)	2026-09-29T14:36:19.0378830Z   loads(str): 1x in 0.06s
supportability (windows-x86_64)	clang-cl PGO build (gate tests on both phases)	2026-09-29T14:36:19.1382711Z   loads(bytes): 1x in 0.06s
supportability (windows-x86_64)	clang-cl PGO build (gate tests on both phases)	2026-09-29T14:36:19.1841840Z   loads(sample): 5x in 0.01s
supportability (windows-x86_64)	clang-cl PGO build (gate tests on both phases)	2026-09-29T14:36:19.2330083Z   loads(cursor): 5x in 0.02s
supportability (windows-x86_64)	clang-cl PGO build (gate tests on both phases)	2026-09-29T14:36:19.2718998Z   loads(iterator): 3x in 0.01s
supportability (windows-x86_64)	clang-cl PGO build (gate tests on both phases)	2026-09-29T14:36:19.3323728Z [2/7] dumps
supportability (windows-x86_64)	clang-cl PGO build (gate tests on both phases)	2026-09-29T14:36:19.3324125Z   dumps(str): 1x in 0.03s
supportability (windows-x86_64)	clang-cl PGO build (gate tests on both phases)	2026-09-29T14:36:19.4170166Z   dumps(bytes): 3x in 0.05s
supportability (windows-x86_64)	clang-cl PGO build (gate tests on both phases)	2026-09-29T14:36:19.4515190Z   dumps(sample, bytes): 5x in 0.00s
supportability (windows-x86_64)	clang-cl PGO build (gate tests on both phases)	2026-09-29T14:36:19.4858427Z   dumps(sample): 5x in 0.01s
supportability (windows-x86_64)	clang-cl PGO build (gate tests on both phases)	2026-09-29T14:36:19.5185201Z   dumps(parsed sample, bytes): 2x in 0.00s
supportability (windows-x86_64)	clang-cl PGO build (gate tests on both phases)	2026-09-29T14:36:19.6128968Z [3/7] load
supportability (windows-x86_64)	clang-cl PGO build (gate tests on both phases)	2026-09-29T14:36:19.6129386Z   load(json): 1x in 0.07s
supportability (windows-x86_64)	clang-cl PGO build (gate tests on both phases)	2026-09-29T14:36:19.7155052Z   load(ndjson): 1x in 0.07s
supportability (windows-x86_64)	clang-cl PGO build (gate tests on both phases)	2026-09-29T14:36:19.8193217Z   load(ndjson, iterator): 1x in 0.07s
supportability (windows-x86_64)	clang-cl PGO build (gate tests on both phases)	2026-09-29T14:36:19.8554815Z [4/7] dump
supportability (windows-x86_64)	clang-cl PGO build (gate tests on both phases)	2026-09-29T14:36:19.8555166Z   dump(json): 3x in 0.00s
supportability (windows-x86_64)	clang-cl PGO build (gate tests on both phases)	2026-09-29T14:36:19.8835703Z [5/7] query
supportability (windows-x86_64)	clang-cl PGO build (gate tests on both phases)	2026-09-29T14:36:19.8836057Z   query $[0].name: 3x in 0.00s
supportability (windows-x86_64)	clang-cl PGO build (gate tests on both phases)	2026-09-29T14:36:19.9094596Z   query $[*].id: 3x in 0.00s
supportability (windows-x86_64)	clang-cl PGO build (gate tests on both phases)	2026-09-29T14:36:19.9359157Z   query $[*].items[*].sku: 3x in 0.00s
supportability (windows-x86_64)	clang-cl PGO build (gate tests on both phases)	2026-09-29T14:36:19.9616612Z   query $..leaf: 3x in 0.00s
supportability (windows-x86_64)	clang-cl PGO build (gate tests on both phases)	2026-09-29T14:36:19.9879326Z   query $[0:50].score: 3x in 0.00s
supportability (windows-x86_64)	clang-cl PGO build (gate tests on both phases)	2026-09-29T14:36:20.0146912Z   query $[?(@.id > 100)].name: 3x in 0.00s
supportability (windows-x86_64)	clang-cl PGO build (gate tests on both phases)	2026-09-29T14:36:20.0395204Z   query $[?(@.id <= 500)]: 3x in 0.00s
supportability (windows-x86_64)	clang-cl PGO build (gate tests on both phases)	2026-09-29T14:36:20.0654352Z   query $[?(@.name == 'alpha')]: 3x in 0.00s
supportability (windows-x86_64)	clang-cl PGO build (gate tests on both phases)	2026-09-29T14:36:20.0907647Z   query $[?(@.name != 'alpha')].id: 3x in 0.00s
supportability (windows-x86_64)	clang-cl PGO build (gate tests on both phases)	2026-09-29T14:36:20.1159273Z   query $[?(@['id'] >= 0)].name: 3x in 0.00s
supportability (windows-x86_64)	clang-cl PGO build (gate tests on both phases)	2026-09-29T14:36:20.1402586Z   query $[*].nested.child: 3x in 0.00s
supportability (windows-x86_64)	clang-cl PGO build (gate tests on both phases)	2026-09-29T14:36:20.1655289Z   query $[*].tags[0]: 3x in 0.00s
supportability (windows-x86_64)	clang-cl PGO build (gate tests on both phases)	2026-09-29T14:36:20.1907477Z   query $.*: 3x in 0.00s
supportability (windows-x86_64)	clang-cl PGO build (gate tests on both phases)	2026-09-29T14:36:20.2167572Z   query(compiled): 5x in 0.00s
supportability (windows-x86_64)	clang-cl PGO build (gate tests on both phases)	2026-09-29T14:36:20.2634394Z [6/7] search
supportability (windows-x86_64)	clang-cl PGO build (gate tests on both phases)	2026-09-29T14:36:20.2634820Z   search json $[*].id: 1x in 0.02s
supportability (windows-x86_64)	clang-cl PGO build (gate tests on both phases)	2026-09-29T14:36:20.3637466Z   search ndjson $[*].id: 1x in 0.07s
supportability (windows-x86_64)	clang-cl PGO build (gate tests on both phases)	2026-09-29T14:36:20.4664134Z   search json $..leaf: 1x in 0.07s
supportability (windows-x86_64)	clang-cl PGO build (gate tests on both phases)	2026-09-29T14:36:20.5703025Z   search ndjson $..leaf: 1x in 0.07s
supportability (windows-x86_64)	clang-cl PGO build (gate tests on both phases)	2026-09-29T14:36:20.6723428Z   search json $[?(@.id > 100)].name: 1x in 0.07s
supportability (windows-x86_64)	clang-cl PGO build (gate tests on both phases)	2026-09-29T14:36:20.7807531Z   search ndjson $[?(@.id > 100)].name: 1x in 0.07s
supportability (windows-x86_64)	clang-cl PGO build (gate tests on both phases)	2026-09-29T14:36:20.8138292Z [7/7] folder mode
supportability (windows-x86_64)	clang-cl PGO build (gate tests on both phases)	2026-09-29T14:36:20.8138708Z   dump(split_by): 1x in 0.00s
supportability (windows-x86_64)	clang-cl PGO build (gate tests on both phases)	2026-09-29T14:36:20.8440970Z   load(folder): 1x in 0.00s
supportability (windows-x86_64)	clang-cl PGO build (gate tests on both phases)	2026-09-29T14:36:20.8732838Z   search(folder): 1x in 0.00s
supportability (windows-x86_64)	clang-cl PGO build (gate tests on both phases)	2026-09-29T14:36:20.8987792Z PGO training workload complete
supportability (windows-x86_64)	clang-cl PGO build (gate tests on both phases)	2026-09-29T14:36:20.9083274Z ==> PGO: gate tests on the instrumented build
supportability (windows-x86_64)	clang-cl PGO build (gate tests on both phases)	2026-09-29T14:36:20.9084149Z + C:\hostedtoolcache\windows\Python\3.12.10\x64\python.exe scripts/cpp_tests.py
supportability (windows-x86_64)	clang-cl PGO build (gate tests on both phases)	2026-09-29T14:36:20.9595923Z + C:\hostedtoolcache\windows\Python\3.12.10\x64\Scripts\cmake.EXE -S . -B build/cmake -DCMAKE_BUILD_TYPE=Release
supportability (windows-x86_64)	clang-cl PGO build (gate tests on both phases)	2026-09-29T14:36:21.2408375Z -- Configuring done (0.0s)
supportability (windows-x86_64)	clang-cl PGO build (gate tests on both phases)	2026-09-29T14:36:21.3225547Z -- Generating done (0.1s)
supportability (windows-x86_64)	clang-cl PGO build (gate tests on both phases)	2026-09-29T14:36:21.3234169Z -- Build files have been written to: D:/a/strata/strata/build/cmake
supportability (windows-x86_64)	clang-cl PGO build (gate tests on both phases)	2026-09-29T14:36:21.3494397Z + C:\hostedtoolcache\windows\Python\3.12.10\x64\Scripts\cmake.EXE --build build/cmake --config Release
supportability (windows-x86_64)	clang-cl PGO build (gate tests on both phases)	2026-09-29T14:36:21.6869338Z MSBuild version 18.10.1-1.26427.6+3cd27c13e for .NET Framework
supportability (windows-x86_64)	clang-cl PGO build (gate tests on both phases)	2026-09-29T14:36:21.7232989Z 
supportability (windows-x86_64)	clang-cl PGO build (gate tests on both phases)	2026-09-29T14:36:22.0082415Z   1>Checking Build System
supportability (windows-x86_64)	clang-cl PGO build (gate tests on both phases)	2026-09-29T14:36:22.1378568Z   Building Custom Rule D:/a/strata/strata/CMakeLists.txt
supportability (windows-x86_64)	clang-cl PGO build (gate tests on both phases)	2026-09-29T14:36:22.3247550Z   fast_parse_tests.vcxproj -> D:\a\strata\strata\build\cmake\Release\fast_parse_tests.exe
supportability (windows-x86_64)	clang-cl PGO build (gate tests on both phases)	2026-09-29T14:36:22.3929749Z   Building Custom Rule D:/a/strata/strata/CMakeLists.txt
supportability (windows-x86_64)	clang-cl PGO build (gate tests on both phases)	2026-09-29T14:36:22.4420755Z   float_precision_tests.vcxproj -> D:\a\strata\strata\build\cmake\Release\float_precision_tests.exe
supportability (windows-x86_64)	clang-cl PGO build (gate tests on both phases)	2026-09-29T14:36:22.5021295Z   Building Custom Rule D:/a/strata/strata/CMakeLists.txt
supportability (windows-x86_64)	clang-cl PGO build (gate tests on both phases)	2026-09-29T14:36:22.5577477Z   folder_tests.vcxproj -> D:\a\strata\strata\build\cmake\Release\folder_tests.exe
supportability (windows-x86_64)	clang-cl PGO build (gate tests on both phases)	2026-09-29T14:36:22.6160494Z   Building Custom Rule D:/a/strata/strata/CMakeLists.txt
supportability (windows-x86_64)	clang-cl PGO build (gate tests on both phases)	2026-09-29T14:36:22.6664673Z   fuzz_corpus_tests.vcxproj -> D:\a\strata\strata\build\cmake\Release\fuzz_corpus_tests.exe
supportability (windows-x86_64)	clang-cl PGO build (gate tests on both phases)	2026-09-29T14:36:22.7263924Z   Building Custom Rule D:/a/strata/strata/CMakeLists.txt
supportability (windows-x86_64)	clang-cl PGO build (gate tests on both phases)	2026-09-29T14:36:22.7737788Z   json_core_tests.vcxproj -> D:\a\strata\strata\build\cmake\Release\json_core_tests.exe
supportability (windows-x86_64)	clang-cl PGO build (gate tests on both phases)	2026-09-29T14:36:22.8329933Z   Building Custom Rule D:/a/strata/strata/CMakeLists.txt
supportability (windows-x86_64)	clang-cl PGO build (gate tests on both phases)	2026-09-29T14:36:22.8831530Z   json_cursor_tests.vcxproj -> D:\a\strata\strata\build\cmake\Release\json_cursor_tests.exe
supportability (windows-x86_64)	clang-cl PGO build (gate tests on both phases)	2026-09-29T14:36:22.9458552Z   Building Custom Rule D:/a/strata/strata/CMakeLists.txt
supportability (windows-x86_64)	clang-cl PGO build (gate tests on both phases)	2026-09-29T14:36:22.9940497Z   json_parse_tests.vcxproj -> D:\a\strata\strata\build\cmake\Release\json_parse_tests.exe
supportability (windows-x86_64)	clang-cl PGO build (gate tests on both phases)	2026-09-29T14:36:23.0546729Z   Building Custom Rule D:/a/strata/strata/CMakeLists.txt
supportability (windows-x86_64)	clang-cl PGO build (gate tests on both phases)	2026-09-29T14:36:23.1032488Z   json_serialize_tests.vcxproj -> D:\a\strata\strata\build\cmake\Release\json_serialize_tests.exe
supportability (windows-x86_64)	clang-cl PGO build (gate tests on both phases)	2026-09-29T14:36:23.1602329Z   Building Custom Rule D:/a/strata/strata/CMakeLists.txt
supportability (windows-x86_64)	clang-cl PGO build (gate tests on both phases)	2026-09-29T14:36:23.2101982Z   jsonpath_stream_tests.vcxproj -> D:\a\strata\strata\build\cmake\Release\jsonpath_stream_tests.exe
supportability (windows-x86_64)	clang-cl PGO build (gate tests on both phases)	2026-09-29T14:36:23.2871881Z   Building Custom Rule D:/a/strata/strata/CMakeLists.txt
supportability (windows-x86_64)	clang-cl PGO build (gate tests on both phases)	2026-09-29T14:36:23.3359280Z   jsonpath_tests.vcxproj -> D:\a\strata\strata\build\cmake\Release\jsonpath_tests.exe
supportability (windows-x86_64)	clang-cl PGO build (gate tests on both phases)	2026-09-29T14:36:23.4136449Z   Building Custom Rule D:/a/strata/strata/CMakeLists.txt
supportability (windows-x86_64)	clang-cl PGO build (gate tests on both phases)	2026-09-29T14:36:23.4633179Z   ndjson_tests.vcxproj -> D:\a\strata\strata\build\cmake\Release\ndjson_tests.exe
supportability (windows-x86_64)	clang-cl PGO build (gate tests on both phases)	2026-09-29T14:36:23.5245675Z   Building Custom Rule D:/a/strata/strata/CMakeLists.txt
supportability (windows-x86_64)	clang-cl PGO build (gate tests on both phases)	2026-09-29T14:36:23.5739705Z   scan_tests.vcxproj -> D:\a\strata\strata\build\cmake\Release\scan_tests.exe
supportability (windows-x86_64)	clang-cl PGO build (gate tests on both phases)	2026-09-29T14:36:23.6330487Z   Building Custom Rule D:/a/strata/strata/CMakeLists.txt
supportability (windows-x86_64)	clang-cl PGO build (gate tests on both phases)	2026-09-29T14:36:23.6790875Z   smoke_tests.vcxproj -> D:\a\strata\strata\build\cmake\Release\smoke_tests.exe
supportability (windows-x86_64)	clang-cl PGO build (gate tests on both phases)	2026-09-29T14:36:23.7396806Z   Building Custom Rule D:/a/strata/strata/CMakeLists.txt
supportability (windows-x86_64)	clang-cl PGO build (gate tests on both phases)	2026-09-29T14:36:23.7893329Z   stress_deep_tests.vcxproj -> D:\a\strata\strata\build\cmake\Release\stress_deep_tests.exe
supportability (windows-x86_64)	clang-cl PGO build (gate tests on both phases)	2026-09-29T14:36:23.8470749Z   Building Custom Rule D:/a/strata/strata/CMakeLists.txt
supportability (windows-x86_64)	clang-cl PGO build (gate tests on both phases)	2026-09-29T14:36:23.8977764Z   temporal_tests.vcxproj -> D:\a\strata\strata\build\cmake\Release\temporal_tests.exe
supportability (windows-x86_64)	clang-cl PGO build (gate tests on both phases)	2026-09-29T14:36:23.9592440Z   Building Custom Rule D:/a/strata/strata/CMakeLists.txt
supportability (windows-x86_64)	clang-cl PGO build (gate tests on both phases)	2026-09-29T14:36:24.0062643Z   value_cursor_tests.vcxproj -> D:\a\strata\strata\build\cmake\Release\value_cursor_tests.exe
supportability (windows-x86_64)	clang-cl PGO build (gate tests on both phases)	2026-09-29T14:36:24.0798884Z   Building Custom Rule D:/a/strata/strata/CMakeLists.txt
supportability (windows-x86_64)	clang-cl PGO build (gate tests on both phases)	2026-09-29T14:36:24.1890788Z + C:\hostedtoolcache\windows\Python\3.12.10\x64\Scripts\ctest.EXE --test-dir build/cmake --build-config Release --output-on-failure --no-tests=error
supportability (windows-x86_64)	clang-cl PGO build (gate tests on both phases)	2026-09-29T14:36:24.4364402Z Test project D:/a/strata/strata/build/cmake
supportability (windows-x86_64)	clang-cl PGO build (gate tests on both phases)	2026-09-29T14:36:24.4396744Z       Start  1: smoke_tests
supportability (windows-x86_64)	clang-cl PGO build (gate tests on both phases)	2026-09-29T14:36:24.4468655Z  1/16 Test  #1: smoke_tests ......................   Passed    0.01 sec
supportability (windows-x86_64)	clang-cl PGO build (gate tests on both phases)	2026-09-29T14:36:24.4473952Z       Start  2: json_core_tests
supportability (windows-x86_64)	clang-cl PGO build (gate tests on both phases)	2026-09-29T14:36:24.4544354Z  2/16 Test  #2: json_core_tests ..................   Passed    0.01 sec
supportability (windows-x86_64)	clang-cl PGO build (gate tests on both phases)	2026-09-29T14:36:24.4548314Z       Start  3: json_parse_tests
supportability (windows-x86_64)	clang-cl PGO build (gate tests on both phases)	2026-09-29T14:36:24.4614021Z  3/16 Test  #3: json_parse_tests .................   Passed    0.01 sec
supportability (windows-x86_64)	clang-cl PGO build (gate tests on both phases)	2026-09-29T14:36:24.4617934Z       Start  4: fast_parse_tests
supportability (windows-x86_64)	clang-cl PGO build (gate tests on both phases)	2026-09-29T14:36:24.5854686Z  4/16 Test  #4: fast_parse_tests .................   Passed    0.12 sec
supportability (windows-x86_64)	clang-cl PGO build (gate tests on both phases)	2026-09-29T14:36:24.5859199Z       Start  5: value_cursor_tests
supportability (windows-x86_64)	clang-cl PGO build (gate tests on both phases)	2026-09-29T14:36:24.6074846Z  5/16 Test  #5: value_cursor_tests ...............   Passed    0.02 sec
supportability (windows-x86_64)	clang-cl PGO build (gate tests on both phases)	2026-09-29T14:36:24.6078978Z       Start  6: json_serialize_tests
supportability (windows-x86_64)	clang-cl PGO build (gate tests on both phases)	2026-09-29T14:36:24.6150888Z  6/16 Test  #6: json_serialize_tests .............   Passed    0.01 sec
supportability (windows-x86_64)	clang-cl PGO build (gate tests on both phases)	2026-09-29T14:36:24.6154648Z       Start  7: float_precision_tests
supportability (windows-x86_64)	clang-cl PGO build (gate tests on both phases)	2026-09-29T14:36:28.6810063Z  7/16 Test  #7: float_precision_tests ............   Passed    4.06 sec
supportability (windows-x86_64)	clang-cl PGO build (gate tests on both phases)	2026-09-29T14:36:28.6814432Z       Start  8: json_cursor_tests
supportability (windows-x86_64)	clang-cl PGO build (gate tests on both phases)	2026-09-29T14:36:28.6891426Z  8/16 Test  #8: json_cursor_tests ................   Passed    0.01 sec
supportability (windows-x86_64)	clang-cl PGO build (gate tests on both phases)	2026-09-29T14:36:28.6895508Z       Start  9: ndjson_tests
supportability (windows-x86_64)	clang-cl PGO build (gate tests on both phases)	2026-09-29T14:36:28.7010601Z  9/16 Test  #9: ndjson_tests .....................   Passed    0.01 sec
supportability (windows-x86_64)	clang-cl PGO build (gate tests on both phases)	2026-09-29T14:36:28.7015032Z       Start 10: jsonpath_tests
supportability (windows-x86_64)	clang-cl PGO build (gate tests on both phases)	2026-09-29T14:36:28.7091313Z 10/16 Test #10: jsonpath_tests ...................   Passed    0.01 sec
supportability (windows-x86_64)	clang-cl PGO build (gate tests on both phases)	2026-09-29T14:36:28.7096014Z       Start 11: jsonpath_stream_tests
supportability (windows-x86_64)	clang-cl PGO build (gate tests on both phases)	2026-09-29T14:36:28.7189505Z 11/16 Test #11: jsonpath_stream_tests ............   Passed    0.01 sec
supportability (windows-x86_64)	clang-cl PGO build (gate tests on both phases)	2026-09-29T14:36:28.7194160Z       Start 12: scan_tests
supportability (windows-x86_64)	clang-cl PGO build (gate tests on both phases)	2026-09-29T14:36:28.7491590Z 12/16 Test #12: scan_tests .......................   Passed    0.03 sec
supportability (windows-x86_64)	clang-cl PGO build (gate tests on both phases)	2026-09-29T14:36:28.7496341Z       Start 13: temporal_tests
supportability (windows-x86_64)	clang-cl PGO build (gate tests on both phases)	2026-09-29T14:36:28.7570725Z 13/16 Test #13: temporal_tests ...................   Passed    0.01 sec
supportability (windows-x86_64)	clang-cl PGO build (gate tests on both phases)	2026-09-29T14:36:28.7574709Z       Start 14: folder_tests
supportability (windows-x86_64)	clang-cl PGO build (gate tests on both phases)	2026-09-29T14:36:28.8117476Z 14/16 Test #14: folder_tests .....................   Passed    0.05 sec
supportability (windows-x86_64)	clang-cl PGO build (gate tests on both phases)	2026-09-29T14:36:28.8121742Z       Start 15: fuzz_corpus_tests
supportability (windows-x86_64)	clang-cl PGO build (gate tests on both phases)	2026-09-29T14:36:28.8308948Z 15/16 Test #15: fuzz_corpus_tests ................   Passed    0.02 sec
supportability (windows-x86_64)	clang-cl PGO build (gate tests on both phases)	2026-09-29T14:36:28.8313098Z       Start 16: stress_deep_tests
supportability (windows-x86_64)	clang-cl PGO build (gate tests on both phases)	2026-09-29T14:36:28.8441931Z 16/16 Test #16: stress_deep_tests ................   Passed    0.01 sec
supportability (windows-x86_64)	clang-cl PGO build (gate tests on both phases)	2026-09-29T14:36:28.8453544Z 
supportability (windows-x86_64)	clang-cl PGO build (gate tests on both phases)	2026-09-29T14:36:28.8453937Z 100% tests passed out of 16
supportability (windows-x86_64)	clang-cl PGO build (gate tests on both phases)	2026-09-29T14:36:28.8454272Z 
supportability (windows-x86_64)	clang-cl PGO build (gate tests on both phases)	2026-09-29T14:36:28.8454421Z Total Test time (real) =   4.41 sec
supportability (windows-x86_64)	clang-cl PGO build (gate tests on both phases)	2026-09-29T14:36:28.8770517Z + C:\hostedtoolcache\windows\Python\3.12.10\x64\python.exe scripts/py_tests.py --training
supportability (windows-x86_64)	clang-cl PGO build (gate tests on both phases)	2026-09-29T14:36:28.9360478Z + pytest tests/py tests/unit --ignore=tests/unit/native_types --ignore=tests/py/native_types --basetemp=C:\Users\RUNNER~1\AppData\Local\Temp\pytest-of-runneradmin\dve26ihp
supportability (windows-x86_64)	clang-cl PGO build (gate tests on both phases)	2026-09-29T14:36:29.6898791Z ============================= test session starts =============================
supportability (windows-x86_64)	clang-cl PGO build (gate tests on both phases)	2026-09-29T14:36:29.6899575Z platform win32 -- Python 3.12.10, pytest-9.1.1, pluggy-1.6.0
supportability (windows-x86_64)	clang-cl PGO build (gate tests on both phases)	2026-09-29T14:36:29.6899932Z rootdir: D:\a\strata\strata
supportability (windows-x86_64)	clang-cl PGO build (gate tests on both phases)	2026-09-29T14:36:29.6900179Z configfile: pyproject.toml
supportability (windows-x86_64)	clang-cl PGO build (gate tests on both phases)	2026-09-29T14:36:29.6900425Z plugins: cov-7.1.0
supportability (windows-x86_64)	clang-cl PGO build (gate tests on both phases)	2026-09-29T14:36:29.6900633Z collected 3183 items
supportability (windows-x86_64)	clang-cl PGO build (gate tests on both phases)	2026-09-29T14:36:29.6900793Z 
supportability (windows-x86_64)	clang-cl PGO build (gate tests on both phases)	2026-09-29T14:36:29.7161714Z tests\py\test_dumps_brace_fold.py .........                              [  0%]
supportability (windows-x86_64)	clang-cl PGO build (gate tests on both phases)	2026-09-29T14:36:29.7661411Z tests\py\test_dumps_cycles_fused.py .................................... [  1%]
supportability (windows-x86_64)	clang-cl PGO build (gate tests on both phases)	2026-09-29T14:36:29.8449476Z ....................................................                     [  3%]
supportability (windows-x86_64)	clang-cl PGO build (gate tests on both phases)	2026-09-29T14:36:30.1955687Z tests\py\test_dumps_general_tables.py ............................       [  3%]
supportability (windows-x86_64)	clang-cl PGO build (gate tests on both phases)	2026-09-29T14:36:30.9766848Z tests\py\test_dumps_with_default.py .................................... [  5%]
supportability (windows-x86_64)	clang-cl PGO build (gate tests on both phases)	2026-09-29T14:36:31.4977995Z .............................ss                                          [  6%]
supportability (windows-x86_64)	clang-cl PGO build (gate tests on both phases)	2026-09-29T14:36:31.5385704Z tests\py\test_dumps_with_default_contract.py ........................... [  6%]
supportability (windows-x86_64)	clang-cl PGO build (gate tests on both phases)	2026-09-29T14:36:31.6687697Z ........................................................................ [  9%]
supportability (windows-x86_64)	clang-cl PGO build (gate tests on both phases)	2026-09-29T14:36:31.8033464Z ........................................................................ [ 11%]
supportability (windows-x86_64)	clang-cl PGO build (gate tests on both phases)	2026-09-29T14:36:31.8872424Z ..........................                                               [ 12%]
supportability (windows-x86_64)	clang-cl PGO build (gate tests on both phases)	2026-09-29T14:36:31.8923084Z tests\py\test_fused_verification.py ..                                   [ 12%]
supportability (windows-x86_64)	clang-cl PGO build (gate tests on both phases)	2026-09-29T14:36:31.9325382Z tests\py\test_json_parity.py ........................................... [ 13%]
supportability (windows-x86_64)	clang-cl PGO build (gate tests on both phases)	2026-09-29T14:36:31.9932474Z ........................................................................ [ 15%]
supportability (windows-x86_64)	clang-cl PGO build (gate tests on both phases)	2026-09-29T14:36:32.0558876Z ........................................................................ [ 18%]
supportability (windows-x86_64)	clang-cl PGO build (gate tests on both phases)	2026-09-29T14:36:32.1170313Z ........................................................................ [ 20%]
supportability (windows-x86_64)	clang-cl PGO build (gate tests on both phases)	2026-09-29T14:36:32.1784722Z ........................................................................ [ 22%]
supportability (windows-x86_64)	clang-cl PGO build (gate tests on both phases)	2026-09-29T14:36:32.2386859Z ........................................................................ [ 24%]
supportability (windows-x86_64)	clang-cl PGO build (gate tests on both phases)	2026-09-29T14:36:32.3023269Z ........................................................................ [ 27%]
supportability (windows-x86_64)	clang-cl PGO build (gate tests on both phases)	2026-09-29T14:36:32.3642122Z ........................................................................ [ 29%]
supportability (windows-x86_64)	clang-cl PGO build (gate tests on both phases)	2026-09-29T14:36:32.4325137Z ........................................................................ [ 31%]
supportability (windows-x86_64)	clang-cl PGO build (gate tests on both phases)	2026-09-29T14:36:32.4934232Z ........................................................................ [ 33%]
supportability (windows-x86_64)	clang-cl PGO build (gate tests on both phases)	2026-09-29T14:36:32.5534150Z ........................................................................ [ 36%]
supportability (windows-x86_64)	clang-cl PGO build (gate tests on both phases)	2026-09-29T14:36:32.6130363Z ........................................................................ [ 38%]
supportability (windows-x86_64)	clang-cl PGO build (gate tests on both phases)	2026-09-29T14:36:32.6804130Z ........................................................................ [ 40%]
supportability (windows-x86_64)	clang-cl PGO build (gate tests on both phases)	2026-09-29T14:36:32.7398621Z ........................................................................ [ 43%]
supportability (windows-x86_64)	clang-cl PGO build (gate tests on both phases)	2026-09-29T14:36:32.8026453Z ........................................................................ [ 45%]
supportability (windows-x86_64)	clang-cl PGO build (gate tests on both phases)	2026-09-29T14:36:32.8675341Z ........................................................................ [ 47%]
supportability (windows-x86_64)	clang-cl PGO build (gate tests on both phases)	2026-09-29T14:36:32.9347828Z ........................................................................ [ 49%]
supportability (windows-x86_64)	clang-cl PGO build (gate tests on both phases)	2026-09-29T14:36:32.9764651Z .................................                                        [ 50%]
supportability (windows-x86_64)	clang-cl PGO build (gate tests on both phases)	2026-09-29T14:36:33.0946159Z tests\py\test_path_dispatch.py ................................          [ 51%]
supportability (windows-x86_64)	clang-cl PGO build (gate tests on both phases)	2026-09-29T14:36:33.0983258Z tests\py\test_py_tests_basetemp.py ..                                    [ 51%]
supportability (windows-x86_64)	clang-cl PGO build (gate tests on both phases)	2026-09-29T14:36:33.1009498Z tests\py\test_smoke.py ...                                               [ 52%]
supportability (windows-x86_64)	clang-cl PGO build (gate tests on both phases)	2026-09-29T14:36:34.0542655Z tests\unit\test_ab_analysis.py ......................................    [ 53%]
supportability (windows-x86_64)	clang-cl PGO build (gate tests on both phases)	2026-09-29T14:36:34.0726681Z tests\unit\test_build_manifest.py ...........                            [ 53%]
supportability (windows-x86_64)	clang-cl PGO build (gate tests on both phases)	2026-09-29T14:36:34.1224311Z tests\unit\test_canonical_builds.py ....                                 [ 53%]
supportability (windows-x86_64)	clang-cl PGO build (gate tests on both phases)	2026-09-29T14:36:34.6025156Z tests\unit\test_ci_fetch.py ........................                     [ 54%]
supportability (windows-x86_64)	clang-cl PGO build (gate tests on both phases)	2026-09-29T14:36:35.7587401Z tests\unit\test_ci_summary.py .......................                    [ 55%]
supportability (windows-x86_64)	clang-cl PGO build (gate tests on both phases)	2026-09-29T14:36:35.7827286Z tests\unit\test_config.py ...........................                    [ 56%]
supportability (windows-x86_64)	clang-cl PGO build (gate tests on both phases)	2026-09-29T14:36:35.8129270Z tests\unit\test_core_purity.py ....                                      [ 56%]
supportability (windows-x86_64)	clang-cl PGO build (gate tests on both phases)	2026-09-29T14:36:35.8417068Z tests\unit\test_cross_sample.py ......                                   [ 56%]
supportability (windows-x86_64)	clang-cl PGO build (gate tests on both phases)	2026-09-29T14:36:35.9038341Z tests\unit\test_dumps.py ............................................... [ 57%]
supportability (windows-x86_64)	clang-cl PGO build (gate tests on both phases)	2026-09-29T14:36:35.9275850Z ..........                                                               [ 58%]
supportability (windows-x86_64)	clang-cl PGO build (gate tests on both phases)	2026-09-29T14:36:35.9522629Z tests\unit\test_dumps_brace_fold.py .........                            [ 58%]
supportability (windows-x86_64)	clang-cl PGO build (gate tests on both phases)	2026-09-29T14:36:36.2911501Z tests\unit\test_dumps_cold_start.py ....                                 [ 58%]
supportability (windows-x86_64)	clang-cl PGO build (gate tests on both phases)	2026-09-29T14:36:36.3269522Z tests\unit\test_dumps_contract.py ...................................... [ 59%]
supportability (windows-x86_64)	clang-cl PGO build (gate tests on both phases)	2026-09-29T14:36:36.3988806Z .............................................................            [ 61%]
supportability (windows-x86_64)	clang-cl PGO build (gate tests on both phases)	2026-09-29T14:36:36.4425606Z tests\unit\test_dumps_cycles_fused.py .................................. [ 62%]
supportability (windows-x86_64)	clang-cl PGO build (gate tests on both phases)	2026-09-29T14:36:36.5157265Z ......................................................                   [ 64%]
supportability (windows-x86_64)	clang-cl PGO build (gate tests on both phases)	2026-09-29T14:36:36.9284312Z tests\unit\test_dumps_general_tables.py ............................     [ 65%]
supportability (windows-x86_64)	clang-cl PGO build (gate tests on both phases)	2026-09-29T14:36:37.7784844Z tests\unit\test_dumps_latch.py ............................              [ 66%]
supportability (windows-x86_64)	clang-cl PGO build (gate tests on both phases)	2026-09-29T14:36:37.9064441Z tests\unit\test_dumps_private_cache.py ................................  [ 67%]
supportability (windows-x86_64)	clang-cl PGO build (gate tests on both phases)	2026-09-29T14:36:39.0763472Z tests\unit\test_dumps_reentrancy.py .................................... [ 68%]
supportability (windows-x86_64)	clang-cl PGO build (gate tests on both phases)	2026-09-29T14:36:40.8088083Z ......................................................................   [ 70%]
supportability (windows-x86_64)	clang-cl PGO build (gate tests on both phases)	2026-09-29T14:36:41.8351607Z tests\unit\test_dumps_reentrancy_review.py ............................. [ 71%]
supportability (windows-x86_64)	clang-cl PGO build (gate tests on both phases)	2026-09-29T14:36:42.0702280Z ..                                                                       [ 71%]
supportability (windows-x86_64)	clang-cl PGO build (gate tests on both phases)	2026-09-29T14:36:42.1424077Z tests\unit\test_dumps_schema_failure.py ...........................      [ 72%]
supportability (windows-x86_64)	clang-cl PGO build (gate tests on both phases)	2026-09-29T14:36:42.8448025Z tests\unit\test_dumps_user_step_counter.py ..........................    [ 73%]
supportability (windows-x86_64)	clang-cl PGO build (gate tests on both phases)	2026-09-29T14:36:42.8755041Z tests\unit\test_dumps_with_default.py .................................. [ 74%]
supportability (windows-x86_64)	clang-cl PGO build (gate tests on both phases)	2026-09-29T14:36:42.9408129Z ........................................................................ [ 76%]
supportability (windows-x86_64)	clang-cl PGO build (gate tests on both phases)	2026-09-29T14:36:43.0982422Z .........................................................                [ 78%]
supportability (windows-x86_64)	clang-cl PGO build (gate tests on both phases)	2026-09-29T14:36:43.1230578Z tests\unit\test_dumps_with_default_state.py ............................ [ 79%]
supportability (windows-x86_64)	clang-cl PGO build (gate tests on both phases)	2026-09-29T14:36:43.2410354Z ........................................................................ [ 81%]
supportability (windows-x86_64)	clang-cl PGO build (gate tests on both phases)	2026-09-29T14:36:43.4783607Z ..............                                                           [ 81%]
supportability (windows-x86_64)	clang-cl PGO build (gate tests on both phases)	2026-09-29T14:36:45.7394261Z tests\unit\test_folder.py .....ss....................................... [ 83%]
supportability (windows-x86_64)	clang-cl PGO build (gate tests on both phases)	2026-09-29T14:36:47.7949896Z .........................................                                [ 84%]
supportability (windows-x86_64)	clang-cl PGO build (gate tests on both phases)	2026-09-29T14:36:47.8000623Z tests\unit\test_fused_verification.py ..                                 [ 84%]
supportability (windows-x86_64)	clang-cl PGO build (gate tests on both phases)	2026-09-29T14:36:47.8902512Z tests\unit\test_hook_build_scope.py ...............................      [ 85%]
supportability (windows-x86_64)	clang-cl PGO build (gate tests on both phases)	2026-09-29T14:36:48.0067162Z tests\unit\test_json_cursor.py ...........................               [ 86%]
supportability (windows-x86_64)	clang-cl PGO build (gate tests on both phases)	2026-09-29T14:36:48.0447234Z tests\unit\test_jsonpath.py ............................................ [ 87%]
supportability (windows-x86_64)	clang-cl PGO build (gate tests on both phases)	2026-09-29T14:36:48.3035264Z .......................................................................  [ 90%]
supportability (windows-x86_64)	clang-cl PGO build (gate tests on both phases)	2026-09-29T14:36:48.5807248Z tests\unit\test_load_dump.py ........................s.................. [ 91%]
supportability (windows-x86_64)	clang-cl PGO build (gate tests on both phases)	2026-09-29T14:36:48.5814566Z                                                                          [ 91%]
supportability (windows-x86_64)	clang-cl PGO build (gate tests on both phases)	2026-09-29T14:36:48.6188630Z tests\unit\test_loads.py ............................................... [ 92%]
supportability (windows-x86_64)	clang-cl PGO build (gate tests on both phases)	2026-09-29T14:36:48.7241649Z ........................................................................ [ 95%]
supportability (windows-x86_64)	clang-cl PGO build (gate tests on both phases)	2026-09-29T14:36:49.8160296Z ................                                                         [ 95%]
supportability (windows-x86_64)	clang-cl PGO build (gate tests on both phases)	2026-09-29T14:36:49.8303294Z tests\unit\test_native_interleaved_profile.py ...                        [ 95%]
supportability (windows-x86_64)	clang-cl PGO build (gate tests on both phases)	2026-09-29T14:36:49.9100220Z tests\unit\test_nested_container_probe.py ....                           [ 95%]
supportability (windows-x86_64)	clang-cl PGO build (gate tests on both phases)	2026-09-29T14:36:50.0561611Z tests\unit\test_path_dispatch.py ................................        [ 96%]
supportability (windows-x86_64)	clang-cl PGO build (gate tests on both phases)	2026-09-29T14:36:50.1604174Z tests\unit\test_provenance.py ..................                         [ 97%]
supportability (windows-x86_64)	clang-cl PGO build (gate tests on both phases)	2026-09-29T14:36:50.2747258Z tests\unit\test_regression_check.py ..........................           [ 98%]
supportability (windows-x86_64)	clang-cl PGO build (gate tests on both phases)	2026-09-29T14:36:50.4923851Z tests\unit\test_search_stream.py .................                       [ 98%]
supportability (windows-x86_64)	clang-cl PGO build (gate tests on both phases)	2026-09-29T14:36:50.4935465Z tests\unit\test_string_identity_probe.py .                               [ 98%]
supportability (windows-x86_64)	clang-cl PGO build (gate tests on both phases)	2026-09-29T14:36:50.6237133Z tests\unit\test_supplementary.py .............                           [ 99%]
supportability (windows-x86_64)	clang-cl PGO build (gate tests on both phases)	2026-09-29T14:36:50.7530817Z tests\unit\test_supportability_check.py ....................             [ 99%]
supportability (windows-x86_64)	clang-cl PGO build (gate tests on both phases)	2026-09-29T14:36:50.8724327Z tests\unit\test_version.py ....                                          [100%]
supportability (windows-x86_64)	clang-cl PGO build (gate tests on both phases)	2026-09-29T14:36:50.8725045Z 
supportability (windows-x86_64)	clang-cl PGO build (gate tests on both phases)	2026-09-29T14:36:50.8725238Z ====================== 3178 passed, 5 skipped in 21.57s =======================
supportability (windows-x86_64)	clang-cl PGO build (gate tests on both phases)	2026-09-29T14:36:51.4798966Z ==> PGO: merging 17 raw profiles
supportability (windows-x86_64)	clang-cl PGO build (gate tests on both phases)	2026-09-29T14:36:51.4802018Z + C:\Program Files\LLVM\bin\llvm-profdata.EXE merge -output=D:\a\strata\strata\build\pgo\strata.profdata D:\a\strata\strata\build\pgo\raw\1420.profraw D:\a\strata\strata\build\pgo\raw\1796.profraw D:\a\strata\strata\build\pgo\raw\2000.profraw D:\a\strata\strata\build\pgo\raw\2040.profraw D:\a\strata\strata\build\pgo\raw\2976.profraw D:\a\strata\strata\build\pgo\raw\3448.profraw D:\a\strata\strata\build\pgo\raw\4104.profraw D:\a\strata\strata\build\pgo\raw\4176.profraw D:\a\strata\strata\build\pgo\raw\4344.profraw D:\a\strata\strata\build\pgo\raw\516.profraw D:\a\strata\strata\build\pgo\raw\5160.profraw D:\a\strata\strata\build\pgo\raw\6736.profraw D:\a\strata\strata\build\pgo\raw\7236.profraw D:\a\strata\strata\build\pgo\raw\8160.profraw D:\a\strata\strata\build\pgo\raw\9492.profraw D:\a\strata\strata\build\pgo\raw\9564.profraw D:\a\strata\strata\build\pgo\raw\9588.profraw
supportability (windows-x86_64)	clang-cl PGO build (gate tests on both phases)	2026-09-29T14:36:51.5108025Z + C:\hostedtoolcache\windows\Python\3.12.10\x64\python.exe scripts/build_identity.py --profile D:\a\strata\strata\build\pgo\strata.profdata --raw D:\a\strata\strata\build\pgo\raw --recipe gate-inclusive-clang-cl-v1
supportability (windows-x86_64)	clang-cl PGO build (gate tests on both phases)	2026-09-29T14:36:51.6616731Z ==> PGO phase 2: optimized build (clang-cl, -fprofile-use)
supportability (windows-x86_64)	clang-cl PGO build (gate tests on both phases)	2026-09-29T14:36:51.6620891Z + C:\hostedtoolcache\windows\Python\3.12.10\x64\python.exe -m pip install --force-reinstall --no-deps -e .
supportability (windows-x86_64)	clang-cl PGO build (gate tests on both phases)	2026-09-29T14:36:52.7911461Z Obtaining file:///D:/a/strata/strata
supportability (windows-x86_64)	clang-cl PGO build (gate tests on both phases)	2026-09-29T14:36:52.7944102Z   Installing build dependencies: started
supportability (windows-x86_64)	clang-cl PGO build (gate tests on both phases)	2026-09-29T14:37:01.4935860Z   Installing build dependencies: finished with status 'done'
supportability (windows-x86_64)	clang-cl PGO build (gate tests on both phases)	2026-09-29T14:37:01.4954301Z   Checking if build backend supports build_editable: started
supportability (windows-x86_64)	clang-cl PGO build (gate tests on both phases)	2026-09-29T14:37:02.0432351Z   Checking if build backend supports build_editable: finished with status 'done'
supportability (windows-x86_64)	clang-cl PGO build (gate tests on both phases)	2026-09-29T14:37:02.0458936Z   Getting requirements to build editable: started
supportability (windows-x86_64)	clang-cl PGO build (gate tests on both phases)	2026-09-29T14:37:02.6924384Z   Getting requirements to build editable: finished with status 'done'
supportability (windows-x86_64)	clang-cl PGO build (gate tests on both phases)	2026-09-29T14:37:02.6955671Z   Preparing editable metadata (pyproject.toml): started
supportability (windows-x86_64)	clang-cl PGO build (gate tests on both phases)	2026-09-29T14:37:03.1169076Z   Preparing editable metadata (pyproject.toml): finished with status 'done'
supportability (windows-x86_64)	clang-cl PGO build (gate tests on both phases)	2026-09-29T14:37:03.1243227Z Building wheels for collected packages: strata
supportability (windows-x86_64)	clang-cl PGO build (gate tests on both phases)	2026-09-29T14:37:03.1270070Z   Building editable for strata (pyproject.toml): started
supportability (windows-x86_64)	clang-cl PGO build (gate tests on both phases)	2026-09-29T14:38:03.1565144Z   Building editable for strata (pyproject.toml): still running...
supportability (windows-x86_64)	clang-cl PGO build (gate tests on both phases)	2026-09-29T14:38:15.4108010Z   Building editable for strata (pyproject.toml): finished with status 'error'
supportability (windows-x86_64)	clang-cl PGO build (gate tests on both phases)	2026-09-29T14:38:15.4708673Z   error: subprocess-exited-with-error
supportability (windows-x86_64)	clang-cl PGO build (gate tests on both phases)	2026-09-29T14:38:15.4709297Z   
supportability (windows-x86_64)	clang-cl PGO build (gate tests on both phases)	2026-09-29T14:38:15.4710231Z   Building editable for strata (pyproject.toml) did not run successfully.
supportability (windows-x86_64)	clang-cl PGO build (gate tests on both phases)	2026-09-29T14:38:15.4711099Z   exit code: 1
supportability (windows-x86_64)	clang-cl PGO build (gate tests on both phases)	2026-09-29T14:38:15.4711504Z   
supportability (windows-x86_64)	clang-cl PGO build (gate tests on both phases)	2026-09-29T14:38:15.4711916Z   [870 lines of output]
supportability (windows-x86_64)	clang-cl PGO build (gate tests on both phases)	2026-09-29T14:38:15.4712361Z   running editable_wheel
supportability (windows-x86_64)	clang-cl PGO build (gate tests on both phases)	2026-09-29T14:38:15.4713617Z   creating C:\Users\runneradmin\AppData\Local\Temp\pip-ephem-wheel-cache-vp8b3xxc\wheels\b6\3b\c8\2f2ce7f33d27af776fa93be556bcd24459639b05d76b33473b\tmp_mdbwy6v\.tmp-t_7q0opy\strata.egg-info
supportability (windows-x86_64)	clang-cl PGO build (gate tests on both phases)	2026-09-29T14:38:15.4716028Z   writing C:\Users\runneradmin\AppData\Local\Temp\pip-ephem-wheel-cache-vp8b3xxc\wheels\b6\3b\c8\2f2ce7f33d27af776fa93be556bcd24459639b05d76b33473b\tmp_mdbwy6v\.tmp-t_7q0opy\strata.egg-info\PKG-INFO
supportability (windows-x86_64)	clang-cl PGO build (gate tests on both phases)	2026-09-29T14:38:15.4718550Z   writing dependency_links to C:\Users\runneradmin\AppData\Local\Temp\pip-ephem-wheel-cache-vp8b3xxc\wheels\b6\3b\c8\2f2ce7f33d27af776fa93be556bcd24459639b05d76b33473b\tmp_mdbwy6v\.tmp-t_7q0opy\strata.egg-info\dependency_links.txt
supportability (windows-x86_64)	clang-cl PGO build (gate tests on both phases)	2026-09-29T14:38:15.4721389Z   writing requirements to C:\Users\runneradmin\AppData\Local\Temp\pip-ephem-wheel-cache-vp8b3xxc\wheels\b6\3b\c8\2f2ce7f33d27af776fa93be556bcd24459639b05d76b33473b\tmp_mdbwy6v\.tmp-t_7q0opy\strata.egg-info\requires.txt
supportability (windows-x86_64)	clang-cl PGO build (gate tests on both phases)	2026-09-29T14:38:15.4724518Z   writing top-level names to C:\Users\runneradmin\AppData\Local\Temp\pip-ephem-wheel-cache-vp8b3xxc\wheels\b6\3b\c8\2f2ce7f33d27af776fa93be556bcd24459639b05d76b33473b\tmp_mdbwy6v\.tmp-t_7q0opy\strata.egg-info\top_level.txt
supportability (windows-x86_64)	clang-cl PGO build (gate tests on both phases)	2026-09-29T14:38:15.4727052Z   writing manifest file 'C:\Users\runneradmin\AppData\Local\Temp\pip-ephem-wheel-cache-vp8b3xxc\wheels\b6\3b\c8\2f2ce7f33d27af776fa93be556bcd24459639b05d76b33473b\tmp_mdbwy6v\.tmp-t_7q0opy\strata.egg-info\SOURCES.txt'
supportability (windows-x86_64)	clang-cl PGO build (gate tests on both phases)	2026-09-29T14:38:15.4729539Z   reading manifest file 'C:\Users\runneradmin\AppData\Local\Temp\pip-ephem-wheel-cache-vp8b3xxc\wheels\b6\3b\c8\2f2ce7f33d27af776fa93be556bcd24459639b05d76b33473b\tmp_mdbwy6v\.tmp-t_7q0opy\strata.egg-info\SOURCES.txt'
supportability (windows-x86_64)	clang-cl PGO build (gate tests on both phases)	2026-09-29T14:38:15.4731013Z   reading manifest template 'MANIFEST.in'
supportability (windows-x86_64)	clang-cl PGO build (gate tests on both phases)	2026-09-29T14:38:15.4731675Z   warning: no files found matching '*.c' under directory 'src'
supportability (windows-x86_64)	clang-cl PGO build (gate tests on both phases)	2026-09-29T14:38:15.4732444Z   warning: no files found matching '*.cc' under directory 'src'
supportability (windows-x86_64)	clang-cl PGO build (gate tests on both phases)	2026-09-29T14:38:15.4733118Z   warning: no files found matching '*.cxx' under directory 'src'
supportability (windows-x86_64)	clang-cl PGO build (gate tests on both phases)	2026-09-29T14:38:15.4733835Z   warning: no files found matching '*.hpp' under directory 'src'
supportability (windows-x86_64)	clang-cl PGO build (gate tests on both phases)	2026-09-29T14:38:15.4734512Z   warning: no files found matching '*.inc' under directory 'src'
supportability (windows-x86_64)	clang-cl PGO build (gate tests on both phases)	2026-09-29T14:38:15.4735257Z   warning: no files found matching '*.h' under directory 'tests'
supportability (windows-x86_64)	clang-cl PGO build (gate tests on both phases)	2026-09-29T14:38:15.4736271Z   warning: no files found matching '*.hpp' under directory 'tests'
supportability (windows-x86_64)	clang-cl PGO build (gate tests on both phases)	2026-09-29T14:38:15.4737252Z   warning: no files found matching '*.json' under directory 'tests'
supportability (windows-x86_64)	clang-cl PGO build (gate tests on both phases)	2026-09-29T14:38:15.4737864Z   adding license file 'LICENSE'
supportability (windows-x86_64)	clang-cl PGO build (gate tests on both phases)	2026-09-29T14:38:15.4739449Z   writing manifest file 'C:\Users\runneradmin\AppData\Local\Temp\pip-ephem-wheel-cache-vp8b3xxc\wheels\b6\3b\c8\2f2ce7f33d27af776fa93be556bcd24459639b05d76b33473b\tmp_mdbwy6v\.tmp-t_7q0opy\strata.egg-info\SOURCES.txt'
supportability (windows-x86_64)	clang-cl PGO build (gate tests on both phases)	2026-09-29T14:38:15.4742044Z   creating 'C:\Users\runneradmin\AppData\Local\Temp\pip-ephem-wheel-cache-vp8b3xxc\wheels\b6\3b\c8\2f2ce7f33d27af776fa93be556bcd24459639b05d76b33473b\tmp_mdbwy6v\.tmp-t_7q0opy\strata-2026.8.10.dist-info'
supportability (windows-x86_64)	clang-cl PGO build (gate tests on both phases)	2026-09-29T14:38:15.4744124Z   C:\Users\runneradmin\AppData\Local\Temp\pip-build-env-032hfklz\overlay\Lib\site-packages\setuptools\command\bdist_wheel.py:103: RuntimeWarning: Config variable 'Py_DEBUG' is unset, Python ABI tag may be incorrect
supportability (windows-x86_64)	clang-cl PGO build (gate tests on both phases)	2026-09-29T14:38:15.4745705Z     if get_flag("Py_DEBUG", hasattr(sys, "gettotalrefcount"), warn=(impl == "cp")):
supportability (windows-x86_64)	clang-cl PGO build (gate tests on both phases)	2026-09-29T14:38:15.4747355Z   creating C:\Users\runneradmin\AppData\Local\Temp\pip-ephem-wheel-cache-vp8b3xxc\wheels\b6\3b\c8\2f2ce7f33d27af776fa93be556bcd24459639b05d76b33473b\tmp_mdbwy6v\.tmp-t_7q0opy\strata-2026.8.10.dist-info\WHEEL
supportability (windows-x86_64)	clang-cl PGO build (gate tests on both phases)	2026-09-29T14:38:15.4748676Z   running build_py
supportability (windows-x86_64)	clang-cl PGO build (gate tests on both phases)	2026-09-29T14:38:15.4749055Z   running build_ext
supportability (windows-x86_64)	clang-cl PGO build (gate tests on both phases)	2026-09-29T14:38:15.4749442Z   
supportability (windows-x86_64)	clang-cl PGO build (gate tests on both phases)	2026-09-29T14:38:15.4749934Z   ======================================================================
supportability (windows-x86_64)	clang-cl PGO build (gate tests on both phases)	2026-09-29T14:38:15.4750638Z   GATE 1/2: C++ test suite (pre-build)
supportability (windows-x86_64)	clang-cl PGO build (gate tests on both phases)	2026-09-29T14:38:15.4751201Z   ======================================================================
supportability (windows-x86_64)	clang-cl PGO build (gate tests on both phases)	2026-09-29T14:38:15.4752121Z   + C:\hostedtoolcache\windows\Python\3.12.10\x64\python.exe D:\a\strata\strata\scripts\cpp_tests.py
supportability (windows-x86_64)	clang-cl PGO build (gate tests on both phases)	2026-09-29T14:38:15.4753478Z   + C:\Users\runneradmin\AppData\Local\Temp\pip-build-env-032hfklz\overlay\Scripts\cmake.EXE -S . -B build/cmake -DCMAKE_BUILD_TYPE=Release
supportability (windows-x86_64)	clang-cl PGO build (gate tests on both phases)	2026-09-29T14:38:15.4754504Z   -- Configuring done (0.0s)
supportability (windows-x86_64)	clang-cl PGO build (gate tests on both phases)	2026-09-29T14:38:15.4754971Z   -- Generating done (0.1s)
supportability (windows-x86_64)	clang-cl PGO build (gate tests on both phases)	2026-09-29T14:38:15.4755559Z   -- Build files have been written to: D:/a/strata/strata/build/cmake
supportability (windows-x86_64)	clang-cl PGO build (gate tests on both phases)	2026-09-29T14:38:15.4756678Z   + C:\Users\runneradmin\AppData\Local\Temp\pip-build-env-032hfklz\overlay\Scripts\cmake.EXE --build build/cmake --config Release
supportability (windows-x86_64)	clang-cl PGO build (gate tests on both phases)	2026-09-29T14:38:15.4757787Z   MSBuild version 18.10.1-1.26427.6+3cd27c13e for .NET Framework
supportability (windows-x86_64)	clang-cl PGO build (gate tests on both phases)	2026-09-29T14:38:15.4758385Z   
supportability (windows-x86_64)	clang-cl PGO build (gate tests on both phases)	2026-09-29T14:38:15.4759022Z     1>Checking Build System
supportability (windows-x86_64)	clang-cl PGO build (gate tests on both phases)	2026-09-29T14:38:15.4759556Z     Building Custom Rule D:/a/strata/strata/CMakeLists.txt
supportability (windows-x86_64)	clang-cl PGO build (gate tests on both phases)	2026-09-29T14:38:15.4760511Z     fast_parse_tests.vcxproj -> D:\a\strata\strata\build\cmake\Release\fast_parse_tests.exe
supportability (windows-x86_64)	clang-cl PGO build (gate tests on both phases)	2026-09-29T14:38:15.4761335Z     Building Custom Rule D:/a/strata/strata/CMakeLists.txt
supportability (windows-x86_64)	clang-cl PGO build (gate tests on both phases)	2026-09-29T14:38:15.4762537Z     float_precision_tests.vcxproj -> D:\a\strata\strata\build\cmake\Release\float_precision_tests.exe
supportability (windows-x86_64)	clang-cl PGO build (gate tests on both phases)	2026-09-29T14:38:15.4763439Z     Building Custom Rule D:/a/strata/strata/CMakeLists.txt
supportability (windows-x86_64)	clang-cl PGO build (gate tests on both phases)	2026-09-29T14:38:15.4764204Z     folder_tests.vcxproj -> D:\a\strata\strata\build\cmake\Release\folder_tests.exe
supportability (windows-x86_64)	clang-cl PGO build (gate tests on both phases)	2026-09-29T14:38:15.4764980Z     Building Custom Rule D:/a/strata/strata/CMakeLists.txt
supportability (windows-x86_64)	clang-cl PGO build (gate tests on both phases)	2026-09-29T14:38:15.4765828Z     fuzz_corpus_tests.vcxproj -> D:\a\strata\strata\build\cmake\Release\fuzz_corpus_tests.exe
supportability (windows-x86_64)	clang-cl PGO build (gate tests on both phases)	2026-09-29T14:38:15.4766695Z     Building Custom Rule D:/a/strata/strata/CMakeLists.txt
supportability (windows-x86_64)	clang-cl PGO build (gate tests on both phases)	2026-09-29T14:38:15.4767509Z     json_core_tests.vcxproj -> D:\a\strata\strata\build\cmake\Release\json_core_tests.exe
supportability (windows-x86_64)	clang-cl PGO build (gate tests on both phases)	2026-09-29T14:38:15.4768277Z     Building Custom Rule D:/a/strata/strata/CMakeLists.txt
supportability (windows-x86_64)	clang-cl PGO build (gate tests on both phases)	2026-09-29T14:38:15.4769102Z     json_cursor_tests.vcxproj -> D:\a\strata\strata\build\cmake\Release\json_cursor_tests.exe
supportability (windows-x86_64)	clang-cl PGO build (gate tests on both phases)	2026-09-29T14:38:15.4769916Z     Building Custom Rule D:/a/strata/strata/CMakeLists.txt
supportability (windows-x86_64)	clang-cl PGO build (gate tests on both phases)	2026-09-29T14:38:15.4770713Z     json_parse_tests.vcxproj -> D:\a\strata\strata\build\cmake\Release\json_parse_tests.exe
supportability (windows-x86_64)	clang-cl PGO build (gate tests on both phases)	2026-09-29T14:38:15.4771566Z     Building Custom Rule D:/a/strata/strata/CMakeLists.txt
supportability (windows-x86_64)	clang-cl PGO build (gate tests on both phases)	2026-09-29T14:38:15.4772461Z     json_serialize_tests.vcxproj -> D:\a\strata\strata\build\cmake\Release\json_serialize_tests.exe
supportability (windows-x86_64)	clang-cl PGO build (gate tests on both phases)	2026-09-29T14:38:15.4773324Z     Building Custom Rule D:/a/strata/strata/CMakeLists.txt
supportability (windows-x86_64)	clang-cl PGO build (gate tests on both phases)	2026-09-29T14:38:15.4774191Z     jsonpath_stream_tests.vcxproj -> D:\a\strata\strata\build\cmake\Release\jsonpath_stream_tests.exe
supportability (windows-x86_64)	clang-cl PGO build (gate tests on both phases)	2026-09-29T14:38:15.4775092Z     Building Custom Rule D:/a/strata/strata/CMakeLists.txt
supportability (windows-x86_64)	clang-cl PGO build (gate tests on both phases)	2026-09-29T14:38:15.4775887Z     jsonpath_tests.vcxproj -> D:\a\strata\strata\build\cmake\Release\jsonpath_tests.exe
supportability (windows-x86_64)	clang-cl PGO build (gate tests on both phases)	2026-09-29T14:38:15.4776692Z     Building Custom Rule D:/a/strata/strata/CMakeLists.txt
supportability (windows-x86_64)	clang-cl PGO build (gate tests on both phases)	2026-09-29T14:38:15.4777463Z     ndjson_tests.vcxproj -> D:\a\strata\strata\build\cmake\Release\ndjson_tests.exe
supportability (windows-x86_64)	clang-cl PGO build (gate tests on both phases)	2026-09-29T14:38:15.4778221Z     Building Custom Rule D:/a/strata/strata/CMakeLists.txt
supportability (windows-x86_64)	clang-cl PGO build (gate tests on both phases)	2026-09-29T14:38:15.4779017Z     scan_tests.vcxproj -> D:\a\strata\strata\build\cmake\Release\scan_tests.exe
supportability (windows-x86_64)	clang-cl PGO build (gate tests on both phases)	2026-09-29T14:38:15.4779787Z     Building Custom Rule D:/a/strata/strata/CMakeLists.txt
supportability (windows-x86_64)	clang-cl PGO build (gate tests on both phases)	2026-09-29T14:38:15.4780417Z     smoke_tests.vcxproj -> D:\a\strata\strata\build\cmake\Release\smoke_tests.exe
supportability (windows-x86_64)	clang-cl PGO build (gate tests on both phases)	2026-09-29T14:38:15.4781190Z     Building Custom Rule D:/a/strata/strata/CMakeLists.txt
supportability (windows-x86_64)	clang-cl PGO build (gate tests on both phases)	2026-09-29T14:38:15.4782281Z     stress_deep_tests.vcxproj -> D:\a\strata\strata\build\cmake\Release\stress_deep_tests.exe
supportability (windows-x86_64)	clang-cl PGO build (gate tests on both phases)	2026-09-29T14:38:15.4783024Z     Building Custom Rule D:/a/strata/strata/CMakeLists.txt
supportability (windows-x86_64)	clang-cl PGO build (gate tests on both phases)	2026-09-29T14:38:15.4783734Z     temporal_tests.vcxproj -> D:\a\strata\strata\build\cmake\Release\temporal_tests.exe
supportability (windows-x86_64)	clang-cl PGO build (gate tests on both phases)	2026-09-29T14:38:15.4784454Z     Building Custom Rule D:/a/strata/strata/CMakeLists.txt
supportability (windows-x86_64)	clang-cl PGO build (gate tests on both phases)	2026-09-29T14:38:15.4785196Z     value_cursor_tests.vcxproj -> D:\a\strata\strata\build\cmake\Release\value_cursor_tests.exe
supportability (windows-x86_64)	clang-cl PGO build (gate tests on both phases)	2026-09-29T14:38:15.4785941Z     Building Custom Rule D:/a/strata/strata/CMakeLists.txt
supportability (windows-x86_64)	clang-cl PGO build (gate tests on both phases)	2026-09-29T14:38:15.4787217Z   + C:\Users\runneradmin\AppData\Local\Temp\pip-build-env-032hfklz\overlay\Scripts\ctest.EXE --test-dir build/cmake --build-config Release --output-on-failure --no-tests=error
supportability (windows-x86_64)	clang-cl PGO build (gate tests on both phases)	2026-09-29T14:38:15.4788478Z   Test project D:/a/strata/strata/build/cmake
supportability (windows-x86_64)	clang-cl PGO build (gate tests on both phases)	2026-09-29T14:38:15.4788954Z         Start  1: smoke_tests
supportability (windows-x86_64)	clang-cl PGO build (gate tests on both phases)	2026-09-29T14:38:15.4789471Z    1/16 Test  #1: smoke_tests ......................   Passed    0.01 sec
supportability (windows-x86_64)	clang-cl PGO build (gate tests on both phases)	2026-09-29T14:38:15.4790035Z         Start  2: json_core_tests
supportability (windows-x86_64)	clang-cl PGO build (gate tests on both phases)	2026-09-29T14:38:15.4790562Z    2/16 Test  #2: json_core_tests ..................   Passed    0.01 sec
supportability (windows-x86_64)	clang-cl PGO build (gate tests on both phases)	2026-09-29T14:38:15.4791328Z         Start  3: json_parse_tests
supportability (windows-x86_64)	clang-cl PGO build (gate tests on both phases)	2026-09-29T14:38:15.4791839Z    3/16 Test  #3: json_parse_tests .................   Passed    0.01 sec
supportability (windows-x86_64)	clang-cl PGO build (gate tests on both phases)	2026-09-29T14:38:15.4793383Z         Start  4: fast_parse_tests
supportability (windows-x86_64)	clang-cl PGO build (gate tests on both phases)	2026-09-29T14:38:15.4793881Z    4/16 Test  #4: fast_parse_tests .................   Passed    0.12 sec
supportability (windows-x86_64)	clang-cl PGO build (gate tests on both phases)	2026-09-29T14:38:15.4794427Z         Start  5: value_cursor_tests
supportability (windows-x86_64)	clang-cl PGO build (gate tests on both phases)	2026-09-29T14:38:15.4794953Z    5/16 Test  #5: value_cursor_tests ...............   Passed    0.02 sec
supportability (windows-x86_64)	clang-cl PGO build (gate tests on both phases)	2026-09-29T14:38:15.4795549Z         Start  6: json_serialize_tests
supportability (windows-x86_64)	clang-cl PGO build (gate tests on both phases)	2026-09-29T14:38:15.4796072Z    6/16 Test  #6: json_serialize_tests .............   Passed    0.01 sec
supportability (windows-x86_64)	clang-cl PGO build (gate tests on both phases)	2026-09-29T14:38:15.4796641Z         Start  7: float_precision_tests
supportability (windows-x86_64)	clang-cl PGO build (gate tests on both phases)	2026-09-29T14:38:15.4797182Z    7/16 Test  #7: float_precision_tests ............   Passed    4.07 sec
supportability (windows-x86_64)	clang-cl PGO build (gate tests on both phases)	2026-09-29T14:38:15.4797723Z         Start  8: json_cursor_tests
supportability (windows-x86_64)	clang-cl PGO build (gate tests on both phases)	2026-09-29T14:38:15.4798129Z    8/16 Test  #8: json_cursor_tests ................   Passed    0.01 sec
supportability (windows-x86_64)	clang-cl PGO build (gate tests on both phases)	2026-09-29T14:38:15.4798634Z         Start  9: ndjson_tests
supportability (windows-x86_64)	clang-cl PGO build (gate tests on both phases)	2026-09-29T14:38:15.4799855Z    9/16 Test  #9: ndjson_tests .....................   Passed    0.01 sec
supportability (windows-x86_64)	clang-cl PGO build (gate tests on both phases)	2026-09-29T14:38:15.4800474Z         Start 10: jsonpath_tests
supportability (windows-x86_64)	clang-cl PGO build (gate tests on both phases)	2026-09-29T14:38:15.4800990Z   10/16 Test #10: jsonpath_tests ...................   Passed    0.01 sec
supportability (windows-x86_64)	clang-cl PGO build (gate tests on both phases)	2026-09-29T14:38:15.4801560Z         Start 11: jsonpath_stream_tests
supportability (windows-x86_64)	clang-cl PGO build (gate tests on both phases)	2026-09-29T14:38:15.4802104Z   11/16 Test #11: jsonpath_stream_tests ............   Passed    0.01 sec
supportability (windows-x86_64)	clang-cl PGO build (gate tests on both phases)	2026-09-29T14:38:15.4802654Z         Start 12: scan_tests
supportability (windows-x86_64)	clang-cl PGO build (gate tests on both phases)	2026-09-29T14:38:15.4803135Z   12/16 Test #12: scan_tests .......................   Passed    0.03 sec
supportability (windows-x86_64)	clang-cl PGO build (gate tests on both phases)	2026-09-29T14:38:15.4803717Z         Start 13: temporal_tests
supportability (windows-x86_64)	clang-cl PGO build (gate tests on both phases)	2026-09-29T14:38:15.4804209Z   13/16 Test #13: temporal_tests ...................   Passed    0.01 sec
supportability (windows-x86_64)	clang-cl PGO build (gate tests on both phases)	2026-09-29T14:38:15.4804748Z         Start 14: folder_tests
supportability (windows-x86_64)	clang-cl PGO build (gate tests on both phases)	2026-09-29T14:38:15.4805247Z   14/16 Test #14: folder_tests .....................   Passed    0.07 sec
supportability (windows-x86_64)	clang-cl PGO build (gate tests on both phases)	2026-09-29T14:38:15.4805821Z         Start 15: fuzz_corpus_tests
supportability (windows-x86_64)	clang-cl PGO build (gate tests on both phases)	2026-09-29T14:38:15.4806331Z   15/16 Test #15: fuzz_corpus_tests ................   Passed    0.01 sec
supportability (windows-x86_64)	clang-cl PGO build (gate tests on both phases)	2026-09-29T14:38:15.4806891Z         Start 16: stress_deep_tests
supportability (windows-x86_64)	clang-cl PGO build (gate tests on both phases)	2026-09-29T14:38:15.4807397Z   16/16 Test #16: stress_deep_tests ................   Passed    0.01 sec
supportability (windows-x86_64)	clang-cl PGO build (gate tests on both phases)	2026-09-29T14:38:15.4807926Z   
supportability (windows-x86_64)	clang-cl PGO build (gate tests on both phases)	2026-09-29T14:38:15.4808221Z   100% tests passed out of 16
supportability (windows-x86_64)	clang-cl PGO build (gate tests on both phases)	2026-09-29T14:38:15.4808576Z   
supportability (windows-x86_64)	clang-cl PGO build (gate tests on both phases)	2026-09-29T14:38:15.4808872Z   Total Test time (real) =   4.42 sec
supportability (windows-x86_64)	clang-cl PGO build (gate tests on both phases)	2026-09-29T14:38:15.4809263Z   
supportability (windows-x86_64)	clang-cl PGO build (gate tests on both phases)	2026-09-29T14:38:15.4809583Z   ======================================================================
supportability (windows-x86_64)	clang-cl PGO build (gate tests on both phases)	2026-09-29T14:38:15.4810217Z   Building the strata._strata and strata._dumps_hook extensions
supportability (windows-x86_64)	clang-cl PGO build (gate tests on both phases)	2026-09-29T14:38:15.4810822Z   ======================================================================
supportability (windows-x86_64)	clang-cl PGO build (gate tests on both phases)	2026-09-29T14:38:15.4811500Z   + compiling with C:\Program Files\LLVM\bin\clang-cl.EXE, plain /O2 (no LTCG)
supportability (windows-x86_64)	clang-cl PGO build (gate tests on both phases)	2026-09-29T14:38:15.4812146Z   building 'strata._strata' extension
supportability (windows-x86_64)	clang-cl PGO build (gate tests on both phases)	2026-09-29T14:38:15.4818979Z   "C:\Program Files\LLVM\bin\clang-cl.EXE" /c /nologo /O2 /W3 /DNDEBUG /MD -Iinclude -IC:\hostedtoolcache\windows\Python\3.12.10\x64\Include -IC:\hostedtoolcache\windows\Python\3.12.10\x64\include -IC:\hostedtoolcache\windows\Python\3.12.10\x64\Include "-IC:\Program Files\Microsoft Visual Studio\18\Enterprise\VC\Tools\MSVC\14.51.36231\include" "-IC:\Program Files\Microsoft Visual Studio\18\Enterprise\VC\Tools\MSVC\14.51.36231\ATLMFC\include" "-IC:\Program Files\Microsoft Visual Studio\18\Enterprise\VC\Auxiliary\VS\include" "-IC:\Program Files (x86)\Windows Kits\10\include\10.0.26100.0\ucrt" "-IC:\Program Files (x86)\Windows Kits\10\\include\10.0.26100.0\\um" "-IC:\Program Files (x86)\Windows Kits\10\\include\10.0.26100.0\\shared" "-IC:\Program Files (x86)\Windows Kits\10\\include\10.0.26100.0\\winrt" "-IC:\Program Files (x86)\Windows Kits\10\\include\10.0.26100.0\\cppwinrt" "-IC:\Program Files (x86)\Windows Kits\NETFXSDK\4.8.1\include\um" /EHsc /Tpsrc/strata/bindings/python_document.cpp /FoC:\Users\RUNNER~1\AppData\Local\Temp\tmplpptrfrq.build-temp\Release\src\strata\bindings\python_document.obj /std:c++20 /O2 /Zc:__cplusplus /D_USE_STD_VECTOR_ALGORITHMS=0 /arch:AVX2 /clang:-O3 /clang:-fprofile-use=D:\a\strata\strata\build\pgo\strata.profdata
supportability (windows-x86_64)	clang-cl PGO build (gate tests on both phases)	2026-09-29T14:38:15.4831966Z   "C:\Program Files\LLVM\bin\clang-cl.EXE" /c /nologo /O2 /W3 /DNDEBUG /MD -Iinclude -IC:\hostedtoolcache\windows\Python\3.12.10\x64\Include -IC:\hostedtoolcache\windows\Python\3.12.10\x64\include -IC:\hostedtoolcache\windows\Python\3.12.10\x64\Include "-IC:\Program Files\Microsoft Visual Studio\18\Enterprise\VC\Tools\MSVC\14.51.36231\include" "-IC:\Program Files\Microsoft Visual Studio\18\Enterprise\VC\Tools\MSVC\14.51.36231\ATLMFC\include" "-IC:\Program Files\Microsoft Visual Studio\18\Enterprise\VC\Auxiliary\VS\include" "-IC:\Program Files (x86)\Windows Kits\10\include\10.0.26100.0\ucrt" "-IC:\Program Files (x86)\Windows Kits\10\\include\10.0.26100.0\\um" "-IC:\Program Files (x86)\Windows Kits\10\\include\10.0.26100.0\\shared" "-IC:\Program Files (x86)\Windows Kits\10\\include\10.0.26100.0\\winrt" "-IC:\Program Files (x86)\Windows Kits\10\\include\10.0.26100.0\\cppwinrt" "-IC:\Program Files (x86)\Windows Kits\NETFXSDK\4.8.1\include\um" /EHsc /Tpsrc/strata/bindings/python_dumps.cpp /FoC:\Users\RUNNER~1\AppData\Local\Temp\tmplpptrfrq.build-temp\Release\src\strata\bindings\python_dumps.obj /std:c++20 /O2 /Zc:__cplusplus /D_USE_STD_VECTOR_ALGORITHMS=0 /arch:AVX2 /clang:-O3 /clang:-fprofile-use=D:\a\strata\strata\build\pgo\strata.profdata
supportability (windows-x86_64)	clang-cl PGO build (gate tests on both phases)	2026-09-29T14:38:15.4844832Z   "C:\Program Files\LLVM\bin\clang-cl.EXE" /c /nologo /O2 /W3 /DNDEBUG /MD -Iinclude -IC:\hostedtoolcache\windows\Python\3.12.10\x64\Include -IC:\hostedtoolcache\windows\Python\3.12.10\x64\include -IC:\hostedtoolcache\windows\Python\3.12.10\x64\Include "-IC:\Program Files\Microsoft Visual Studio\18\Enterprise\VC\Tools\MSVC\14.51.36231\include" "-IC:\Program Files\Microsoft Visual Studio\18\Enterprise\VC\Tools\MSVC\14.51.36231\ATLMFC\include" "-IC:\Program Files\Microsoft Visual Studio\18\Enterprise\VC\Auxiliary\VS\include" "-IC:\Program Files (x86)\Windows Kits\10\include\10.0.26100.0\ucrt" "-IC:\Program Files (x86)\Windows Kits\10\\include\10.0.26100.0\\um" "-IC:\Program Files (x86)\Windows Kits\10\\include\10.0.26100.0\\shared" "-IC:\Program Files (x86)\Windows Kits\10\\include\10.0.26100.0\\winrt" "-IC:\Program Files (x86)\Windows Kits\10\\include\10.0.26100.0\\cppwinrt" "-IC:\Program Files (x86)\Windows Kits\NETFXSDK\4.8.1\include\um" /EHsc /Tpsrc/strata/bindings/python_files.cpp /FoC:\Users\RUNNER~1\AppData\Local\Temp\tmplpptrfrq.build-temp\Release\src\strata\bindings\python_files.obj /std:c++20 /O2 /Zc:__cplusplus /D_USE_STD_VECTOR_ALGORITHMS=0 /arch:AVX2 /clang:-O3 /clang:-fprofile-use=D:\a\strata\strata\build\pgo\strata.profdata
supportability (windows-x86_64)	clang-cl PGO build (gate tests on both phases)	2026-09-29T14:38:15.4852755Z   src/strata/bindings/python_files.cpp(119,22): warning: '_open' is deprecated: This function or variable may be unsafe. Consider using _sopen_s instead. To disable deprecation, use _CRT_SECURE_NO_WARNINGS. See online help for details. [-Wdeprecated-declarations]
supportability (windows-x86_64)	clang-cl PGO build (gate tests on both phases)	2026-09-29T14:38:15.4854633Z     119 |     const int fd = ::_open(path, _O_RDONLY | _O_BINARY | _O_NOINHERIT);
supportability (windows-x86_64)	clang-cl PGO build (gate tests on both phases)	2026-09-29T14:38:15.4855200Z         |                      ^
supportability (windows-x86_64)	clang-cl PGO build (gate tests on both phases)	2026-09-29T14:38:15.4856098Z   C:\Program Files (x86)\Windows Kits\10\Include\10.0.26100.0\ucrt\corecrt_io.h(391,37): note: '_open' has been explicitly marked deprecated here
supportability (windows-x86_64)	clang-cl PGO build (gate tests on both phases)	2026-09-29T14:38:15.4857207Z     391 |         extern "C++" _Check_return_ _CRT_INSECURE_DEPRECATE(_sopen_s)
supportability (windows-x86_64)	clang-cl PGO build (gate tests on both phases)	2026-09-29T14:38:15.4857793Z         |                                     ^
supportability (windows-x86_64)	clang-cl PGO build (gate tests on both phases)	2026-09-29T14:38:15.4858844Z   C:\Program Files\Microsoft Visual Studio\18\Enterprise\VC\Tools\MSVC\14.51.36231\include\vcruntime.h(358,55): note: expanded from macro '_CRT_INSECURE_DEPRECATE'
supportability (windows-x86_64)	clang-cl PGO build (gate tests on both phases)	2026-09-29T14:38:15.4860425Z     358 |         #define _CRT_INSECURE_DEPRECATE(_Replacement) _CRT_DEPRECATE_TEXT(    \
supportability (windows-x86_64)	clang-cl PGO build (gate tests on both phases)	2026-09-29T14:38:15.4861078Z         |                                                       ^
supportability (windows-x86_64)	clang-cl PGO build (gate tests on both phases)	2026-09-29T14:38:15.4862347Z   C:\Program Files\Microsoft Visual Studio\18\Enterprise\VC\Tools\MSVC\14.51.36231\include\vcruntime.h(348,47): note: expanded from macro '_CRT_DEPRECATE_TEXT'
supportability (windows-x86_64)	clang-cl PGO build (gate tests on both phases)	2026-09-29T14:38:15.4863622Z     348 | #define _CRT_DEPRECATE_TEXT(_Text) __declspec(deprecated(_Text))
supportability (windows-x86_64)	clang-cl PGO build (gate tests on both phases)	2026-09-29T14:38:15.4864214Z         |                                               ^
supportability (windows-x86_64)	clang-cl PGO build (gate tests on both phases)	2026-09-29T14:38:15.4865835Z   src/strata/bindings/python_files.cpp(359,22): warning: '_open' is deprecated: This function or variable may be unsafe. Consider using _sopen_s instead. To disable deprecation, use _CRT_SECURE_NO_WARNINGS. See online help for details. [-Wdeprecated-declarations]
supportability (windows-x86_64)	clang-cl PGO build (gate tests on both phases)	2026-09-29T14:38:15.4867672Z     359 |     const int fd = ::_open(path, _O_WRONLY | _O_CREAT | _O_TRUNC | _O_BINARY | _O_NOINHERIT,
supportability (windows-x86_64)	clang-cl PGO build (gate tests on both phases)	2026-09-29T14:38:15.4868348Z         |                      ^
supportability (windows-x86_64)	clang-cl PGO build (gate tests on both phases)	2026-09-29T14:38:15.4869219Z   C:\Program Files (x86)\Windows Kits\10\Include\10.0.26100.0\ucrt\corecrt_io.h(391,37): note: '_open' has been explicitly marked deprecated here
supportability (windows-x86_64)	clang-cl PGO build (gate tests on both phases)	2026-09-29T14:38:15.4870277Z     391 |         extern "C++" _Check_return_ _CRT_INSECURE_DEPRECATE(_sopen_s)
supportability (windows-x86_64)	clang-cl PGO build (gate tests on both phases)	2026-09-29T14:38:15.4870853Z         |                                     ^
supportability (windows-x86_64)	clang-cl PGO build (gate tests on both phases)	2026-09-29T14:38:15.4871882Z   C:\Program Files\Microsoft Visual Studio\18\Enterprise\VC\Tools\MSVC\14.51.36231\include\vcruntime.h(358,55): note: expanded from macro '_CRT_INSECURE_DEPRECATE'
supportability (windows-x86_64)	clang-cl PGO build (gate tests on both phases)	2026-09-29T14:38:15.4873135Z     358 |         #define _CRT_INSECURE_DEPRECATE(_Replacement) _CRT_DEPRECATE_TEXT(    \
supportability (windows-x86_64)	clang-cl PGO build (gate tests on both phases)	2026-09-29T14:38:15.4873795Z         |                                                       ^
supportability (windows-x86_64)	clang-cl PGO build (gate tests on both phases)	2026-09-29T14:38:15.4874802Z   C:\Program Files\Microsoft Visual Studio\18\Enterprise\VC\Tools\MSVC\14.51.36231\include\vcruntime.h(348,47): note: expanded from macro '_CRT_DEPRECATE_TEXT'
supportability (windows-x86_64)	clang-cl PGO build (gate tests on both phases)	2026-09-29T14:38:15.4875947Z     348 | #define _CRT_DEPRECATE_TEXT(_Text) __declspec(deprecated(_Text))
supportability (windows-x86_64)	clang-cl PGO build (gate tests on both phases)	2026-09-29T14:38:15.4876544Z         |                                               ^
supportability (windows-x86_64)	clang-cl PGO build (gate tests on both phases)	2026-09-29T14:38:15.4876997Z   2 warnings generated.
supportability (windows-x86_64)	clang-cl PGO build (gate tests on both phases)	2026-09-29T14:38:15.4883762Z   "C:\Program Files\LLVM\bin\clang-cl.EXE" /c /nologo /O2 /W3 /DNDEBUG /MD -Iinclude -IC:\hostedtoolcache\windows\Python\3.12.10\x64\Include -IC:\hostedtoolcache\windows\Python\3.12.10\x64\include -IC:\hostedtoolcache\windows\Python\3.12.10\x64\Include "-IC:\Program Files\Microsoft Visual Studio\18\Enterprise\VC\Tools\MSVC\14.51.36231\include" "-IC:\Program Files\Microsoft Visual Studio\18\Enterprise\VC\Tools\MSVC\14.51.36231\ATLMFC\include" "-IC:\Program Files\Microsoft Visual Studio\18\Enterprise\VC\Auxiliary\VS\include" "-IC:\Program Files (x86)\Windows Kits\10\include\10.0.26100.0\ucrt" "-IC:\Program Files (x86)\Windows Kits\10\\include\10.0.26100.0\\um" "-IC:\Program Files (x86)\Windows Kits\10\\include\10.0.26100.0\\shared" "-IC:\Program Files (x86)\Windows Kits\10\\include\10.0.26100.0\\winrt" "-IC:\Program Files (x86)\Windows Kits\10\\include\10.0.26100.0\\cppwinrt" "-IC:\Program Files (x86)\Windows Kits\NETFXSDK\4.8.1\include\um" /EHsc /Tpsrc/strata/bindings/python_folder.cpp /FoC:\Users\RUNNER~1\AppData\Local\Temp\tmplpptrfrq.build-temp\Release\src\strata\bindings\python_folder.obj /std:c++20 /O2 /Zc:__cplusplus /D_USE_STD_VECTOR_ALGORITHMS=0 /arch:AVX2 /clang:-O3 /clang:-fprofile-use=D:\a\strata\strata\build\pgo\strata.profdata
supportability (windows-x86_64)	clang-cl PGO build (gate tests on both phases)	2026-09-29T14:38:15.4896743Z   "C:\Program Files\LLVM\bin\clang-cl.EXE" /c /nologo /O2 /W3 /DNDEBUG /MD -Iinclude -IC:\hostedtoolcache\windows\Python\3.12.10\x64\Include -IC:\hostedtoolcache\windows\Python\3.12.10\x64\include -IC:\hostedtoolcache\windows\Python\3.12.10\x64\Include "-IC:\Program Files\Microsoft Visual Studio\18\Enterprise\VC\Tools\MSVC\14.51.36231\include" "-IC:\Program Files\Microsoft Visual Studio\18\Enterprise\VC\Tools\MSVC\14.51.36231\ATLMFC\include" "-IC:\Program Files\Microsoft Visual Studio\18\Enterprise\VC\Auxiliary\VS\include" "-IC:\Program Files (x86)\Windows Kits\10\include\10.0.26100.0\ucrt" "-IC:\Program Files (x86)\Windows Kits\10\\include\10.0.26100.0\\um" "-IC:\Program Files (x86)\Windows Kits\10\\include\10.0.26100.0\\shared" "-IC:\Program Files (x86)\Windows Kits\10\\include\10.0.26100.0\\winrt" "-IC:\Program Files (x86)\Windows Kits\10\\include\10.0.26100.0\\cppwinrt" "-IC:\Program Files (x86)\Windows Kits\NETFXSDK\4.8.1\include\um" /EHsc /Tpsrc/strata/bindings/python_jsonpath.cpp /FoC:\Users\RUNNER~1\AppData\Local\Temp\tmplpptrfrq.build-temp\Release\src\strata\bindings\python_jsonpath.obj /std:c++20 /O2 /Zc:__cplusplus /D_USE_STD_VECTOR_ALGORITHMS=0 /arch:AVX2 /clang:-O3 /clang:-fprofile-use=D:\a\strata\strata\build\pgo\strata.profdata
supportability (windows-x86_64)	clang-cl PGO build (gate tests on both phases)	2026-09-29T14:38:15.4905068Z   In file included from src/strata/bindings/python_jsonpath.cpp:18:
supportability (windows-x86_64)	clang-cl PGO build (gate tests on both phases)	2026-09-29T14:38:15.4906414Z   src/strata/bindings\python_builder.h(38,22): warning: '_PyDict_NewPresized' redeclared without 'dllimport' attribute: previous 'dllimport' ignored [-Winconsistent-dllimport]
supportability (windows-x86_64)	clang-cl PGO build (gate tests on both phases)	2026-09-29T14:38:15.4907656Z      38 | extern "C" PyObject* _PyDict_NewPresized(Py_ssize_t minused);
supportability (windows-x86_64)	clang-cl PGO build (gate tests on both phases)	2026-09-29T14:38:15.4908183Z         |                      ^
supportability (windows-x86_64)	clang-cl PGO build (gate tests on both phases)	2026-09-29T14:38:15.4908914Z   C:\hostedtoolcache\windows\Python\3.12.10\x64\Include\cpython/dictobject.h(63,24): note: previous declaration is here
supportability (windows-x86_64)	clang-cl PGO build (gate tests on both phases)	2026-09-29T14:38:15.4909861Z      63 | PyAPI_FUNC(PyObject *) _PyDict_NewPresized(Py_ssize_t minused);
supportability (windows-x86_64)	clang-cl PGO build (gate tests on both phases)	2026-09-29T14:38:15.4910394Z         |                        ^
supportability (windows-x86_64)	clang-cl PGO build (gate tests on both phases)	2026-09-29T14:38:15.4911148Z   C:\hostedtoolcache\windows\Python\3.12.10\x64\Include\cpython/dictobject.h(63,1): note: previous attribute is here
supportability (windows-x86_64)	clang-cl PGO build (gate tests on both phases)	2026-09-29T14:38:15.4912088Z      63 | PyAPI_FUNC(PyObject *) _PyDict_NewPresized(Py_ssize_t minused);
supportability (windows-x86_64)	clang-cl PGO build (gate tests on both phases)	2026-09-29T14:38:15.4912625Z         | ^
supportability (windows-x86_64)	clang-cl PGO build (gate tests on both phases)	2026-09-29T14:38:15.4913262Z   C:\hostedtoolcache\windows\Python\3.12.10\x64\Include\pyport.h(528,58): note: expanded from macro 'PyAPI_FUNC'
supportability (windows-x86_64)	clang-cl PGO build (gate tests on both phases)	2026-09-29T14:38:15.4914169Z     528 | #                               define PyAPI_FUNC(RTYPE) Py_IMPORTED_SYMBOL RTYPE
supportability (windows-x86_64)	clang-cl PGO build (gate tests on both phases)	2026-09-29T14:38:15.4914890Z         |                                                          ^
supportability (windows-x86_64)	clang-cl PGO build (gate tests on both phases)	2026-09-29T14:38:15.4915821Z   C:\hostedtoolcache\windows\Python\3.12.10\x64\Include\exports.h(6,47): note: expanded from macro 'Py_IMPORTED_SYMBOL'
supportability (windows-x86_64)	clang-cl PGO build (gate tests on both phases)	2026-09-29T14:38:15.4916780Z       6 |         #define Py_IMPORTED_SYMBOL __declspec(dllimport)
supportability (windows-x86_64)	clang-cl PGO build (gate tests on both phases)	2026-09-29T14:38:15.4917375Z         |                                               ^
supportability (windows-x86_64)	clang-cl PGO build (gate tests on both phases)	2026-09-29T14:38:15.4917842Z   1 warning generated.
supportability (windows-x86_64)	clang-cl PGO build (gate tests on both phases)	2026-09-29T14:38:15.4924679Z   "C:\Program Files\LLVM\bin\clang-cl.EXE" /c /nologo /O2 /W3 /DNDEBUG /MD -Iinclude -IC:\hostedtoolcache\windows\Python\3.12.10\x64\Include -IC:\hostedtoolcache\windows\Python\3.12.10\x64\include -IC:\hostedtoolcache\windows\Python\3.12.10\x64\Include "-IC:\Program Files\Microsoft Visual Studio\18\Enterprise\VC\Tools\MSVC\14.51.36231\include" "-IC:\Program Files\Microsoft Visual Studio\18\Enterprise\VC\Tools\MSVC\14.51.36231\ATLMFC\include" "-IC:\Program Files\Microsoft Visual Studio\18\Enterprise\VC\Auxiliary\VS\include" "-IC:\Program Files (x86)\Windows Kits\10\include\10.0.26100.0\ucrt" "-IC:\Program Files (x86)\Windows Kits\10\\include\10.0.26100.0\\um" "-IC:\Program Files (x86)\Windows Kits\10\\include\10.0.26100.0\\shared" "-IC:\Program Files (x86)\Windows Kits\10\\include\10.0.26100.0\\winrt" "-IC:\Program Files (x86)\Windows Kits\10\\include\10.0.26100.0\\cppwinrt" "-IC:\Program Files (x86)\Windows Kits\NETFXSDK\4.8.1\include\um" /EHsc /Tpsrc/strata/bindings/python_loads.cpp /FoC:\Users\RUNNER~1\AppData\Local\Temp\tmplpptrfrq.build-temp\Release\src\strata\bindings\python_loads.obj /std:c++20 /O2 /Zc:__cplusplus /D_USE_STD_VECTOR_ALGORITHMS=0 /arch:AVX2 /clang:-O3 /clang:-fprofile-use=D:\a\strata\strata\build\pgo\strata.profdata
supportability (windows-x86_64)	clang-cl PGO build (gate tests on both phases)	2026-09-29T14:38:15.4931739Z   In file included from src/strata/bindings/python_loads.cpp:10:
supportability (windows-x86_64)	clang-cl PGO build (gate tests on both phases)	2026-09-29T14:38:15.4933120Z   src/strata/bindings\python_builder.h(38,22): warning: '_PyDict_NewPresized' redeclared without 'dllimport' attribute: previous 'dllimport' ignored [-Winconsistent-dllimport]
supportability (windows-x86_64)	clang-cl PGO build (gate tests on both phases)	2026-09-29T14:38:15.4934534Z      38 | extern "C" PyObject* _PyDict_NewPresized(Py_ssize_t minused);
supportability (windows-x86_64)	clang-cl PGO build (gate tests on both phases)	2026-09-29T14:38:15.4935369Z         |                      ^
supportability (windows-x86_64)	clang-cl PGO build (gate tests on both phases)	2026-09-29T14:38:15.4936224Z   C:\hostedtoolcache\windows\Python\3.12.10\x64\Include\cpython/dictobject.h(63,24): note: previous declaration is here
supportability (windows-x86_64)	clang-cl PGO build (gate tests on both phases)	2026-09-29T14:38:15.4937400Z      63 | PyAPI_FUNC(PyObject *) _PyDict_NewPresized(Py_ssize_t minused);
supportability (windows-x86_64)	clang-cl PGO build (gate tests on both phases)	2026-09-29T14:38:15.4938027Z         |                        ^
supportability (windows-x86_64)	clang-cl PGO build (gate tests on both phases)	2026-09-29T14:38:15.4938884Z   C:\hostedtoolcache\windows\Python\3.12.10\x64\Include\cpython/dictobject.h(63,1): note: previous attribute is here
supportability (windows-x86_64)	clang-cl PGO build (gate tests on both phases)	2026-09-29T14:38:15.4939842Z      63 | PyAPI_FUNC(PyObject *) _PyDict_NewPresized(Py_ssize_t minused);
supportability (windows-x86_64)	clang-cl PGO build (gate tests on both phases)	2026-09-29T14:38:15.4940409Z         | ^
supportability (windows-x86_64)	clang-cl PGO build (gate tests on both phases)	2026-09-29T14:38:15.4941509Z   C:\hostedtoolcache\windows\Python\3.12.10\x64\Include\pyport.h(528,58): note: expanded from macro 'PyAPI_FUNC'
supportability (windows-x86_64)	clang-cl PGO build (gate tests on both phases)	2026-09-29T14:38:15.4942437Z     528 | #                               define PyAPI_FUNC(RTYPE) Py_IMPORTED_SYMBOL RTYPE
supportability (windows-x86_64)	clang-cl PGO build (gate tests on both phases)	2026-09-29T14:38:15.4943076Z         |                                                          ^
supportability (windows-x86_64)	clang-cl PGO build (gate tests on both phases)	2026-09-29T14:38:15.4943957Z   C:\hostedtoolcache\windows\Python\3.12.10\x64\Include\exports.h(6,47): note: expanded from macro 'Py_IMPORTED_SYMBOL'
supportability (windows-x86_64)	clang-cl PGO build (gate tests on both phases)	2026-09-29T14:38:15.4944859Z       6 |         #define Py_IMPORTED_SYMBOL __declspec(dllimport)
supportability (windows-x86_64)	clang-cl PGO build (gate tests on both phases)	2026-09-29T14:38:15.4945405Z         |                                               ^
supportability (windows-x86_64)	clang-cl PGO build (gate tests on both phases)	2026-09-29T14:38:15.4945895Z   1 warning generated.
supportability (windows-x86_64)	clang-cl PGO build (gate tests on both phases)	2026-09-29T14:38:15.4952425Z   "C:\Program Files\LLVM\bin\clang-cl.EXE" /c /nologo /O2 /W3 /DNDEBUG /MD -Iinclude -IC:\hostedtoolcache\windows\Python\3.12.10\x64\Include -IC:\hostedtoolcache\windows\Python\3.12.10\x64\include -IC:\hostedtoolcache\windows\Python\3.12.10\x64\Include "-IC:\Program Files\Microsoft Visual Studio\18\Enterprise\VC\Tools\MSVC\14.51.36231\include" "-IC:\Program Files\Microsoft Visual Studio\18\Enterprise\VC\Tools\MSVC\14.51.36231\ATLMFC\include" "-IC:\Program Files\Microsoft Visual Studio\18\Enterprise\VC\Auxiliary\VS\include" "-IC:\Program Files (x86)\Windows Kits\10\include\10.0.26100.0\ucrt" "-IC:\Program Files (x86)\Windows Kits\10\\include\10.0.26100.0\\um" "-IC:\Program Files (x86)\Windows Kits\10\\include\10.0.26100.0\\shared" "-IC:\Program Files (x86)\Windows Kits\10\\include\10.0.26100.0\\winrt" "-IC:\Program Files (x86)\Windows Kits\10\\include\10.0.26100.0\\cppwinrt" "-IC:\Program Files (x86)\Windows Kits\NETFXSDK\4.8.1\include\um" /EHsc /Tpsrc/strata/bindings/python_module.cpp /FoC:\Users\RUNNER~1\AppData\Local\Temp\tmplpptrfrq.build-temp\Release\src\strata\bindings\python_module.obj /std:c++20 /O2 /Zc:__cplusplus /D_USE_STD_VECTOR_ALGORITHMS=0 /arch:AVX2 /clang:-O3 /clang:-fprofile-use=D:\a\strata\strata\build\pgo\strata.profdata
supportability (windows-x86_64)	clang-cl PGO build (gate tests on both phases)	2026-09-29T14:38:15.4962803Z   "C:\Program Files\LLVM\bin\clang-cl.EXE" /c /nologo /O2 /W3 /DNDEBUG /MD -Iinclude -IC:\hostedtoolcache\windows\Python\3.12.10\x64\Include -IC:\hostedtoolcache\windows\Python\3.12.10\x64\include -IC:\hostedtoolcache\windows\Python\3.12.10\x64\Include "-IC:\Program Files\Microsoft Visual Studio\18\Enterprise\VC\Tools\MSVC\14.51.36231\include" "-IC:\Program Files\Microsoft Visual Studio\18\Enterprise\VC\Tools\MSVC\14.51.36231\ATLMFC\include" "-IC:\Program Files\Microsoft Visual Studio\18\Enterprise\VC\Auxiliary\VS\include" "-IC:\Program Files (x86)\Windows Kits\10\include\10.0.26100.0\ucrt" "-IC:\Program Files (x86)\Windows Kits\10\\include\10.0.26100.0\\um" "-IC:\Program Files (x86)\Windows Kits\10\\include\10.0.26100.0\\shared" "-IC:\Program Files (x86)\Windows Kits\10\\include\10.0.26100.0\\winrt" "-IC:\Program Files (x86)\Windows Kits\10\\include\10.0.26100.0\\cppwinrt" "-IC:\Program Files (x86)\Windows Kits\NETFXSDK\4.8.1\include\um" /EHsc /Tpsrc/strata/bindings/python_ndjson.cpp /FoC:\Users\RUNNER~1\AppData\Local\Temp\tmplpptrfrq.build-temp\Release\src\strata\bindings\python_ndjson.obj /std:c++20 /O2 /Zc:__cplusplus /D_USE_STD_VECTOR_ALGORITHMS=0 /arch:AVX2 /clang:-O3 /clang:-fprofile-use=D:\a\strata\strata\build\pgo\strata.profdata
supportability (windows-x86_64)	clang-cl PGO build (gate tests on both phases)	2026-09-29T14:38:15.4970356Z   "C:\Program Files\LLVM\bin\clang-cl.EXE" /c /nologo /O2 /W3 /DNDEBUG /MD -Iinclude -IC:\hostedtoolcache\windows\Python\3.12.10\x64\Include -IC:\hostedtoolcache\windows\Python\3.12.10\x64\include -IC:\hostedtoolcache\windows\Python\3.12.10\x64\Include "-IC:\Program Files\Microsoft Visual Studio\18\Enterprise\VC\Tools\MSVC\14.51.36231\include" "-IC:\Program Files\Microsoft Visual Studio\18\Enterprise\VC\Tools\MSVC\14.51.36231\ATLMFC\include" "-IC:\Program Files\Microsoft Visual Studio\18\Enterprise\VC\Auxiliary\VS\include" "-IC:\Program Files (x86)\Windows Kits\10\include\10.0.26100.0\ucrt" "-IC:\Program Files (x86)\Windows Kits\10\\include\10.0.26100.0\\um" "-IC:\Program Files (x86)\Windows Kits\10\\include\10.0.26100.0\\shared" "-IC:\Program Files (x86)\Windows Kits\10\\include\10.0.26100.0\\winrt" "-IC:\Program Files (x86)\Windows Kits\10\\include\10.0.26100.0\\cppwinrt" "-IC:\Program Files (x86)\Windows Kits\NETFXSDK\4.8.1\include\um" /EHsc /Tpsrc/strata/json/json_cursor.cpp /FoC:\Users\RUNNER~1\AppData\Local\Temp\tmplpptrfrq.build-temp\Release\src\strata\json\json_cursor.obj /std:c++20 /O2 /Zc:__cplusplus /D_USE_STD_VECTOR_ALGORITHMS=0 /arch:AVX2 /clang:-O3 /clang:-fprofile-use=D:\a\strata\strata\build\pgo\strata.profdata
supportability (windows-x86_64)	clang-cl PGO build (gate tests on both phases)	2026-09-29T14:38:15.4978158Z   "C:\Program Files\LLVM\bin\clang-cl.EXE" /c /nologo /O2 /W3 /DNDEBUG /MD -Iinclude -IC:\hostedtoolcache\windows\Python\3.12.10\x64\Include -IC:\hostedtoolcache\windows\Python\3.12.10\x64\include -IC:\hostedtoolcache\windows\Python\3.12.10\x64\Include "-IC:\Program Files\Microsoft Visual Studio\18\Enterprise\VC\Tools\MSVC\14.51.36231\include" "-IC:\Program Files\Microsoft Visual Studio\18\Enterprise\VC\Tools\MSVC\14.51.36231\ATLMFC\include" "-IC:\Program Files\Microsoft Visual Studio\18\Enterprise\VC\Auxiliary\VS\include" "-IC:\Program Files (x86)\Windows Kits\10\include\10.0.26100.0\ucrt" "-IC:\Program Files (x86)\Windows Kits\10\\include\10.0.26100.0\\um" "-IC:\Program Files (x86)\Windows Kits\10\\include\10.0.26100.0\\shared" "-IC:\Program Files (x86)\Windows Kits\10\\include\10.0.26100.0\\winrt" "-IC:\Program Files (x86)\Windows Kits\10\\include\10.0.26100.0\\cppwinrt" "-IC:\Program Files (x86)\Windows Kits\NETFXSDK\4.8.1\include\um" /EHsc /Tpsrc/strata/json/json_document.cpp /FoC:\Users\RUNNER~1\AppData\Local\Temp\tmplpptrfrq.build-temp\Release\src\strata\json\json_document.obj /std:c++20 /O2 /Zc:__cplusplus /D_USE_STD_VECTOR_ALGORITHMS=0 /arch:AVX2 /clang:-O3 /clang:-fprofile-use=D:\a\strata\strata\build\pgo\strata.profdata
supportability (windows-x86_64)	clang-cl PGO build (gate tests on both phases)	2026-09-29T14:38:15.4985864Z   "C:\Program Files\LLVM\bin\clang-cl.EXE" /c /nologo /O2 /W3 /DNDEBUG /MD -Iinclude -IC:\hostedtoolcache\windows\Python\3.12.10\x64\Include -IC:\hostedtoolcache\windows\Python\3.12.10\x64\include -IC:\hostedtoolcache\windows\Python\3.12.10\x64\Include "-IC:\Program Files\Microsoft Visual Studio\18\Enterprise\VC\Tools\MSVC\14.51.36231\include" "-IC:\Program Files\Microsoft Visual Studio\18\Enterprise\VC\Tools\MSVC\14.51.36231\ATLMFC\include" "-IC:\Program Files\Microsoft Visual Studio\18\Enterprise\VC\Auxiliary\VS\include" "-IC:\Program Files (x86)\Windows Kits\10\include\10.0.26100.0\ucrt" "-IC:\Program Files (x86)\Windows Kits\10\\include\10.0.26100.0\\um" "-IC:\Program Files (x86)\Windows Kits\10\\include\10.0.26100.0\\shared" "-IC:\Program Files (x86)\Windows Kits\10\\include\10.0.26100.0\\winrt" "-IC:\Program Files (x86)\Windows Kits\10\\include\10.0.26100.0\\cppwinrt" "-IC:\Program Files (x86)\Windows Kits\NETFXSDK\4.8.1\include\um" /EHsc /Tpsrc/strata/json/json_parse.cpp /FoC:\Users\RUNNER~1\AppData\Local\Temp\tmplpptrfrq.build-temp\Release\src\strata\json\json_parse.obj /std:c++20 /O2 /Zc:__cplusplus /D_USE_STD_VECTOR_ALGORITHMS=0 /arch:AVX2 /clang:-O3 /clang:-fprofile-use=D:\a\strata\strata\build\pgo\strata.profdata
supportability (windows-x86_64)	clang-cl PGO build (gate tests on both phases)	2026-09-29T14:38:15.4993165Z   "C:\Program Files\LLVM\bin\clang-cl.EXE" /c /nologo /O2 /W3 /DNDEBUG /MD -Iinclude -IC:\hostedtoolcache\windows\Python\3.12.10\x64\Include -IC:\hostedtoolcache\windows\Python\3.12.10\x64\include -IC:\hostedtoolcache\windows\Python\3.12.10\x64\Include "-IC:\Program Files\Microsoft Visual Studio\18\Enterprise\VC\Tools\MSVC\14.51.36231\include" "-IC:\Program Files\Microsoft Visual Studio\18\Enterprise\VC\Tools\MSVC\14.51.36231\ATLMFC\include" "-IC:\Program Files\Microsoft Visual Studio\18\Enterprise\VC\Auxiliary\VS\include" "-IC:\Program Files (x86)\Windows Kits\10\include\10.0.26100.0\ucrt" "-IC:\Program Files (x86)\Windows Kits\10\\include\10.0.26100.0\\um" "-IC:\Program Files (x86)\Windows Kits\10\\include\10.0.26100.0\\shared" "-IC:\Program Files (x86)\Windows Kits\10\\include\10.0.26100.0\\winrt" "-IC:\Program Files (x86)\Windows Kits\10\\include\10.0.26100.0\\cppwinrt" "-IC:\Program Files (x86)\Windows Kits\NETFXSDK\4.8.1\include\um" /EHsc /Tpsrc/strata/json/json_serialize.cpp /FoC:\Users\RUNNER~1\AppData\Local\Temp\tmplpptrfrq.build-temp\Release\src\strata\json\json_serialize.obj /std:c++20 /O2 /Zc:__cplusplus /D_USE_STD_VECTOR_ALGORITHMS=0 /arch:AVX2 /clang:-O3 /clang:-fprofile-use=D:\a\strata\strata\build\pgo\strata.profdata
supportability (windows-x86_64)	clang-cl PGO build (gate tests on both phases)	2026-09-29T14:38:15.5004764Z   "C:\Program Files\LLVM\bin\clang-cl.EXE" /c /nologo /O2 /W3 /DNDEBUG /MD -Iinclude -IC:\hostedtoolcache\windows\Python\3.12.10\x64\Include -IC:\hostedtoolcache\windows\Python\3.12.10\x64\include -IC:\hostedtoolcache\windows\Python\3.12.10\x64\Include "-IC:\Program Files\Microsoft Visual Studio\18\Enterprise\VC\Tools\MSVC\14.51.36231\include" "-IC:\Program Files\Microsoft Visual Studio\18\Enterprise\VC\Tools\MSVC\14.51.36231\ATLMFC\include" "-IC:\Program Files\Microsoft Visual Studio\18\Enterprise\VC\Auxiliary\VS\include" "-IC:\Program Files (x86)\Windows Kits\10\include\10.0.26100.0\ucrt" "-IC:\Program Files (x86)\Windows Kits\10\\include\10.0.26100.0\\um" "-IC:\Program Files (x86)\Windows Kits\10\\include\10.0.26100.0\\shared" "-IC:\Program Files (x86)\Windows Kits\10\\include\10.0.26100.0\\winrt" "-IC:\Program Files (x86)\Windows Kits\10\\include\10.0.26100.0\\cppwinrt" "-IC:\Program Files (x86)\Windows Kits\NETFXSDK\4.8.1\include\um" /EHsc /Tpsrc/strata/json/ndjson_stream.cpp /FoC:\Users\RUNNER~1\AppData\Local\Temp\tmplpptrfrq.build-temp\Release\src\strata\json\ndjson_stream.obj /std:c++20 /O2 /Zc:__cplusplus /D_USE_STD_VECTOR_ALGORITHMS=0 /arch:AVX2 /clang:-O3 /clang:-fprofile-use=D:\a\strata\strata\build\pgo\strata.profdata
supportability (windows-x86_64)	clang-cl PGO build (gate tests on both phases)	2026-09-29T14:38:15.5014295Z   "C:\Program Files\LLVM\bin\clang-cl.EXE" /c /nologo /O2 /W3 /DNDEBUG /MD -Iinclude -IC:\hostedtoolcache\windows\Python\3.12.10\x64\Include -IC:\hostedtoolcache\windows\Python\3.12.10\x64\include -IC:\hostedtoolcache\windows\Python\3.12.10\x64\Include "-IC:\Program Files\Microsoft Visual Studio\18\Enterprise\VC\Tools\MSVC\14.51.36231\include" "-IC:\Program Files\Microsoft Visual Studio\18\Enterprise\VC\Tools\MSVC\14.51.36231\ATLMFC\include" "-IC:\Program Files\Microsoft Visual Studio\18\Enterprise\VC\Auxiliary\VS\include" "-IC:\Program Files (x86)\Windows Kits\10\include\10.0.26100.0\ucrt" "-IC:\Program Files (x86)\Windows Kits\10\\include\10.0.26100.0\\um" "-IC:\Program Files (x86)\Windows Kits\10\\include\10.0.26100.0\\shared" "-IC:\Program Files (x86)\Windows Kits\10\\include\10.0.26100.0\\winrt" "-IC:\Program Files (x86)\Windows Kits\10\\include\10.0.26100.0\\cppwinrt" "-IC:\Program Files (x86)\Windows Kits\NETFXSDK\4.8.1\include\um" /EHsc /Tpsrc/strata/search/jsonpath_compile.cpp /FoC:\Users\RUNNER~1\AppData\Local\Temp\tmplpptrfrq.build-temp\Release\src\strata\search\jsonpath_compile.obj /std:c++20 /O2 /Zc:__cplusplus /D_USE_STD_VECTOR_ALGORITHMS=0 /arch:AVX2 /clang:-O3 /clang:-fprofile-use=D:\a\strata\strata\build\pgo\strata.profdata
supportability (windows-x86_64)	clang-cl PGO build (gate tests on both phases)	2026-09-29T14:38:15.5025284Z   "C:\Program Files\LLVM\bin\clang-cl.EXE" /c /nologo /O2 /W3 /DNDEBUG /MD -Iinclude -IC:\hostedtoolcache\windows\Python\3.12.10\x64\Include -IC:\hostedtoolcache\windows\Python\3.12.10\x64\include -IC:\hostedtoolcache\windows\Python\3.12.10\x64\Include "-IC:\Program Files\Microsoft Visual Studio\18\Enterprise\VC\Tools\MSVC\14.51.36231\include" "-IC:\Program Files\Microsoft Visual Studio\18\Enterprise\VC\Tools\MSVC\14.51.36231\ATLMFC\include" "-IC:\Program Files\Microsoft Visual Studio\18\Enterprise\VC\Auxiliary\VS\include" "-IC:\Program Files (x86)\Windows Kits\10\include\10.0.26100.0\ucrt" "-IC:\Program Files (x86)\Windows Kits\10\\include\10.0.26100.0\\um" "-IC:\Program Files (x86)\Windows Kits\10\\include\10.0.26100.0\\shared" "-IC:\Program Files (x86)\Windows Kits\10\\include\10.0.26100.0\\winrt" "-IC:\Program Files (x86)\Windows Kits\10\\include\10.0.26100.0\\cppwinrt" "-IC:\Program Files (x86)\Windows Kits\NETFXSDK\4.8.1\include\um" /EHsc /Tpsrc/strata/search/jsonpath_eval.cpp /FoC:\Users\RUNNER~1\AppData\Local\Temp\tmplpptrfrq.build-temp\Release\src\strata\search\jsonpath_eval.obj /std:c++20 /O2 /Zc:__cplusplus /D_USE_STD_VECTOR_ALGORITHMS=0 /arch:AVX2 /clang:-O3 /clang:-fprofile-use=D:\a\strata\strata\build\pgo\strata.profdata
supportability (windows-x86_64)	clang-cl PGO build (gate tests on both phases)	2026-09-29T14:38:15.5033469Z   "C:\Program Files\LLVM\bin\clang-cl.EXE" /c /nologo /O2 /W3 /DNDEBUG /MD -Iinclude -IC:\hostedtoolcache\windows\Python\3.12.10\x64\Include -IC:\hostedtoolcache\windows\Python\3.12.10\x64\include -IC:\hostedtoolcache\windows\Python\3.12.10\x64\Include "-IC:\Program Files\Microsoft Visual Studio\18\Enterprise\VC\Tools\MSVC\14.51.36231\include" "-IC:\Program Files\Microsoft Visual Studio\18\Enterprise\VC\Tools\MSVC\14.51.36231\ATLMFC\include" "-IC:\Program Files\Microsoft Visual Studio\18\Enterprise\VC\Auxiliary\VS\include" "-IC:\Program Files (x86)\Windows Kits\10\include\10.0.26100.0\ucrt" "-IC:\Program Files (x86)\Windows Kits\10\\include\10.0.26100.0\\um" "-IC:\Program Files (x86)\Windows Kits\10\\include\10.0.26100.0\\shared" "-IC:\Program Files (x86)\Windows Kits\10\\include\10.0.26100.0\\winrt" "-IC:\Program Files (x86)\Windows Kits\10\\include\10.0.26100.0\\cppwinrt" "-IC:\Program Files (x86)\Windows Kits\NETFXSDK\4.8.1\include\um" /EHsc /Tpsrc/strata/util/dtoa.cpp /FoC:\Users\RUNNER~1\AppData\Local\Temp\tmplpptrfrq.build-temp\Release\src\strata\util\dtoa.obj /std:c++20 /O2 /Zc:__cplusplus /D_USE_STD_VECTOR_ALGORITHMS=0 /arch:AVX2 /clang:-O3 /clang:-fprofile-use=D:\a\strata\strata\build\pgo\strata.profdata
supportability (windows-x86_64)	clang-cl PGO build (gate tests on both phases)	2026-09-29T14:38:15.5041270Z   "C:\Program Files\LLVM\bin\clang-cl.EXE" /c /nologo /O2 /W3 /DNDEBUG /MD -Iinclude -IC:\hostedtoolcache\windows\Python\3.12.10\x64\Include -IC:\hostedtoolcache\windows\Python\3.12.10\x64\include -IC:\hostedtoolcache\windows\Python\3.12.10\x64\Include "-IC:\Program Files\Microsoft Visual Studio\18\Enterprise\VC\Tools\MSVC\14.51.36231\include" "-IC:\Program Files\Microsoft Visual Studio\18\Enterprise\VC\Tools\MSVC\14.51.36231\ATLMFC\include" "-IC:\Program Files\Microsoft Visual Studio\18\Enterprise\VC\Auxiliary\VS\include" "-IC:\Program Files (x86)\Windows Kits\10\include\10.0.26100.0\ucrt" "-IC:\Program Files (x86)\Windows Kits\10\\include\10.0.26100.0\\um" "-IC:\Program Files (x86)\Windows Kits\10\\include\10.0.26100.0\\shared" "-IC:\Program Files (x86)\Windows Kits\10\\include\10.0.26100.0\\winrt" "-IC:\Program Files (x86)\Windows Kits\10\\include\10.0.26100.0\\cppwinrt" "-IC:\Program Files (x86)\Windows Kits\NETFXSDK\4.8.1\include\um" /EHsc /Tpsrc/strata/util/folder.cpp /FoC:\Users\RUNNER~1\AppData\Local\Temp\tmplpptrfrq.build-temp\Release\src\strata\util\folder.obj /std:c++20 /O2 /Zc:__cplusplus /D_USE_STD_VECTOR_ALGORITHMS=0 /arch:AVX2 /clang:-O3 /clang:-fprofile-use=D:\a\strata\strata\build\pgo\strata.profdata
supportability (windows-x86_64)	clang-cl PGO build (gate tests on both phases)	2026-09-29T14:38:15.5051191Z   "C:\Program Files\LLVM\bin\clang-cl.EXE" /c /nologo /O2 /W3 /DNDEBUG /MD -Iinclude -IC:\hostedtoolcache\windows\Python\3.12.10\x64\Include -IC:\hostedtoolcache\windows\Python\3.12.10\x64\include -IC:\hostedtoolcache\windows\Python\3.12.10\x64\Include "-IC:\Program Files\Microsoft Visual Studio\18\Enterprise\VC\Tools\MSVC\14.51.36231\include" "-IC:\Program Files\Microsoft Visual Studio\18\Enterprise\VC\Tools\MSVC\14.51.36231\ATLMFC\include" "-IC:\Program Files\Microsoft Visual Studio\18\Enterprise\VC\Auxiliary\VS\include" "-IC:\Program Files (x86)\Windows Kits\10\include\10.0.26100.0\ucrt" "-IC:\Program Files (x86)\Windows Kits\10\\include\10.0.26100.0\\um" "-IC:\Program Files (x86)\Windows Kits\10\\include\10.0.26100.0\\shared" "-IC:\Program Files (x86)\Windows Kits\10\\include\10.0.26100.0\\winrt" "-IC:\Program Files (x86)\Windows Kits\10\\include\10.0.26100.0\\cppwinrt" "-IC:\Program Files (x86)\Windows Kits\NETFXSDK\4.8.1\include\um" /EHsc /Tpsrc/strata/util/scan.cpp /FoC:\Users\RUNNER~1\AppData\Local\Temp\tmplpptrfrq.build-temp\Release\src\strata\util\scan.obj /std:c++20 /O2 /Zc:__cplusplus /D_USE_STD_VECTOR_ALGORITHMS=0 /arch:AVX2 /clang:-O3 /clang:-fprofile-use=D:\a\strata\strata\build\pgo\strata.profdata
supportability (windows-x86_64)	clang-cl PGO build (gate tests on both phases)	2026-09-29T14:38:15.5067856Z   "C:\Program Files\Microsoft Visual Studio\18\Enterprise\VC\Tools\MSVC\14.51.36231\bin\HostX86\x64\link.exe" /nologo /INCREMENTAL:NO /DLL /MANIFEST:EMBED,ID=2 /MANIFESTUAC:NO /LIBPATH:C:\hostedtoolcache\windows\Python\3.12.10\x64\libs /LIBPATH:C:\hostedtoolcache\windows\Python\3.12.10\x64 /LIBPATH:C:\hostedtoolcache\windows\Python\3.12.10\x64\PCbuild\amd64 "/LIBPATH:C:\Program Files\Microsoft Visual Studio\18\Enterprise\VC\Tools\MSVC\14.51.36231\ATLMFC\lib\x64" "/LIBPATH:C:\Program Files\Microsoft Visual Studio\18\Enterprise\VC\Tools\MSVC\14.51.36231\lib\x64" "/LIBPATH:C:\Program Files (x86)\Windows Kits\NETFXSDK\4.8.1\lib\um\x64" "/LIBPATH:C:\Program Files (x86)\Windows Kits\10\lib\10.0.26100.0\ucrt\x64" "/LIBPATH:C:\Program Files (x86)\Windows Kits\10\\lib\10.0.26100.0\\um\x64" /EXPORT:PyInit__strata C:\Users\RUNNER~1\AppData\Local\Temp\tmplpptrfrq.build-temp\Release\src\strata\bindings\python_document.obj C:\Users\RUNNER~1\AppData\Local\Temp\tmplpptrfrq.build-temp\Release\src\strata\bindings\python_dumps.obj C:\Users\RUNNER~1\AppData\Local\Temp\tmplpptrfrq.build-temp\Release\src\strata\bindings\python_files.obj C:\Users\RUNNER~1\AppData\Local\Temp\tmplpptrfrq.build-temp\Release\src\strata\bindings\python_folder.obj C:\Users\RUNNER~1\AppData\Local\Temp\tmplpptrfrq.build-temp\Release\src\strata\bindings\python_jsonpath.obj C:\Users\RUNNER~1\AppData\Local\Temp\tmplpptrfrq.build-temp\Release\src\strata\bindings\python_loads.obj C:\Users\RUNNER~1\AppData\Local\Temp\tmplpptrfrq.build-temp\Release\src\strata\bindings\python_module.obj C:\Users\RUNNER~1\AppData\Local\Temp\tmplpptrfrq.build-temp\Release\src\strata\bindings\python_ndjson.obj C:\Users\RUNNER~1\AppData\Local\Temp\tmplpptrfrq.build-temp\Release\src\strata\json\json_cursor.obj C:\Users\RUNNER~1\AppData\Local\Temp\tmplpptrfrq.build-temp\Release\src\strata\json\json_document.obj C:\Users\RUNNER~1\AppData\Local\Temp\tmplpptrfrq.build-temp\Release\src\strata\json\json_parse.obj C:\Users\RUNNER~1\AppData\Local\Temp\tmplpptrfrq.build-temp\Release\src\strata\json\json_serialize.obj C:\Users\RUNNER~1\AppData\Local\Temp\tmplpptrfrq.build-temp\Release\src\strata\json\ndjson_stream.obj C:\Users\RUNNER~1\AppData\Local\Temp\tmplpptrfrq.build-temp\Release\src\strata\search\jsonpath_compile.obj C:\Users\RUNNER~1\AppData\Local\Temp\tmplpptrfrq.build-temp\Release\src\strata\search\jsonpath_eval.obj C:\Users\RUNNER~1\AppData\Local\Temp\tmplpptrfrq.build-temp\Release\src\strata\util\dtoa.obj C:\Users\RUNNER~1\AppData\Local\Temp\tmplpptrfrq.build-temp\Release\src\strata\util\folder.obj C:\Users\RUNNER~1\AppData\Local\Temp\tmplpptrfrq.build-temp\Release\src\strata\util\scan.obj /OUT:C:\Users\RUNNER~1\AppData\Local\Temp\tmp6stozeva.build-lib\strata\_strata.cp312-win_amd64.pyd /IMPLIB:C:\Users\RUNNER~1\AppData\Local\Temp\tmplpptrfrq.build-temp\Release\src\strata\bindings\_strata.cp312-win_amd64.lib
supportability (windows-x86_64)	clang-cl PGO build (gate tests on both phases)	2026-09-29T14:38:15.5077759Z      Creating library C:\Users\RUNNER~1\AppData\Local\Temp\tmplpptrfrq.build-temp\Release\src\strata\bindings\_strata.cp312-win_amd64.lib and object C:\Users\RUNNER~1\AppData\Local\Temp\tmplpptrfrq.build-temp\Release\src\strata\bindings\_strata.cp312-win_amd64.exp
supportability (windows-x86_64)	clang-cl PGO build (gate tests on both phases)	2026-09-29T14:38:15.5078839Z   building 'strata._dumps_hook' extension
supportability (windows-x86_64)	clang-cl PGO build (gate tests on both phases)	2026-09-29T14:38:15.5082898Z   "C:\Program Files\LLVM\bin\clang-cl.EXE" /c /nologo /O2 /W3 /DNDEBUG /MD -DSTRATA_DUMPS_HOOK=1 -Iinclude -IC:\hostedtoolcache\windows\Python\3.12.10\x64\Include -IC:\hostedtoolcache\windows\Python\3.12.10\x64\include -IC:\hostedtoolcache\windows\Python\3.12.10\x64\Include "-IC:\Program Files\Microsoft Visual Studio\18\Enterprise\VC\Tools\MSVC\14.51.36231\include" "-IC:\Program Files\Microsoft Visual Studio\18\Enterprise\VC\Tools\MSVC\14.51.36231\ATLMFC\include" "-IC:\Program Files\Microsoft Visual Studio\18\Enterprise\VC\Auxiliary\VS\include" "-IC:\Program Files (x86)\Windows Kits\10\include\10.0.26100.0\ucrt" "-IC:\Program Files (x86)\Windows Kits\10\\include\10.0.26100.0\\um" "-IC:\Program Files (x86)\Windows Kits\10\\include\10.0.26100.0\\shared" "-IC:\Program Files (x86)\Windows Kits\10\\include\10.0.26100.0\\winrt" "-IC:\Program Files (x86)\Windows Kits\10\\include\10.0.26100.0\\cppwinrt" "-IC:\Program Files (x86)\Windows Kits\NETFXSDK\4.8.1\include\um" /EHsc /Tpsrc/strata/bindings/python_dumps_hook.cpp /FoC:\Users\RUNNER~1\AppData\Local\Temp\tmplpptrfrq.build-temp\Release\strata._dumps_hook\src\strata\bindings\python_dumps_hook.obj /std:c++20 /O2 /Zc:__cplusplus /D_USE_STD_VECTOR_ALGORITHMS=0 /arch:AVX2 /clang:-O3
supportability (windows-x86_64)	clang-cl PGO build (gate tests on both phases)	2026-09-29T14:38:15.5090824Z   "C:\Program Files\LLVM\bin\clang-cl.EXE" /c /nologo /O2 /W3 /DNDEBUG /MD -DSTRATA_DUMPS_HOOK=1 -Iinclude -IC:\hostedtoolcache\windows\Python\3.12.10\x64\Include -IC:\hostedtoolcache\windows\Python\3.12.10\x64\include -IC:\hostedtoolcache\windows\Python\3.12.10\x64\Include "-IC:\Program Files\Microsoft Visual Studio\18\Enterprise\VC\Tools\MSVC\14.51.36231\include" "-IC:\Program Files\Microsoft Visual Studio\18\Enterprise\VC\Tools\MSVC\14.51.36231\ATLMFC\include" "-IC:\Program Files\Microsoft Visual Studio\18\Enterprise\VC\Auxiliary\VS\include" "-IC:\Program Files (x86)\Windows Kits\10\include\10.0.26100.0\ucrt" "-IC:\Program Files (x86)\Windows Kits\10\\include\10.0.26100.0\\um" "-IC:\Program Files (x86)\Windows Kits\10\\include\10.0.26100.0\\shared" "-IC:\Program Files (x86)\Windows Kits\10\\include\10.0.26100.0\\winrt" "-IC:\Program Files (x86)\Windows Kits\10\\include\10.0.26100.0\\cppwinrt" "-IC:\Program Files (x86)\Windows Kits\NETFXSDK\4.8.1\include\um" /EHsc /Tpsrc/strata/bindings/python_files.cpp /FoC:\Users\RUNNER~1\AppData\Local\Temp\tmplpptrfrq.build-temp\Release\strata._dumps_hook\src\strata\bindings\python_files.obj /std:c++20 /O2 /Zc:__cplusplus /D_USE_STD_VECTOR_ALGORITHMS=0 /arch:AVX2 /clang:-O3
supportability (windows-x86_64)	clang-cl PGO build (gate tests on both phases)	2026-09-29T14:38:15.5096713Z   src/strata/bindings/python_files.cpp(359,22): warning: '_open' is deprecated: This function or variable may be unsafe. Consider using _sopen_s instead. To disable deprecation, use _CRT_SECURE_NO_WARNINGS. See online help for details. [-Wdeprecated-declarations]
supportability (windows-x86_64)	clang-cl PGO build (gate tests on both phases)	2026-09-29T14:38:15.5098703Z     359 |     const int fd = ::_open(path, _O_WRONLY | _O_CREAT | _O_TRUNC | _O_BINARY | _O_NOINHERIT,
supportability (windows-x86_64)	clang-cl PGO build (gate tests on both phases)	2026-09-29T14:38:15.5099350Z         |                      ^
supportability (windows-x86_64)	clang-cl PGO build (gate tests on both phases)	2026-09-29T14:38:15.5100351Z   C:\Program Files (x86)\Windows Kits\10\Include\10.0.26100.0\ucrt\corecrt_io.h(391,37): note: '_open' has been explicitly marked deprecated here
supportability (windows-x86_64)	clang-cl PGO build (gate tests on both phases)	2026-09-29T14:38:15.5101064Z     391 |         extern "C++" _Check_return_ _CRT_INSECURE_DEPRECATE(_sopen_s)
supportability (windows-x86_64)	clang-cl PGO build (gate tests on both phases)	2026-09-29T14:38:15.5101538Z         |                                     ^
supportability (windows-x86_64)	clang-cl PGO build (gate tests on both phases)	2026-09-29T14:38:15.5102274Z   C:\Program Files\Microsoft Visual Studio\18\Enterprise\VC\Tools\MSVC\14.51.36231\include\vcruntime.h(358,55): note: expanded from macro '_CRT_INSECURE_DEPRECATE'
supportability (windows-x86_64)	clang-cl PGO build (gate tests on both phases)	2026-09-29T14:38:15.5103096Z     358 |         #define _CRT_INSECURE_DEPRECATE(_Replacement) _CRT_DEPRECATE_TEXT(    \
supportability (windows-x86_64)	clang-cl PGO build (gate tests on both phases)	2026-09-29T14:38:15.5103582Z         |                                                       ^
supportability (windows-x86_64)	clang-cl PGO build (gate tests on both phases)	2026-09-29T14:38:15.5104319Z   C:\Program Files\Microsoft Visual Studio\18\Enterprise\VC\Tools\MSVC\14.51.36231\include\vcruntime.h(348,47): note: expanded from macro '_CRT_DEPRECATE_TEXT'
supportability (windows-x86_64)	clang-cl PGO build (gate tests on both phases)	2026-09-29T14:38:15.5105081Z     348 | #define _CRT_DEPRECATE_TEXT(_Text) __declspec(deprecated(_Text))
supportability (windows-x86_64)	clang-cl PGO build (gate tests on both phases)	2026-09-29T14:38:15.5105510Z         |                                               ^
supportability (windows-x86_64)	clang-cl PGO build (gate tests on both phases)	2026-09-29T14:38:15.5105838Z   1 warning generated.
supportability (windows-x86_64)	clang-cl PGO build (gate tests on both phases)	2026-09-29T14:38:15.5109605Z   "C:\Program Files\LLVM\bin\clang-cl.EXE" /c /nologo /O2 /W3 /DNDEBUG /MD -DSTRATA_DUMPS_HOOK=1 -Iinclude -IC:\hostedtoolcache\windows\Python\3.12.10\x64\Include -IC:\hostedtoolcache\windows\Python\3.12.10\x64\include -IC:\hostedtoolcache\windows\Python\3.12.10\x64\Include "-IC:\Program Files\Microsoft Visual Studio\18\Enterprise\VC\Tools\MSVC\14.51.36231\include" "-IC:\Program Files\Microsoft Visual Studio\18\Enterprise\VC\Tools\MSVC\14.51.36231\ATLMFC\include" "-IC:\Program Files\Microsoft Visual Studio\18\Enterprise\VC\Auxiliary\VS\include" "-IC:\Program Files (x86)\Windows Kits\10\include\10.0.26100.0\ucrt" "-IC:\Program Files (x86)\Windows Kits\10\\include\10.0.26100.0\\um" "-IC:\Program Files (x86)\Windows Kits\10\\include\10.0.26100.0\\shared" "-IC:\Program Files (x86)\Windows Kits\10\\include\10.0.26100.0\\winrt" "-IC:\Program Files (x86)\Windows Kits\10\\include\10.0.26100.0\\cppwinrt" "-IC:\Program Files (x86)\Windows Kits\NETFXSDK\4.8.1\include\um" /EHsc /Tpsrc/strata/bindings/python_folder.cpp /FoC:\Users\RUNNER~1\AppData\Local\Temp\tmplpptrfrq.build-temp\Release\strata._dumps_hook\src\strata\bindings\python_folder.obj /std:c++20 /O2 /Zc:__cplusplus /D_USE_STD_VECTOR_ALGORITHMS=0 /arch:AVX2 /clang:-O3
supportability (windows-x86_64)	clang-cl PGO build (gate tests on both phases)	2026-09-29T14:38:15.5117610Z   "C:\Program Files\LLVM\bin\clang-cl.EXE" /c /nologo /O2 /W3 /DNDEBUG /MD -DSTRATA_DUMPS_HOOK=1 -Iinclude -IC:\hostedtoolcache\windows\Python\3.12.10\x64\Include -IC:\hostedtoolcache\windows\Python\3.12.10\x64\include -IC:\hostedtoolcache\windows\Python\3.12.10\x64\Include "-IC:\Program Files\Microsoft Visual Studio\18\Enterprise\VC\Tools\MSVC\14.51.36231\include" "-IC:\Program Files\Microsoft Visual Studio\18\Enterprise\VC\Tools\MSVC\14.51.36231\ATLMFC\include" "-IC:\Program Files\Microsoft Visual Studio\18\Enterprise\VC\Auxiliary\VS\include" "-IC:\Program Files (x86)\Windows Kits\10\include\10.0.26100.0\ucrt" "-IC:\Program Files (x86)\Windows Kits\10\\include\10.0.26100.0\\um" "-IC:\Program Files (x86)\Windows Kits\10\\include\10.0.26100.0\\shared" "-IC:\Program Files (x86)\Windows Kits\10\\include\10.0.26100.0\\winrt" "-IC:\Program Files (x86)\Windows Kits\10\\include\10.0.26100.0\\cppwinrt" "-IC:\Program Files (x86)\Windows Kits\NETFXSDK\4.8.1\include\um" /EHsc /Tpsrc/strata/bindings/python_native_types.cpp /FoC:\Users\RUNNER~1\AppData\Local\Temp\tmplpptrfrq.build-temp\Release\strata._dumps_hook\src\strata\bindings\python_native_types.obj /std:c++20 /O2 /Zc:__cplusplus /D_USE_STD_VECTOR_ALGORITHMS=0 /arch:AVX2 /clang:-O3
supportability (windows-x86_64)	clang-cl PGO build (gate tests on both phases)	2026-09-29T14:38:15.5124896Z   "C:\Program Files\LLVM\bin\clang-cl.EXE" /c /nologo /O2 /W3 /DNDEBUG /MD -DSTRATA_DUMPS_HOOK=1 -Iinclude -IC:\hostedtoolcache\windows\Python\3.12.10\x64\Include -IC:\hostedtoolcache\windows\Python\3.12.10\x64\include -IC:\hostedtoolcache\windows\Python\3.12.10\x64\Include "-IC:\Program Files\Microsoft Visual Studio\18\Enterprise\VC\Tools\MSVC\14.51.36231\include" "-IC:\Program Files\Microsoft Visual Studio\18\Enterprise\VC\Tools\MSVC\14.51.36231\ATLMFC\include" "-IC:\Program Files\Microsoft Visual Studio\18\Enterprise\VC\Auxiliary\VS\include" "-IC:\Program Files (x86)\Windows Kits\10\include\10.0.26100.0\ucrt" "-IC:\Program Files (x86)\Windows Kits\10\\include\10.0.26100.0\\um" "-IC:\Program Files (x86)\Windows Kits\10\\include\10.0.26100.0\\shared" "-IC:\Program Files (x86)\Windows Kits\10\\include\10.0.26100.0\\winrt" "-IC:\Program Files (x86)\Windows Kits\10\\include\10.0.26100.0\\cppwinrt" "-IC:\Program Files (x86)\Windows Kits\NETFXSDK\4.8.1\include\um" /EHsc /Tpsrc/strata/bindings/python_numpy_twins.cpp /FoC:\Users\RUNNER~1\AppData\Local\Temp\tmplpptrfrq.build-temp\Release\strata._dumps_hook\src\strata\bindings\python_numpy_twins.obj /std:c++20 /O2 /Zc:__cplusplus /D_USE_STD_VECTOR_ALGORITHMS=0 /arch:AVX2 /clang:-O3
supportability (windows-x86_64)	clang-cl PGO build (gate tests on both phases)	2026-09-29T14:38:15.5132101Z   "C:\Program Files\LLVM\bin\clang-cl.EXE" /c /nologo /O2 /W3 /DNDEBUG /MD -DSTRATA_DUMPS_HOOK=1 -Iinclude -IC:\hostedtoolcache\windows\Python\3.12.10\x64\Include -IC:\hostedtoolcache\windows\Python\3.12.10\x64\include -IC:\hostedtoolcache\windows\Python\3.12.10\x64\Include "-IC:\Program Files\Microsoft Visual Studio\18\Enterprise\VC\Tools\MSVC\14.51.36231\include" "-IC:\Program Files\Microsoft Visual Studio\18\Enterprise\VC\Tools\MSVC\14.51.36231\ATLMFC\include" "-IC:\Program Files\Microsoft Visual Studio\18\Enterprise\VC\Auxiliary\VS\include" "-IC:\Program Files (x86)\Windows Kits\10\include\10.0.26100.0\ucrt" "-IC:\Program Files (x86)\Windows Kits\10\\include\10.0.26100.0\\um" "-IC:\Program Files (x86)\Windows Kits\10\\include\10.0.26100.0\\shared" "-IC:\Program Files (x86)\Windows Kits\10\\include\10.0.26100.0\\winrt" "-IC:\Program Files (x86)\Windows Kits\10\\include\10.0.26100.0\\cppwinrt" "-IC:\Program Files (x86)\Windows Kits\NETFXSDK\4.8.1\include\um" /EHsc /Tpsrc/strata/bindings/python_parse_types.cpp /FoC:\Users\RUNNER~1\AppData\Local\Temp\tmplpptrfrq.build-temp\Release\strata._dumps_hook\src\strata\bindings\python_parse_types.obj /std:c++20 /O2 /Zc:__cplusplus /D_USE_STD_VECTOR_ALGORITHMS=0 /arch:AVX2 /clang:-O3
supportability (windows-x86_64)	clang-cl PGO build (gate tests on both phases)	2026-09-29T14:38:15.5140506Z   "C:\Program Files\LLVM\bin\clang-cl.EXE" /c /nologo /O2 /W3 /DNDEBUG /MD -DSTRATA_DUMPS_HOOK=1 -Iinclude -IC:\hostedtoolcache\windows\Python\3.12.10\x64\Include -IC:\hostedtoolcache\windows\Python\3.12.10\x64\include -IC:\hostedtoolcache\windows\Python\3.12.10\x64\Include "-IC:\Program Files\Microsoft Visual Studio\18\Enterprise\VC\Tools\MSVC\14.51.36231\include" "-IC:\Program Files\Microsoft Visual Studio\18\Enterprise\VC\Tools\MSVC\14.51.36231\ATLMFC\include" "-IC:\Program Files\Microsoft Visual Studio\18\Enterprise\VC\Auxiliary\VS\include" "-IC:\Program Files (x86)\Windows Kits\10\include\10.0.26100.0\ucrt" "-IC:\Program Files (x86)\Windows Kits\10\\include\10.0.26100.0\\um" "-IC:\Program Files (x86)\Windows Kits\10\\include\10.0.26100.0\\shared" "-IC:\Program Files (x86)\Windows Kits\10\\include\10.0.26100.0\\winrt" "-IC:\Program Files (x86)\Windows Kits\10\\include\10.0.26100.0\\cppwinrt" "-IC:\Program Files (x86)\Windows Kits\NETFXSDK\4.8.1\include\um" /EHsc /Tpsrc/strata/bindings/python_parse_types_walk.cpp /FoC:\Users\RUNNER~1\AppData\Local\Temp\tmplpptrfrq.build-temp\Release\strata._dumps_hook\src\strata\bindings\python_parse_types_walk.obj /std:c++20 /O2 /Zc:__cplusplus /D_USE_STD_VECTOR_ALGORITHMS=0 /arch:AVX2 /clang:-O3
supportability (windows-x86_64)	clang-cl PGO build (gate tests on both phases)	2026-09-29T14:38:15.5150054Z   "C:\Program Files\LLVM\bin\clang-cl.EXE" /c /nologo /O2 /W3 /DNDEBUG /MD -DSTRATA_DUMPS_HOOK=1 -Iinclude -IC:\hostedtoolcache\windows\Python\3.12.10\x64\Include -IC:\hostedtoolcache\windows\Python\3.12.10\x64\include -IC:\hostedtoolcache\windows\Python\3.12.10\x64\Include "-IC:\Program Files\Microsoft Visual Studio\18\Enterprise\VC\Tools\MSVC\14.51.36231\include" "-IC:\Program Files\Microsoft Visual Studio\18\Enterprise\VC\Tools\MSVC\14.51.36231\ATLMFC\include" "-IC:\Program Files\Microsoft Visual Studio\18\Enterprise\VC\Auxiliary\VS\include" "-IC:\Program Files (x86)\Windows Kits\10\include\10.0.26100.0\ucrt" "-IC:\Program Files (x86)\Windows Kits\10\\include\10.0.26100.0\\um" "-IC:\Program Files (x86)\Windows Kits\10\\include\10.0.26100.0\\shared" "-IC:\Program Files (x86)\Windows Kits\10\\include\10.0.26100.0\\winrt" "-IC:\Program Files (x86)\Windows Kits\10\\include\10.0.26100.0\\cppwinrt" "-IC:\Program Files (x86)\Windows Kits\NETFXSDK\4.8.1\include\um" /EHsc /Tpsrc/strata/json/json_cursor.cpp /FoC:\Users\RUNNER~1\AppData\Local\Temp\tmplpptrfrq.build-temp\Release\strata._dumps_hook\src\strata\json\json_cursor.obj /std:c++20 /O2 /Zc:__cplusplus /D_USE_STD_VECTOR_ALGORITHMS=0 /arch:AVX2 /clang:-O3
supportability (windows-x86_64)	clang-cl PGO build (gate tests on both phases)	2026-09-29T14:38:15.5157492Z   "C:\Program Files\LLVM\bin\clang-cl.EXE" /c /nologo /O2 /W3 /DNDEBUG /MD -DSTRATA_DUMPS_HOOK=1 -Iinclude -IC:\hostedtoolcache\windows\Python\3.12.10\x64\Include -IC:\hostedtoolcache\windows\Python\3.12.10\x64\include -IC:\hostedtoolcache\windows\Python\3.12.10\x64\Include "-IC:\Program Files\Microsoft Visual Studio\18\Enterprise\VC\Tools\MSVC\14.51.36231\include" "-IC:\Program Files\Microsoft Visual Studio\18\Enterprise\VC\Tools\MSVC\14.51.36231\ATLMFC\include" "-IC:\Program Files\Microsoft Visual Studio\18\Enterprise\VC\Auxiliary\VS\include" "-IC:\Program Files (x86)\Windows Kits\10\include\10.0.26100.0\ucrt" "-IC:\Program Files (x86)\Windows Kits\10\\include\10.0.26100.0\\um" "-IC:\Program Files (x86)\Windows Kits\10\\include\10.0.26100.0\\shared" "-IC:\Program Files (x86)\Windows Kits\10\\include\10.0.26100.0\\winrt" "-IC:\Program Files (x86)\Windows Kits\10\\include\10.0.26100.0\\cppwinrt" "-IC:\Program Files (x86)\Windows Kits\NETFXSDK\4.8.1\include\um" /EHsc /Tpsrc/strata/json/json_document.cpp /FoC:\Users\RUNNER~1\AppData\Local\Temp\tmplpptrfrq.build-temp\Release\strata._dumps_hook\src\strata\json\json_document.obj /std:c++20 /O2 /Zc:__cplusplus /D_USE_STD_VECTOR_ALGORITHMS=0 /arch:AVX2 /clang:-O3
supportability (windows-x86_64)	clang-cl PGO build (gate tests on both phases)	2026-09-29T14:38:15.5165141Z   "C:\Program Files\LLVM\bin\clang-cl.EXE" /c /nologo /O2 /W3 /DNDEBUG /MD -DSTRATA_DUMPS_HOOK=1 -Iinclude -IC:\hostedtoolcache\windows\Python\3.12.10\x64\Include -IC:\hostedtoolcache\windows\Python\3.12.10\x64\include -IC:\hostedtoolcache\windows\Python\3.12.10\x64\Include "-IC:\Program Files\Microsoft Visual Studio\18\Enterprise\VC\Tools\MSVC\14.51.36231\include" "-IC:\Program Files\Microsoft Visual Studio\18\Enterprise\VC\Tools\MSVC\14.51.36231\ATLMFC\include" "-IC:\Program Files\Microsoft Visual Studio\18\Enterprise\VC\Auxiliary\VS\include" "-IC:\Program Files (x86)\Windows Kits\10\include\10.0.26100.0\ucrt" "-IC:\Program Files (x86)\Windows Kits\10\\include\10.0.26100.0\\um" "-IC:\Program Files (x86)\Windows Kits\10\\include\10.0.26100.0\\shared" "-IC:\Program Files (x86)\Windows Kits\10\\include\10.0.26100.0\\winrt" "-IC:\Program Files (x86)\Windows Kits\10\\include\10.0.26100.0\\cppwinrt" "-IC:\Program Files (x86)\Windows Kits\NETFXSDK\4.8.1\include\um" /EHsc /Tpsrc/strata/json/json_parse.cpp /FoC:\Users\RUNNER~1\AppData\Local\Temp\tmplpptrfrq.build-temp\Release\strata._dumps_hook\src\strata\json\json_parse.obj /std:c++20 /O2 /Zc:__cplusplus /D_USE_STD_VECTOR_ALGORITHMS=0 /arch:AVX2 /clang:-O3
supportability (windows-x86_64)	clang-cl PGO build (gate tests on both phases)	2026-09-29T14:38:15.5172304Z   "C:\Program Files\LLVM\bin\clang-cl.EXE" /c /nologo /O2 /W3 /DNDEBUG /MD -DSTRATA_DUMPS_HOOK=1 -Iinclude -IC:\hostedtoolcache\windows\Python\3.12.10\x64\Include -IC:\hostedtoolcache\windows\Python\3.12.10\x64\include -IC:\hostedtoolcache\windows\Python\3.12.10\x64\Include "-IC:\Program Files\Microsoft Visual Studio\18\Enterprise\VC\Tools\MSVC\14.51.36231\include" "-IC:\Program Files\Microsoft Visual Studio\18\Enterprise\VC\Tools\MSVC\14.51.36231\ATLMFC\include" "-IC:\Program Files\Microsoft Visual Studio\18\Enterprise\VC\Auxiliary\VS\include" "-IC:\Program Files (x86)\Windows Kits\10\include\10.0.26100.0\ucrt" "-IC:\Program Files (x86)\Windows Kits\10\\include\10.0.26100.0\\um" "-IC:\Program Files (x86)\Windows Kits\10\\include\10.0.26100.0\\shared" "-IC:\Program Files (x86)\Windows Kits\10\\include\10.0.26100.0\\winrt" "-IC:\Program Files (x86)\Windows Kits\10\\include\10.0.26100.0\\cppwinrt" "-IC:\Program Files (x86)\Windows Kits\NETFXSDK\4.8.1\include\um" /EHsc /Tpsrc/strata/json/json_serialize.cpp /FoC:\Users\RUNNER~1\AppData\Local\Temp\tmplpptrfrq.build-temp\Release\strata._dumps_hook\src\strata\json\json_serialize.obj /std:c++20 /O2 /Zc:__cplusplus /D_USE_STD_VECTOR_ALGORITHMS=0 /arch:AVX2 /clang:-O3
supportability (windows-x86_64)	clang-cl PGO build (gate tests on both phases)	2026-09-29T14:38:15.5179708Z   "C:\Program Files\LLVM\bin\clang-cl.EXE" /c /nologo /O2 /W3 /DNDEBUG /MD -DSTRATA_DUMPS_HOOK=1 -Iinclude -IC:\hostedtoolcache\windows\Python\3.12.10\x64\Include -IC:\hostedtoolcache\windows\Python\3.12.10\x64\include -IC:\hostedtoolcache\windows\Python\3.12.10\x64\Include "-IC:\Program Files\Microsoft Visual Studio\18\Enterprise\VC\Tools\MSVC\14.51.36231\include" "-IC:\Program Files\Microsoft Visual Studio\18\Enterprise\VC\Tools\MSVC\14.51.36231\ATLMFC\include" "-IC:\Program Files\Microsoft Visual Studio\18\Enterprise\VC\Auxiliary\VS\include" "-IC:\Program Files (x86)\Windows Kits\10\include\10.0.26100.0\ucrt" "-IC:\Program Files (x86)\Windows Kits\10\\include\10.0.26100.0\\um" "-IC:\Program Files (x86)\Windows Kits\10\\include\10.0.26100.0\\shared" "-IC:\Program Files (x86)\Windows Kits\10\\include\10.0.26100.0\\winrt" "-IC:\Program Files (x86)\Windows Kits\10\\include\10.0.26100.0\\cppwinrt" "-IC:\Program Files (x86)\Windows Kits\NETFXSDK\4.8.1\include\um" /EHsc /Tpsrc/strata/json/ndjson_stream.cpp /FoC:\Users\RUNNER~1\AppData\Local\Temp\tmplpptrfrq.build-temp\Release\strata._dumps_hook\src\strata\json\ndjson_stream.obj /std:c++20 /O2 /Zc:__cplusplus /D_USE_STD_VECTOR_ALGORITHMS=0 /arch:AVX2 /clang:-O3
supportability (windows-x86_64)	clang-cl PGO build (gate tests on both phases)	2026-09-29T14:38:15.5189229Z   "C:\Program Files\LLVM\bin\clang-cl.EXE" /c /nologo /O2 /W3 /DNDEBUG /MD -DSTRATA_DUMPS_HOOK=1 -Iinclude -IC:\hostedtoolcache\windows\Python\3.12.10\x64\Include -IC:\hostedtoolcache\windows\Python\3.12.10\x64\include -IC:\hostedtoolcache\windows\Python\3.12.10\x64\Include "-IC:\Program Files\Microsoft Visual Studio\18\Enterprise\VC\Tools\MSVC\14.51.36231\include" "-IC:\Program Files\Microsoft Visual Studio\18\Enterprise\VC\Tools\MSVC\14.51.36231\ATLMFC\include" "-IC:\Program Files\Microsoft Visual Studio\18\Enterprise\VC\Auxiliary\VS\include" "-IC:\Program Files (x86)\Windows Kits\10\include\10.0.26100.0\ucrt" "-IC:\Program Files (x86)\Windows Kits\10\\include\10.0.26100.0\\um" "-IC:\Program Files (x86)\Windows Kits\10\\include\10.0.26100.0\\shared" "-IC:\Program Files (x86)\Windows Kits\10\\include\10.0.26100.0\\winrt" "-IC:\Program Files (x86)\Windows Kits\10\\include\10.0.26100.0\\cppwinrt" "-IC:\Program Files (x86)\Windows Kits\NETFXSDK\4.8.1\include\um" /EHsc /Tpsrc/strata/search/jsonpath_compile.cpp /FoC:\Users\RUNNER~1\AppData\Local\Temp\tmplpptrfrq.build-temp\Release\strata._dumps_hook\src\strata\search\jsonpath_compile.obj /std:c++20 /O2 /Zc:__cplusplus /D_USE_STD_VECTOR_ALGORITHMS=0 /arch:AVX2 /clang:-O3
supportability (windows-x86_64)	clang-cl PGO build (gate tests on both phases)	2026-09-29T14:38:15.5198381Z   "C:\Program Files\LLVM\bin\clang-cl.EXE" /c /nologo /O2 /W3 /DNDEBUG /MD -DSTRATA_DUMPS_HOOK=1 -Iinclude -IC:\hostedtoolcache\windows\Python\3.12.10\x64\Include -IC:\hostedtoolcache\windows\Python\3.12.10\x64\include -IC:\hostedtoolcache\windows\Python\3.12.10\x64\Include "-IC:\Program Files\Microsoft Visual Studio\18\Enterprise\VC\Tools\MSVC\14.51.36231\include" "-IC:\Program Files\Microsoft Visual Studio\18\Enterprise\VC\Tools\MSVC\14.51.36231\ATLMFC\include" "-IC:\Program Files\Microsoft Visual Studio\18\Enterprise\VC\Auxiliary\VS\include" "-IC:\Program Files (x86)\Windows Kits\10\include\10.0.26100.0\ucrt" "-IC:\Program Files (x86)\Windows Kits\10\\include\10.0.26100.0\\um" "-IC:\Program Files (x86)\Windows Kits\10\\include\10.0.26100.0\\shared" "-IC:\Program Files (x86)\Windows Kits\10\\include\10.0.26100.0\\winrt" "-IC:\Program Files (x86)\Windows Kits\10\\include\10.0.26100.0\\cppwinrt" "-IC:\Program Files (x86)\Windows Kits\NETFXSDK\4.8.1\include\um" /EHsc /Tpsrc/strata/search/jsonpath_eval.cpp /FoC:\Users\RUNNER~1\AppData\Local\Temp\tmplpptrfrq.build-temp\Release\strata._dumps_hook\src\strata\search\jsonpath_eval.obj /std:c++20 /O2 /Zc:__cplusplus /D_USE_STD_VECTOR_ALGORITHMS=0 /arch:AVX2 /clang:-O3
supportability (windows-x86_64)	clang-cl PGO build (gate tests on both phases)	2026-09-29T14:38:15.5205716Z   "C:\Program Files\LLVM\bin\clang-cl.EXE" /c /nologo /O2 /W3 /DNDEBUG /MD -DSTRATA_DUMPS_HOOK=1 -Iinclude -IC:\hostedtoolcache\windows\Python\3.12.10\x64\Include -IC:\hostedtoolcache\windows\Python\3.12.10\x64\include -IC:\hostedtoolcache\windows\Python\3.12.10\x64\Include "-IC:\Program Files\Microsoft Visual Studio\18\Enterprise\VC\Tools\MSVC\14.51.36231\include" "-IC:\Program Files\Microsoft Visual Studio\18\Enterprise\VC\Tools\MSVC\14.51.36231\ATLMFC\include" "-IC:\Program Files\Microsoft Visual Studio\18\Enterprise\VC\Auxiliary\VS\include" "-IC:\Program Files (x86)\Windows Kits\10\include\10.0.26100.0\ucrt" "-IC:\Program Files (x86)\Windows Kits\10\\include\10.0.26100.0\\um" "-IC:\Program Files (x86)\Windows Kits\10\\include\10.0.26100.0\\shared" "-IC:\Program Files (x86)\Windows Kits\10\\include\10.0.26100.0\\winrt" "-IC:\Program Files (x86)\Windows Kits\10\\include\10.0.26100.0\\cppwinrt" "-IC:\Program Files (x86)\Windows Kits\NETFXSDK\4.8.1\include\um" /EHsc /Tpsrc/strata/util/dtoa.cpp /FoC:\Users\RUNNER~1\AppData\Local\Temp\tmplpptrfrq.build-temp\Release\strata._dumps_hook\src\strata\util\dtoa.obj /std:c++20 /O2 /Zc:__cplusplus /D_USE_STD_VECTOR_ALGORITHMS=0 /arch:AVX2 /clang:-O3
supportability (windows-x86_64)	clang-cl PGO build (gate tests on both phases)	2026-09-29T14:38:15.5212778Z   "C:\Program Files\LLVM\bin\clang-cl.EXE" /c /nologo /O2 /W3 /DNDEBUG /MD -DSTRATA_DUMPS_HOOK=1 -Iinclude -IC:\hostedtoolcache\windows\Python\3.12.10\x64\Include -IC:\hostedtoolcache\windows\Python\3.12.10\x64\include -IC:\hostedtoolcache\windows\Python\3.12.10\x64\Include "-IC:\Program Files\Microsoft Visual Studio\18\Enterprise\VC\Tools\MSVC\14.51.36231\include" "-IC:\Program Files\Microsoft Visual Studio\18\Enterprise\VC\Tools\MSVC\14.51.36231\ATLMFC\include" "-IC:\Program Files\Microsoft Visual Studio\18\Enterprise\VC\Auxiliary\VS\include" "-IC:\Program Files (x86)\Windows Kits\10\include\10.0.26100.0\ucrt" "-IC:\Program Files (x86)\Windows Kits\10\\include\10.0.26100.0\\um" "-IC:\Program Files (x86)\Windows Kits\10\\include\10.0.26100.0\\shared" "-IC:\Program Files (x86)\Windows Kits\10\\include\10.0.26100.0\\winrt" "-IC:\Program Files (x86)\Windows Kits\10\\include\10.0.26100.0\\cppwinrt" "-IC:\Program Files (x86)\Windows Kits\NETFXSDK\4.8.1\include\um" /EHsc /Tpsrc/strata/util/folder.cpp /FoC:\Users\RUNNER~1\AppData\Local\Temp\tmplpptrfrq.build-temp\Release\strata._dumps_hook\src\strata\util\folder.obj /std:c++20 /O2 /Zc:__cplusplus /D_USE_STD_VECTOR_ALGORITHMS=0 /arch:AVX2 /clang:-O3
supportability (windows-x86_64)	clang-cl PGO build (gate tests on both phases)	2026-09-29T14:38:15.5220305Z   "C:\Program Files\LLVM\bin\clang-cl.EXE" /c /nologo /O2 /W3 /DNDEBUG /MD -DSTRATA_DUMPS_HOOK=1 -Iinclude -IC:\hostedtoolcache\windows\Python\3.12.10\x64\Include -IC:\hostedtoolcache\windows\Python\3.12.10\x64\include -IC:\hostedtoolcache\windows\Python\3.12.10\x64\Include "-IC:\Program Files\Microsoft Visual Studio\18\Enterprise\VC\Tools\MSVC\14.51.36231\include" "-IC:\Program Files\Microsoft Visual Studio\18\Enterprise\VC\Tools\MSVC\14.51.36231\ATLMFC\include" "-IC:\Program Files\Microsoft Visual Studio\18\Enterprise\VC\Auxiliary\VS\include" "-IC:\Program Files (x86)\Windows Kits\10\include\10.0.26100.0\ucrt" "-IC:\Program Files (x86)\Windows Kits\10\\include\10.0.26100.0\\um" "-IC:\Program Files (x86)\Windows Kits\10\\include\10.0.26100.0\\shared" "-IC:\Program Files (x86)\Windows Kits\10\\include\10.0.26100.0\\winrt" "-IC:\Program Files (x86)\Windows Kits\10\\include\10.0.26100.0\\cppwinrt" "-IC:\Program Files (x86)\Windows Kits\NETFXSDK\4.8.1\include\um" /EHsc /Tpsrc/strata/util/scan.cpp /FoC:\Users\RUNNER~1\AppData\Local\Temp\tmplpptrfrq.build-temp\Release\strata._dumps_hook\src\strata\util\scan.obj /std:c++20 /O2 /Zc:__cplusplus /D_USE_STD_VECTOR_ALGORITHMS=0 /arch:AVX2 /clang:-O3
supportability (windows-x86_64)	clang-cl PGO build (gate tests on both phases)	2026-09-29T14:38:15.5227724Z   "C:\Program Files\LLVM\bin\clang-cl.EXE" /c /nologo /O2 /W3 /DNDEBUG /MD -DSTRATA_DUMPS_HOOK=1 -Iinclude -IC:\hostedtoolcache\windows\Python\3.12.10\x64\Include -IC:\hostedtoolcache\windows\Python\3.12.10\x64\include -IC:\hostedtoolcache\windows\Python\3.12.10\x64\Include "-IC:\Program Files\Microsoft Visual Studio\18\Enterprise\VC\Tools\MSVC\14.51.36231\include" "-IC:\Program Files\Microsoft Visual Studio\18\Enterprise\VC\Tools\MSVC\14.51.36231\ATLMFC\include" "-IC:\Program Files\Microsoft Visual Studio\18\Enterprise\VC\Auxiliary\VS\include" "-IC:\Program Files (x86)\Windows Kits\10\include\10.0.26100.0\ucrt" "-IC:\Program Files (x86)\Windows Kits\10\\include\10.0.26100.0\\um" "-IC:\Program Files (x86)\Windows Kits\10\\include\10.0.26100.0\\shared" "-IC:\Program Files (x86)\Windows Kits\10\\include\10.0.26100.0\\winrt" "-IC:\Program Files (x86)\Windows Kits\10\\include\10.0.26100.0\\cppwinrt" "-IC:\Program Files (x86)\Windows Kits\NETFXSDK\4.8.1\include\um" /EHsc /Tpsrc/strata/util/temporal.cpp /FoC:\Users\RUNNER~1\AppData\Local\Temp\tmplpptrfrq.build-temp\Release\strata._dumps_hook\src\strata\util\temporal.obj /std:c++20 /O2 /Zc:__cplusplus /D_USE_STD_VECTOR_ALGORITHMS=0 /arch:AVX2 /clang:-O3
supportability (windows-x86_64)	clang-cl PGO build (gate tests on both phases)	2026-09-29T14:38:15.5241534Z   "C:\Program Files\Microsoft Visual Studio\18\Enterprise\VC\Tools\MSVC\14.51.36231\bin\HostX86\x64\link.exe" /nologo /INCREMENTAL:NO /DLL /MANIFEST:EMBED,ID=2 /MANIFESTUAC:NO /LIBPATH:C:\hostedtoolcache\windows\Python\3.12.10\x64\libs /LIBPATH:C:\hostedtoolcache\windows\Python\3.12.10\x64 /LIBPATH:C:\hostedtoolcache\windows\Python\3.12.10\x64\PCbuild\amd64 "/LIBPATH:C:\Program Files\Microsoft Visual Studio\18\Enterprise\VC\Tools\MSVC\14.51.36231\ATLMFC\lib\x64" "/LIBPATH:C:\Program Files\Microsoft Visual Studio\18\Enterprise\VC\Tools\MSVC\14.51.36231\lib\x64" "/LIBPATH:C:\Program Files (x86)\Windows Kits\NETFXSDK\4.8.1\lib\um\x64" "/LIBPATH:C:\Program Files (x86)\Windows Kits\10\lib\10.0.26100.0\ucrt\x64" "/LIBPATH:C:\Program Files (x86)\Windows Kits\10\\lib\10.0.26100.0\\um\x64" /EXPORT:PyInit__dumps_hook C:\Users\RUNNER~1\AppData\Local\Temp\tmplpptrfrq.build-temp\Release\strata._dumps_hook\src\strata\bindings\python_dumps_hook.obj C:\Users\RUNNER~1\AppData\Local\Temp\tmplpptrfrq.build-temp\Release\strata._dumps_hook\src\strata\bindings\python_files.obj C:\Users\RUNNER~1\AppData\Local\Temp\tmplpptrfrq.build-temp\Release\strata._dumps_hook\src\strata\bindings\python_folder.obj C:\Users\RUNNER~1\AppData\Local\Temp\tmplpptrfrq.build-temp\Release\strata._dumps_hook\src\strata\bindings\python_native_types.obj C:\Users\RUNNER~1\AppData\Local\Temp\tmplpptrfrq.build-temp\Release\strata._dumps_hook\src\strata\bindings\python_numpy_twins.obj C:\Users\RUNNER~1\AppData\Local\Temp\tmplpptrfrq.build-temp\Release\strata._dumps_hook\src\strata\bindings\python_parse_types.obj C:\Users\RUNNER~1\AppData\Local\Temp\tmplpptrfrq.build-temp\Release\strata._dumps_hook\src\strata\bindings\python_parse_types_walk.obj C:\Users\RUNNER~1\AppData\Local\Temp\tmplpptrfrq.build-temp\Release\strata._dumps_hook\src\strata\json\json_cursor.obj C:\Users\RUNNER~1\AppData\Local\Temp\tmplpptrfrq.build-temp\Release\strata._dumps_hook\src\strata\json\json_document.obj C:\Users\RUNNER~1\AppData\Local\Temp\tmplpptrfrq.build-temp\Release\strata._dumps_hook\src\strata\json\json_parse.obj C:\Users\RUNNER~1\AppData\Local\Temp\tmplpptrfrq.build-temp\Release\strata._dumps_hook\src\strata\json\json_serialize.obj C:\Users\RUNNER~1\AppData\Local\Temp\tmplpptrfrq.build-temp\Release\strata._dumps_hook\src\strata\json\ndjson_stream.obj C:\Users\RUNNER~1\AppData\Local\Temp\tmplpptrfrq.build-temp\Release\strata._dumps_hook\src\strata\search\jsonpath_compile.obj C:\Users\RUNNER~1\AppData\Local\Temp\tmplpptrfrq.build-temp\Release\strata._dumps_hook\src\strata\search\jsonpath_eval.obj C:\Users\RUNNER~1\AppData\Local\Temp\tmplpptrfrq.build-temp\Release\strata._dumps_hook\src\strata\util\dtoa.obj C:\Users\RUNNER~1\AppData\Local\Temp\tmplpptrfrq.build-temp\Release\strata._dumps_hook\src\strata\util\folder.obj C:\Users\RUNNER~1\AppData\Local\Temp\tmplpptrfrq.build-temp\Release\strata._dumps_hook\src\strata\util\scan.obj C:\Users\RUNNER~1\AppData\Local\Temp\tmplpptrfrq.build-temp\Release\strata._dumps_hook\src\strata\util\temporal.obj /OUT:C:\Users\RUNNER~1\AppData\Local\Temp\tmp6stozeva.build-lib\strata\_dumps_hook.cp312-win_amd64.pyd /IMPLIB:C:\Users\RUNNER~1\AppData\Local\Temp\tmplpptrfrq.build-temp\Release\strata._dumps_hook\src\strata\bindings\_dumps_hook.cp312-win_amd64.lib
supportability (windows-x86_64)	clang-cl PGO build (gate tests on both phases)	2026-09-29T14:38:15.5252681Z      Creating library C:\Users\RUNNER~1\AppData\Local\Temp\tmplpptrfrq.build-temp\Release\strata._dumps_hook\src\strata\bindings\_dumps_hook.cp312-win_amd64.lib and object C:\Users\RUNNER~1\AppData\Local\Temp\tmplpptrfrq.build-temp\Release\strata._dumps_hook\src\strata\bindings\_dumps_hook.cp312-win_amd64.exp
supportability (windows-x86_64)	clang-cl PGO build (gate tests on both phases)	2026-09-29T14:38:15.5254012Z   copying C:\Users\RUNNER~1\AppData\Local\Temp\tmp6stozeva.build-lib\strata\_strata.cp312-win_amd64.pyd -> python\strata
supportability (windows-x86_64)	clang-cl PGO build (gate tests on both phases)	2026-09-29T14:38:15.5254787Z   copying C:\Users\RUNNER~1\AppData\Local\Temp\tmp6stozeva.build-lib\strata\_dumps_hook.cp312-win_amd64.pyd -> python\strata
supportability (windows-x86_64)	clang-cl PGO build (gate tests on both phases)	2026-09-29T14:38:15.5255296Z   
supportability (windows-x86_64)	clang-cl PGO build (gate tests on both phases)	2026-09-29T14:38:15.5255510Z   ======================================================================
supportability (windows-x86_64)	clang-cl PGO build (gate tests on both phases)	2026-09-29T14:38:15.5255829Z   GATE 2/2: Python test suites (post-build)
supportability (windows-x86_64)	clang-cl PGO build (gate tests on both phases)	2026-09-29T14:38:15.5256127Z   ======================================================================
supportability (windows-x86_64)	clang-cl PGO build (gate tests on both phases)	2026-09-29T14:38:15.5256690Z   + C:\hostedtoolcache\windows\Python\3.12.10\x64\python.exe D:\a\strata\strata\scripts\py_tests.py --path D:\a\strata\strata\python
supportability (windows-x86_64)	clang-cl PGO build (gate tests on both phases)	2026-09-29T14:38:15.5257431Z   + pytest tests/py tests/unit --basetemp=C:\Users\RUNNER~1\AppData\Local\Temp\pytest-of-runneradmin\3esxxydo
supportability (windows-x86_64)	clang-cl PGO build (gate tests on both phases)	2026-09-29T14:38:15.5257943Z     import path prefix: D:\a\strata\strata\python
supportability (windows-x86_64)	clang-cl PGO build (gate tests on both phases)	2026-09-29T14:38:15.5258587Z   ============================= test session starts =============================
supportability (windows-x86_64)	clang-cl PGO build (gate tests on both phases)	2026-09-29T14:38:15.5259093Z   platform win32 -- Python 3.12.10, pytest-9.1.1, pluggy-1.6.0
supportability (windows-x86_64)	clang-cl PGO build (gate tests on both phases)	2026-09-29T14:38:15.5259511Z   rootdir: D:\a\strata\strata
supportability (windows-x86_64)	clang-cl PGO build (gate tests on both phases)	2026-09-29T14:38:15.5259756Z   configfile: pyproject.toml
supportability (windows-x86_64)	clang-cl PGO build (gate tests on both phases)	2026-09-29T14:38:15.5259997Z   collected 3670 items / 1 skipped
supportability (windows-x86_64)	clang-cl PGO build (gate tests on both phases)	2026-09-29T14:38:15.5260228Z   
supportability (windows-x86_64)	clang-cl PGO build (gate tests on both phases)	2026-09-29T14:38:15.5260514Z   tests\py\native_types\test_native_dump.py ..............                 [  0%]
supportability (windows-x86_64)	clang-cl PGO build (gate tests on both phases)	2026-09-29T14:38:15.5260978Z   tests\py\native_types\test_native_fast_paths.py ........ssssssssss..     [  0%]
supportability (windows-x86_64)	clang-cl PGO build (gate tests on both phases)	2026-09-29T14:38:15.5261436Z   tests\py\native_types\test_native_import.py ...                          [  1%]
supportability (windows-x86_64)	clang-cl PGO build (gate tests on both phases)	2026-09-29T14:38:15.5261876Z   tests\py\native_types\test_native_oracle.py .........                    [  1%]
supportability (windows-x86_64)	clang-cl PGO build (gate tests on both phases)	2026-09-29T14:38:15.5262317Z   tests\py\native_types\test_native_reentrancy.py ........................ [  1%]
supportability (windows-x86_64)	clang-cl PGO build (gate tests on both phases)	2026-09-29T14:38:15.5262711Z   ..................................................                       [  3%]
supportability (windows-x86_64)	clang-cl PGO build (gate tests on both phases)	2026-09-29T14:38:15.5263107Z   tests\py\native_types\test_parse_types.py .............................. [  4%]
supportability (windows-x86_64)	clang-cl PGO build (gate tests on both phases)	2026-09-29T14:38:15.5263504Z   ............................................................             [  5%]
supportability (windows-x86_64)	clang-cl PGO build (gate tests on both phases)	2026-09-29T14:38:15.5263891Z   tests\py\test_dumps_brace_fold.py .........                              [  5%]
supportability (windows-x86_64)	clang-cl PGO build (gate tests on both phases)	2026-09-29T14:38:15.5264325Z   tests\py\test_dumps_cycles_fused.py .................................... [  6%]
supportability (windows-x86_64)	clang-cl PGO build (gate tests on both phases)	2026-09-29T14:38:15.5264721Z   ....................................................                     [  8%]
supportability (windows-x86_64)	clang-cl PGO build (gate tests on both phases)	2026-09-29T14:38:15.5265117Z   tests\py\test_dumps_general_tables.py ............................       [  9%]
supportability (windows-x86_64)	clang-cl PGO build (gate tests on both phases)	2026-09-29T14:38:15.5265558Z   tests\py\test_dumps_with_default.py .................................... [ 10%]
supportability (windows-x86_64)	clang-cl PGO build (gate tests on both phases)	2026-09-29T14:38:15.5265949Z   .............................ss                                          [ 10%]
supportability (windows-x86_64)	clang-cl PGO build (gate tests on both phases)	2026-09-29T14:38:15.5266534Z   tests\py\test_dumps_with_default_contract.py ........................... [ 11%]
supportability (windows-x86_64)	clang-cl PGO build (gate tests on both phases)	2026-09-29T14:38:15.5266999Z   ........................................................................ [ 13%]
supportability (windows-x86_64)	clang-cl PGO build (gate tests on both phases)	2026-09-29T14:38:15.5267349Z   ........................................................................ [ 15%]
supportability (windows-x86_64)	clang-cl PGO build (gate tests on both phases)	2026-09-29T14:38:15.5267705Z   ..........................                                               [ 16%]
supportability (windows-x86_64)	clang-cl PGO build (gate tests on both phases)	2026-09-29T14:38:15.5268093Z   tests\py\test_fused_verification.py ..                                   [ 16%]
supportability (windows-x86_64)	clang-cl PGO build (gate tests on both phases)	2026-09-29T14:38:15.5268524Z   tests\py\test_json_parity.py ........................................... [ 17%]
supportability (windows-x86_64)	clang-cl PGO build (gate tests on both phases)	2026-09-29T14:38:15.5268906Z   ........................................................................ [ 19%]
supportability (windows-x86_64)	clang-cl PGO build (gate tests on both phases)	2026-09-29T14:38:15.5269249Z   ........................................................................ [ 21%]
supportability (windows-x86_64)	clang-cl PGO build (gate tests on both phases)	2026-09-29T14:38:15.5269595Z   ........................................................................ [ 23%]
supportability (windows-x86_64)	clang-cl PGO build (gate tests on both phases)	2026-09-29T14:38:15.5269940Z   ........................................................................ [ 25%]
supportability (windows-x86_64)	clang-cl PGO build (gate tests on both phases)	2026-09-29T14:38:15.5270317Z   ........................................................................ [ 27%]
supportability (windows-x86_64)	clang-cl PGO build (gate tests on both phases)	2026-09-29T14:38:15.5270676Z   ........................................................................ [ 29%]
supportability (windows-x86_64)	clang-cl PGO build (gate tests on both phases)	2026-09-29T14:38:15.5271043Z   ........................................................................ [ 31%]
supportability (windows-x86_64)	clang-cl PGO build (gate tests on both phases)	2026-09-29T14:38:15.5271392Z   ........................................................................ [ 33%]
supportability (windows-x86_64)	clang-cl PGO build (gate tests on both phases)	2026-09-29T14:38:15.5271734Z   ........................................................................ [ 35%]
supportability (windows-x86_64)	clang-cl PGO build (gate tests on both phases)	2026-09-29T14:38:15.5272077Z   ........................................................................ [ 37%]
supportability (windows-x86_64)	clang-cl PGO build (gate tests on both phases)	2026-09-29T14:38:15.5272415Z   ........................................................................ [ 39%]
supportability (windows-x86_64)	clang-cl PGO build (gate tests on both phases)	2026-09-29T14:38:15.5272756Z   ........................................................................ [ 41%]
supportability (windows-x86_64)	clang-cl PGO build (gate tests on both phases)	2026-09-29T14:38:15.5273103Z   ........................................................................ [ 43%]
supportability (windows-x86_64)	clang-cl PGO build (gate tests on both phases)	2026-09-29T14:38:15.5273448Z   ........................................................................ [ 45%]
supportability (windows-x86_64)	clang-cl PGO build (gate tests on both phases)	2026-09-29T14:38:15.5273904Z   ........................................................................ [ 46%]
supportability (windows-x86_64)	clang-cl PGO build (gate tests on both phases)	2026-09-29T14:38:15.5274334Z   ........................................................................ [ 48%]
supportability (windows-x86_64)	clang-cl PGO build (gate tests on both phases)	2026-09-29T14:38:15.5274674Z   .................................                                        [ 49%]
supportability (windows-x86_64)	clang-cl PGO build (gate tests on both phases)	2026-09-29T14:38:15.5275109Z   tests\py\test_path_dispatch.py ................................          [ 50%]
supportability (windows-x86_64)	clang-cl PGO build (gate tests on both phases)	2026-09-29T14:38:15.5275618Z   tests\py\test_py_tests_basetemp.py ..                                    [ 50%]
supportability (windows-x86_64)	clang-cl PGO build (gate tests on both phases)	2026-09-29T14:38:15.5276352Z   tests\py\test_smoke.py ...                                               [ 50%]
supportability (windows-x86_64)	clang-cl PGO build (gate tests on both phases)	2026-09-29T14:38:15.5276784Z   tests\unit\native_types\test_build_sources.py .......                    [ 51%]
supportability (windows-x86_64)	clang-cl PGO build (gate tests on both phases)	2026-09-29T14:38:15.5277242Z   tests\unit\native_types\test_hook_import_gating.py FFFFFFF               [ 51%]
supportability (windows-x86_64)	clang-cl PGO build (gate tests on both phases)	2026-09-29T14:38:15.5277703Z   tests\unit\native_types\test_native_benchmark_agreement.py ...........   [ 51%]
supportability (windows-x86_64)	clang-cl PGO build (gate tests on both phases)	2026-09-29T14:38:15.5278167Z   tests\unit\native_types\test_native_benchmark_dataset.py .....           [ 51%]
supportability (windows-x86_64)	clang-cl PGO build (gate tests on both phases)	2026-09-29T14:38:15.5278619Z   tests\unit\native_types\test_native_benchmark_rows.py .......            [ 51%]
supportability (windows-x86_64)	clang-cl PGO build (gate tests on both phases)	2026-09-29T14:38:15.5279246Z   tests\unit\native_types\test_native_ci_fetch.py ....                     [ 51%]
supportability (windows-x86_64)	clang-cl PGO build (gate tests on both phases)	2026-09-29T14:38:15.5279781Z   tests\unit\native_types\test_native_ci_summary.py .....                  [ 52%]
supportability (windows-x86_64)	clang-cl PGO build (gate tests on both phases)	2026-09-29T14:38:15.5280396Z   tests\unit\native_types\test_native_flag.py ..........................sF [ 52%]
supportability (windows-x86_64)	clang-cl PGO build (gate tests on both phases)	2026-09-29T14:38:15.5280892Z   FF                                                                       [ 52%]
supportability (windows-x86_64)	clang-cl PGO build (gate tests on both phases)	2026-09-29T14:38:15.5281367Z   tests\unit\native_types\test_native_identity_ab.py .......               [ 53%]
supportability (windows-x86_64)	clang-cl PGO build (gate tests on both phases)	2026-09-29T14:38:15.5281921Z   tests\unit\native_types\test_parse_contract.py ......................... [ 53%]
supportability (windows-x86_64)	clang-cl PGO build (gate tests on both phases)	2026-09-29T14:38:15.5282400Z   .................................................                        [ 55%]
supportability (windows-x86_64)	clang-cl PGO build (gate tests on both phases)	2026-09-29T14:38:15.5282881Z   tests\unit\native_types\test_serializer_contract.py .................... [ 55%]
supportability (windows-x86_64)	clang-cl PGO build (gate tests on both phases)	2026-09-29T14:38:15.5283394Z   ........................................................................ [ 57%]
supportability (windows-x86_64)	clang-cl PGO build (gate tests on both phases)	2026-09-29T14:38:15.5283829Z   ....................                                                     [ 58%]
supportability (windows-x86_64)	clang-cl PGO build (gate tests on both phases)	2026-09-29T14:38:15.5366522Z   tests\unit\native_types\test_training_scope.py ............              [ 58%]
supportability (windows-x86_64)	clang-cl PGO build (gate tests on both phases)	2026-09-29T14:38:15.5367259Z   tests\unit\test_ab_analysis.py ......................................    [ 59%]
supportability (windows-x86_64)	clang-cl PGO build (gate tests on both phases)	2026-09-29T14:38:15.5367947Z   tests\unit\test_build_manifest.py ...........                            [ 59%]
supportability (windows-x86_64)	clang-cl PGO build (gate tests on both phases)	2026-09-29T14:38:15.5368653Z   tests\unit\test_canonical_builds.py ....                                 [ 59%]
supportability (windows-x86_64)	clang-cl PGO build (gate tests on both phases)	2026-09-29T14:38:15.5369101Z   tests\unit\test_ci_fetch.py ........................                     [ 60%]
supportability (windows-x86_64)	clang-cl PGO build (gate tests on both phases)	2026-09-29T14:38:15.5369519Z   tests\unit\test_ci_summary.py .......................                    [ 61%]
supportability (windows-x86_64)	clang-cl PGO build (gate tests on both phases)	2026-09-29T14:38:15.5369951Z   tests\unit\test_config.py ...........................                    [ 61%]
supportability (windows-x86_64)	clang-cl PGO build (gate tests on both phases)	2026-09-29T14:38:15.5370420Z   tests\unit\test_core_purity.py ....                                      [ 62%]
supportability (windows-x86_64)	clang-cl PGO build (gate tests on both phases)	2026-09-29T14:38:15.5370858Z   tests\unit\test_cross_sample.py ......                                   [ 62%]
supportability (windows-x86_64)	clang-cl PGO build (gate tests on both phases)	2026-09-29T14:38:15.5371299Z   tests\unit\test_dumps.py ............................................... [ 63%]
supportability (windows-x86_64)	clang-cl PGO build (gate tests on both phases)	2026-09-29T14:38:15.5371667Z   ..........                                                               [ 63%]
supportability (windows-x86_64)	clang-cl PGO build (gate tests on both phases)	2026-09-29T14:38:15.5372039Z   tests\unit\test_dumps_brace_fold.py .........                            [ 64%]
supportability (windows-x86_64)	clang-cl PGO build (gate tests on both phases)	2026-09-29T14:38:15.5372473Z   tests\unit\test_dumps_cold_start.py ....                                 [ 64%]
supportability (windows-x86_64)	clang-cl PGO build (gate tests on both phases)	2026-09-29T14:38:15.5372916Z   tests\unit\test_dumps_contract.py ...................................... [ 65%]
supportability (windows-x86_64)	clang-cl PGO build (gate tests on both phases)	2026-09-29T14:38:15.5373301Z   .............................................................            [ 66%]
supportability (windows-x86_64)	clang-cl PGO build (gate tests on both phases)	2026-09-29T14:38:15.5373936Z   tests\unit\test_dumps_cycles_fused.py .................................. [ 67%]
supportability (windows-x86_64)	clang-cl PGO build (gate tests on both phases)	2026-09-29T14:38:15.5374444Z   ......................................................                   [ 69%]
supportability (windows-x86_64)	clang-cl PGO build (gate tests on both phases)	2026-09-29T14:38:15.5374837Z   tests\unit\test_dumps_general_tables.py ............................     [ 70%]
supportability (windows-x86_64)	clang-cl PGO build (gate tests on both phases)	2026-09-29T14:38:15.5375285Z   tests\unit\test_dumps_latch.py ............................              [ 70%]
supportability (windows-x86_64)	clang-cl PGO build (gate tests on both phases)	2026-09-29T14:38:15.5375726Z   tests\unit\test_dumps_private_cache.py ................................  [ 71%]
supportability (windows-x86_64)	clang-cl PGO build (gate tests on both phases)	2026-09-29T14:38:15.5376295Z   tests\unit\test_dumps_reentrancy.py .................................... [ 72%]
supportability (windows-x86_64)	clang-cl PGO build (gate tests on both phases)	2026-09-29T14:38:15.5377201Z   ......................................................................   [ 74%]
supportability (windows-x86_64)	clang-cl PGO build (gate tests on both phases)	2026-09-29T14:38:15.5377891Z   tests\unit\test_dumps_reentrancy_review.py ............................. [ 75%]
supportability (windows-x86_64)	clang-cl PGO build (gate tests on both phases)	2026-09-29T14:38:15.5378508Z   ..                                                                       [ 75%]
supportability (windows-x86_64)	clang-cl PGO build (gate tests on both phases)	2026-09-29T14:38:15.5379131Z   tests\unit\test_dumps_schema_failure.py ...........................      [ 76%]
supportability (windows-x86_64)	clang-cl PGO build (gate tests on both phases)	2026-09-29T14:38:15.5379803Z   tests\unit\test_dumps_user_step_counter.py ..........................    [ 76%]
supportability (windows-x86_64)	clang-cl PGO build (gate tests on both phases)	2026-09-29T14:38:15.5380271Z   tests\unit\test_dumps_with_default.py .................................. [ 77%]
supportability (windows-x86_64)	clang-cl PGO build (gate tests on both phases)	2026-09-29T14:38:15.5380658Z   ........................................................................ [ 79%]
supportability (windows-x86_64)	clang-cl PGO build (gate tests on both phases)	2026-09-29T14:38:15.5380993Z   .........................................................                [ 81%]
supportability (windows-x86_64)	clang-cl PGO build (gate tests on both phases)	2026-09-29T14:38:15.5381379Z   tests\unit\test_dumps_with_default_state.py ............................ [ 82%]
supportability (windows-x86_64)	clang-cl PGO build (gate tests on both phases)	2026-09-29T14:38:15.5381766Z   ........................................................................ [ 83%]
supportability (windows-x86_64)	clang-cl PGO build (gate tests on both phases)	2026-09-29T14:38:15.5382085Z   ..............                                                           [ 84%]
supportability (windows-x86_64)	clang-cl PGO build (gate tests on both phases)	2026-09-29T14:38:15.5382595Z   tests\unit\test_folder.py .....ss....................................... [ 85%]
supportability (windows-x86_64)	clang-cl PGO build (gate tests on both phases)	2026-09-29T14:38:15.5382979Z   .........................................                                [ 86%]
supportability (windows-x86_64)	clang-cl PGO build (gate tests on both phases)	2026-09-29T14:38:15.5383365Z   tests\unit\test_fused_verification.py ..                                 [ 86%]
supportability (windows-x86_64)	clang-cl PGO build (gate tests on both phases)	2026-09-29T14:38:15.5383801Z   tests\unit\test_hook_build_scope.py ...............................      [ 87%]
supportability (windows-x86_64)	clang-cl PGO build (gate tests on both phases)	2026-09-29T14:38:15.5384218Z   tests\unit\test_json_cursor.py ...........................               [ 88%]
supportability (windows-x86_64)	clang-cl PGO build (gate tests on both phases)	2026-09-29T14:38:15.5384645Z   tests\unit\test_jsonpath.py ............................................ [ 89%]
supportability (windows-x86_64)	clang-cl PGO build (gate tests on both phases)	2026-09-29T14:38:15.5385018Z   .......................................................................  [ 91%]
supportability (windows-x86_64)	clang-cl PGO build (gate tests on both phases)	2026-09-29T14:38:15.5385404Z   tests\unit\test_load_dump.py ........................s.................. [ 92%]
supportability (windows-x86_64)	clang-cl PGO build (gate tests on both phases)	2026-09-29T14:38:15.5385758Z                                                                            [ 92%]
supportability (windows-x86_64)	clang-cl PGO build (gate tests on both phases)	2026-09-29T14:38:15.5386106Z   tests\unit\test_loads.py ............................................... [ 93%]
supportability (windows-x86_64)	clang-cl PGO build (gate tests on both phases)	2026-09-29T14:38:15.5386471Z   ........................................................................ [ 95%]
supportability (windows-x86_64)	clang-cl PGO build (gate tests on both phases)	2026-09-29T14:38:15.5386802Z   ................                                                         [ 96%]
supportability (windows-x86_64)	clang-cl PGO build (gate tests on both phases)	2026-09-29T14:38:15.5387185Z   tests\unit\test_native_interleaved_profile.py ...                        [ 96%]
supportability (windows-x86_64)	clang-cl PGO build (gate tests on both phases)	2026-09-29T14:38:15.5387643Z   tests\unit\test_path_dispatch.py ................................        [ 97%]
supportability (windows-x86_64)	clang-cl PGO build (gate tests on both phases)	2026-09-29T14:38:15.5388092Z   tests\unit\test_provenance.py ..................                         [ 97%]
supportability (windows-x86_64)	clang-cl PGO build (gate tests on both phases)	2026-09-29T14:38:15.5388531Z   tests\unit\test_regression_check.py ..........................           [ 98%]
supportability (windows-x86_64)	clang-cl PGO build (gate tests on both phases)	2026-09-29T14:38:15.5388957Z   tests\unit\test_search_stream.py .................                       [ 98%]
supportability (windows-x86_64)	clang-cl PGO build (gate tests on both phases)	2026-09-29T14:38:15.5389392Z   tests\unit\test_string_identity_probe.py .                               [ 98%]
supportability (windows-x86_64)	clang-cl PGO build (gate tests on both phases)	2026-09-29T14:38:15.5389832Z   tests\unit\test_supplementary.py ............s                           [ 99%]
supportability (windows-x86_64)	clang-cl PGO build (gate tests on both phases)	2026-09-29T14:38:15.5390273Z   tests\unit\test_supportability_check.py ....................             [ 99%]
supportability (windows-x86_64)	clang-cl PGO build (gate tests on both phases)	2026-09-29T14:38:15.5391591Z   tests\unit\test_version.py ....                                          [100%]
supportability (windows-x86_64)	clang-cl PGO build (gate tests on both phases)	2026-09-29T14:38:15.5392028Z   
supportability (windows-x86_64)	clang-cl PGO build (gate tests on both phases)	2026-09-29T14:38:15.5392255Z   ================================== FAILURES ===================================
supportability (windows-x86_64)	clang-cl PGO build (gate tests on both phases)	2026-09-29T14:38:15.5392731Z   _ test_a_hook_that_fails_to_import_raises_on_every_call[dumps-strata.dumps(1, native=True)] _
supportability (windows-x86_64)	clang-cl PGO build (gate tests on both phases)	2026-09-29T14:38:15.5393144Z   
supportability (windows-x86_64)	clang-cl PGO build (gate tests on both phases)	2026-09-29T14:38:15.5393378Z   label = 'dumps', call = 'strata.dumps(1, native=True)'
supportability (windows-x86_64)	clang-cl PGO build (gate tests on both phases)	2026-09-29T14:38:15.5393657Z   
supportability (windows-x86_64)	clang-cl PGO build (gate tests on both phases)	2026-09-29T14:38:15.5393842Z       @pytest.mark.parametrize(
supportability (windows-x86_64)	clang-cl PGO build (gate tests on both phases)	2026-09-29T14:38:15.5394081Z           ("label", "call"),
supportability (windows-x86_64)	clang-cl PGO build (gate tests on both phases)	2026-09-29T14:38:15.5394290Z           [
supportability (windows-x86_64)	clang-cl PGO build (gate tests on both phases)	2026-09-29T14:38:15.5394509Z               ("dumps", "strata.dumps(1, native=True)"),
supportability (windows-x86_64)	clang-cl PGO build (gate tests on both phases)	2026-09-29T14:38:15.5394886Z               ("dump", "strata.dump(1, __import__('tempfile').mktemp(), native=True)"),
supportability (windows-x86_64)	clang-cl PGO build (gate tests on both phases)	2026-09-29T14:38:15.5395289Z               ("loads", "strata.loads('1', parse_types=True)"),
supportability (windows-x86_64)	clang-cl PGO build (gate tests on both phases)	2026-09-29T14:38:15.5395572Z           ],
supportability (windows-x86_64)	clang-cl PGO build (gate tests on both phases)	2026-09-29T14:38:15.5395745Z       )
supportability (windows-x86_64)	clang-cl PGO build (gate tests on both phases)	2026-09-29T14:38:15.5396018Z       def test_a_hook_that_fails_to_import_raises_on_every_call(label, call):
supportability (windows-x86_64)	clang-cl PGO build (gate tests on both phases)	2026-09-29T14:38:15.5396374Z   >       out = _fresh(
supportability (windows-x86_64)	clang-cl PGO build (gate tests on both phases)	2026-09-29T14:38:15.5396585Z               _BLOCK_HOOK_IMPORT
supportability (windows-x86_64)	clang-cl PGO build (gate tests on both phases)	2026-09-29T14:38:15.5396814Z               + textwrap.dedent(
supportability (windows-x86_64)	clang-cl PGO build (gate tests on both phases)	2026-09-29T14:38:15.5397410Z                   f"""
supportability (windows-x86_64)	clang-cl PGO build (gate tests on both phases)	2026-09-29T14:38:15.5397616Z                   import strata
supportability (windows-x86_64)	clang-cl PGO build (gate tests on both phases)	2026-09-29T14:38:15.5397824Z   
supportability (windows-x86_64)	clang-cl PGO build (gate tests on both phases)	2026-09-29T14:38:15.5397999Z                   for _ in range(2):
supportability (windows-x86_64)	clang-cl PGO build (gate tests on both phases)	2026-09-29T14:38:15.5398231Z                       try:
supportability (windows-x86_64)	clang-cl PGO build (gate tests on both phases)	2026-09-29T14:38:15.5398439Z                           {call}
supportability (windows-x86_64)	clang-cl PGO build (gate tests on both phases)	2026-09-29T14:38:15.5398669Z                       except ImportError:
supportability (windows-x86_64)	clang-cl PGO build (gate tests on both phases)	2026-09-29T14:38:15.5398941Z                           print("import-error")
supportability (windows-x86_64)	clang-cl PGO build (gate tests on both phases)	2026-09-29T14:38:15.5399200Z                       else:
supportability (windows-x86_64)	clang-cl PGO build (gate tests on both phases)	2026-09-29T14:38:15.5399449Z                           print("NO-ERROR")
supportability (windows-x86_64)	clang-cl PGO build (gate tests on both phases)	2026-09-29T14:38:15.5399693Z   
supportability (windows-x86_64)	clang-cl PGO build (gate tests on both phases)	2026-09-29T14:38:15.5399884Z                   print(strata.dumps({{"a": 1}}))
supportability (windows-x86_64)	clang-cl PGO build (gate tests on both phases)	2026-09-29T14:38:15.5400176Z                   print(strata.loads('{{"a": 1}}'))
supportability (windows-x86_64)	clang-cl PGO build (gate tests on both phases)	2026-09-29T14:38:15.5400438Z                   """
supportability (windows-x86_64)	clang-cl PGO build (gate tests on both phases)	2026-09-29T14:38:15.5400624Z               )
supportability (windows-x86_64)	clang-cl PGO build (gate tests on both phases)	2026-09-29T14:38:15.5400803Z           )
supportability (windows-x86_64)	clang-cl PGO build (gate tests on both phases)	2026-09-29T14:38:15.5400970Z   
supportability (windows-x86_64)	clang-cl PGO build (gate tests on both phases)	2026-09-29T14:38:15.5401197Z   tests\unit\native_types\test_hook_import_gating.py:57:
supportability (windows-x86_64)	clang-cl PGO build (gate tests on both phases)	2026-09-29T14:38:15.5401544Z   _ _ _ _ _ _ _ _ _ _ _ _ _ _ _ _ _ _ _ _ _ _ _ _ _ _ _ _ _ _ _ _ _ _ _ _ _ _ _ _
supportability (windows-x86_64)	clang-cl PGO build (gate tests on both phases)	2026-09-29T14:38:15.5401836Z   
supportability (windows-x86_64)	clang-cl PGO build (gate tests on both phases)	2026-09-29T14:38:15.5402566Z   code = '\nimport sys\n\nclass _BlockHook:\n    def find_spec(self, name, path, target=None):\n        if name == "strata._dum...rt-error")\n    else:\n        print("NO-ERROR")\n\nprint(strata.dumps({"a": 1}))\nprint(strata.loads(\'{"a": 1}\'))\n'
supportability (windows-x86_64)	clang-cl PGO build (gate tests on both phases)	2026-09-29T14:38:15.5403352Z   
supportability (windows-x86_64)	clang-cl PGO build (gate tests on both phases)	2026-09-29T14:38:15.5403519Z       def _fresh(code):
supportability (windows-x86_64)	clang-cl PGO build (gate tests on both phases)	2026-09-29T14:38:15.5403865Z           package_root = strata.__file__.rsplit("/python/", 1)[0] + "/python"
supportability (windows-x86_64)	clang-cl PGO build (gate tests on both phases)	2026-09-29T14:38:15.5404223Z           result = subprocess.run(
supportability (windows-x86_64)	clang-cl PGO build (gate tests on both phases)	2026-09-29T14:38:15.5404619Z               [sys.executable, "-c", f"import sys\nsys.path.insert(0, {package_root!r})\n" + code],
supportability (windows-x86_64)	clang-cl PGO build (gate tests on both phases)	2026-09-29T14:38:15.5405028Z               capture_output=True,
supportability (windows-x86_64)	clang-cl PGO build (gate tests on both phases)	2026-09-29T14:38:15.5405254Z               text=True,
supportability (windows-x86_64)	clang-cl PGO build (gate tests on both phases)	2026-09-29T14:38:15.5405461Z               timeout=60,
supportability (windows-x86_64)	clang-cl PGO build (gate tests on both phases)	2026-09-29T14:38:15.5405672Z               check=False,
supportability (windows-x86_64)	clang-cl PGO build (gate tests on both phases)	2026-09-29T14:38:15.5405885Z           )
supportability (windows-x86_64)	clang-cl PGO build (gate tests on both phases)	2026-09-29T14:38:15.5406101Z   >       assert result.returncode == 0, result.stderr
supportability (windows-x86_64)	clang-cl PGO build (gate tests on both phases)	2026-09-29T14:38:15.5406445Z   E       AssertionError: Traceback (most recent call last):
supportability (windows-x86_64)	clang-cl PGO build (gate tests on both phases)	2026-09-29T14:38:15.5406771Z   E           File "<string>", line 14, in <module>
supportability (windows-x86_64)	clang-cl PGO build (gate tests on both phases)	2026-09-29T14:38:15.5407077Z   E         ModuleNotFoundError: No module named 'strata'
supportability (windows-x86_64)	clang-cl PGO build (gate tests on both phases)	2026-09-29T14:38:15.5407351Z   E
supportability (windows-x86_64)	clang-cl PGO build (gate tests on both phases)	2026-09-29T14:38:15.5407521Z   E       assert 1 == 0
supportability (windows-x86_64)	clang-cl PGO build (gate tests on both phases)	2026-09-29T14:38:15.5408393Z   E        +  where 1 = CompletedProcess(args=['C:\\hostedtoolcache\\windows\\Python\\3.12.10\\x64\\python.exe', '-c', 'import sys\nsys.path.i... (most recent call last):\n  File "<string>", line 14, in <module>\nModuleNotFoundError: No module named \'strata\'\n').returncode
supportability (windows-x86_64)	clang-cl PGO build (gate tests on both phases)	2026-09-29T14:38:15.5409680Z   
supportability (windows-x86_64)	clang-cl PGO build (gate tests on both phases)	2026-09-29T14:38:15.5409963Z   tests\unit\native_types\test_hook_import_gating.py:31: AssertionError
supportability (windows-x86_64)	clang-cl PGO build (gate tests on both phases)	2026-09-29T14:38:15.5410577Z   _ test_a_hook_that_fails_to_import_raises_on_every_call[dump-strata.dump(1, __import__('tempfile').mktemp(), native=True)] _
supportability (windows-x86_64)	clang-cl PGO build (gate tests on both phases)	2026-09-29T14:38:15.5411064Z   
supportability (windows-x86_64)	clang-cl PGO build (gate tests on both phases)	2026-09-29T14:38:15.5411224Z   label = 'dump'
supportability (windows-x86_64)	clang-cl PGO build (gate tests on both phases)	2026-09-29T14:38:15.5411509Z   call = "strata.dump(1, __import__('tempfile').mktemp(), native=True)"
supportability (windows-x86_64)	clang-cl PGO build (gate tests on both phases)	2026-09-29T14:38:15.5411825Z   
supportability (windows-x86_64)	clang-cl PGO build (gate tests on both phases)	2026-09-29T14:38:15.5412007Z       @pytest.mark.parametrize(
supportability (windows-x86_64)	clang-cl PGO build (gate tests on both phases)	2026-09-29T14:38:15.5412239Z           ("label", "call"),
supportability (windows-x86_64)	clang-cl PGO build (gate tests on both phases)	2026-09-29T14:38:15.5412443Z           [
supportability (windows-x86_64)	clang-cl PGO build (gate tests on both phases)	2026-09-29T14:38:15.5412653Z               ("dumps", "strata.dumps(1, native=True)"),
supportability (windows-x86_64)	clang-cl PGO build (gate tests on both phases)	2026-09-29T14:38:15.5413028Z               ("dump", "strata.dump(1, __import__('tempfile').mktemp(), native=True)"),
supportability (windows-x86_64)	clang-cl PGO build (gate tests on both phases)	2026-09-29T14:38:15.5413431Z               ("loads", "strata.loads('1', parse_types=True)"),
supportability (windows-x86_64)	clang-cl PGO build (gate tests on both phases)	2026-09-29T14:38:15.5413716Z           ],
supportability (windows-x86_64)	clang-cl PGO build (gate tests on both phases)	2026-09-29T14:38:15.5413887Z       )
supportability (windows-x86_64)	clang-cl PGO build (gate tests on both phases)	2026-09-29T14:38:15.5414157Z       def test_a_hook_that_fails_to_import_raises_on_every_call(label, call):
supportability (windows-x86_64)	clang-cl PGO build (gate tests on both phases)	2026-09-29T14:38:15.5414499Z   >       out = _fresh(
supportability (windows-x86_64)	clang-cl PGO build (gate tests on both phases)	2026-09-29T14:38:15.5414704Z               _BLOCK_HOOK_IMPORT
supportability (windows-x86_64)	clang-cl PGO build (gate tests on both phases)	2026-09-29T14:38:15.5414933Z               + textwrap.dedent(
supportability (windows-x86_64)	clang-cl PGO build (gate tests on both phases)	2026-09-29T14:38:15.5415142Z                   f"""
supportability (windows-x86_64)	clang-cl PGO build (gate tests on both phases)	2026-09-29T14:38:15.5415344Z                   import strata
supportability (windows-x86_64)	clang-cl PGO build (gate tests on both phases)	2026-09-29T14:38:15.5415547Z   
supportability (windows-x86_64)	clang-cl PGO build (gate tests on both phases)	2026-09-29T14:38:15.5415718Z                   for _ in range(2):
supportability (windows-x86_64)	clang-cl PGO build (gate tests on both phases)	2026-09-29T14:38:15.5415951Z                       try:
supportability (windows-x86_64)	clang-cl PGO build (gate tests on both phases)	2026-09-29T14:38:15.5416159Z                           {call}
supportability (windows-x86_64)	clang-cl PGO build (gate tests on both phases)	2026-09-29T14:38:15.5416390Z                       except ImportError:
supportability (windows-x86_64)	clang-cl PGO build (gate tests on both phases)	2026-09-29T14:38:15.5416657Z                           print("import-error")
supportability (windows-x86_64)	clang-cl PGO build (gate tests on both phases)	2026-09-29T14:38:15.5416925Z                       else:
supportability (windows-x86_64)	clang-cl PGO build (gate tests on both phases)	2026-09-29T14:38:15.5417430Z                           print("NO-ERROR")
supportability (windows-x86_64)	clang-cl PGO build (gate tests on both phases)	2026-09-29T14:38:15.5417696Z   
supportability (windows-x86_64)	clang-cl PGO build (gate tests on both phases)	2026-09-29T14:38:15.5417896Z                   print(strata.dumps({{"a": 1}}))
supportability (windows-x86_64)	clang-cl PGO build (gate tests on both phases)	2026-09-29T14:38:15.5418185Z                   print(strata.loads('{{"a": 1}}'))
supportability (windows-x86_64)	clang-cl PGO build (gate tests on both phases)	2026-09-29T14:38:15.5418452Z                   """
supportability (windows-x86_64)	clang-cl PGO build (gate tests on both phases)	2026-09-29T14:38:15.5418643Z               )
supportability (windows-x86_64)	clang-cl PGO build (gate tests on both phases)	2026-09-29T14:38:15.5418829Z           )
supportability (windows-x86_64)	clang-cl PGO build (gate tests on both phases)	2026-09-29T14:38:15.5418992Z   
supportability (windows-x86_64)	clang-cl PGO build (gate tests on both phases)	2026-09-29T14:38:15.5419221Z   tests\unit\native_types\test_hook_import_gating.py:57:
supportability (windows-x86_64)	clang-cl PGO build (gate tests on both phases)	2026-09-29T14:38:15.5419571Z   _ _ _ _ _ _ _ _ _ _ _ _ _ _ _ _ _ _ _ _ _ _ _ _ _ _ _ _ _ _ _ _ _ _ _ _ _ _ _ _
supportability (windows-x86_64)	clang-cl PGO build (gate tests on both phases)	2026-09-29T14:38:15.5419864Z   
supportability (windows-x86_64)	clang-cl PGO build (gate tests on both phases)	2026-09-29T14:38:15.5420597Z   code = '\nimport sys\n\nclass _BlockHook:\n    def find_spec(self, name, path, target=None):\n        if name == "strata._dum...rt-error")\n    else:\n        print("NO-ERROR")\n\nprint(strata.dumps({"a": 1}))\nprint(strata.loads(\'{"a": 1}\'))\n'
supportability (windows-x86_64)	clang-cl PGO build (gate tests on both phases)	2026-09-29T14:38:15.5421360Z   
supportability (windows-x86_64)	clang-cl PGO build (gate tests on both phases)	2026-09-29T14:38:15.5421520Z       def _fresh(code):
supportability (windows-x86_64)	clang-cl PGO build (gate tests on both phases)	2026-09-29T14:38:15.5421825Z           package_root = strata.__file__.rsplit("/python/", 1)[0] + "/python"
supportability (windows-x86_64)	clang-cl PGO build (gate tests on both phases)	2026-09-29T14:38:15.5422183Z           result = subprocess.run(
supportability (windows-x86_64)	clang-cl PGO build (gate tests on both phases)	2026-09-29T14:38:15.5422597Z               [sys.executable, "-c", f"import sys\nsys.path.insert(0, {package_root!r})\n" + code],
supportability (windows-x86_64)	clang-cl PGO build (gate tests on both phases)	2026-09-29T14:38:15.5423260Z               capture_output=True,
supportability (windows-x86_64)	clang-cl PGO build (gate tests on both phases)	2026-09-29T14:38:15.5423700Z               text=True,
supportability (windows-x86_64)	clang-cl PGO build (gate tests on both phases)	2026-09-29T14:38:15.5424030Z               timeout=60,
supportability (windows-x86_64)	clang-cl PGO build (gate tests on both phases)	2026-09-29T14:38:15.5424371Z               check=False,
supportability (windows-x86_64)	clang-cl PGO build (gate tests on both phases)	2026-09-29T14:38:15.5424703Z           )
supportability (windows-x86_64)	clang-cl PGO build (gate tests on both phases)	2026-09-29T14:38:15.5425054Z   >       assert result.returncode == 0, result.stderr
supportability (windows-x86_64)	clang-cl PGO build (gate tests on both phases)	2026-09-29T14:38:15.5425612Z   E       AssertionError: Traceback (most recent call last):
supportability (windows-x86_64)	clang-cl PGO build (gate tests on both phases)	2026-09-29T14:38:15.5426135Z   E           File "<string>", line 14, in <module>
supportability (windows-x86_64)	clang-cl PGO build (gate tests on both phases)	2026-09-29T14:38:15.5426644Z   E         ModuleNotFoundError: No module named 'strata'
supportability (windows-x86_64)	clang-cl PGO build (gate tests on both phases)	2026-09-29T14:38:15.5427688Z   E
supportability (windows-x86_64)	clang-cl PGO build (gate tests on both phases)	2026-09-29T14:38:15.5427951Z   E       assert 1 == 0
supportability (windows-x86_64)	clang-cl PGO build (gate tests on both phases)	2026-09-29T14:38:15.5428929Z   E        +  where 1 = CompletedProcess(args=['C:\\hostedtoolcache\\windows\\Python\\3.12.10\\x64\\python.exe', '-c', 'import sys\nsys.path.i... (most recent call last):\n  File "<string>", line 14, in <module>\nModuleNotFoundError: No module named \'strata\'\n').returncode
supportability (windows-x86_64)	clang-cl PGO build (gate tests on both phases)	2026-09-29T14:38:15.5429915Z   
supportability (windows-x86_64)	clang-cl PGO build (gate tests on both phases)	2026-09-29T14:38:15.5430191Z   tests\unit\native_types\test_hook_import_gating.py:31: AssertionError
supportability (windows-x86_64)	clang-cl PGO build (gate tests on both phases)	2026-09-29T14:38:15.5430725Z   _ test_a_hook_that_fails_to_import_raises_on_every_call[loads-strata.loads('1', parse_types=True)] _
supportability (windows-x86_64)	clang-cl PGO build (gate tests on both phases)	2026-09-29T14:38:15.5431164Z   
supportability (windows-x86_64)	clang-cl PGO build (gate tests on both phases)	2026-09-29T14:38:15.5431510Z   label = 'loads', call = "strata.loads('1', parse_types=True)"
supportability (windows-x86_64)	clang-cl PGO build (gate tests on both phases)	2026-09-29T14:38:15.5431957Z   
supportability (windows-x86_64)	clang-cl PGO build (gate tests on both phases)	2026-09-29T14:38:15.5432203Z       @pytest.mark.parametrize(
supportability (windows-x86_64)	clang-cl PGO build (gate tests on both phases)	2026-09-29T14:38:15.5432771Z           ("label", "call"),
supportability (windows-x86_64)	clang-cl PGO build (gate tests on both phases)	2026-09-29T14:38:15.5433073Z           [
supportability (windows-x86_64)	clang-cl PGO build (gate tests on both phases)	2026-09-29T14:38:15.5433288Z               ("dumps", "strata.dumps(1, native=True)"),
supportability (windows-x86_64)	clang-cl PGO build (gate tests on both phases)	2026-09-29T14:38:15.5433735Z               ("dump", "strata.dump(1, __import__('tempfile').mktemp(), native=True)"),
supportability (windows-x86_64)	clang-cl PGO build (gate tests on both phases)	2026-09-29T14:38:15.5434139Z               ("loads", "strata.loads('1', parse_types=True)"),
supportability (windows-x86_64)	clang-cl PGO build (gate tests on both phases)	2026-09-29T14:38:15.5434414Z           ],
supportability (windows-x86_64)	clang-cl PGO build (gate tests on both phases)	2026-09-29T14:38:15.5434591Z       )
supportability (windows-x86_64)	clang-cl PGO build (gate tests on both phases)	2026-09-29T14:38:15.5434867Z       def test_a_hook_that_fails_to_import_raises_on_every_call(label, call):
supportability (windows-x86_64)	clang-cl PGO build (gate tests on both phases)	2026-09-29T14:38:15.5435208Z   >       out = _fresh(
supportability (windows-x86_64)	clang-cl PGO build (gate tests on both phases)	2026-09-29T14:38:15.5435409Z               _BLOCK_HOOK_IMPORT
supportability (windows-x86_64)	clang-cl PGO build (gate tests on both phases)	2026-09-29T14:38:15.5435630Z               + textwrap.dedent(
supportability (windows-x86_64)	clang-cl PGO build (gate tests on both phases)	2026-09-29T14:38:15.5435832Z                   f"""
supportability (windows-x86_64)	clang-cl PGO build (gate tests on both phases)	2026-09-29T14:38:15.5436022Z                   import strata
supportability (windows-x86_64)	clang-cl PGO build (gate tests on both phases)	2026-09-29T14:38:15.5436223Z   
supportability (windows-x86_64)	clang-cl PGO build (gate tests on both phases)	2026-09-29T14:38:15.5436395Z                   for _ in range(2):
supportability (windows-x86_64)	clang-cl PGO build (gate tests on both phases)	2026-09-29T14:38:15.5436625Z                       try:
supportability (windows-x86_64)	clang-cl PGO build (gate tests on both phases)	2026-09-29T14:38:15.5436827Z                           {call}
supportability (windows-x86_64)	clang-cl PGO build (gate tests on both phases)	2026-09-29T14:38:15.5437053Z                       except ImportError:
supportability (windows-x86_64)	clang-cl PGO build (gate tests on both phases)	2026-09-29T14:38:15.5437324Z                           print("import-error")
supportability (windows-x86_64)	clang-cl PGO build (gate tests on both phases)	2026-09-29T14:38:15.5437578Z                       else:
supportability (windows-x86_64)	clang-cl PGO build (gate tests on both phases)	2026-09-29T14:38:15.5437796Z                           print("NO-ERROR")
supportability (windows-x86_64)	clang-cl PGO build (gate tests on both phases)	2026-09-29T14:38:15.5438031Z   
supportability (windows-x86_64)	clang-cl PGO build (gate tests on both phases)	2026-09-29T14:38:15.5438218Z                   print(strata.dumps({{"a": 1}}))
supportability (windows-x86_64)	clang-cl PGO build (gate tests on both phases)	2026-09-29T14:38:15.5438497Z                   print(strata.loads('{{"a": 1}}'))
supportability (windows-x86_64)	clang-cl PGO build (gate tests on both phases)	2026-09-29T14:38:15.5438761Z                   """
supportability (windows-x86_64)	clang-cl PGO build (gate tests on both phases)	2026-09-29T14:38:15.5438950Z               )
supportability (windows-x86_64)	clang-cl PGO build (gate tests on both phases)	2026-09-29T14:38:15.5439121Z           )
supportability (windows-x86_64)	clang-cl PGO build (gate tests on both phases)	2026-09-29T14:38:15.5439281Z   
supportability (windows-x86_64)	clang-cl PGO build (gate tests on both phases)	2026-09-29T14:38:15.5439499Z   tests\unit\native_types\test_hook_import_gating.py:57:
supportability (windows-x86_64)	clang-cl PGO build (gate tests on both phases)	2026-09-29T14:38:15.5439837Z   _ _ _ _ _ _ _ _ _ _ _ _ _ _ _ _ _ _ _ _ _ _ _ _ _ _ _ _ _ _ _ _ _ _ _ _ _ _ _ _
supportability (windows-x86_64)	clang-cl PGO build (gate tests on both phases)	2026-09-29T14:38:15.5440125Z   
supportability (windows-x86_64)	clang-cl PGO build (gate tests on both phases)	2026-09-29T14:38:15.5440851Z   code = '\nimport sys\n\nclass _BlockHook:\n    def find_spec(self, name, path, target=None):\n        if name == "strata._dum...rt-error")\n    else:\n        print("NO-ERROR")\n\nprint(strata.dumps({"a": 1}))\nprint(strata.loads(\'{"a": 1}\'))\n'
supportability (windows-x86_64)	clang-cl PGO build (gate tests on both phases)	2026-09-29T14:38:15.5441609Z   
supportability (windows-x86_64)	clang-cl PGO build (gate tests on both phases)	2026-09-29T14:38:15.5441775Z       def _fresh(code):
supportability (windows-x86_64)	clang-cl PGO build (gate tests on both phases)	2026-09-29T14:38:15.5442073Z           package_root = strata.__file__.rsplit("/python/", 1)[0] + "/python"
supportability (windows-x86_64)	clang-cl PGO build (gate tests on both phases)	2026-09-29T14:38:15.5442413Z           result = subprocess.run(
supportability (windows-x86_64)	clang-cl PGO build (gate tests on both phases)	2026-09-29T14:38:15.5442798Z               [sys.executable, "-c", f"import sys\nsys.path.insert(0, {package_root!r})\n" + code],
supportability (windows-x86_64)	clang-cl PGO build (gate tests on both phases)	2026-09-29T14:38:15.5443191Z               capture_output=True,
supportability (windows-x86_64)	clang-cl PGO build (gate tests on both phases)	2026-09-29T14:38:15.5443415Z               text=True,
supportability (windows-x86_64)	clang-cl PGO build (gate tests on both phases)	2026-09-29T14:38:15.5443614Z               timeout=60,
supportability (windows-x86_64)	clang-cl PGO build (gate tests on both phases)	2026-09-29T14:38:15.5443817Z               check=False,
supportability (windows-x86_64)	clang-cl PGO build (gate tests on both phases)	2026-09-29T14:38:15.5444015Z           )
supportability (windows-x86_64)	clang-cl PGO build (gate tests on both phases)	2026-09-29T14:38:15.5444221Z   >       assert result.returncode == 0, result.stderr
supportability (windows-x86_64)	clang-cl PGO build (gate tests on both phases)	2026-09-29T14:38:15.5444557Z   E       AssertionError: Traceback (most recent call last):
supportability (windows-x86_64)	clang-cl PGO build (gate tests on both phases)	2026-09-29T14:38:15.5444867Z   E           File "<string>", line 14, in <module>
supportability (windows-x86_64)	clang-cl PGO build (gate tests on both phases)	2026-09-29T14:38:15.5445162Z   E         ModuleNotFoundError: No module named 'strata'
supportability (windows-x86_64)	clang-cl PGO build (gate tests on both phases)	2026-09-29T14:38:15.5445585Z   E
supportability (windows-x86_64)	clang-cl PGO build (gate tests on both phases)	2026-09-29T14:38:15.5445754Z   E       assert 1 == 0
supportability (windows-x86_64)	clang-cl PGO build (gate tests on both phases)	2026-09-29T14:38:15.5446689Z   E        +  where 1 = CompletedProcess(args=['C:\\hostedtoolcache\\windows\\Python\\3.12.10\\x64\\python.exe', '-c', 'import sys\nsys.path.i... (most recent call last):\n  File "<string>", line 14, in <module>\nModuleNotFoundError: No module named \'strata\'\n').returncode
supportability (windows-x86_64)	clang-cl PGO build (gate tests on both phases)	2026-09-29T14:38:15.5447544Z   
supportability (windows-x86_64)	clang-cl PGO build (gate tests on both phases)	2026-09-29T14:38:15.5447805Z   tests\unit\native_types\test_hook_import_gating.py:31: AssertionError
supportability (windows-x86_64)	clang-cl PGO build (gate tests on both phases)	2026-09-29T14:38:15.5448258Z   _________ test_hook_free_calls_are_unaffected_by_a_broken_hook_image __________
supportability (windows-x86_64)	clang-cl PGO build (gate tests on both phases)	2026-09-29T14:38:15.5448599Z   
supportability (windows-x86_64)	clang-cl PGO build (gate tests on both phases)	2026-09-29T14:38:15.5448833Z       def test_hook_free_calls_are_unaffected_by_a_broken_hook_image():
supportability (windows-x86_64)	clang-cl PGO build (gate tests on both phases)	2026-09-29T14:38:15.5449146Z   >       out = _fresh(
supportability (windows-x86_64)	clang-cl PGO build (gate tests on both phases)	2026-09-29T14:38:15.5449348Z               _BLOCK_HOOK_IMPORT
supportability (windows-x86_64)	clang-cl PGO build (gate tests on both phases)	2026-09-29T14:38:15.5449575Z               + textwrap.dedent(
supportability (windows-x86_64)	clang-cl PGO build (gate tests on both phases)	2026-09-29T14:38:15.5449789Z                   """
supportability (windows-x86_64)	clang-cl PGO build (gate tests on both phases)	2026-09-29T14:38:15.5449986Z                   import strata
supportability (windows-x86_64)	clang-cl PGO build (gate tests on both phases)	2026-09-29T14:38:15.5450191Z   
supportability (windows-x86_64)	clang-cl PGO build (gate tests on both phases)	2026-09-29T14:38:15.5450354Z                   try:
supportability (windows-x86_64)	clang-cl PGO build (gate tests on both phases)	2026-09-29T14:38:15.5450576Z                       strata.dumps(1, native=True)
supportability (windows-x86_64)	clang-cl PGO build (gate tests on both phases)	2026-09-29T14:38:15.5450857Z                   except ImportError:
supportability (windows-x86_64)	clang-cl PGO build (gate tests on both phases)	2026-09-29T14:38:15.5451099Z                       pass
supportability (windows-x86_64)	clang-cl PGO build (gate tests on both phases)	2026-09-29T14:38:15.5451433Z                   print("dumps-ok" if strata.dumps({"a": 1}) == '{"a":1}' else "dumps-BAD")
supportability (windows-x86_64)	clang-cl PGO build (gate tests on both phases)	2026-09-29T14:38:15.5451892Z                   print("loads-ok" if strata.loads('{"a":1}') == {"a": 1} else "loads-BAD")
supportability (windows-x86_64)	clang-cl PGO build (gate tests on both phases)	2026-09-29T14:38:15.5452216Z                   """
supportability (windows-x86_64)	clang-cl PGO build (gate tests on both phases)	2026-09-29T14:38:15.5452635Z               )
supportability (windows-x86_64)	clang-cl PGO build (gate tests on both phases)	2026-09-29T14:38:15.5452862Z           )
supportability (windows-x86_64)	clang-cl PGO build (gate tests on both phases)	2026-09-29T14:38:15.5453027Z   
supportability (windows-x86_64)	clang-cl PGO build (gate tests on both phases)	2026-09-29T14:38:15.5453248Z   tests\unit\native_types\test_hook_import_gating.py:80:
supportability (windows-x86_64)	clang-cl PGO build (gate tests on both phases)	2026-09-29T14:38:15.5453599Z   _ _ _ _ _ _ _ _ _ _ _ _ _ _ _ _ _ _ _ _ _ _ _ _ _ _ _ _ _ _ _ _ _ _ _ _ _ _ _ _
supportability (windows-x86_64)	clang-cl PGO build (gate tests on both phases)	2026-09-29T14:38:15.5453890Z   
supportability (windows-x86_64)	clang-cl PGO build (gate tests on both phases)	2026-09-29T14:38:15.5454593Z   code = '\nimport sys\n\nclass _BlockHook:\n    def find_spec(self, name, path, target=None):\n        if name == "strata._dum...": 1}) == \'{"a":1}\' else "dumps-BAD")\nprint("loads-ok" if strata.loads(\'{"a":1}\') == {"a": 1} else "loads-BAD")\n'
supportability (windows-x86_64)	clang-cl PGO build (gate tests on both phases)	2026-09-29T14:38:15.5455340Z   
supportability (windows-x86_64)	clang-cl PGO build (gate tests on both phases)	2026-09-29T14:38:15.5455503Z       def _fresh(code):
supportability (windows-x86_64)	clang-cl PGO build (gate tests on both phases)	2026-09-29T14:38:15.5455800Z           package_root = strata.__file__.rsplit("/python/", 1)[0] + "/python"
supportability (windows-x86_64)	clang-cl PGO build (gate tests on both phases)	2026-09-29T14:38:15.5456142Z           result = subprocess.run(
supportability (windows-x86_64)	clang-cl PGO build (gate tests on both phases)	2026-09-29T14:38:15.5456520Z               [sys.executable, "-c", f"import sys\nsys.path.insert(0, {package_root!r})\n" + code],
supportability (windows-x86_64)	clang-cl PGO build (gate tests on both phases)	2026-09-29T14:38:15.5456921Z               capture_output=True,
supportability (windows-x86_64)	clang-cl PGO build (gate tests on both phases)	2026-09-29T14:38:15.5457146Z               text=True,
supportability (windows-x86_64)	clang-cl PGO build (gate tests on both phases)	2026-09-29T14:38:15.5457346Z               timeout=60,
supportability (windows-x86_64)	clang-cl PGO build (gate tests on both phases)	2026-09-29T14:38:15.5457551Z               check=False,
supportability (windows-x86_64)	clang-cl PGO build (gate tests on both phases)	2026-09-29T14:38:15.5457747Z           )
supportability (windows-x86_64)	clang-cl PGO build (gate tests on both phases)	2026-09-29T14:38:15.5457956Z   >       assert result.returncode == 0, result.stderr
supportability (windows-x86_64)	clang-cl PGO build (gate tests on both phases)	2026-09-29T14:38:15.5458287Z   E       AssertionError: Traceback (most recent call last):
supportability (windows-x86_64)	clang-cl PGO build (gate tests on both phases)	2026-09-29T14:38:15.5458598Z   E           File "<string>", line 14, in <module>
supportability (windows-x86_64)	clang-cl PGO build (gate tests on both phases)	2026-09-29T14:38:15.5458902Z   E         ModuleNotFoundError: No module named 'strata'
supportability (windows-x86_64)	clang-cl PGO build (gate tests on both phases)	2026-09-29T14:38:15.5459171Z   E
supportability (windows-x86_64)	clang-cl PGO build (gate tests on both phases)	2026-09-29T14:38:15.5459339Z   E       assert 1 == 0
supportability (windows-x86_64)	clang-cl PGO build (gate tests on both phases)	2026-09-29T14:38:15.5460187Z   E        +  where 1 = CompletedProcess(args=['C:\\hostedtoolcache\\windows\\Python\\3.12.10\\x64\\python.exe', '-c', 'import sys\nsys.path.i... (most recent call last):\n  File "<string>", line 14, in <module>\nModuleNotFoundError: No module named \'strata\'\n').returncode
supportability (windows-x86_64)	clang-cl PGO build (gate tests on both phases)	2026-09-29T14:38:15.5461043Z   
supportability (windows-x86_64)	clang-cl PGO build (gate tests on both phases)	2026-09-29T14:38:15.5461305Z   tests\unit\native_types\test_hook_import_gating.py:31: AssertionError
supportability (windows-x86_64)	clang-cl PGO build (gate tests on both phases)	2026-09-29T14:38:15.5461744Z   ___________ test_load_with_parse_types_false_never_imports_the_hook ___________
supportability (windows-x86_64)	clang-cl PGO build (gate tests on both phases)	2026-09-29T14:38:15.5462080Z   
supportability (windows-x86_64)	clang-cl PGO build (gate tests on both phases)	2026-09-29T14:38:15.5462555Z   tmp_path = WindowsPath('C:/Users/runneradmin/AppData/Local/Temp/pytest-of-runneradmin/3esxxydo/test_load_with_parse_types_fal0')
supportability (windows-x86_64)	clang-cl PGO build (gate tests on both phases)	2026-09-29T14:38:15.5463209Z   
supportability (windows-x86_64)	clang-cl PGO build (gate tests on both phases)	2026-09-29T14:38:15.5463558Z       def test_load_with_parse_types_false_never_imports_the_hook(tmp_path):
supportability (windows-x86_64)	clang-cl PGO build (gate tests on both phases)	2026-09-29T14:38:15.5463916Z           path = tmp_path / "a.json"
supportability (windows-x86_64)	clang-cl PGO build (gate tests on both phases)	2026-09-29T14:38:15.5464165Z           path.write_text('{"a": 1}')
supportability (windows-x86_64)	clang-cl PGO build (gate tests on both phases)	2026-09-29T14:38:15.5464397Z   >       out = _fresh(
supportability (windows-x86_64)	clang-cl PGO build (gate tests on both phases)	2026-09-29T14:38:15.5464607Z               textwrap.dedent(
supportability (windows-x86_64)	clang-cl PGO build (gate tests on both phases)	2026-09-29T14:38:15.5464825Z                   f"""
supportability (windows-x86_64)	clang-cl PGO build (gate tests on both phases)	2026-09-29T14:38:15.5465029Z                   import sys
supportability (windows-x86_64)	clang-cl PGO build (gate tests on both phases)	2026-09-29T14:38:15.5465239Z                   import strata
supportability (windows-x86_64)	clang-cl PGO build (gate tests on both phases)	2026-09-29T14:38:15.5465479Z                   strata.load({str(path)!r})
supportability (windows-x86_64)	clang-cl PGO build (gate tests on both phases)	2026-09-29T14:38:15.5465780Z                   strata.load({str(path)!r}, parse_types=False)
supportability (windows-x86_64)	clang-cl PGO build (gate tests on both phases)	2026-09-29T14:38:15.5466207Z                   print("imported" if "strata._dumps_hook" in sys.modules else "not-imported")
supportability (windows-x86_64)	clang-cl PGO build (gate tests on both phases)	2026-09-29T14:38:15.5466577Z                   """
supportability (windows-x86_64)	clang-cl PGO build (gate tests on both phases)	2026-09-29T14:38:15.5466761Z               )
supportability (windows-x86_64)	clang-cl PGO build (gate tests on both phases)	2026-09-29T14:38:15.5466944Z           )
supportability (windows-x86_64)	clang-cl PGO build (gate tests on both phases)	2026-09-29T14:38:15.5467109Z   
supportability (windows-x86_64)	clang-cl PGO build (gate tests on both phases)	2026-09-29T14:38:15.5467333Z   tests\unit\native_types\test_hook_import_gating.py:106:
supportability (windows-x86_64)	clang-cl PGO build (gate tests on both phases)	2026-09-29T14:38:15.5467678Z   _ _ _ _ _ _ _ _ _ _ _ _ _ _ _ _ _ _ _ _ _ _ _ _ _ _ _ _ _ _ _ _ _ _ _ _ _ _ _ _
supportability (windows-x86_64)	clang-cl PGO build (gate tests on both phases)	2026-09-29T14:38:15.5467960Z   
supportability (windows-x86_64)	clang-cl PGO build (gate tests on both phases)	2026-09-29T14:38:15.5468726Z   code = '\nimport sys\nimport strata\nstrata.load(\'C:\\\\Users\\\\runneradmin\\\\AppData\\\\Local\\\\Temp\\\\pytest-of-runner...s_fal0\\\\a.json\', parse_types=False)\nprint("imported" if "strata._dumps_hook" in sys.modules else "not-imported")\n'
supportability (windows-x86_64)	clang-cl PGO build (gate tests on both phases)	2026-09-29T14:38:15.5469536Z   
supportability (windows-x86_64)	clang-cl PGO build (gate tests on both phases)	2026-09-29T14:38:15.5469696Z       def _fresh(code):
supportability (windows-x86_64)	clang-cl PGO build (gate tests on both phases)	2026-09-29T14:38:15.5469986Z           package_root = strata.__file__.rsplit("/python/", 1)[0] + "/python"
supportability (windows-x86_64)	clang-cl PGO build (gate tests on both phases)	2026-09-29T14:38:15.5470325Z           result = subprocess.run(
supportability (windows-x86_64)	clang-cl PGO build (gate tests on both phases)	2026-09-29T14:38:15.5470698Z               [sys.executable, "-c", f"import sys\nsys.path.insert(0, {package_root!r})\n" + code],
supportability (windows-x86_64)	clang-cl PGO build (gate tests on both phases)	2026-09-29T14:38:15.5471087Z               capture_output=True,
supportability (windows-x86_64)	clang-cl PGO build (gate tests on both phases)	2026-09-29T14:38:15.5471378Z               text=True,
supportability (windows-x86_64)	clang-cl PGO build (gate tests on both phases)	2026-09-29T14:38:15.5471637Z               timeout=60,
supportability (windows-x86_64)	clang-cl PGO build (gate tests on both phases)	2026-09-29T14:38:15.5471854Z               check=False,
supportability (windows-x86_64)	clang-cl PGO build (gate tests on both phases)	2026-09-29T14:38:15.5472058Z           )
supportability (windows-x86_64)	clang-cl PGO build (gate tests on both phases)	2026-09-29T14:38:15.5472274Z   >       assert result.returncode == 0, result.stderr
supportability (windows-x86_64)	clang-cl PGO build (gate tests on both phases)	2026-09-29T14:38:15.5472865Z   E       AssertionError: Traceback (most recent call last):
supportability (windows-x86_64)	clang-cl PGO build (gate tests on both phases)	2026-09-29T14:38:15.5473196Z   E           File "<string>", line 5, in <module>
supportability (windows-x86_64)	clang-cl PGO build (gate tests on both phases)	2026-09-29T14:38:15.5473496Z   E         ModuleNotFoundError: No module named 'strata'
supportability (windows-x86_64)	clang-cl PGO build (gate tests on both phases)	2026-09-29T14:38:15.5473761Z   E
supportability (windows-x86_64)	clang-cl PGO build (gate tests on both phases)	2026-09-29T14:38:15.5473930Z   E       assert 1 == 0
supportability (windows-x86_64)	clang-cl PGO build (gate tests on both phases)	2026-09-29T14:38:15.5474773Z   E        +  where 1 = CompletedProcess(args=['C:\\hostedtoolcache\\windows\\Python\\3.12.10\\x64\\python.exe', '-c', 'import sys\nsys.path.i...k (most recent call last):\n  File "<string>", line 5, in <module>\nModuleNotFoundError: No module named \'strata\'\n').returncode
supportability (windows-x86_64)	clang-cl PGO build (gate tests on both phases)	2026-09-29T14:38:15.5475636Z   
supportability (windows-x86_64)	clang-cl PGO build (gate tests on both phases)	2026-09-29T14:38:15.5475917Z   tests\unit\native_types\test_hook_import_gating.py:31: AssertionError
supportability (windows-x86_64)	clang-cl PGO build (gate tests on both phases)	2026-09-29T14:38:15.5476364Z   __________ test_search_with_parse_types_false_never_imports_the_hook __________
supportability (windows-x86_64)	clang-cl PGO build (gate tests on both phases)	2026-09-29T14:38:15.5476709Z   
supportability (windows-x86_64)	clang-cl PGO build (gate tests on both phases)	2026-09-29T14:38:15.5477175Z   tmp_path = WindowsPath('C:/Users/runneradmin/AppData/Local/Temp/pytest-of-runneradmin/3esxxydo/test_search_with_parse_types_f0')
supportability (windows-x86_64)	clang-cl PGO build (gate tests on both phases)	2026-09-29T14:38:15.5477699Z   
supportability (windows-x86_64)	clang-cl PGO build (gate tests on both phases)	2026-09-29T14:38:15.5477967Z       def test_search_with_parse_types_false_never_imports_the_hook(tmp_path):
supportability (windows-x86_64)	clang-cl PGO build (gate tests on both phases)	2026-09-29T14:38:15.5478328Z           path = tmp_path / "a.json"
supportability (windows-x86_64)	clang-cl PGO build (gate tests on both phases)	2026-09-29T14:38:15.5478578Z           path.write_text('{"a": 1}')
supportability (windows-x86_64)	clang-cl PGO build (gate tests on both phases)	2026-09-29T14:38:15.5478810Z   >       out = _fresh(
supportability (windows-x86_64)	clang-cl PGO build (gate tests on both phases)	2026-09-29T14:38:15.5479020Z               textwrap.dedent(
supportability (windows-x86_64)	clang-cl PGO build (gate tests on both phases)	2026-09-29T14:38:15.5479232Z                   f"""
supportability (windows-x86_64)	clang-cl PGO build (gate tests on both phases)	2026-09-29T14:38:15.5479423Z                   import sys
supportability (windows-x86_64)	clang-cl PGO build (gate tests on both phases)	2026-09-29T14:38:15.5479637Z                   import strata
supportability (windows-x86_64)	clang-cl PGO build (gate tests on both phases)	2026-09-29T14:38:15.5479880Z                   strata.search({str(path)!r}, "$.a")
supportability (windows-x86_64)	clang-cl PGO build (gate tests on both phases)	2026-09-29T14:38:15.5480345Z                   strata.search({str(path)!r}, "$.a", parse_types=False)
supportability (windows-x86_64)	clang-cl PGO build (gate tests on both phases)	2026-09-29T14:38:15.5509090Z                   print("imported" if "strata._dumps_hook" in sys.modules else "not-imported")
supportability (windows-x86_64)	clang-cl PGO build (gate tests on both phases)	2026-09-29T14:38:15.5509508Z                   """
supportability (windows-x86_64)	clang-cl PGO build (gate tests on both phases)	2026-09-29T14:38:15.5509709Z               )
supportability (windows-x86_64)	clang-cl PGO build (gate tests on both phases)	2026-09-29T14:38:15.5509887Z           )
supportability (windows-x86_64)	clang-cl PGO build (gate tests on both phases)	2026-09-29T14:38:15.5510063Z   
supportability (windows-x86_64)	clang-cl PGO build (gate tests on both phases)	2026-09-29T14:38:15.5510302Z   tests\unit\native_types\test_hook_import_gating.py:123:
supportability (windows-x86_64)	clang-cl PGO build (gate tests on both phases)	2026-09-29T14:38:15.5510668Z   _ _ _ _ _ _ _ _ _ _ _ _ _ _ _ _ _ _ _ _ _ _ _ _ _ _ _ _ _ _ _ _ _ _ _ _ _ _ _ _
supportability (windows-x86_64)	clang-cl PGO build (gate tests on both phases)	2026-09-29T14:38:15.5510970Z   
supportability (windows-x86_64)	clang-cl PGO build (gate tests on both phases)	2026-09-29T14:38:15.5511960Z   code = '\nimport sys\nimport strata\nstrata.search(\'C:\\\\Users\\\\runneradmin\\\\AppData\\\\Local\\\\Temp\\\\pytest-of-runn...\\\a.json\', "$.a", parse_types=False)\nprint("imported" if "strata._dumps_hook" in sys.modules else "not-imported")\n'
supportability (windows-x86_64)	clang-cl PGO build (gate tests on both phases)	2026-09-29T14:38:15.5512821Z   
supportability (windows-x86_64)	clang-cl PGO build (gate tests on both phases)	2026-09-29T14:38:15.5512998Z       def _fresh(code):
supportability (windows-x86_64)	clang-cl PGO build (gate tests on both phases)	2026-09-29T14:38:15.5513402Z           package_root = strata.__file__.rsplit("/python/", 1)[0] + "/python"
supportability (windows-x86_64)	clang-cl PGO build (gate tests on both phases)	2026-09-29T14:38:15.5514785Z           result = subprocess.run(
supportability (windows-x86_64)	clang-cl PGO build (gate tests on both phases)	2026-09-29T14:38:15.5515334Z               [sys.executable, "-c", f"import sys\nsys.path.insert(0, {package_root!r})\n" + code],
supportability (windows-x86_64)	clang-cl PGO build (gate tests on both phases)	2026-09-29T14:38:15.5515745Z               capture_output=True,
supportability (windows-x86_64)	clang-cl PGO build (gate tests on both phases)	2026-09-29T14:38:15.5515972Z               text=True,
supportability (windows-x86_64)	clang-cl PGO build (gate tests on both phases)	2026-09-29T14:38:15.5516229Z               timeout=60,
supportability (windows-x86_64)	clang-cl PGO build (gate tests on both phases)	2026-09-29T14:38:15.5516840Z               check=False,
supportability (windows-x86_64)	clang-cl PGO build (gate tests on both phases)	2026-09-29T14:38:15.5517234Z           )
supportability (windows-x86_64)	clang-cl PGO build (gate tests on both phases)	2026-09-29T14:38:15.5517578Z   >       assert result.returncode == 0, result.stderr
supportability (windows-x86_64)	clang-cl PGO build (gate tests on both phases)	2026-09-29T14:38:15.5518397Z   E       AssertionError: Traceback (most recent call last):
supportability (windows-x86_64)	clang-cl PGO build (gate tests on both phases)	2026-09-29T14:38:15.5519191Z   E           File "<string>", line 5, in <module>
supportability (windows-x86_64)	clang-cl PGO build (gate tests on both phases)	2026-09-29T14:38:15.5519564Z   E         ModuleNotFoundError: No module named 'strata'
supportability (windows-x86_64)	clang-cl PGO build (gate tests on both phases)	2026-09-29T14:38:15.5519842Z   E
supportability (windows-x86_64)	clang-cl PGO build (gate tests on both phases)	2026-09-29T14:38:15.5520015Z   E       assert 1 == 0
supportability (windows-x86_64)	clang-cl PGO build (gate tests on both phases)	2026-09-29T14:38:15.5520903Z   E        +  where 1 = CompletedProcess(args=['C:\\hostedtoolcache\\windows\\Python\\3.12.10\\x64\\python.exe', '-c', 'import sys\nsys.path.i...k (most recent call last):\n  File "<string>", line 5, in <module>\nModuleNotFoundError: No module named \'strata\'\n').returncode
supportability (windows-x86_64)	clang-cl PGO build (gate tests on both phases)	2026-09-29T14:38:15.5521787Z   
supportability (windows-x86_64)	clang-cl PGO build (gate tests on both phases)	2026-09-29T14:38:15.5522058Z   tests\unit\native_types\test_hook_import_gating.py:31: AssertionError
supportability (windows-x86_64)	clang-cl PGO build (gate tests on both phases)	2026-09-29T14:38:15.5522514Z   __________ test_query_with_parse_types_false_never_imports_the_hook ___________
supportability (windows-x86_64)	clang-cl PGO build (gate tests on both phases)	2026-09-29T14:38:15.5522857Z   
supportability (windows-x86_64)	clang-cl PGO build (gate tests on both phases)	2026-09-29T14:38:15.5523109Z       def test_query_with_parse_types_false_never_imports_the_hook():
supportability (windows-x86_64)	clang-cl PGO build (gate tests on both phases)	2026-09-29T14:38:15.5523429Z   >       out = _fresh(
supportability (windows-x86_64)	clang-cl PGO build (gate tests on both phases)	2026-09-29T14:38:15.5523648Z               textwrap.dedent(
supportability (windows-x86_64)	clang-cl PGO build (gate tests on both phases)	2026-09-29T14:38:15.5523871Z                   """
supportability (windows-x86_64)	clang-cl PGO build (gate tests on both phases)	2026-09-29T14:38:15.5524068Z                   import sys
supportability (windows-x86_64)	clang-cl PGO build (gate tests on both phases)	2026-09-29T14:38:15.5524282Z                   import strata
supportability (windows-x86_64)	clang-cl PGO build (gate tests on both phases)	2026-09-29T14:38:15.5524520Z                   strata.query({"a": 1}, "$.a")
supportability (windows-x86_64)	clang-cl PGO build (gate tests on both phases)	2026-09-29T14:38:15.5524837Z                   strata.query({"a": 1}, "$.a", parse_types=False)
supportability (windows-x86_64)	clang-cl PGO build (gate tests on both phases)	2026-09-29T14:38:15.5525270Z                   print("imported" if "strata._dumps_hook" in sys.modules else "not-imported")
supportability (windows-x86_64)	clang-cl PGO build (gate tests on both phases)	2026-09-29T14:38:15.5525645Z                   """
supportability (windows-x86_64)	clang-cl PGO build (gate tests on both phases)	2026-09-29T14:38:15.5525827Z               )
supportability (windows-x86_64)	clang-cl PGO build (gate tests on both phases)	2026-09-29T14:38:15.5526000Z           )
supportability (windows-x86_64)	clang-cl PGO build (gate tests on both phases)	2026-09-29T14:38:15.5526160Z   
supportability (windows-x86_64)	clang-cl PGO build (gate tests on both phases)	2026-09-29T14:38:15.5526385Z   tests\unit\native_types\test_hook_import_gating.py:138:
supportability (windows-x86_64)	clang-cl PGO build (gate tests on both phases)	2026-09-29T14:38:15.5526737Z   _ _ _ _ _ _ _ _ _ _ _ _ _ _ _ _ _ _ _ _ _ _ _ _ _ _ _ _ _ _ _ _ _ _ _ _ _ _ _ _
supportability (windows-x86_64)	clang-cl PGO build (gate tests on both phases)	2026-09-29T14:38:15.5527019Z   
supportability (windows-x86_64)	clang-cl PGO build (gate tests on both phases)	2026-09-29T14:38:15.5527633Z   code = '\nimport sys\nimport strata\nstrata.query({"a": 1}, "$.a")\nstrata.query({"a": 1}, "$.a", parse_types=False)\nprint("imported" if "strata._dumps_hook" in sys.modules else "not-imported")\n'
supportability (windows-x86_64)	clang-cl PGO build (gate tests on both phases)	2026-09-29T14:38:15.5528285Z   
supportability (windows-x86_64)	clang-cl PGO build (gate tests on both phases)	2026-09-29T14:38:15.5528449Z       def _fresh(code):
supportability (windows-x86_64)	clang-cl PGO build (gate tests on both phases)	2026-09-29T14:38:15.5528768Z           package_root = strata.__file__.rsplit("/python/", 1)[0] + "/python"
supportability (windows-x86_64)	clang-cl PGO build (gate tests on both phases)	2026-09-29T14:38:15.5529305Z           result = subprocess.run(
supportability (windows-x86_64)	clang-cl PGO build (gate tests on both phases)	2026-09-29T14:38:15.5529699Z               [sys.executable, "-c", f"import sys\nsys.path.insert(0, {package_root!r})\n" + code],
supportability (windows-x86_64)	clang-cl PGO build (gate tests on both phases)	2026-09-29T14:38:15.5530497Z               capture_output=True,
supportability (windows-x86_64)	clang-cl PGO build (gate tests on both phases)	2026-09-29T14:38:15.5530731Z               text=True,
supportability (windows-x86_64)	clang-cl PGO build (gate tests on both phases)	2026-09-29T14:38:15.5530937Z               timeout=60,
supportability (windows-x86_64)	clang-cl PGO build (gate tests on both phases)	2026-09-29T14:38:15.5531142Z               check=False,
supportability (windows-x86_64)	clang-cl PGO build (gate tests on both phases)	2026-09-29T14:38:15.5531341Z           )
supportability (windows-x86_64)	clang-cl PGO build (gate tests on both phases)	2026-09-29T14:38:15.5531556Z   >       assert result.returncode == 0, result.stderr
supportability (windows-x86_64)	clang-cl PGO build (gate tests on both phases)	2026-09-29T14:38:15.5531888Z   E       AssertionError: Traceback (most recent call last):
supportability (windows-x86_64)	clang-cl PGO build (gate tests on both phases)	2026-09-29T14:38:15.5532211Z   E           File "<string>", line 5, in <module>
supportability (windows-x86_64)	clang-cl PGO build (gate tests on both phases)	2026-09-29T14:38:15.5532515Z   E         ModuleNotFoundError: No module named 'strata'
supportability (windows-x86_64)	clang-cl PGO build (gate tests on both phases)	2026-09-29T14:38:15.5532789Z   E
supportability (windows-x86_64)	clang-cl PGO build (gate tests on both phases)	2026-09-29T14:38:15.5532967Z   E       assert 1 == 0
supportability (windows-x86_64)	clang-cl PGO build (gate tests on both phases)	2026-09-29T14:38:15.5534175Z   E        +  where 1 = CompletedProcess(args=['C:\\hostedtoolcache\\windows\\Python\\3.12.10\\x64\\python.exe', '-c', 'import sys\nsys.path.i...k (most recent call last):\n  File "<string>", line 5, in <module>\nModuleNotFoundError: No module named \'strata\'\n').returncode
supportability (windows-x86_64)	clang-cl PGO build (gate tests on both phases)	2026-09-29T14:38:15.5535048Z   
supportability (windows-x86_64)	clang-cl PGO build (gate tests on both phases)	2026-09-29T14:38:15.5535314Z   tests\unit\native_types\test_hook_import_gating.py:31: AssertionError
supportability (windows-x86_64)	clang-cl PGO build (gate tests on both phases)	2026-09-29T14:38:15.5535760Z   ___________ test_dumps_with_no_native_object_never_imports_the_hook ___________
supportability (windows-x86_64)	clang-cl PGO build (gate tests on both phases)	2026-09-29T14:38:15.5536107Z   
supportability (windows-x86_64)	clang-cl PGO build (gate tests on both phases)	2026-09-29T14:38:15.5536345Z       def test_dumps_with_no_native_object_never_imports_the_hook():
supportability (windows-x86_64)	clang-cl PGO build (gate tests on both phases)	2026-09-29T14:38:15.5536691Z   >       out = _fresh(
supportability (windows-x86_64)	clang-cl PGO build (gate tests on both phases)	2026-09-29T14:38:15.5536894Z               textwrap.dedent(
supportability (windows-x86_64)	clang-cl PGO build (gate tests on both phases)	2026-09-29T14:38:15.5537112Z                   """
supportability (windows-x86_64)	clang-cl PGO build (gate tests on both phases)	2026-09-29T14:38:15.5537340Z                   import sys
supportability (windows-x86_64)	clang-cl PGO build (gate tests on both phases)	2026-09-29T14:38:15.5537588Z                   import strata
supportability (windows-x86_64)	clang-cl PGO build (gate tests on both phases)	2026-09-29T14:38:15.5537849Z                   strata.dumps({"a": [1, 2.5, "x", None, True]})
supportability (windows-x86_64)	clang-cl PGO build (gate tests on both phases)	2026-09-29T14:38:15.5538170Z                   strata.dumps({"a": 1}, native=False)
supportability (windows-x86_64)	clang-cl PGO build (gate tests on both phases)	2026-09-29T14:38:15.5538572Z                   print("imported" if "strata._dumps_hook" in sys.modules else "not-imported")
supportability (windows-x86_64)	clang-cl PGO build (gate tests on both phases)	2026-09-29T14:38:15.5538949Z                   """
supportability (windows-x86_64)	clang-cl PGO build (gate tests on both phases)	2026-09-29T14:38:15.5539142Z               )
supportability (windows-x86_64)	clang-cl PGO build (gate tests on both phases)	2026-09-29T14:38:15.5539320Z           )
supportability (windows-x86_64)	clang-cl PGO build (gate tests on both phases)	2026-09-29T14:38:15.5539479Z   
supportability (windows-x86_64)	clang-cl PGO build (gate tests on both phases)	2026-09-29T14:38:15.5539685Z   tests\unit\native_types\test_native_flag.py:110:
supportability (windows-x86_64)	clang-cl PGO build (gate tests on both phases)	2026-09-29T14:38:15.5540024Z   _ _ _ _ _ _ _ _ _ _ _ _ _ _ _ _ _ _ _ _ _ _ _ _ _ _ _ _ _ _ _ _ _ _ _ _ _ _ _ _
supportability (windows-x86_64)	clang-cl PGO build (gate tests on both phases)	2026-09-29T14:38:15.5540321Z   
supportability (windows-x86_64)	clang-cl PGO build (gate tests on both phases)	2026-09-29T14:38:15.5540957Z   code = '\nimport sys\nimport strata\nstrata.dumps({"a": [1, 2.5, "x", None, True]})\nstrata.dumps({"a": 1}, native=False)\nprint("imported" if "strata._dumps_hook" in sys.modules else "not-imported")\n'
supportability (windows-x86_64)	clang-cl PGO build (gate tests on both phases)	2026-09-29T14:38:15.5541649Z   
supportability (windows-x86_64)	clang-cl PGO build (gate tests on both phases)	2026-09-29T14:38:15.5541813Z       def _fresh(code):
supportability (windows-x86_64)	clang-cl PGO build (gate tests on both phases)	2026-09-29T14:38:15.5542115Z           package_root = strata.__file__.rsplit("/python/", 1)[0] + "/python"
supportability (windows-x86_64)	clang-cl PGO build (gate tests on both phases)	2026-09-29T14:38:15.5542463Z           result = subprocess.run(
supportability (windows-x86_64)	clang-cl PGO build (gate tests on both phases)	2026-09-29T14:38:15.5542847Z               [sys.executable, "-c", f"import sys\nsys.path.insert(0, {package_root!r})\n" + code],
supportability (windows-x86_64)	clang-cl PGO build (gate tests on both phases)	2026-09-29T14:38:15.5543246Z               capture_output=True,
supportability (windows-x86_64)	clang-cl PGO build (gate tests on both phases)	2026-09-29T14:38:15.5543470Z               text=True,
supportability (windows-x86_64)	clang-cl PGO build (gate tests on both phases)	2026-09-29T14:38:15.5543675Z               timeout=60,
supportability (windows-x86_64)	clang-cl PGO build (gate tests on both phases)	2026-09-29T14:38:15.5543882Z               check=False,
supportability (windows-x86_64)	clang-cl PGO build (gate tests on both phases)	2026-09-29T14:38:15.5544078Z           )
supportability (windows-x86_64)	clang-cl PGO build (gate tests on both phases)	2026-09-29T14:38:15.5544289Z   >       assert result.returncode == 0, result.stderr
supportability (windows-x86_64)	clang-cl PGO build (gate tests on both phases)	2026-09-29T14:38:15.5544615Z   E       AssertionError: Traceback (most recent call last):
supportability (windows-x86_64)	clang-cl PGO build (gate tests on both phases)	2026-09-29T14:38:15.5544930Z   E           File "<string>", line 5, in <module>
supportability (windows-x86_64)	clang-cl PGO build (gate tests on both phases)	2026-09-29T14:38:15.5545224Z   E         ModuleNotFoundError: No module named 'strata'
supportability (windows-x86_64)	clang-cl PGO build (gate tests on both phases)	2026-09-29T14:38:15.5545491Z   E
supportability (windows-x86_64)	clang-cl PGO build (gate tests on both phases)	2026-09-29T14:38:15.5545654Z   E       assert 1 == 0
supportability (windows-x86_64)	clang-cl PGO build (gate tests on both phases)	2026-09-29T14:38:15.5546507Z   E        +  where 1 = CompletedProcess(args=['C:\\hostedtoolcache\\windows\\Python\\3.12.10\\x64\\python.exe', '-c', 'import sys\nsys.path.i...k (most recent call last):\n  File "<string>", line 5, in <module>\nModuleNotFoundError: No module named \'strata\'\n').returncode
supportability (windows-x86_64)	clang-cl PGO build (gate tests on both phases)	2026-09-29T14:38:15.5547902Z   
supportability (windows-x86_64)	clang-cl PGO build (gate tests on both phases)	2026-09-29T14:38:15.5548152Z   tests\unit\native_types\test_native_flag.py:105: AssertionError
supportability (windows-x86_64)	clang-cl PGO build (gate tests on both phases)	2026-09-29T14:38:15.5548586Z   ___________ test_dump_with_no_native_object_never_imports_the_hook ____________
supportability (windows-x86_64)	clang-cl PGO build (gate tests on both phases)	2026-09-29T14:38:15.5548928Z   
supportability (windows-x86_64)	clang-cl PGO build (gate tests on both phases)	2026-09-29T14:38:15.5549401Z   tmp_path = WindowsPath('C:/Users/runneradmin/AppData/Local/Temp/pytest-of-runneradmin/3esxxydo/test_dump_with_no_native_objec0')
supportability (windows-x86_64)	clang-cl PGO build (gate tests on both phases)	2026-09-29T14:38:15.5549927Z   
supportability (windows-x86_64)	clang-cl PGO build (gate tests on both phases)	2026-09-29T14:38:15.5550194Z       def test_dump_with_no_native_object_never_imports_the_hook(tmp_path):
supportability (windows-x86_64)	clang-cl PGO build (gate tests on both phases)	2026-09-29T14:38:15.5550540Z   >       out = _fresh(
supportability (windows-x86_64)	clang-cl PGO build (gate tests on both phases)	2026-09-29T14:38:15.5550749Z               textwrap.dedent(
supportability (windows-x86_64)	clang-cl PGO build (gate tests on both phases)	2026-09-29T14:38:15.5550959Z                   f"""
supportability (windows-x86_64)	clang-cl PGO build (gate tests on both phases)	2026-09-29T14:38:15.5551153Z                   import sys
supportability (windows-x86_64)	clang-cl PGO build (gate tests on both phases)	2026-09-29T14:38:15.5551365Z                   import strata
supportability (windows-x86_64)	clang-cl PGO build (gate tests on both phases)	2026-09-29T14:38:15.5551648Z                   strata.dump({{"a": 1}}, {str(tmp_path / "a.json")!r})
supportability (windows-x86_64)	clang-cl PGO build (gate tests on both phases)	2026-09-29T14:38:15.5552033Z                   strata.dump({{"a": 1}}, {str(tmp_path / "b.json")!r}, native=False)
supportability (windows-x86_64)	clang-cl PGO build (gate tests on both phases)	2026-09-29T14:38:15.5552500Z                   print("imported" if "strata._dumps_hook" in sys.modules else "not-imported")
supportability (windows-x86_64)	clang-cl PGO build (gate tests on both phases)	2026-09-29T14:38:15.5552864Z                   """
supportability (windows-x86_64)	clang-cl PGO build (gate tests on both phases)	2026-09-29T14:38:15.5553044Z               )
supportability (windows-x86_64)	clang-cl PGO build (gate tests on both phases)	2026-09-29T14:38:15.5553486Z           )
supportability (windows-x86_64)	clang-cl PGO build (gate tests on both phases)	2026-09-29T14:38:15.5553687Z   
supportability (windows-x86_64)	clang-cl PGO build (gate tests on both phases)	2026-09-29T14:38:15.5553893Z   tests\unit\native_types\test_native_flag.py:125:
supportability (windows-x86_64)	clang-cl PGO build (gate tests on both phases)	2026-09-29T14:38:15.5554221Z   _ _ _ _ _ _ _ _ _ _ _ _ _ _ _ _ _ _ _ _ _ _ _ _ _ _ _ _ _ _ _ _ _ _ _ _ _ _ _ _
supportability (windows-x86_64)	clang-cl PGO build (gate tests on both phases)	2026-09-29T14:38:15.5554508Z   
supportability (windows-x86_64)	clang-cl PGO build (gate tests on both phases)	2026-09-29T14:38:15.5555253Z   code = '\nimport sys\nimport strata\nstrata.dump({"a": 1}, \'C:\\\\Users\\\\runneradmin\\\\AppData\\\\Local\\\\Temp\\\\pytest...tive_objec0\\\\b.json\', native=False)\nprint("imported" if "strata._dumps_hook" in sys.modules else "not-imported")\n'
supportability (windows-x86_64)	clang-cl PGO build (gate tests on both phases)	2026-09-29T14:38:15.5556051Z   
supportability (windows-x86_64)	clang-cl PGO build (gate tests on both phases)	2026-09-29T14:38:15.5556212Z       def _fresh(code):
supportability (windows-x86_64)	clang-cl PGO build (gate tests on both phases)	2026-09-29T14:38:15.5556505Z           package_root = strata.__file__.rsplit("/python/", 1)[0] + "/python"
supportability (windows-x86_64)	clang-cl PGO build (gate tests on both phases)	2026-09-29T14:38:15.5556855Z           result = subprocess.run(
supportability (windows-x86_64)	clang-cl PGO build (gate tests on both phases)	2026-09-29T14:38:15.5557235Z               [sys.executable, "-c", f"import sys\nsys.path.insert(0, {package_root!r})\n" + code],
supportability (windows-x86_64)	clang-cl PGO build (gate tests on both phases)	2026-09-29T14:38:15.5557631Z               capture_output=True,
supportability (windows-x86_64)	clang-cl PGO build (gate tests on both phases)	2026-09-29T14:38:15.5557852Z               text=True,
supportability (windows-x86_64)	clang-cl PGO build (gate tests on both phases)	2026-09-29T14:38:15.5558049Z               timeout=60,
supportability (windows-x86_64)	clang-cl PGO build (gate tests on both phases)	2026-09-29T14:38:15.5558249Z               check=False,
supportability (windows-x86_64)	clang-cl PGO build (gate tests on both phases)	2026-09-29T14:38:15.5558443Z           )
supportability (windows-x86_64)	clang-cl PGO build (gate tests on both phases)	2026-09-29T14:38:15.5558649Z   >       assert result.returncode == 0, result.stderr
supportability (windows-x86_64)	clang-cl PGO build (gate tests on both phases)	2026-09-29T14:38:15.5558974Z   E       AssertionError: Traceback (most recent call last):
supportability (windows-x86_64)	clang-cl PGO build (gate tests on both phases)	2026-09-29T14:38:15.5559293Z   E           File "<string>", line 5, in <module>
supportability (windows-x86_64)	clang-cl PGO build (gate tests on both phases)	2026-09-29T14:38:15.5559589Z   E         ModuleNotFoundError: No module named 'strata'
supportability (windows-x86_64)	clang-cl PGO build (gate tests on both phases)	2026-09-29T14:38:15.5559862Z   E
supportability (windows-x86_64)	clang-cl PGO build (gate tests on both phases)	2026-09-29T14:38:15.5560024Z   E       assert 1 == 0
supportability (windows-x86_64)	clang-cl PGO build (gate tests on both phases)	2026-09-29T14:38:15.5560868Z   E        +  where 1 = CompletedProcess(args=['C:\\hostedtoolcache\\windows\\Python\\3.12.10\\x64\\python.exe', '-c', 'import sys\nsys.path.i...k (most recent call last):\n  File "<string>", line 5, in <module>\nModuleNotFoundError: No module named \'strata\'\n').returncode
supportability (windows-x86_64)	clang-cl PGO build (gate tests on both phases)	2026-09-29T14:38:15.5561725Z   
supportability (windows-x86_64)	clang-cl PGO build (gate tests on both phases)	2026-09-29T14:38:15.5561973Z   tests\unit\native_types\test_native_flag.py:105: AssertionError
supportability (windows-x86_64)	clang-cl PGO build (gate tests on both phases)	2026-09-29T14:38:15.5562428Z   _ test_dumps_native_false_on_an_unsupported_native_object_does_not_import_the_hook _
supportability (windows-x86_64)	clang-cl PGO build (gate tests on both phases)	2026-09-29T14:38:15.5562808Z   
supportability (windows-x86_64)	clang-cl PGO build (gate tests on both phases)	2026-09-29T14:38:15.5563123Z       def test_dumps_native_false_on_an_unsupported_native_object_does_not_import_the_hook():
supportability (windows-x86_64)	clang-cl PGO build (gate tests on both phases)	2026-09-29T14:38:15.5563633Z           # The TypeError comes from `_strata` itself; the hook is never reached.
supportability (windows-x86_64)	clang-cl PGO build (gate tests on both phases)	2026-09-29T14:38:15.5563977Z   >       out = _fresh(
supportability (windows-x86_64)	clang-cl PGO build (gate tests on both phases)	2026-09-29T14:38:15.5564185Z               textwrap.dedent(
supportability (windows-x86_64)	clang-cl PGO build (gate tests on both phases)	2026-09-29T14:38:15.5564512Z                   """
supportability (windows-x86_64)	clang-cl PGO build (gate tests on both phases)	2026-09-29T14:38:15.5564713Z                   import sys
supportability (windows-x86_64)	clang-cl PGO build (gate tests on both phases)	2026-09-29T14:38:15.5564932Z                   import datetime
supportability (windows-x86_64)	clang-cl PGO build (gate tests on both phases)	2026-09-29T14:38:15.5565241Z                   import strata
supportability (windows-x86_64)	clang-cl PGO build (gate tests on both phases)	2026-09-29T14:38:15.5565449Z                   try:
supportability (windows-x86_64)	clang-cl PGO build (gate tests on both phases)	2026-09-29T14:38:15.5565730Z                       strata.dumps(datetime.date(2026, 1, 1), native=False)
supportability (windows-x86_64)	clang-cl PGO build (gate tests on both phases)	2026-09-29T14:38:15.5566049Z                   except TypeError:
supportability (windows-x86_64)	clang-cl PGO build (gate tests on both phases)	2026-09-29T14:38:15.5566280Z                       pass
supportability (windows-x86_64)	clang-cl PGO build (gate tests on both phases)	2026-09-29T14:38:15.5566629Z                   print("imported" if "strata._dumps_hook" in sys.modules else "not-imported")
supportability (windows-x86_64)	clang-cl PGO build (gate tests on both phases)	2026-09-29T14:38:15.5567011Z                   """
supportability (windows-x86_64)	clang-cl PGO build (gate tests on both phases)	2026-09-29T14:38:15.5567194Z               )
supportability (windows-x86_64)	clang-cl PGO build (gate tests on both phases)	2026-09-29T14:38:15.5567368Z           )
supportability (windows-x86_64)	clang-cl PGO build (gate tests on both phases)	2026-09-29T14:38:15.5567529Z   
supportability (windows-x86_64)	clang-cl PGO build (gate tests on both phases)	2026-09-29T14:38:15.5567737Z   tests\unit\native_types\test_native_flag.py:141:
supportability (windows-x86_64)	clang-cl PGO build (gate tests on both phases)	2026-09-29T14:38:15.5568064Z   _ _ _ _ _ _ _ _ _ _ _ _ _ _ _ _ _ _ _ _ _ _ _ _ _ _ _ _ _ _ _ _ _ _ _ _ _ _ _ _
supportability (windows-x86_64)	clang-cl PGO build (gate tests on both phases)	2026-09-29T14:38:15.5568359Z   
supportability (windows-x86_64)	clang-cl PGO build (gate tests on both phases)	2026-09-29T14:38:15.5569098Z   code = '\nimport sys\nimport datetime\nimport strata\ntry:\n    strata.dumps(datetime.date(2026, 1, 1), native=False)\nexcept TypeError:\n    pass\nprint("imported" if "strata._dumps_hook" in sys.modules else "not-imported")\n'
supportability (windows-x86_64)	clang-cl PGO build (gate tests on both phases)	2026-09-29T14:38:15.5569875Z   
supportability (windows-x86_64)	clang-cl PGO build (gate tests on both phases)	2026-09-29T14:38:15.5570046Z       def _fresh(code):
supportability (windows-x86_64)	clang-cl PGO build (gate tests on both phases)	2026-09-29T14:38:15.5570366Z           package_root = strata.__file__.rsplit("/python/", 1)[0] + "/python"
supportability (windows-x86_64)	clang-cl PGO build (gate tests on both phases)	2026-09-29T14:38:15.5570715Z           result = subprocess.run(
supportability (windows-x86_64)	clang-cl PGO build (gate tests on both phases)	2026-09-29T14:38:15.5571093Z               [sys.executable, "-c", f"import sys\nsys.path.insert(0, {package_root!r})\n" + code],
supportability (windows-x86_64)	clang-cl PGO build (gate tests on both phases)	2026-09-29T14:38:15.5571486Z               capture_output=True,
supportability (windows-x86_64)	clang-cl PGO build (gate tests on both phases)	2026-09-29T14:38:15.5571709Z               text=True,
supportability (windows-x86_64)	clang-cl PGO build (gate tests on both phases)	2026-09-29T14:38:15.5571911Z               timeout=60,
supportability (windows-x86_64)	clang-cl PGO build (gate tests on both phases)	2026-09-29T14:38:15.5572114Z               check=False,
supportability (windows-x86_64)	clang-cl PGO build (gate tests on both phases)	2026-09-29T14:38:15.5572304Z           )
supportability (windows-x86_64)	clang-cl PGO build (gate tests on both phases)	2026-09-29T14:38:15.5572519Z   >       assert result.returncode == 0, result.stderr
supportability (windows-x86_64)	clang-cl PGO build (gate tests on both phases)	2026-09-29T14:38:15.5572854Z   E       AssertionError: Traceback (most recent call last):
supportability (windows-x86_64)	clang-cl PGO build (gate tests on both phases)	2026-09-29T14:38:15.5573167Z   E           File "<string>", line 6, in <module>
supportability (windows-x86_64)	clang-cl PGO build (gate tests on both phases)	2026-09-29T14:38:15.5573794Z   E         ModuleNotFoundError: No module named 'strata'
supportability (windows-x86_64)	clang-cl PGO build (gate tests on both phases)	2026-09-29T14:38:15.5574067Z   E
supportability (windows-x86_64)	clang-cl PGO build (gate tests on both phases)	2026-09-29T14:38:15.5574232Z   E       assert 1 == 0
supportability (windows-x86_64)	clang-cl PGO build (gate tests on both phases)	2026-09-29T14:38:15.5575078Z   E        +  where 1 = CompletedProcess(args=['C:\\hostedtoolcache\\windows\\Python\\3.12.10\\x64\\python.exe', '-c', 'import sys\nsys.path.i...k (most recent call last):\n  File "<string>", line 6, in <module>\nModuleNotFoundError: No module named \'strata\'\n').returncode
supportability (windows-x86_64)	clang-cl PGO build (gate tests on both phases)	2026-09-29T14:38:15.5575937Z   
supportability (windows-x86_64)	clang-cl PGO build (gate tests on both phases)	2026-09-29T14:38:15.5576182Z   tests\unit\native_types\test_native_flag.py:105: AssertionError
supportability (windows-x86_64)	clang-cl PGO build (gate tests on both phases)	2026-09-29T14:38:15.5576566Z   =========================== short test summary info ===========================
supportability (windows-x86_64)	clang-cl PGO build (gate tests on both phases)	2026-09-29T14:38:15.5577480Z   FAILED tests/unit/native_types/test_hook_import_gating.py::test_a_hook_that_fails_to_import_raises_on_every_call[dumps-strata.dumps(1, native=True)] - AssertionError: Traceback (most recent call last):
supportability (windows-x86_64)	clang-cl PGO build (gate tests on both phases)	2026-09-29T14:38:15.5584520Z       File "<string>", line 14, in <module>
supportability (windows-x86_64)	clang-cl PGO build (gate tests on both phases)	2026-09-29T14:38:15.5584924Z     ModuleNotFoundError: No module named 'strata'
supportability (windows-x86_64)	clang-cl PGO build (gate tests on both phases)	2026-09-29T14:38:15.5585212Z   
supportability (windows-x86_64)	clang-cl PGO build (gate tests on both phases)	2026-09-29T14:38:15.5585382Z   assert 1 == 0
supportability (windows-x86_64)	clang-cl PGO build (gate tests on both phases)	2026-09-29T14:38:15.5586247Z    +  where 1 = CompletedProcess(args=['C:\\hostedtoolcache\\windows\\Python\\3.12.10\\x64\\python.exe', '-c', 'import sys\nsys.path.i... (most recent call last):\n  File "<string>", line 14, in <module>\nModuleNotFoundError: No module named \'strata\'\n').returncode
supportability (windows-x86_64)	clang-cl PGO build (gate tests on both phases)	2026-09-29T14:38:15.5587787Z   FAILED tests/unit/native_types/test_hook_import_gating.py::test_a_hook_that_fails_to_import_raises_on_every_call[dump-strata.dump(1, __import__('tempfile').mktemp(), native=True)] - AssertionError: Traceback (most recent call last):
supportability (windows-x86_64)	clang-cl PGO build (gate tests on both phases)	2026-09-29T14:38:15.5588674Z       File "<string>", line 14, in <module>
supportability (windows-x86_64)	clang-cl PGO build (gate tests on both phases)	2026-09-29T14:38:15.5588983Z     ModuleNotFoundError: No module named 'strata'
supportability (windows-x86_64)	clang-cl PGO build (gate tests on both phases)	2026-09-29T14:38:15.5589452Z   
supportability (windows-x86_64)	clang-cl PGO build (gate tests on both phases)	2026-09-29T14:38:15.5589620Z   assert 1 == 0
supportability (windows-x86_64)	clang-cl PGO build (gate tests on both phases)	2026-09-29T14:38:15.5590850Z    +  where 1 = CompletedProcess(args=['C:\\hostedtoolcache\\windows\\Python\\3.12.10\\x64\\python.exe', '-c', 'import sys\nsys.path.i... (most recent call last):\n  File "<string>", line 14, in <module>\nModuleNotFoundError: No module named \'strata\'\n').returncode
supportability (windows-x86_64)	clang-cl PGO build (gate tests on both phases)	2026-09-29T14:38:15.5593206Z   FAILED tests/unit/native_types/test_hook_import_gating.py::test_a_hook_that_fails_to_import_raises_on_every_call[loads-strata.loads('1', parse_types=True)] - AssertionError: Traceback (most recent call last):
supportability (windows-x86_64)	clang-cl PGO build (gate tests on both phases)	2026-09-29T14:38:15.5594021Z       File "<string>", line 14, in <module>
supportability (windows-x86_64)	clang-cl PGO build (gate tests on both phases)	2026-09-29T14:38:15.5594300Z     ModuleNotFoundError: No module named 'strata'
supportability (windows-x86_64)	clang-cl PGO build (gate tests on both phases)	2026-09-29T14:38:15.5594570Z   
supportability (windows-x86_64)	clang-cl PGO build (gate tests on both phases)	2026-09-29T14:38:15.5594729Z   assert 1 == 0
supportability (windows-x86_64)	clang-cl PGO build (gate tests on both phases)	2026-09-29T14:38:15.5595517Z    +  where 1 = CompletedProcess(args=['C:\\hostedtoolcache\\windows\\Python\\3.12.10\\x64\\python.exe', '-c', 'import sys\nsys.path.i... (most recent call last):\n  File "<string>", line 14, in <module>\nModuleNotFoundError: No module named \'strata\'\n').returncode
supportability (windows-x86_64)	clang-cl PGO build (gate tests on both phases)	2026-09-29T14:38:15.5596792Z   FAILED tests/unit/native_types/test_hook_import_gating.py::test_hook_free_calls_are_unaffected_by_a_broken_hook_image - AssertionError: Traceback (most recent call last):
supportability (windows-x86_64)	clang-cl PGO build (gate tests on both phases)	2026-09-29T14:38:15.5597477Z       File "<string>", line 14, in <module>
supportability (windows-x86_64)	clang-cl PGO build (gate tests on both phases)	2026-09-29T14:38:15.5597745Z     ModuleNotFoundError: No module named 'strata'
supportability (windows-x86_64)	clang-cl PGO build (gate tests on both phases)	2026-09-29T14:38:15.5598003Z   
supportability (windows-x86_64)	clang-cl PGO build (gate tests on both phases)	2026-09-29T14:38:15.5598154Z   assert 1 == 0
supportability (windows-x86_64)	clang-cl PGO build (gate tests on both phases)	2026-09-29T14:38:15.5598933Z    +  where 1 = CompletedProcess(args=['C:\\hostedtoolcache\\windows\\Python\\3.12.10\\x64\\python.exe', '-c', 'import sys\nsys.path.i... (most recent call last):\n  File "<string>", line 14, in <module>\nModuleNotFoundError: No module named \'strata\'\n').returncode
supportability (windows-x86_64)	clang-cl PGO build (gate tests on both phases)	2026-09-29T14:38:15.5600183Z   FAILED tests/unit/native_types/test_hook_import_gating.py::test_load_with_parse_types_false_never_imports_the_hook - AssertionError: Traceback (most recent call last):
supportability (windows-x86_64)	clang-cl PGO build (gate tests on both phases)	2026-09-29T14:38:15.5600862Z       File "<string>", line 5, in <module>
supportability (windows-x86_64)	clang-cl PGO build (gate tests on both phases)	2026-09-29T14:38:15.5601154Z     ModuleNotFoundError: No module named 'strata'
supportability (windows-x86_64)	clang-cl PGO build (gate tests on both phases)	2026-09-29T14:38:15.5601407Z   
supportability (windows-x86_64)	clang-cl PGO build (gate tests on both phases)	2026-09-29T14:38:15.5601559Z   assert 1 == 0
supportability (windows-x86_64)	clang-cl PGO build (gate tests on both phases)	2026-09-29T14:38:15.5602381Z    +  where 1 = CompletedProcess(args=['C:\\hostedtoolcache\\windows\\Python\\3.12.10\\x64\\python.exe', '-c', 'import sys\nsys.path.i...k (most recent call last):\n  File "<string>", line 5, in <module>\nModuleNotFoundError: No module named \'strata\'\n').returncode
supportability (windows-x86_64)	clang-cl PGO build (gate tests on both phases)	2026-09-29T14:38:15.5603691Z   FAILED tests/unit/native_types/test_hook_import_gating.py::test_search_with_parse_types_false_never_imports_the_hook - AssertionError: Traceback (most recent call last):
supportability (windows-x86_64)	clang-cl PGO build (gate tests on both phases)	2026-09-29T14:38:15.5604368Z       File "<string>", line 5, in <module>
supportability (windows-x86_64)	clang-cl PGO build (gate tests on both phases)	2026-09-29T14:38:15.5604658Z     ModuleNotFoundError: No module named 'strata'
supportability (windows-x86_64)	clang-cl PGO build (gate tests on both phases)	2026-09-29T14:38:15.5604918Z   
supportability (windows-x86_64)	clang-cl PGO build (gate tests on both phases)	2026-09-29T14:38:15.5605073Z   assert 1 == 0
supportability (windows-x86_64)	clang-cl PGO build (gate tests on both phases)	2026-09-29T14:38:15.5605892Z    +  where 1 = CompletedProcess(args=['C:\\hostedtoolcache\\windows\\Python\\3.12.10\\x64\\python.exe', '-c', 'import sys\nsys.path.i...k (most recent call last):\n  File "<string>", line 5, in <module>\nModuleNotFoundError: No module named \'strata\'\n').returncode
supportability (windows-x86_64)	clang-cl PGO build (gate tests on both phases)	2026-09-29T14:38:15.5607158Z   FAILED tests/unit/native_types/test_hook_import_gating.py::test_query_with_parse_types_false_never_imports_the_hook - AssertionError: Traceback (most recent call last):
supportability (windows-x86_64)	clang-cl PGO build (gate tests on both phases)	2026-09-29T14:38:15.5607827Z       File "<string>", line 5, in <module>
supportability (windows-x86_64)	clang-cl PGO build (gate tests on both phases)	2026-09-29T14:38:15.5608102Z     ModuleNotFoundError: No module named 'strata'
supportability (windows-x86_64)	clang-cl PGO build (gate tests on both phases)	2026-09-29T14:38:15.5608358Z   
supportability (windows-x86_64)	clang-cl PGO build (gate tests on both phases)	2026-09-29T14:38:15.5608520Z   assert 1 == 0
supportability (windows-x86_64)	clang-cl PGO build (gate tests on both phases)	2026-09-29T14:38:15.5609306Z    +  where 1 = CompletedProcess(args=['C:\\hostedtoolcache\\windows\\Python\\3.12.10\\x64\\python.exe', '-c', 'import sys\nsys.path.i...k (most recent call last):\n  File "<string>", line 5, in <module>\nModuleNotFoundError: No module named \'strata\'\n').returncode
supportability (windows-x86_64)	clang-cl PGO build (gate tests on both phases)	2026-09-29T14:38:15.5610690Z   FAILED tests/unit/native_types/test_native_flag.py::test_dumps_with_no_native_object_never_imports_the_hook - AssertionError: Traceback (most recent call last):
supportability (windows-x86_64)	clang-cl PGO build (gate tests on both phases)	2026-09-29T14:38:15.5611735Z       File "<string>", line 5, in <module>
supportability (windows-x86_64)	clang-cl PGO build (gate tests on both phases)	2026-09-29T14:38:15.5612005Z     ModuleNotFoundError: No module named 'strata'
supportability (windows-x86_64)	clang-cl PGO build (gate tests on both phases)	2026-09-29T14:38:15.5612257Z   
supportability (windows-x86_64)	clang-cl PGO build (gate tests on both phases)	2026-09-29T14:38:15.5612416Z   assert 1 == 0
supportability (windows-x86_64)	clang-cl PGO build (gate tests on both phases)	2026-09-29T14:38:15.5613189Z    +  where 1 = CompletedProcess(args=['C:\\hostedtoolcache\\windows\\Python\\3.12.10\\x64\\python.exe', '-c', 'import sys\nsys.path.i...k (most recent call last):\n  File "<string>", line 5, in <module>\nModuleNotFoundError: No module named \'strata\'\n').returncode
supportability (windows-x86_64)	clang-cl PGO build (gate tests on both phases)	2026-09-29T14:38:15.5614414Z   FAILED tests/unit/native_types/test_native_flag.py::test_dump_with_no_native_object_never_imports_the_hook - AssertionError: Traceback (most recent call last):
supportability (windows-x86_64)	clang-cl PGO build (gate tests on both phases)	2026-09-29T14:38:15.5615139Z       File "<string>", line 5, in <module>
supportability (windows-x86_64)	clang-cl PGO build (gate tests on both phases)	2026-09-29T14:38:15.5615426Z     ModuleNotFoundError: No module named 'strata'
supportability (windows-x86_64)	clang-cl PGO build (gate tests on both phases)	2026-09-29T14:38:15.5615674Z   
supportability (windows-x86_64)	clang-cl PGO build (gate tests on both phases)	2026-09-29T14:38:15.5615830Z   assert 1 == 0
supportability (windows-x86_64)	clang-cl PGO build (gate tests on both phases)	2026-09-29T14:38:15.5616642Z    +  where 1 = CompletedProcess(args=['C:\\hostedtoolcache\\windows\\Python\\3.12.10\\x64\\python.exe', '-c', 'import sys\nsys.path.i...k (most recent call last):\n  File "<string>", line 5, in <module>\nModuleNotFoundError: No module named \'strata\'\n').returncode
supportability (windows-x86_64)	clang-cl PGO build (gate tests on both phases)	2026-09-29T14:38:15.5617952Z   FAILED tests/unit/native_types/test_native_flag.py::test_dumps_native_false_on_an_unsupported_native_object_does_not_import_the_hook - AssertionError: Traceback (most recent call last):
supportability (windows-x86_64)	clang-cl PGO build (gate tests on both phases)	2026-09-29T14:38:15.5618672Z       File "<string>", line 6, in <module>
supportability (windows-x86_64)	clang-cl PGO build (gate tests on both phases)	2026-09-29T14:38:15.5618937Z     ModuleNotFoundError: No module named 'strata'
supportability (windows-x86_64)	clang-cl PGO build (gate tests on both phases)	2026-09-29T14:38:15.5619184Z   
supportability (windows-x86_64)	clang-cl PGO build (gate tests on both phases)	2026-09-29T14:38:15.5619337Z   assert 1 == 0
supportability (windows-x86_64)	clang-cl PGO build (gate tests on both phases)	2026-09-29T14:38:15.5620119Z    +  where 1 = CompletedProcess(args=['C:\\hostedtoolcache\\windows\\Python\\3.12.10\\x64\\python.exe', '-c', 'import sys\nsys.path.i...k (most recent call last):\n  File "<string>", line 6, in <module>\nModuleNotFoundError: No module named \'strata\'\n').returncode
supportability (windows-x86_64)	clang-cl PGO build (gate tests on both phases)	2026-09-29T14:38:15.5621067Z   ================ 10 failed, 3643 passed, 18 skipped in 21.55s =================
supportability (windows-x86_64)	clang-cl PGO build (gate tests on both phases)	2026-09-29T14:38:15.5621605Z     test temp files kept for inspection: C:\Users\RUNNER~1\AppData\Local\Temp\pytest-of-runneradmin\3esxxydo
supportability (windows-x86_64)	clang-cl PGO build (gate tests on both phases)	2026-09-29T14:38:15.5622925Z   Python tests failed � aborting build (test-gated build)
supportability (windows-x86_64)	clang-cl PGO build (gate tests on both phases)	2026-09-29T14:38:15.5623233Z   [end of output]
supportability (windows-x86_64)	clang-cl PGO build (gate tests on both phases)	2026-09-29T14:38:15.5623415Z   
supportability (windows-x86_64)	clang-cl PGO build (gate tests on both phases)	2026-09-29T14:38:15.5623732Z   note: This error originates from a subprocess, and is likely not a problem with pip.
supportability (windows-x86_64)	clang-cl PGO build (gate tests on both phases)	2026-09-29T14:38:15.5624162Z   ERROR: Failed building editable for strata
supportability (windows-x86_64)	clang-cl PGO build (gate tests on both phases)	2026-09-29T14:38:15.5624448Z error: failed-wheel-build-for-install
supportability (windows-x86_64)	clang-cl PGO build (gate tests on both phases)	2026-09-29T14:38:15.5624620Z 
supportability (windows-x86_64)	clang-cl PGO build (gate tests on both phases)	2026-09-29T14:38:15.5624820Z Failed to build installable wheels for some pyproject.toml based projects
supportability (windows-x86_64)	clang-cl PGO build (gate tests on both phases)	2026-09-29T14:38:15.5625099Z 
supportability (windows-x86_64)	clang-cl PGO build (gate tests on both phases)	2026-09-29T14:38:15.5625185Z strata
supportability (windows-x86_64)	clang-cl PGO build (gate tests on both phases)	2026-09-29T14:38:15.5625368Z Failed to build strata
supportability (windows-x86_64)	clang-cl PGO build (gate tests on both phases)	2026-09-29T14:38:18.1806685Z command failed (1): C:\hostedtoolcache\windows\Python\3.12.10\x64\python.exe
supportability (windows-x86_64)	clang-cl PGO build (gate tests on both phases)	2026-09-29T14:38:18.1938117Z ##[error]Process completed with exit code 1.
supportability (macos-arm64)	Same-path identity check against identity_base	﻿2026-09-29T14:34:19.6911480Z ##[group]Run PYTHONPATH=. .venv/bin/python scripts/identity_ab.py \
supportability (macos-arm64)	Same-path identity check against identity_base	2026-09-29T14:34:19.6911910Z ^[[36;1mPYTHONPATH=. .venv/bin/python scripts/identity_ab.py \^[[0m
supportability (macos-arm64)	Same-path identity check against identity_base	2026-09-29T14:34:19.6912270Z ^[[36;1m  --base "38eaa9f248f509d9a4beb75b267189d011c1109e" \^[[0m
supportability (macos-arm64)	Same-path identity check against identity_base	2026-09-29T14:34:19.6912610Z ^[[36;1m  --arm-dir "/Users/runner/work/_temp/identity-arm" \^[[0m
supportability (macos-arm64)	Same-path identity check against identity_base	2026-09-29T14:34:19.6912950Z ^[[36;1m  --out "identity-macos-arm64"^[[0m
supportability (macos-arm64)	Same-path identity check against identity_base	2026-09-29T14:34:19.6913280Z ^[[36;1mcp "identity-macos-arm64/identity.txt" "identity-macos-arm64.txt"^[[0m
supportability (macos-arm64)	Same-path identity check against identity_base	2026-09-29T14:34:19.6945410Z shell: /bin/bash -e {0}
supportability (macos-arm64)	Same-path identity check against identity_base	2026-09-29T14:34:19.6945590Z env:
supportability (macos-arm64)	Same-path identity check against identity_base	2026-09-29T14:34:19.6945770Z   ARCHFLAGS: -arch arm64
supportability (macos-arm64)	Same-path identity check against identity_base	2026-09-29T14:34:19.6946030Z   pythonLocation: /Users/runner/hostedtoolcache/Python/3.12.10/arm64
supportability (macos-arm64)	Same-path identity check against identity_base	2026-09-29T14:34:19.6946450Z   PKG_CONFIG_PATH: /Users/runner/hostedtoolcache/Python/3.12.10/arm64/lib/pkgconfig
supportability (macos-arm64)	Same-path identity check against identity_base	2026-09-29T14:34:19.6946890Z   Python_ROOT_DIR: /Users/runner/hostedtoolcache/Python/3.12.10/arm64
supportability (macos-arm64)	Same-path identity check against identity_base	2026-09-29T14:34:19.6947240Z   Python2_ROOT_DIR: /Users/runner/hostedtoolcache/Python/3.12.10/arm64
supportability (macos-arm64)	Same-path identity check against identity_base	2026-09-29T14:34:19.6947670Z   Python3_ROOT_DIR: /Users/runner/hostedtoolcache/Python/3.12.10/arm64
supportability (macos-arm64)	Same-path identity check against identity_base	2026-09-29T14:34:19.6947960Z ##[endgroup]
supportability (macos-arm64)	Same-path identity check against identity_base	2026-09-29T14:34:19.7632060Z + git worktree add --force --detach /Users/runner/work/_temp/identity-arm 38eaa9f248f509d9a4beb75b267189d011c1109e
supportability (macos-arm64)	Same-path identity check against identity_base	2026-09-29T14:34:19.7706270Z fatal: invalid reference: 38eaa9f248f509d9a4beb75b267189d011c1109e
supportability (macos-arm64)	Same-path identity check against identity_base	2026-09-29T14:34:19.7708920Z + git worktree remove --force /Users/runner/work/_temp/identity-arm
supportability (macos-arm64)	Same-path identity check against identity_base	2026-09-29T14:34:19.7782550Z fatal: '/Users/runner/work/_temp/identity-arm' is not a working tree
supportability (macos-arm64)	Same-path identity check against identity_base	2026-09-29T14:34:19.7786370Z Traceback (most recent call last):
supportability (macos-arm64)	Same-path identity check against identity_base	2026-09-29T14:34:19.7794310Z   File "/Users/runner/work/strata/strata/scripts/identity_ab.py", line 235, in main
supportability (macos-arm64)	Same-path identity check against identity_base	2026-09-29T14:34:19.7794930Z     worktree_checkout(args.base, arm_dir, dry_run=dry_run)
supportability (macos-arm64)	Same-path identity check against identity_base	2026-09-29T14:34:19.7796320Z   File "/Users/runner/work/strata/strata/scripts/identity_ab.py", line 97, in worktree_checkout
supportability (macos-arm64)	Same-path identity check against identity_base	2026-09-29T14:34:19.7796980Z     run(["git", "worktree", "add", "--force", "--detach", str(arm_dir), ref], dry_run=dry_run)
supportability (macos-arm64)	Same-path identity check against identity_base	2026-09-29T14:34:19.7797500Z   File "/Users/runner/work/strata/strata/scripts/identity_ab.py", line 52, in run
supportability (macos-arm64)	Same-path identity check against identity_base	2026-09-29T14:34:19.7797880Z     subprocess.run(cmd, cwd=cwd, env=merged, check=True)
supportability (macos-arm64)	Same-path identity check against identity_base	2026-09-29T14:34:19.7798360Z   File "/Library/Frameworks/Python.framework/Versions/3.12/lib/python3.12/subprocess.py", line 571, in run
supportability (macos-arm64)	Same-path identity check against identity_base	2026-09-29T14:34:19.7801440Z     raise CalledProcessError(retcode, process.args,
supportability (macos-arm64)	Same-path identity check against identity_base	2026-09-29T14:34:19.7802330Z subprocess.CalledProcessError: Command '['git', 'worktree', 'add', '--force', '--detach', '/Users/runner/work/_temp/identity-arm', '38eaa9f248f509d9a4beb75b267189d011c1109e']' returned non-zero exit status 128.
supportability (macos-arm64)	Same-path identity check against identity_base	2026-09-29T14:34:19.7803050Z 
supportability (macos-arm64)	Same-path identity check against identity_base	2026-09-29T14:34:19.7803320Z During handling of the above exception, another exception occurred:
supportability (macos-arm64)	Same-path identity check against identity_base	2026-09-29T14:34:19.7804400Z 
supportability (macos-arm64)	Same-path identity check against identity_base	2026-09-29T14:34:19.7804650Z Traceback (most recent call last):
supportability (macos-arm64)	Same-path identity check against identity_base	2026-09-29T14:34:19.7805250Z   File "/Users/runner/work/strata/strata/scripts/identity_ab.py", line 278, in <module>
supportability (macos-arm64)	Same-path identity check against identity_base	2026-09-29T14:34:19.7805860Z     raise SystemExit(main())
supportability (macos-arm64)	Same-path identity check against identity_base	2026-09-29T14:34:19.7806160Z                      ^^^^^^
supportability (macos-arm64)	Same-path identity check against identity_base	2026-09-29T14:34:19.7806600Z   File "/Users/runner/work/strata/strata/scripts/identity_ab.py", line 245, in main
supportability (macos-arm64)	Same-path identity check against identity_base	2026-09-29T14:34:19.7807080Z     worktree_remove(arm_dir, dry_run=dry_run)
supportability (macos-arm64)	Same-path identity check against identity_base	2026-09-29T14:34:19.7808140Z   File "/Users/runner/work/strata/strata/scripts/identity_ab.py", line 101, in worktree_remove
supportability (macos-arm64)	Same-path identity check against identity_base	2026-09-29T14:34:19.7808770Z     run(["git", "worktree", "remove", "--force", str(arm_dir)], dry_run=dry_run)
supportability (macos-arm64)	Same-path identity check against identity_base	2026-09-29T14:34:19.7809310Z   File "/Users/runner/work/strata/strata/scripts/identity_ab.py", line 52, in run
supportability (macos-arm64)	Same-path identity check against identity_base	2026-09-29T14:34:19.7809820Z     subprocess.run(cmd, cwd=cwd, env=merged, check=True)
supportability (macos-arm64)	Same-path identity check against identity_base	2026-09-29T14:34:19.7810430Z   File "/Library/Frameworks/Python.framework/Versions/3.12/lib/python3.12/subprocess.py", line 571, in run
supportability (macos-arm64)	Same-path identity check against identity_base	2026-09-29T14:34:19.7811000Z     raise CalledProcessError(retcode, process.args,
supportability (macos-arm64)	Same-path identity check against identity_base	2026-09-29T14:34:19.7812250Z subprocess.CalledProcessError: Command '['git', 'worktree', 'remove', '--force', '/Users/runner/work/_temp/identity-arm']' returned non-zero exit status 128.
supportability (macos-arm64)	Same-path identity check against identity_base	2026-09-29T14:34:19.7863540Z ##[error]Process completed with exit code 1.
supportability (linux-x86_64)	Same-path identity check against identity_base	﻿2026-09-29T14:37:00.7079393Z ##[group]Run PYTHONPATH=. .venv/bin/python scripts/identity_ab.py \
supportability (linux-x86_64)	Same-path identity check against identity_base	2026-09-29T14:37:00.7079912Z ^[[36;1mPYTHONPATH=. .venv/bin/python scripts/identity_ab.py \^[[0m
supportability (linux-x86_64)	Same-path identity check against identity_base	2026-09-29T14:37:00.7080355Z ^[[36;1m  --base "38eaa9f248f509d9a4beb75b267189d011c1109e" \^[[0m
supportability (linux-x86_64)	Same-path identity check against identity_base	2026-09-29T14:37:00.7080772Z ^[[36;1m  --arm-dir "/home/runner/work/_temp/identity-arm" \^[[0m
supportability (linux-x86_64)	Same-path identity check against identity_base	2026-09-29T14:37:00.7081126Z ^[[36;1m  --out "identity-linux-x86_64"^[[0m
supportability (linux-x86_64)	Same-path identity check against identity_base	2026-09-29T14:37:00.7081518Z ^[[36;1mcp "identity-linux-x86_64/identity.txt" "identity-linux-x86_64.txt"^[[0m
supportability (linux-x86_64)	Same-path identity check against identity_base	2026-09-29T14:37:00.7154077Z shell: /usr/bin/bash -e {0}
supportability (linux-x86_64)	Same-path identity check against identity_base	2026-09-29T14:37:00.7154345Z env:
supportability (linux-x86_64)	Same-path identity check against identity_base	2026-09-29T14:37:00.7154546Z   ARCHFLAGS: 
supportability (linux-x86_64)	Same-path identity check against identity_base	2026-09-29T14:37:00.7154834Z   pythonLocation: /opt/hostedtoolcache/Python/3.12.14/x64
supportability (linux-x86_64)	Same-path identity check against identity_base	2026-09-29T14:37:00.7155276Z   PKG_CONFIG_PATH: /opt/hostedtoolcache/Python/3.12.14/x64/lib/pkgconfig
supportability (linux-x86_64)	Same-path identity check against identity_base	2026-09-29T14:37:00.7155706Z   Python_ROOT_DIR: /opt/hostedtoolcache/Python/3.12.14/x64
supportability (linux-x86_64)	Same-path identity check against identity_base	2026-09-29T14:37:00.7156087Z   Python2_ROOT_DIR: /opt/hostedtoolcache/Python/3.12.14/x64
supportability (linux-x86_64)	Same-path identity check against identity_base	2026-09-29T14:37:00.7156499Z   Python3_ROOT_DIR: /opt/hostedtoolcache/Python/3.12.14/x64
supportability (linux-x86_64)	Same-path identity check against identity_base	2026-09-29T14:37:00.7156874Z   LD_LIBRARY_PATH: /opt/hostedtoolcache/Python/3.12.14/x64/lib
supportability (linux-x86_64)	Same-path identity check against identity_base	2026-09-29T14:37:00.7157202Z ##[endgroup]
supportability (linux-x86_64)	Same-path identity check against identity_base	2026-09-29T14:37:00.7638167Z + git worktree add --force --detach /home/runner/work/_temp/identity-arm 38eaa9f248f509d9a4beb75b267189d011c1109e
supportability (linux-x86_64)	Same-path identity check against identity_base	2026-09-29T14:37:00.7657385Z fatal: invalid reference: 38eaa9f248f509d9a4beb75b267189d011c1109e
supportability (linux-x86_64)	Same-path identity check against identity_base	2026-09-29T14:37:00.7660045Z + git worktree remove --force /home/runner/work/_temp/identity-arm
supportability (linux-x86_64)	Same-path identity check against identity_base	2026-09-29T14:37:00.7674201Z fatal: '/home/runner/work/_temp/identity-arm' is not a working tree
supportability (linux-x86_64)	Same-path identity check against identity_base	2026-09-29T14:37:00.7676722Z Traceback (most recent call last):
supportability (linux-x86_64)	Same-path identity check against identity_base	2026-09-29T14:37:00.7685040Z   File "/home/runner/work/strata/strata/scripts/identity_ab.py", line 235, in main
supportability (linux-x86_64)	Same-path identity check against identity_base	2026-09-29T14:37:00.7685889Z     worktree_checkout(args.base, arm_dir, dry_run=dry_run)
supportability (linux-x86_64)	Same-path identity check against identity_base	2026-09-29T14:37:00.7686758Z   File "/home/runner/work/strata/strata/scripts/identity_ab.py", line 97, in worktree_checkout
supportability (linux-x86_64)	Same-path identity check against identity_base	2026-09-29T14:37:00.7687782Z     run(["git", "worktree", "add", "--force", "--detach", str(arm_dir), ref], dry_run=dry_run)
supportability (linux-x86_64)	Same-path identity check against identity_base	2026-09-29T14:37:00.7688972Z   File "/home/runner/work/strata/strata/scripts/identity_ab.py", line 52, in run
supportability (linux-x86_64)	Same-path identity check against identity_base	2026-09-29T14:37:00.7689702Z     subprocess.run(cmd, cwd=cwd, env=merged, check=True)
supportability (linux-x86_64)	Same-path identity check against identity_base	2026-09-29T14:37:00.7690533Z   File "/opt/hostedtoolcache/Python/3.12.14/x64/lib/python3.12/subprocess.py", line 571, in run
supportability (linux-x86_64)	Same-path identity check against identity_base	2026-09-29T14:37:00.7691348Z     raise CalledProcessError(retcode, process.args,
supportability (linux-x86_64)	Same-path identity check against identity_base	2026-09-29T14:37:00.7692914Z subprocess.CalledProcessError: Command '['git', 'worktree', 'add', '--force', '--detach', '/home/runner/work/_temp/identity-arm', '38eaa9f248f509d9a4beb75b267189d011c1109e']' returned non-zero exit status 128.
supportability (linux-x86_64)	Same-path identity check against identity_base	2026-09-29T14:37:00.7694174Z 
supportability (linux-x86_64)	Same-path identity check against identity_base	2026-09-29T14:37:00.7694466Z During handling of the above exception, another exception occurred:
supportability (linux-x86_64)	Same-path identity check against identity_base	2026-09-29T14:37:00.7694904Z 
supportability (linux-x86_64)	Same-path identity check against identity_base	2026-09-29T14:37:00.7695013Z Traceback (most recent call last):
supportability (linux-x86_64)	Same-path identity check against identity_base	2026-09-29T14:37:00.7695468Z   File "/home/runner/work/strata/strata/scripts/identity_ab.py", line 278, in <module>
supportability (linux-x86_64)	Same-path identity check against identity_base	2026-09-29T14:37:00.7695909Z     raise SystemExit(main())
supportability (linux-x86_64)	Same-path identity check against identity_base	2026-09-29T14:37:00.7696160Z                      ^^^^^^
supportability (linux-x86_64)	Same-path identity check against identity_base	2026-09-29T14:37:00.7696543Z   File "/home/runner/work/strata/strata/scripts/identity_ab.py", line 245, in main
supportability (linux-x86_64)	Same-path identity check against identity_base	2026-09-29T14:37:00.7712876Z     worktree_remove(arm_dir, dry_run=dry_run)
supportability (linux-x86_64)	Same-path identity check against identity_base	2026-09-29T14:37:00.7723395Z   File "/home/runner/work/strata/strata/scripts/identity_ab.py", line 101, in worktree_remove
supportability (linux-x86_64)	Same-path identity check against identity_base	2026-09-29T14:37:00.7724390Z     run(["git", "worktree", "remove", "--force", str(arm_dir)], dry_run=dry_run)
supportability (linux-x86_64)	Same-path identity check against identity_base	2026-09-29T14:37:00.7725289Z   File "/home/runner/work/strata/strata/scripts/identity_ab.py", line 52, in run
supportability (linux-x86_64)	Same-path identity check against identity_base	2026-09-29T14:37:00.7726040Z     subprocess.run(cmd, cwd=cwd, env=merged, check=True)
supportability (linux-x86_64)	Same-path identity check against identity_base	2026-09-29T14:37:00.7726934Z   File "/opt/hostedtoolcache/Python/3.12.14/x64/lib/python3.12/subprocess.py", line 571, in run
supportability (linux-x86_64)	Same-path identity check against identity_base	2026-09-29T14:37:00.7727757Z     raise CalledProcessError(retcode, process.args,
supportability (linux-x86_64)	Same-path identity check against identity_base	2026-09-29T14:37:00.7729293Z subprocess.CalledProcessError: Command '['git', 'worktree', 'remove', '--force', '/home/runner/work/_temp/identity-arm']' returned non-zero exit status 128.
supportability (linux-x86_64)	Same-path identity check against identity_base	2026-09-29T14:37:00.7768373Z ##[error]Process completed with exit code 1.
supportability (macos-x86_64)	Same-path identity check against identity_base	﻿2026-09-29T14:43:51.2554100Z ##[group]Run PYTHONPATH=. .venv/bin/python scripts/identity_ab.py \
supportability (macos-x86_64)	Same-path identity check against identity_base	2026-09-29T14:43:51.2555400Z ^[[36;1mPYTHONPATH=. .venv/bin/python scripts/identity_ab.py \^[[0m
supportability (macos-x86_64)	Same-path identity check against identity_base	2026-09-29T14:43:51.2556440Z ^[[36;1m  --base "38eaa9f248f509d9a4beb75b267189d011c1109e" \^[[0m
supportability (macos-x86_64)	Same-path identity check against identity_base	2026-09-29T14:43:51.2557290Z ^[[36;1m  --arm-dir "/Users/runner/work/_temp/identity-arm" \^[[0m
supportability (macos-x86_64)	Same-path identity check against identity_base	2026-09-29T14:43:51.2558020Z ^[[36;1m  --out "identity-macos-x86_64"^[[0m
supportability (macos-x86_64)	Same-path identity check against identity_base	2026-09-29T14:43:51.2559260Z ^[[36;1mcp "identity-macos-x86_64/identity.txt" "identity-macos-x86_64.txt"^[[0m
supportability (macos-x86_64)	Same-path identity check against identity_base	2026-09-29T14:43:51.2625200Z shell: /bin/bash -e {0}
supportability (macos-x86_64)	Same-path identity check against identity_base	2026-09-29T14:43:51.2625740Z env:
supportability (macos-x86_64)	Same-path identity check against identity_base	2026-09-29T14:43:51.2626160Z   ARCHFLAGS: -arch x86_64
supportability (macos-x86_64)	Same-path identity check against identity_base	2026-09-29T14:43:51.2626900Z   pythonLocation: /Users/runner/hostedtoolcache/Python/3.12.10/x64
supportability (macos-x86_64)	Same-path identity check against identity_base	2026-09-29T14:43:51.2628020Z   PKG_CONFIG_PATH: /Users/runner/hostedtoolcache/Python/3.12.10/x64/lib/pkgconfig
supportability (macos-x86_64)	Same-path identity check against identity_base	2026-09-29T14:43:51.2629140Z   Python_ROOT_DIR: /Users/runner/hostedtoolcache/Python/3.12.10/x64
supportability (macos-x86_64)	Same-path identity check against identity_base	2026-09-29T14:43:51.2630130Z   Python2_ROOT_DIR: /Users/runner/hostedtoolcache/Python/3.12.10/x64
supportability (macos-x86_64)	Same-path identity check against identity_base	2026-09-29T14:43:51.2631220Z   Python3_ROOT_DIR: /Users/runner/hostedtoolcache/Python/3.12.10/x64
supportability (macos-x86_64)	Same-path identity check against identity_base	2026-09-29T14:43:51.2632030Z ##[endgroup]
supportability (macos-x86_64)	Same-path identity check against identity_base	2026-09-29T14:43:51.3880000Z + git worktree add --force --detach /Users/runner/work/_temp/identity-arm 38eaa9f248f509d9a4beb75b267189d011c1109e
supportability (macos-x86_64)	Same-path identity check against identity_base	2026-09-29T14:43:51.4010920Z fatal: invalid reference: 38eaa9f248f509d9a4beb75b267189d011c1109e
supportability (macos-x86_64)	Same-path identity check against identity_base	2026-09-29T14:43:51.4016150Z + git worktree remove --force /Users/runner/work/_temp/identity-arm
supportability (macos-x86_64)	Same-path identity check against identity_base	2026-09-29T14:43:51.4131530Z fatal: '/Users/runner/work/_temp/identity-arm' is not a working tree
supportability (macos-x86_64)	Same-path identity check against identity_base	2026-09-29T14:43:51.4139520Z Traceback (most recent call last):
supportability (macos-x86_64)	Same-path identity check against identity_base	2026-09-29T14:43:51.4155470Z   File "/Users/runner/work/strata/strata/scripts/identity_ab.py", line 235, in main
supportability (macos-x86_64)	Same-path identity check against identity_base	2026-09-29T14:43:51.4156860Z     worktree_checkout(args.base, arm_dir, dry_run=dry_run)
supportability (macos-x86_64)	Same-path identity check against identity_base	2026-09-29T14:43:51.4158720Z   File "/Users/runner/work/strata/strata/scripts/identity_ab.py", line 97, in worktree_checkout
supportability (macos-x86_64)	Same-path identity check against identity_base	2026-09-29T14:43:51.4160110Z     run(["git", "worktree", "add", "--force", "--detach", str(arm_dir), ref], dry_run=dry_run)
supportability (macos-x86_64)	Same-path identity check against identity_base	2026-09-29T14:43:51.4161380Z   File "/Users/runner/work/strata/strata/scripts/identity_ab.py", line 52, in run
supportability (macos-x86_64)	Same-path identity check against identity_base	2026-09-29T14:43:51.4162390Z     subprocess.run(cmd, cwd=cwd, env=merged, check=True)
supportability (macos-x86_64)	Same-path identity check against identity_base	2026-09-29T14:43:51.4163640Z   File "/Library/Frameworks/Python.framework/Versions/3.12/lib/python3.12/subprocess.py", line 571, in run
supportability (macos-x86_64)	Same-path identity check against identity_base	2026-09-29T14:43:51.4164940Z     raise CalledProcessError(retcode, process.args,
supportability (macos-x86_64)	Same-path identity check against identity_base	2026-09-29T14:43:51.4166950Z subprocess.CalledProcessError: Command '['git', 'worktree', 'add', '--force', '--detach', '/Users/runner/work/_temp/identity-arm', '38eaa9f248f509d9a4beb75b267189d011c1109e']' returned non-zero exit status 128.
supportability (macos-x86_64)	Same-path identity check against identity_base	2026-09-29T14:43:51.4169060Z 
supportability (macos-x86_64)	Same-path identity check against identity_base	2026-09-29T14:43:51.4169510Z During handling of the above exception, another exception occurred:
supportability (macos-x86_64)	Same-path identity check against identity_base	2026-09-29T14:43:51.4170160Z 
supportability (macos-x86_64)	Same-path identity check against identity_base	2026-09-29T14:43:51.4170380Z Traceback (most recent call last):
supportability (macos-x86_64)	Same-path identity check against identity_base	2026-09-29T14:43:51.4171390Z   File "/Users/runner/work/strata/strata/scripts/identity_ab.py", line 278, in <module>
supportability (macos-x86_64)	Same-path identity check against identity_base	2026-09-29T14:43:51.4172490Z     raise SystemExit(main())
supportability (macos-x86_64)	Same-path identity check against identity_base	2026-09-29T14:43:51.4172990Z                      ^^^^^^
supportability (macos-x86_64)	Same-path identity check against identity_base	2026-09-29T14:43:51.4173820Z   File "/Users/runner/work/strata/strata/scripts/identity_ab.py", line 245, in main
supportability (macos-x86_64)	Same-path identity check against identity_base	2026-09-29T14:43:51.4174810Z     worktree_remove(arm_dir, dry_run=dry_run)
supportability (macos-x86_64)	Same-path identity check against identity_base	2026-09-29T14:43:51.4175890Z   File "/Users/runner/work/strata/strata/scripts/identity_ab.py", line 101, in worktree_remove
supportability (macos-x86_64)	Same-path identity check against identity_base	2026-09-29T14:43:51.4177130Z     run(["git", "worktree", "remove", "--force", str(arm_dir)], dry_run=dry_run)
supportability (macos-x86_64)	Same-path identity check against identity_base	2026-09-29T14:43:51.4178270Z   File "/Users/runner/work/strata/strata/scripts/identity_ab.py", line 52, in run
supportability (macos-x86_64)	Same-path identity check against identity_base	2026-09-29T14:43:51.4179290Z     subprocess.run(cmd, cwd=cwd, env=merged, check=True)
supportability (macos-x86_64)	Same-path identity check against identity_base	2026-09-29T14:43:51.4180600Z   File "/Library/Frameworks/Python.framework/Versions/3.12/lib/python3.12/subprocess.py", line 571, in run
supportability (macos-x86_64)	Same-path identity check against identity_base	2026-09-29T14:43:51.4182350Z     raise CalledProcessError(retcode, process.args,
supportability (macos-x86_64)	Same-path identity check against identity_base	2026-09-29T14:43:51.4184640Z subprocess.CalledProcessError: Command '['git', 'worktree', 'remove', '--force', '/Users/runner/work/_temp/identity-arm']' returned non-zero exit status 128.
supportability (macos-x86_64)	Same-path identity check against identity_base	2026-09-29T14:43:51.4290210Z ##[error]Process completed with exit code 1.
