PYTHONPATH=. .venv/bin/python benchmarks/ab_rows.py \
		--build A=/Users/borysbardysh/PycharmProjects/PrimeLabFoundation/strata/build/evidence/M15/armA/_strata.cpython-314-darwin.so --build B=/Users/borysbardysh/PycharmProjects/PrimeLabFoundation/strata/build/evidence/M15/armA2/_strata.cpython-314-darwin.so \
		--target /Users/borysbardysh/worktrees/strata/main-pgo/python/strata/_strata.cpython-314-darwin.so \
		--out /Users/borysbardysh/PycharmProjects/PrimeLabFoundation/strata/build/evidence/M15/final/ab/aa3.tsv --row small:users:dumps --row small:users:loads --row small:users:load --row small:users:dump --row small:flat:dumps --row small:flat:loads --row small:flat:load --row small:flat:dump --row small:nested:dumps --row small:nested:loads --row small:nested:load --row small:nested:dump --row small:wide_arrays:dumps --row small:wide_arrays:loads --row small:wide_arrays:load --row small:wide_arrays:dump --row small:mixed:dumps --row small:mixed:loads --row small:mixed:load --row small:mixed:dump --row small:users:ndload --row medium:users:dumps --row medium:flat:dumps --row medium:nested:dumps --row medium:wide_arrays:dumps --row medium:mixed:dumps --blocks 6 --repeat 60
# target   /Users/borysbardysh/worktrees/strata/main-pgo/python/strata/_strata.cpython-314-darwin.so
# build A  /Users/borysbardysh/PycharmProjects/PrimeLabFoundation/strata/build/evidence/M15/armA/_strata.cpython-314-darwin.so  md5=1609bb3e318d8f9e2c552fa4675795f2
# build B  /Users/borysbardysh/PycharmProjects/PrimeLabFoundation/strata/build/evidence/M15/armA2/_strata.cpython-314-darwin.so  md5=800e32c62dc8a5c05de7912d938268eb
# order    ABBAABBAABBAABBAABBAABBAA (25 launches)
# rows     small:users:dumps small:users:loads small:users:load small:users:dump small:flat:dumps small:flat:loads small:flat:load small:flat:dump small:nested:dumps small:nested:loads small:nested:load small:nested:dump small:wide_arrays:dumps small:wide_arrays:loads small:wide_arrays:load small:wide_arrays:dump small:mixed:dumps small:mixed:loads small:mixed:load small:mixed:dump small:users:ndload medium:users:dumps medium:flat:dumps medium:nested:dumps medium:wide_arrays:dumps medium:mixed:dumps  repeat=60
# launch 00 build=A md5=1609bb3e318d8f9e2c552fa4675795f2
# L00 build=A extension=/Users/borysbardysh/worktrees/strata/main-pgo/python/strata/_strata.cpython-314-darwin.so md5=1609bb3e318d8f9e2c552fa4675795f2 load=2.30,3.22,3.20 cpus=10 t=00:31:03
# launch 01 build=B md5=800e32c62dc8a5c05de7912d938268eb
# L01 build=B extension=/Users/borysbardysh/worktrees/strata/main-pgo/python/strata/_strata.cpython-314-darwin.so md5=800e32c62dc8a5c05de7912d938268eb load=2.46,3.19,3.19 cpus=10 t=00:31:31
# launch 02 build=B md5=800e32c62dc8a5c05de7912d938268eb
# L02 build=B extension=/Users/borysbardysh/worktrees/strata/main-pgo/python/strata/_strata.cpython-314-darwin.so md5=800e32c62dc8a5c05de7912d938268eb load=2.56,3.12,3.16 cpus=10 t=00:31:58
# launch 03 build=A md5=1609bb3e318d8f9e2c552fa4675795f2
# L03 build=A extension=/Users/borysbardysh/worktrees/strata/main-pgo/python/strata/_strata.cpython-314-darwin.so md5=1609bb3e318d8f9e2c552fa4675795f2 load=2.57,3.08,3.15 cpus=10 t=00:32:26
# launch 04 build=A md5=1609bb3e318d8f9e2c552fa4675795f2
# L04 build=A extension=/Users/borysbardysh/worktrees/strata/main-pgo/python/strata/_strata.cpython-314-darwin.so md5=1609bb3e318d8f9e2c552fa4675795f2 load=2.42,2.99,3.11 cpus=10 t=00:32:52
# launch 05 build=B md5=800e32c62dc8a5c05de7912d938268eb
# L05 build=B extension=/Users/borysbardysh/worktrees/strata/main-pgo/python/strata/_strata.cpython-314-darwin.so md5=800e32c62dc8a5c05de7912d938268eb load=2.38,2.94,3.09 cpus=10 t=00:33:19
# launch 06 build=B md5=800e32c62dc8a5c05de7912d938268eb
# L06 build=B extension=/Users/borysbardysh/worktrees/strata/main-pgo/python/strata/_strata.cpython-314-darwin.so md5=800e32c62dc8a5c05de7912d938268eb load=2.21,2.85,3.05 cpus=10 t=00:33:47
# launch 07 build=A md5=1609bb3e318d8f9e2c552fa4675795f2
# L07 build=A extension=/Users/borysbardysh/worktrees/strata/main-pgo/python/strata/_strata.cpython-314-darwin.so md5=1609bb3e318d8f9e2c552fa4675795f2 load=2.35,2.83,3.04 cpus=10 t=00:34:14
# launch 08 build=A md5=1609bb3e318d8f9e2c552fa4675795f2
# L08 build=A extension=/Users/borysbardysh/worktrees/strata/main-pgo/python/strata/_strata.cpython-314-darwin.so md5=1609bb3e318d8f9e2c552fa4675795f2 load=2.79,2.88,3.05 cpus=10 t=00:34:42
# launch 09 build=B md5=800e32c62dc8a5c05de7912d938268eb
# L09 build=B extension=/Users/borysbardysh/worktrees/strata/main-pgo/python/strata/_strata.cpython-314-darwin.so md5=800e32c62dc8a5c05de7912d938268eb load=2.51,2.81,3.01 cpus=10 t=00:35:09
# launch 10 build=B md5=800e32c62dc8a5c05de7912d938268eb
# L10 build=B extension=/Users/borysbardysh/worktrees/strata/main-pgo/python/strata/_strata.cpython-314-darwin.so md5=800e32c62dc8a5c05de7912d938268eb load=2.49,2.79,3.00 cpus=10 t=00:35:37
# launch 11 build=A md5=1609bb3e318d8f9e2c552fa4675795f2
# L11 build=A extension=/Users/borysbardysh/worktrees/strata/main-pgo/python/strata/_strata.cpython-314-darwin.so md5=1609bb3e318d8f9e2c552fa4675795f2 load=2.27,2.71,2.96 cpus=10 t=00:36:04
# launch 12 build=A md5=1609bb3e318d8f9e2c552fa4675795f2
# L12 build=A extension=/Users/borysbardysh/worktrees/strata/main-pgo/python/strata/_strata.cpython-314-darwin.so md5=1609bb3e318d8f9e2c552fa4675795f2 load=2.02,2.62,2.92 cpus=10 t=00:36:31
# launch 13 build=B md5=800e32c62dc8a5c05de7912d938268eb
# L13 build=B extension=/Users/borysbardysh/worktrees/strata/main-pgo/python/strata/_strata.cpython-314-darwin.so md5=800e32c62dc8a5c05de7912d938268eb load=2.11,2.57,2.90 cpus=10 t=00:36:59
# launch 14 build=B md5=800e32c62dc8a5c05de7912d938268eb
# L14 build=B extension=/Users/borysbardysh/worktrees/strata/main-pgo/python/strata/_strata.cpython-314-darwin.so md5=800e32c62dc8a5c05de7912d938268eb load=2.31,2.58,2.89 cpus=10 t=00:37:27
# launch 15 build=A md5=1609bb3e318d8f9e2c552fa4675795f2
# L15 build=A extension=/Users/borysbardysh/worktrees/strata/main-pgo/python/strata/_strata.cpython-314-darwin.so md5=1609bb3e318d8f9e2c552fa4675795f2 load=2.21,2.53,2.86 cpus=10 t=00:37:54
# launch 16 build=A md5=1609bb3e318d8f9e2c552fa4675795f2
# L16 build=A extension=/Users/borysbardysh/worktrees/strata/main-pgo/python/strata/_strata.cpython-314-darwin.so md5=1609bb3e318d8f9e2c552fa4675795f2 load=2.49,2.57,2.86 cpus=10 t=00:38:22
# launch 17 build=B md5=800e32c62dc8a5c05de7912d938268eb
# L17 build=B extension=/Users/borysbardysh/worktrees/strata/main-pgo/python/strata/_strata.cpython-314-darwin.so md5=800e32c62dc8a5c05de7912d938268eb load=2.22,2.50,2.83 cpus=10 t=00:38:49
# launch 18 build=B md5=800e32c62dc8a5c05de7912d938268eb
# L18 build=B extension=/Users/borysbardysh/worktrees/strata/main-pgo/python/strata/_strata.cpython-314-darwin.so md5=800e32c62dc8a5c05de7912d938268eb load=2.43,2.52,2.82 cpus=10 t=00:39:17
# launch 19 build=A md5=1609bb3e318d8f9e2c552fa4675795f2
# L19 build=A extension=/Users/borysbardysh/worktrees/strata/main-pgo/python/strata/_strata.cpython-314-darwin.so md5=1609bb3e318d8f9e2c552fa4675795f2 load=2.77,2.61,2.85 cpus=10 t=00:39:44
# launch 20 build=A md5=1609bb3e318d8f9e2c552fa4675795f2
# L20 build=A extension=/Users/borysbardysh/worktrees/strata/main-pgo/python/strata/_strata.cpython-314-darwin.so md5=1609bb3e318d8f9e2c552fa4675795f2 load=2.86,2.64,2.85 cpus=10 t=00:40:12
# launch 21 build=B md5=800e32c62dc8a5c05de7912d938268eb
# L21 build=B extension=/Users/borysbardysh/worktrees/strata/main-pgo/python/strata/_strata.cpython-314-darwin.so md5=800e32c62dc8a5c05de7912d938268eb load=2.70,2.63,2.83 cpus=10 t=00:40:39
# launch 22 build=B md5=800e32c62dc8a5c05de7912d938268eb
# L22 build=B extension=/Users/borysbardysh/worktrees/strata/main-pgo/python/strata/_strata.cpython-314-darwin.so md5=800e32c62dc8a5c05de7912d938268eb load=2.73,2.64,2.83 cpus=10 t=00:41:07
# launch 23 build=A md5=1609bb3e318d8f9e2c552fa4675795f2
# L23 build=A extension=/Users/borysbardysh/worktrees/strata/main-pgo/python/strata/_strata.cpython-314-darwin.so md5=1609bb3e318d8f9e2c552fa4675795f2 load=2.70,2.64,2.82 cpus=10 t=00:41:34
# launch 24 build=A md5=1609bb3e318d8f9e2c552fa4675795f2
# L24 build=A extension=/Users/borysbardysh/worktrees/strata/main-pgo/python/strata/_strata.cpython-314-darwin.so md5=1609bb3e318d8f9e2c552fa4675795f2 load=3.01,2.72,2.85 cpus=10 t=00:42:01
# wrote /Users/borysbardysh/PycharmProjects/PrimeLabFoundation/strata/build/evidence/M15/final/ab/aa3.tsv (25 of 25 launches)
# restored /Users/borysbardysh/worktrees/strata/main-pgo/python/strata/_strata.cpython-314-darwin.so to md5=800e32c62dc8a5c05de7912d938268eb
== launch medians (ms)
row/engine                    L00:A       L01:B       L02:B       L03:A       L04:A       L05:B       L06:B       L07:A       L08:A       L09:B       L10:B       L11:A       L12:A       L13:B       L14:B       L15:A       L16:A       L17:B       L18:B       L19:A       L20:A       L21:B       L22:B       L23:A       L24:A       
md-flat-dumps orjson-bytes    0.9243     0.9251     0.9291     0.9243     0.9310     0.9296     0.9346     0.9263     0.9232     0.9235     0.9230     0.9143     0.9166     0.9224     0.9287     0.9277     0.9267     0.9284     0.9230     0.9230     0.9275     0.9338     0.9258     0.9249     0.9229     
md-flat-dumps orjson-dump     -          -          -          -          -          -          -          -          -          -          -          -          -          -          -          -          -          -          -          -          -          -          -          -          -          
md-flat-dumps orjson-load     -          -          -          -          -          -          -          -          -          -          -          -          -          -          -          -          -          -          -          -          -          -          -          -          -          
md-flat-dumps orjson-loads    -          -          -          -          -          -          -          -          -          -          -          -          -          -          -          -          -          -          -          -          -          -          -          -          -          
md-flat-dumps orjson-ndload   -          -          -          -          -          -          -          -          -          -          -          -          -          -          -          -          -          -          -          -          -          -          -          -          -          
md-flat-dumps strata-bytes    0.7377     0.7391     0.7372     0.7379     0.7392     0.7385     0.7634     0.7514     0.7379     0.7436     0.7419     0.7380     0.7394     0.7420     0.7524     0.7392     0.7428     0.7488     0.7396     0.7428     0.7415     0.7380     0.7323     0.7384     0.7481     
md-flat-dumps strata-dump     -          -          -          -          -          -          -          -          -          -          -          -          -          -          -          -          -          -          -          -          -          -          -          -          -          
md-flat-dumps strata-load     -          -          -          -          -          -          -          -          -          -          -          -          -          -          -          -          -          -          -          -          -          -          -          -          -          
md-flat-dumps strata-loads    -          -          -          -          -          -          -          -          -          -          -          -          -          -          -          -          -          -          -          -          -          -          -          -          -          
md-flat-dumps strata-ndload   -          -          -          -          -          -          -          -          -          -          -          -          -          -          -          -          -          -          -          -          -          -          -          -          -          
md-flat-dumps strata-str      0.8173     0.8231     0.8166     0.8122     0.8262     0.8245     0.8322     0.8258     0.8147     0.8225     0.8156     0.8159     0.8260     0.8242     0.8312     0.8267     0.8340     0.8228     0.8186     0.8283     0.8349     0.8193     0.8093     0.8280     0.8368     
md-mixed-dumps orjson-bytes   0.1453     0.1476     0.1453     0.1461     0.1463     0.1475     0.1453     0.1455     0.1450     0.1477     0.1456     0.1452     0.1454     0.1462     0.1469     0.1462     0.1434     0.1472     0.1469     0.1453     0.1480     0.1454     0.1446     0.1456     0.1464     
md-mixed-dumps orjson-dump    -          -          -          -          -          -          -          -          -          -          -          -          -          -          -          -          -          -          -          -          -          -          -          -          -          
md-mixed-dumps orjson-load    -          -          -          -          -          -          -          -          -          -          -          -          -          -          -          -          -          -          -          -          -          -          -          -          -          
md-mixed-dumps orjson-loads   -          -          -          -          -          -          -          -          -          -          -          -          -          -          -          -          -          -          -          -          -          -          -          -          -          
md-mixed-dumps orjson-ndload  -          -          -          -          -          -          -          -          -          -          -          -          -          -          -          -          -          -          -          -          -          -          -          -          -          
md-mixed-dumps strata-bytes   0.1128     0.1139     0.1132     0.1116     0.1120     0.1146     0.1129     0.1138     0.1138     0.1144     0.1142     0.1128     0.1126     0.1135     0.1129     0.1135     0.1122     0.1129     0.1128     0.1138     0.1124     0.1146     0.1129     0.1125     0.1141     
md-mixed-dumps strata-dump    -          -          -          -          -          -          -          -          -          -          -          -          -          -          -          -          -          -          -          -          -          -          -          -          -          
md-mixed-dumps strata-load    -          -          -          -          -          -          -          -          -          -          -          -          -          -          -          -          -          -          -          -          -          -          -          -          -          
md-mixed-dumps strata-loads   -          -          -          -          -          -          -          -          -          -          -          -          -          -          -          -          -          -          -          -          -          -          -          -          -          
md-mixed-dumps strata-ndload  -          -          -          -          -          -          -          -          -          -          -          -          -          -          -          -          -          -          -          -          -          -          -          -          -          
md-mixed-dumps strata-str     0.1265     0.1283     0.1254     0.1240     0.1259     0.1285     0.1270     0.1253     0.1258     0.1286     0.1249     0.1246     0.1242     0.1255     0.1277     0.1241     0.1256     0.1264     0.1274     0.1267     0.1262     0.1268     0.1250     0.1240     0.1256     
md-nested-dumps orjson-bytes  0.8135     0.7930     0.8222     0.7965     0.7990     0.8128     0.7933     0.7993     0.8075     0.8242     0.8280     0.7981     0.8099     0.8195     0.8071     0.7977     0.8044     0.8117     0.8039     0.8170     0.8089     0.8110     0.8003     0.8026     0.8088     
md-nested-dumps orjson-dump   -          -          -          -          -          -          -          -          -          -          -          -          -          -          -          -          -          -          -          -          -          -          -          -          -          
md-nested-dumps orjson-load   -          -          -          -          -          -          -          -          -          -          -          -          -          -          -          -          -          -          -          -          -          -          -          -          -          
md-nested-dumps orjson-loads  -          -          -          -          -          -          -          -          -          -          -          -          -          -          -          -          -          -          -          -          -          -          -          -          -          
md-nested-dumps orjson-ndload -          -          -          -          -          -          -          -          -          -          -          -          -          -          -          -          -          -          -          -          -          -          -          -          -          
md-nested-dumps strata-bytes  0.4596     0.4612     0.4696     0.4552     0.4617     0.4620     0.4659     0.4534     0.4569     0.4605     0.4617     0.4529     0.4561     0.4558     0.4616     0.4556     0.4748     0.4637     0.4629     0.4647     0.4644     0.4620     0.4604     0.4531     0.4570     
md-nested-dumps strata-dump   -          -          -          -          -          -          -          -          -          -          -          -          -          -          -          -          -          -          -          -          -          -          -          -          -          
md-nested-dumps strata-load   -          -          -          -          -          -          -          -          -          -          -          -          -          -          -          -          -          -          -          -          -          -          -          -          -          
md-nested-dumps strata-loads  -          -          -          -          -          -          -          -          -          -          -          -          -          -          -          -          -          -          -          -          -          -          -          -          -          
md-nested-dumps strata-ndload -          -          -          -          -          -          -          -          -          -          -          -          -          -          -          -          -          -          -          -          -          -          -          -          -          
md-nested-dumps strata-str    0.5212     0.5154     0.5361     0.5197     0.5235     0.5210     0.5283     0.5173     0.5214     0.5263     0.5257     0.5161     0.5259     0.5189     0.5182     0.5154     0.5309     0.5269     0.5199     0.5185     0.5331     0.5301     0.5211     0.5111     0.5165     
md-users-dumps orjson-bytes   13.8851    13.7951    13.7624    13.8373    13.7406    13.7799    13.8611    13.7259    13.7885    13.9930    13.7350    13.7210    13.9051    13.9640    13.7719    13.7339    13.7805    13.7735    13.8510    13.6795    13.8532    13.8134    13.9256    13.9238    13.7958    
md-users-dumps orjson-dump    -          -          -          -          -          -          -          -          -          -          -          -          -          -          -          -          -          -          -          -          -          -          -          -          -          
md-users-dumps orjson-load    -          -          -          -          -          -          -          -          -          -          -          -          -          -          -          -          -          -          -          -          -          -          -          -          -          
md-users-dumps orjson-loads   -          -          -          -          -          -          -          -          -          -          -          -          -          -          -          -          -          -          -          -          -          -          -          -          -          
md-users-dumps orjson-ndload  -          -          -          -          -          -          -          -          -          -          -          -          -          -          -          -          -          -          -          -          -          -          -          -          -          
md-users-dumps strata-bytes   8.4167     8.4498     8.4400     8.5392     8.5126     8.4944     8.4102     8.3528     8.4199     8.3523     8.4567     8.2473     8.4811     8.4381     8.4449     8.3892     8.2911     8.4377     8.5120     8.4247     8.3427     8.4593     8.4145     8.4752     8.3890     
md-users-dumps strata-dump    -          -          -          -          -          -          -          -          -          -          -          -          -          -          -          -          -          -          -          -          -          -          -          -          -          
md-users-dumps strata-load    -          -          -          -          -          -          -          -          -          -          -          -          -          -          -          -          -          -          -          -          -          -          -          -          -          
md-users-dumps strata-loads   -          -          -          -          -          -          -          -          -          -          -          -          -          -          -          -          -          -          -          -          -          -          -          -          -          
md-users-dumps strata-ndload  -          -          -          -          -          -          -          -          -          -          -          -          -          -          -          -          -          -          -          -          -          -          -          -          -          
md-users-dumps strata-str     9.2570     9.2123     9.2939     9.4586     9.2669     9.3672     9.3635     9.2958     9.4427     9.3664     9.2912     9.2692     9.3554     9.4794     9.2918     9.3280     9.2777     9.3623     9.4383     9.3639     9.2782     9.3350     9.3247     9.3666     9.3567     
md-wide_arrays-dumps orjson-bytes5.5875     5.6467     5.6407     5.5591     5.5460     5.4565     5.6303     5.6901     5.5725     5.6063     5.5623     5.5364     5.6223     5.5934     5.4653     5.7239     5.5536     5.6236     5.5471     5.5397     5.6515     5.5978     5.6271     5.5263     5.6721     
md-wide_arrays-dumps orjson-dump-          -          -          -          -          -          -          -          -          -          -          -          -          -          -          -          -          -          -          -          -          -          -          -          -          
md-wide_arrays-dumps orjson-load-          -          -          -          -          -          -          -          -          -          -          -          -          -          -          -          -          -          -          -          -          -          -          -          -          
md-wide_arrays-dumps orjson-loads-          -          -          -          -          -          -          -          -          -          -          -          -          -          -          -          -          -          -          -          -          -          -          -          -          
md-wide_arrays-dumps orjson-ndload-          -          -          -          -          -          -          -          -          -          -          -          -          -          -          -          -          -          -          -          -          -          -          -          -          
md-wide_arrays-dumps strata-bytes3.9211     3.8947     3.9009     3.8917     3.8890     3.9128     3.9143     3.9423     3.9470     3.9119     3.9229     3.8692     3.9066     3.9062     3.8733     3.9227     3.8754     3.9222     3.9315     3.8747     3.9208     3.9343     3.8889     3.8938     3.9076     
md-wide_arrays-dumps strata-dump-          -          -          -          -          -          -          -          -          -          -          -          -          -          -          -          -          -          -          -          -          -          -          -          -          
md-wide_arrays-dumps strata-load-          -          -          -          -          -          -          -          -          -          -          -          -          -          -          -          -          -          -          -          -          -          -          -          -          
md-wide_arrays-dumps strata-loads-          -          -          -          -          -          -          -          -          -          -          -          -          -          -          -          -          -          -          -          -          -          -          -          -          
md-wide_arrays-dumps strata-ndload-          -          -          -          -          -          -          -          -          -          -          -          -          -          -          -          -          -          -          -          -          -          -          -          -          
md-wide_arrays-dumps strata-str4.5809     4.5594     4.5481     4.4695     4.5455     4.5762     4.5440     4.5877     4.6236     4.5547     4.4528     4.4650     4.6001     4.5407     4.5810     4.5856     4.5040     4.5647     4.4862     4.5071     4.6025     4.5461     4.5691     4.5724     4.5574     
sm-flat-dump orjson-bytes     -          -          -          -          -          -          -          -          -          -          -          -          -          -          -          -          -          -          -          -          -          -          -          -          -          
sm-flat-dump orjson-dump      0.4452     0.4014     0.3826     0.3845     0.3866     0.4297     0.4022     0.3790     0.3835     0.3970     0.3843     0.4070     0.4230     0.3912     0.3801     0.3741     0.3917     0.3804     0.3833     0.3870     0.4008     0.4146     0.3825     0.3966     0.3848     
sm-flat-dump orjson-load      -          -          -          -          -          -          -          -          -          -          -          -          -          -          -          -          -          -          -          -          -          -          -          -          -          
sm-flat-dump orjson-loads     -          -          -          -          -          -          -          -          -          -          -          -          -          -          -          -          -          -          -          -          -          -          -          -          -          
sm-flat-dump orjson-ndload    -          -          -          -          -          -          -          -          -          -          -          -          -          -          -          -          -          -          -          -          -          -          -          -          -          
sm-flat-dump strata-bytes     -          -          -          -          -          -          -          -          -          -          -          -          -          -          -          -          -          -          -          -          -          -          -          -          -          
sm-flat-dump strata-dump      0.3788     0.3457     0.3386     0.3277     0.3291     0.3402     0.3451     0.3269     0.3246     0.3362     0.3283     0.3502     0.3542     0.3282     0.3263     0.3255     0.3239     0.3257     0.3310     0.3380     0.3474     0.3515     0.3324     0.3380     0.3312     
sm-flat-dump strata-load      -          -          -          -          -          -          -          -          -          -          -          -          -          -          -          -          -          -          -          -          -          -          -          -          -          
sm-flat-dump strata-loads     -          -          -          -          -          -          -          -          -          -          -          -          -          -          -          -          -          -          -          -          -          -          -          -          -          
sm-flat-dump strata-ndload    -          -          -          -          -          -          -          -          -          -          -          -          -          -          -          -          -          -          -          -          -          -          -          -          -          
sm-flat-dump strata-str       -          -          -          -          -          -          -          -          -          -          -          -          -          -          -          -          -          -          -          -          -          -          -          -          -          
sm-flat-dumps orjson-bytes    0.2405     0.2335     0.2335     0.2353     0.2353     0.2313     0.2350     0.2348     0.2349     0.2336     0.2350     0.2356     0.2371     0.2341     0.2319     0.2378     0.2337     0.2321     0.2430     0.2306     0.2326     0.2376     0.2345     0.2343     0.2324     
sm-flat-dumps orjson-dump     -          -          -          -          -          -          -          -          -          -          -          -          -          -          -          -          -          -          -          -          -          -          -          -          -          
sm-flat-dumps orjson-load     -          -          -          -          -          -          -          -          -          -          -          -          -          -          -          -          -          -          -          -          -          -          -          -          -          
sm-flat-dumps orjson-loads    -          -          -          -          -          -          -          -          -          -          -          -          -          -          -          -          -          -          -          -          -          -          -          -          -          
sm-flat-dumps orjson-ndload   -          -          -          -          -          -          -          -          -          -          -          -          -          -          -          -          -          -          -          -          -          -          -          -          -          
sm-flat-dumps strata-bytes    0.1877     0.1836     0.1838     0.1825     0.1820     0.1823     0.1822     0.1860     0.1826     0.1830     0.1830     0.1839     0.1873     0.1857     0.1850     0.1837     0.1836     0.1830     0.1888     0.1822     0.1831     0.1861     0.1833     0.1850     0.1849     
sm-flat-dumps strata-dump     -          -          -          -          -          -          -          -          -          -          -          -          -          -          -          -          -          -          -          -          -          -          -          -          -          
sm-flat-dumps strata-load     -          -          -          -          -          -          -          -          -          -          -          -          -          -          -          -          -          -          -          -          -          -          -          -          -          
sm-flat-dumps strata-loads    -          -          -          -          -          -          -          -          -          -          -          -          -          -          -          -          -          -          -          -          -          -          -          -          -          
sm-flat-dumps strata-ndload   -          -          -          -          -          -          -          -          -          -          -          -          -          -          -          -          -          -          -          -          -          -          -          -          -          
sm-flat-dumps strata-str      0.2103     0.2034     0.2050     0.2028     0.2015     0.2031     0.2029     0.2078     0.2041     0.2039     0.2046     0.2084     0.2085     0.2052     0.2031     0.2057     0.2039     0.2016     0.2115     0.2018     0.2038     0.2061     0.2043     0.2055     0.2057     
sm-flat-load orjson-bytes     -          -          -          -          -          -          -          -          -          -          -          -          -          -          -          -          -          -          -          -          -          -          -          -          -          
sm-flat-load orjson-dump      -          -          -          -          -          -          -          -          -          -          -          -          -          -          -          -          -          -          -          -          -          -          -          -          -          
sm-flat-load orjson-load      0.7564     0.7519     0.7276     0.7218     0.7198     0.7898     0.7357     0.7514     0.7630     0.6830     0.7526     0.7598     0.7470     0.7462     0.7490     0.7511     0.7209     0.7351     0.7204     0.7328     0.7696     0.7362     0.7183     0.7220     0.7339     
sm-flat-load orjson-loads     -          -          -          -          -          -          -          -          -          -          -          -          -          -          -          -          -          -          -          -          -          -          -          -          -          
sm-flat-load orjson-ndload    -          -          -          -          -          -          -          -          -          -          -          -          -          -          -          -          -          -          -          -          -          -          -          -          -          
sm-flat-load strata-bytes     -          -          -          -          -          -          -          -          -          -          -          -          -          -          -          -          -          -          -          -          -          -          -          -          -          
sm-flat-load strata-dump      -          -          -          -          -          -          -          -          -          -          -          -          -          -          -          -          -          -          -          -          -          -          -          -          -          
sm-flat-load strata-load      0.6493     0.6477     0.6131     0.6315     0.6157     0.6716     0.6173     0.6405     0.6552     0.5915     0.6249     0.6409     0.6319     0.6323     0.6378     0.6324     0.6071     0.6306     0.6163     0.6175     0.6537     0.6216     0.6220     0.6154     0.6210     
sm-flat-load strata-loads     -          -          -          -          -          -          -          -          -          -          -          -          -          -          -          -          -          -          -          -          -          -          -          -          -          
sm-flat-load strata-ndload    -          -          -          -          -          -          -          -          -          -          -          -          -          -          -          -          -          -          -          -          -          -          -          -          -          
sm-flat-load strata-str       -          -          -          -          -          -          -          -          -          -          -          -          -          -          -          -          -          -          -          -          -          -          -          -          -          
sm-flat-loads orjson-bytes    -          -          -          -          -          -          -          -          -          -          -          -          -          -          -          -          -          -          -          -          -          -          -          -          -          
sm-flat-loads orjson-dump     -          -          -          -          -          -          -          -          -          -          -          -          -          -          -          -          -          -          -          -          -          -          -          -          -          
sm-flat-loads orjson-load     -          -          -          -          -          -          -          -          -          -          -          -          -          -          -          -          -          -          -          -          -          -          -          -          -          
sm-flat-loads orjson-loads    0.6351     0.6656     0.6424     0.6457     0.6363     0.6704     0.6488     0.6659     0.6847     0.6176     0.6592     0.6707     0.6474     0.6644     0.6632     0.6594     0.6353     0.6514     0.6503     0.6511     0.6690     0.6489     0.6378     0.6405     0.6394     
sm-flat-loads orjson-ndload   -          -          -          -          -          -          -          -          -          -          -          -          -          -          -          -          -          -          -          -          -          -          -          -          -          
sm-flat-loads strata-bytes    -          -          -          -          -          -          -          -          -          -          -          -          -          -          -          -          -          -          -          -          -          -          -          -          -          
sm-flat-loads strata-dump     -          -          -          -          -          -          -          -          -          -          -          -          -          -          -          -          -          -          -          -          -          -          -          -          -          
sm-flat-loads strata-load     -          -          -          -          -          -          -          -          -          -          -          -          -          -          -          -          -          -          -          -          -          -          -          -          -          
sm-flat-loads strata-loads    0.5609     0.5910     0.5622     0.5675     0.5681     0.5906     0.5665     0.5888     0.5997     0.5427     0.5767     0.5907     0.5551     0.5778     0.5870     0.5882     0.5584     0.5750     0.5690     0.5646     0.5926     0.5707     0.5701     0.5665     0.5611     
sm-flat-loads strata-ndload   -          -          -          -          -          -          -          -          -          -          -          -          -          -          -          -          -          -          -          -          -          -          -          -          -          
sm-flat-loads strata-str      -          -          -          -          -          -          -          -          -          -          -          -          -          -          -          -          -          -          -          -          -          -          -          -          -          
sm-mixed-dump orjson-bytes    -          -          -          -          -          -          -          -          -          -          -          -          -          -          -          -          -          -          -          -          -          -          -          -          -          
sm-mixed-dump orjson-dump     0.1563     0.1709     0.1598     0.1528     0.1562     0.1545     0.1500     0.1485     0.1720     0.1446     0.1354     0.1659     0.1966     0.1999     0.1424     0.1603     0.1441     0.1699     0.1637     0.1469     0.1563     0.1459     0.1363     0.1539     0.1615     
sm-mixed-dump orjson-load     -          -          -          -          -          -          -          -          -          -          -          -          -          -          -          -          -          -          -          -          -          -          -          -          -          
sm-mixed-dump orjson-loads    -          -          -          -          -          -          -          -          -          -          -          -          -          -          -          -          -          -          -          -          -          -          -          -          -          
sm-mixed-dump orjson-ndload   -          -          -          -          -          -          -          -          -          -          -          -          -          -          -          -          -          -          -          -          -          -          -          -          -          
sm-mixed-dump strata-bytes    -          -          -          -          -          -          -          -          -          -          -          -          -          -          -          -          -          -          -          -          -          -          -          -          -          
sm-mixed-dump strata-dump     0.1364     0.1529     0.1440     0.1325     0.1332     0.1370     0.1341     0.1348     0.1451     0.1324     0.1246     0.1390     0.1683     0.1698     0.1313     0.1486     0.1212     0.1486     0.1420     0.1307     0.1353     0.1329     0.1166     0.1392     0.1380     
sm-mixed-dump strata-load     -          -          -          -          -          -          -          -          -          -          -          -          -          -          -          -          -          -          -          -          -          -          -          -          -          
sm-mixed-dump strata-loads    -          -          -          -          -          -          -          -          -          -          -          -          -          -          -          -          -          -          -          -          -          -          -          -          -          
sm-mixed-dump strata-ndload   -          -          -          -          -          -          -          -          -          -          -          -          -          -          -          -          -          -          -          -          -          -          -          -          -          
sm-mixed-dump strata-str      -          -          -          -          -          -          -          -          -          -          -          -          -          -          -          -          -          -          -          -          -          -          -          -          -          
sm-mixed-dumps orjson-bytes   0.0389     0.0397     0.0380     0.0393     0.0383     0.0385     0.0391     0.0383     0.0403     0.0393     0.0384     0.0384     0.0400     0.0412     0.0392     0.0392     0.0393     0.0385     0.0400     0.0384     0.0398     0.0389     0.0379     0.0382     0.0389     
sm-mixed-dumps orjson-dump    -          -          -          -          -          -          -          -          -          -          -          -          -          -          -          -          -          -          -          -          -          -          -          -          -          
sm-mixed-dumps orjson-load    -          -          -          -          -          -          -          -          -          -          -          -          -          -          -          -          -          -          -          -          -          -          -          -          -          
sm-mixed-dumps orjson-loads   -          -          -          -          -          -          -          -          -          -          -          -          -          -          -          -          -          -          -          -          -          -          -          -          -          
sm-mixed-dumps orjson-ndload  -          -          -          -          -          -          -          -          -          -          -          -          -          -          -          -          -          -          -          -          -          -          -          -          -          
sm-mixed-dumps strata-bytes   0.0299     0.0304     0.0296     0.0299     0.0298     0.0299     0.0304     0.0297     0.0312     0.0301     0.0296     0.0301     0.0303     0.0314     0.0301     0.0301     0.0294     0.0297     0.0309     0.0298     0.0301     0.0309     0.0293     0.0297     0.0297     
sm-mixed-dumps strata-dump    -          -          -          -          -          -          -          -          -          -          -          -          -          -          -          -          -          -          -          -          -          -          -          -          -          
sm-mixed-dumps strata-load    -          -          -          -          -          -          -          -          -          -          -          -          -          -          -          -          -          -          -          -          -          -          -          -          -          
sm-mixed-dumps strata-loads   -          -          -          -          -          -          -          -          -          -          -          -          -          -          -          -          -          -          -          -          -          -          -          -          -          
sm-mixed-dumps strata-ndload  -          -          -          -          -          -          -          -          -          -          -          -          -          -          -          -          -          -          -          -          -          -          -          -          -          
sm-mixed-dumps strata-str     0.0337     0.0334     0.0321     0.0326     0.0326     0.0328     0.0326     0.0331     0.0349     0.0324     0.0321     0.0326     0.0339     0.0352     0.0336     0.0339     0.0324     0.0330     0.0346     0.0331     0.0340     0.0335     0.0320     0.0325     0.0326     
sm-mixed-load orjson-bytes    -          -          -          -          -          -          -          -          -          -          -          -          -          -          -          -          -          -          -          -          -          -          -          -          -          
sm-mixed-load orjson-dump     -          -          -          -          -          -          -          -          -          -          -          -          -          -          -          -          -          -          -          -          -          -          -          -          -          
sm-mixed-load orjson-load     0.1644     0.1765     0.1666     0.1648     0.1713     0.1612     0.1693     0.1692     0.1697     0.1753     0.1650     0.1633     0.1964     0.1746     0.1849     0.1633     0.1663     0.1637     0.1820     0.1710     0.1739     0.1667     0.1647     0.1683     0.1679     
sm-mixed-load orjson-loads    -          -          -          -          -          -          -          -          -          -          -          -          -          -          -          -          -          -          -          -          -          -          -          -          -          
sm-mixed-load orjson-ndload   -          -          -          -          -          -          -          -          -          -          -          -          -          -          -          -          -          -          -          -          -          -          -          -          -          
sm-mixed-load strata-bytes    -          -          -          -          -          -          -          -          -          -          -          -          -          -          -          -          -          -          -          -          -          -          -          -          -          
sm-mixed-load strata-dump     -          -          -          -          -          -          -          -          -          -          -          -          -          -          -          -          -          -          -          -          -          -          -          -          -          
sm-mixed-load strata-load     0.1456     0.1491     0.1447     0.1471     0.1497     0.1417     0.1463     0.1468     0.1477     0.1440     0.1440     0.1457     0.1678     0.1518     0.1540     0.1412     0.1460     0.1447     0.1583     0.1518     0.1530     0.1474     0.1437     0.1450     0.1504     
sm-mixed-load strata-loads    -          -          -          -          -          -          -          -          -          -          -          -          -          -          -          -          -          -          -          -          -          -          -          -          -          
sm-mixed-load strata-ndload   -          -          -          -          -          -          -          -          -          -          -          -          -          -          -          -          -          -          -          -          -          -          -          -          -          
sm-mixed-load strata-str      -          -          -          -          -          -          -          -          -          -          -          -          -          -          -          -          -          -          -          -          -          -          -          -          -          
sm-mixed-loads orjson-bytes   -          -          -          -          -          -          -          -          -          -          -          -          -          -          -          -          -          -          -          -          -          -          -          -          -          
sm-mixed-loads orjson-dump    -          -          -          -          -          -          -          -          -          -          -          -          -          -          -          -          -          -          -          -          -          -          -          -          -          
sm-mixed-loads orjson-load    -          -          -          -          -          -          -          -          -          -          -          -          -          -          -          -          -          -          -          -          -          -          -          -          -          
sm-mixed-loads orjson-loads   0.1265     0.1247     0.1237     0.1265     0.1258     0.1226     0.1230     0.1255     0.1312     0.1230     0.1244     0.1254     0.1317     0.1259     0.1244     0.1247     0.1252     0.1288     0.1305     0.1248     0.1302     0.1266     0.1275     0.1249     0.1258     
sm-mixed-loads orjson-ndload  -          -          -          -          -          -          -          -          -          -          -          -          -          -          -          -          -          -          -          -          -          -          -          -          -          
sm-mixed-loads strata-bytes   -          -          -          -          -          -          -          -          -          -          -          -          -          -          -          -          -          -          -          -          -          -          -          -          -          
sm-mixed-loads strata-dump    -          -          -          -          -          -          -          -          -          -          -          -          -          -          -          -          -          -          -          -          -          -          -          -          -          
sm-mixed-loads strata-load    -          -          -          -          -          -          -          -          -          -          -          -          -          -          -          -          -          -          -          -          -          -          -          -          -          
sm-mixed-loads strata-loads   0.1151     0.1171     0.1160     0.1188     0.1168     0.1139     0.1144     0.1172     0.1216     0.1143     0.1169     0.1163     0.1220     0.1172     0.1138     0.1160     0.1164     0.1185     0.1188     0.1149     0.1185     0.1173     0.1170     0.1144     0.1163     
sm-mixed-loads strata-ndload  -          -          -          -          -          -          -          -          -          -          -          -          -          -          -          -          -          -          -          -          -          -          -          -          -          
sm-mixed-loads strata-str     -          -          -          -          -          -          -          -          -          -          -          -          -          -          -          -          -          -          -          -          -          -          -          -          -          
sm-nested-dump orjson-bytes   -          -          -          -          -          -          -          -          -          -          -          -          -          -          -          -          -          -          -          -          -          -          -          -          -          
sm-nested-dump orjson-dump    0.3638     0.3697     0.4165     0.3220     0.3458     0.3580     0.3481     0.3491     0.3449     0.3556     0.3590     0.3642     0.3756     0.3730     0.3448     0.3235     0.3567     0.3445     0.3503     0.3504     0.3844     0.3762     0.3345     0.3635     0.3358     
sm-nested-dump orjson-load    -          -          -          -          -          -          -          -          -          -          -          -          -          -          -          -          -          -          -          -          -          -          -          -          -          
sm-nested-dump orjson-loads   -          -          -          -          -          -          -          -          -          -          -          -          -          -          -          -          -          -          -          -          -          -          -          -          -          
sm-nested-dump orjson-ndload  -          -          -          -          -          -          -          -          -          -          -          -          -          -          -          -          -          -          -          -          -          -          -          -          -          
sm-nested-dump strata-bytes   -          -          -          -          -          -          -          -          -          -          -          -          -          -          -          -          -          -          -          -          -          -          -          -          -          
sm-nested-dump strata-dump    0.2672     0.2689     0.2954     0.2413     0.2513     0.2564     0.2573     0.2638     0.2489     0.2534     0.2685     0.2679     0.2628     0.2668     0.2554     0.2326     0.2652     0.2608     0.2629     0.2541     0.2753     0.2720     0.2487     0.2751     0.2410     
sm-nested-dump strata-load    -          -          -          -          -          -          -          -          -          -          -          -          -          -          -          -          -          -          -          -          -          -          -          -          -          
sm-nested-dump strata-loads   -          -          -          -          -          -          -          -          -          -          -          -          -          -          -          -          -          -          -          -          -          -          -          -          -          
sm-nested-dump strata-ndload  -          -          -          -          -          -          -          -          -          -          -          -          -          -          -          -          -          -          -          -          -          -          -          -          -          
sm-nested-dump strata-str     -          -          -          -          -          -          -          -          -          -          -          -          -          -          -          -          -          -          -          -          -          -          -          -          -          
sm-nested-dumps orjson-bytes  0.2043     0.2029     0.1998     0.2023     0.2021     0.2042     0.2030     0.1996     0.2037     0.2013     0.2014     0.2028     0.2055     0.2023     0.2031     0.2019     0.2022     0.2079     0.2021     0.2021     0.2051     0.2065     0.2037     0.2015     0.2012     
sm-nested-dumps orjson-dump   -          -          -          -          -          -          -          -          -          -          -          -          -          -          -          -          -          -          -          -          -          -          -          -          -          
sm-nested-dumps orjson-load   -          -          -          -          -          -          -          -          -          -          -          -          -          -          -          -          -          -          -          -          -          -          -          -          -          
sm-nested-dumps orjson-loads  -          -          -          -          -          -          -          -          -          -          -          -          -          -          -          -          -          -          -          -          -          -          -          -          -          
sm-nested-dumps orjson-ndload -          -          -          -          -          -          -          -          -          -          -          -          -          -          -          -          -          -          -          -          -          -          -          -          -          
sm-nested-dumps strata-bytes  0.1145     0.1121     0.1122     0.1124     0.1118     0.1142     0.1136     0.1118     0.1137     0.1117     0.1125     0.1143     0.1152     0.1143     0.1122     0.1111     0.1125     0.1182     0.1117     0.1125     0.1158     0.1157     0.1135     0.1112     0.1120     
sm-nested-dumps strata-dump   -          -          -          -          -          -          -          -          -          -          -          -          -          -          -          -          -          -          -          -          -          -          -          -          -          
sm-nested-dumps strata-load   -          -          -          -          -          -          -          -          -          -          -          -          -          -          -          -          -          -          -          -          -          -          -          -          -          
sm-nested-dumps strata-loads  -          -          -          -          -          -          -          -          -          -          -          -          -          -          -          -          -          -          -          -          -          -          -          -          -          
sm-nested-dumps strata-ndload -          -          -          -          -          -          -          -          -          -          -          -          -          -          -          -          -          -          -          -          -          -          -          -          -          
sm-nested-dumps strata-str    0.1290     0.1279     0.1264     0.1238     0.1253     0.1287     0.1308     0.1264     0.1319     0.1260     0.1265     0.1309     0.1304     0.1300     0.1256     0.1262     0.1272     0.1316     0.1278     0.1258     0.1284     0.1305     0.1270     0.1252     0.1260     
sm-nested-load orjson-bytes   -          -          -          -          -          -          -          -          -          -          -          -          -          -          -          -          -          -          -          -          -          -          -          -          -          
sm-nested-load orjson-dump    -          -          -          -          -          -          -          -          -          -          -          -          -          -          -          -          -          -          -          -          -          -          -          -          -          
sm-nested-load orjson-load    0.6852     0.6701     0.6808     0.6628     0.6664     0.6730     0.6901     0.6710     0.6982     0.6701     0.6666     0.6808     0.6998     0.6855     0.6727     0.6728     0.6595     0.6786     0.6839     0.6791     0.6813     0.6772     0.6773     0.6686     0.6790     
sm-nested-load orjson-loads   -          -          -          -          -          -          -          -          -          -          -          -          -          -          -          -          -          -          -          -          -          -          -          -          -          
sm-nested-load orjson-ndload  -          -          -          -          -          -          -          -          -          -          -          -          -          -          -          -          -          -          -          -          -          -          -          -          -          
sm-nested-load strata-bytes   -          -          -          -          -          -          -          -          -          -          -          -          -          -          -          -          -          -          -          -          -          -          -          -          -          
sm-nested-load strata-dump    -          -          -          -          -          -          -          -          -          -          -          -          -          -          -          -          -          -          -          -          -          -          -          -          -          
sm-nested-load strata-load    0.5375     0.5359     0.5488     0.5336     0.5464     0.5280     0.5466     0.5310     0.5474     0.5327     0.5294     0.5334     0.5534     0.5359     0.5337     0.5319     0.5201     0.5397     0.5387     0.5419     0.5299     0.5301     0.5639     0.5261     0.5401     
sm-nested-load strata-loads   -          -          -          -          -          -          -          -          -          -          -          -          -          -          -          -          -          -          -          -          -          -          -          -          -          
sm-nested-load strata-ndload  -          -          -          -          -          -          -          -          -          -          -          -          -          -          -          -          -          -          -          -          -          -          -          -          -          
sm-nested-load strata-str     -          -          -          -          -          -          -          -          -          -          -          -          -          -          -          -          -          -          -          -          -          -          -          -          -          
sm-nested-loads orjson-bytes  -          -          -          -          -          -          -          -          -          -          -          -          -          -          -          -          -          -          -          -          -          -          -          -          -          
sm-nested-loads orjson-dump   -          -          -          -          -          -          -          -          -          -          -          -          -          -          -          -          -          -          -          -          -          -          -          -          -          
sm-nested-loads orjson-load   -          -          -          -          -          -          -          -          -          -          -          -          -          -          -          -          -          -          -          -          -          -          -          -          -          
sm-nested-loads orjson-loads  0.6034     0.5979     0.6067     0.6081     0.5989     0.5924     0.6075     0.6010     0.6121     0.6005     0.6018     0.6055     0.6163     0.6109     0.5982     0.6003     0.5959     0.6156     0.6005     0.6118     0.6029     0.6025     0.6045     0.6040     0.5983     
sm-nested-loads orjson-ndload -          -          -          -          -          -          -          -          -          -          -          -          -          -          -          -          -          -          -          -          -          -          -          -          -          
sm-nested-loads strata-bytes  -          -          -          -          -          -          -          -          -          -          -          -          -          -          -          -          -          -          -          -          -          -          -          -          -          
sm-nested-loads strata-dump   -          -          -          -          -          -          -          -          -          -          -          -          -          -          -          -          -          -          -          -          -          -          -          -          -          
sm-nested-loads strata-load   -          -          -          -          -          -          -          -          -          -          -          -          -          -          -          -          -          -          -          -          -          -          -          -          -          
sm-nested-loads strata-loads  0.4809     0.4867     0.4918     0.4988     0.4839     0.4827     0.4823     0.4844     0.4966     0.4866     0.4887     0.4927     0.4992     0.4897     0.4844     0.4863     0.4776     0.5012     0.4860     0.4922     0.4862     0.4847     0.4968     0.4850     0.4892     
sm-nested-loads strata-ndload -          -          -          -          -          -          -          -          -          -          -          -          -          -          -          -          -          -          -          -          -          -          -          -          -          
sm-nested-loads strata-str    -          -          -          -          -          -          -          -          -          -          -          -          -          -          -          -          -          -          -          -          -          -          -          -          -          
sm-users-dump orjson-bytes    -          -          -          -          -          -          -          -          -          -          -          -          -          -          -          -          -          -          -          -          -          -          -          -          -          
sm-users-dump orjson-dump     2.6069     2.6613     2.6688     2.5999     2.5970     2.5952     2.6635     2.6554     2.6560     2.6550     2.6715     2.6557     2.6818     2.7405     2.6101     2.7056     2.5946     2.6145     2.6332     2.6873     2.6548     2.6375     2.6843     2.6641     2.6185     
sm-users-dump orjson-load     -          -          -          -          -          -          -          -          -          -          -          -          -          -          -          -          -          -          -          -          -          -          -          -          -          
sm-users-dump orjson-loads    -          -          -          -          -          -          -          -          -          -          -          -          -          -          -          -          -          -          -          -          -          -          -          -          -          
sm-users-dump orjson-ndload   -          -          -          -          -          -          -          -          -          -          -          -          -          -          -          -          -          -          -          -          -          -          -          -          -          
sm-users-dump strata-bytes    -          -          -          -          -          -          -          -          -          -          -          -          -          -          -          -          -          -          -          -          -          -          -          -          -          
sm-users-dump strata-dump     1.8443     1.8412     1.8803     1.8075     1.8181     1.8330     1.8177     1.8457     1.8669     1.8694     1.8665     1.8635     1.9085     1.8540     1.8680     1.8409     1.8397     1.8168     1.8231     1.8427     1.8418     1.8506     1.8941     1.8710     1.8327     
sm-users-dump strata-load     -          -          -          -          -          -          -          -          -          -          -          -          -          -          -          -          -          -          -          -          -          -          -          -          -          
sm-users-dump strata-loads    -          -          -          -          -          -          -          -          -          -          -          -          -          -          -          -          -          -          -          -          -          -          -          -          -          
sm-users-dump strata-ndload   -          -          -          -          -          -          -          -          -          -          -          -          -          -          -          -          -          -          -          -          -          -          -          -          -          
sm-users-dump strata-str      -          -          -          -          -          -          -          -          -          -          -          -          -          -          -          -          -          -          -          -          -          -          -          -          -          
sm-users-dumps orjson-bytes   2.0254     2.0379     2.0509     2.0497     2.0228     2.0279     2.0724     2.0466     2.0539     2.0879     2.0459     2.0556     2.0577     2.0305     2.0596     2.0487     2.0383     2.0386     2.0765     2.0468     2.0531     2.0426     2.0719     2.0514     2.0526     
sm-users-dumps orjson-dump    -          -          -          -          -          -          -          -          -          -          -          -          -          -          -          -          -          -          -          -          -          -          -          -          -          
sm-users-dumps orjson-load    -          -          -          -          -          -          -          -          -          -          -          -          -          -          -          -          -          -          -          -          -          -          -          -          -          
sm-users-dumps orjson-loads   -          -          -          -          -          -          -          -          -          -          -          -          -          -          -          -          -          -          -          -          -          -          -          -          -          
sm-users-dumps orjson-ndload  -          -          -          -          -          -          -          -          -          -          -          -          -          -          -          -          -          -          -          -          -          -          -          -          -          
sm-users-dumps strata-bytes   1.2903     1.3271     1.3254     1.3109     1.2996     1.3198     1.3265     1.3172     1.3245     1.3278     1.3203     1.3373     1.3298     1.3193     1.3245     1.3243     1.3087     1.3207     1.3306     1.3216     1.3196     1.3150     1.3250     1.3174     1.3188     
sm-users-dumps strata-dump    -          -          -          -          -          -          -          -          -          -          -          -          -          -          -          -          -          -          -          -          -          -          -          -          -          
sm-users-dumps strata-load    -          -          -          -          -          -          -          -          -          -          -          -          -          -          -          -          -          -          -          -          -          -          -          -          -          
sm-users-dumps strata-loads   -          -          -          -          -          -          -          -          -          -          -          -          -          -          -          -          -          -          -          -          -          -          -          -          -          
sm-users-dumps strata-ndload  -          -          -          -          -          -          -          -          -          -          -          -          -          -          -          -          -          -          -          -          -          -          -          -          -          
sm-users-dumps strata-str     1.4663     1.4922     1.4912     1.4857     1.4690     1.4902     1.4971     1.4846     1.4872     1.4975     1.4871     1.4849     1.4914     1.4857     1.4930     1.4854     1.4764     1.4833     1.5084     1.4927     1.4784     1.4849     1.4928     1.4791     1.4886     
sm-users-load orjson-bytes    -          -          -          -          -          -          -          -          -          -          -          -          -          -          -          -          -          -          -          -          -          -          -          -          -          
sm-users-load orjson-dump     -          -          -          -          -          -          -          -          -          -          -          -          -          -          -          -          -          -          -          -          -          -          -          -          -          
sm-users-load orjson-load     8.6707     8.8858     9.0102     8.8517     8.5872     8.8848     8.9723     8.7469     8.8983     8.9144     8.8325     8.8991     9.0861     8.9365     8.8785     8.8114     8.8501     8.9086     8.8807     8.9172     8.8788     8.9212     8.7763     8.9285     9.0304     
sm-users-load orjson-loads    -          -          -          -          -          -          -          -          -          -          -          -          -          -          -          -          -          -          -          -          -          -          -          -          -          
sm-users-load orjson-ndload   -          -          -          -          -          -          -          -          -          -          -          -          -          -          -          -          -          -          -          -          -          -          -          -          -          
sm-users-load strata-bytes    -          -          -          -          -          -          -          -          -          -          -          -          -          -          -          -          -          -          -          -          -          -          -          -          -          
sm-users-load strata-dump     -          -          -          -          -          -          -          -          -          -          -          -          -          -          -          -          -          -          -          -          -          -          -          -          -          
sm-users-load strata-load     6.2955     6.4862     6.6069     6.5256     6.3456     6.5874     6.5591     6.4689     6.5168     6.6266     6.4635     6.5121     6.6300     6.5858     6.4994     6.5141     6.5598     6.5330     6.4650     6.6209     6.5853     6.5639     6.4834     6.5672     6.5811     
sm-users-load strata-loads    -          -          -          -          -          -          -          -          -          -          -          -          -          -          -          -          -          -          -          -          -          -          -          -          -          
sm-users-load strata-ndload   -          -          -          -          -          -          -          -          -          -          -          -          -          -          -          -          -          -          -          -          -          -          -          -          -          
sm-users-load strata-str      -          -          -          -          -          -          -          -          -          -          -          -          -          -          -          -          -          -          -          -          -          -          -          -          -          
sm-users-loads orjson-bytes   -          -          -          -          -          -          -          -          -          -          -          -          -          -          -          -          -          -          -          -          -          -          -          -          -          
sm-users-loads orjson-dump    -          -          -          -          -          -          -          -          -          -          -          -          -          -          -          -          -          -          -          -          -          -          -          -          -          
sm-users-loads orjson-load    -          -          -          -          -          -          -          -          -          -          -          -          -          -          -          -          -          -          -          -          -          -          -          -          -          
sm-users-loads orjson-loads   8.1202     8.2779     8.3807     8.1940     8.1989     8.3363     8.3275     8.2774     8.3661     8.4061     8.2380     8.3016     8.4235     8.4163     8.2774     8.2160     8.2527     8.3356     8.3996     8.2048     8.2597     8.3519     8.2373     8.3462     8.2816     
sm-users-loads orjson-ndload  -          -          -          -          -          -          -          -          -          -          -          -          -          -          -          -          -          -          -          -          -          -          -          -          -          
sm-users-loads strata-bytes   -          -          -          -          -          -          -          -          -          -          -          -          -          -          -          -          -          -          -          -          -          -          -          -          -          
sm-users-loads strata-dump    -          -          -          -          -          -          -          -          -          -          -          -          -          -          -          -          -          -          -          -          -          -          -          -          -          
sm-users-loads strata-load    -          -          -          -          -          -          -          -          -          -          -          -          -          -          -          -          -          -          -          -          -          -          -          -          -          
sm-users-loads strata-loads   6.0427     6.1012     6.1746     6.1365     6.1315     6.1595     6.1737     6.1102     6.1360     6.1544     6.0734     6.1136     6.2125     6.1129     6.0840     6.1464     6.1377     6.1769     6.2540     6.1495     6.0959     6.1319     6.0588     6.1101     6.1098     
sm-users-loads strata-ndload  -          -          -          -          -          -          -          -          -          -          -          -          -          -          -          -          -          -          -          -          -          -          -          -          -          
sm-users-loads strata-str     -          -          -          -          -          -          -          -          -          -          -          -          -          -          -          -          -          -          -          -          -          -          -          -          -          
sm-users-ndload orjson-bytes  -          -          -          -          -          -          -          -          -          -          -          -          -          -          -          -          -          -          -          -          -          -          -          -          -          
sm-users-ndload orjson-dump   -          -          -          -          -          -          -          -          -          -          -          -          -          -          -          -          -          -          -          -          -          -          -          -          -          
sm-users-ndload orjson-load   -          -          -          -          -          -          -          -          -          -          -          -          -          -          -          -          -          -          -          -          -          -          -          -          -          
sm-users-ndload orjson-loads  -          -          -          -          -          -          -          -          -          -          -          -          -          -          -          -          -          -          -          -          -          -          -          -          -          
sm-users-ndload orjson-ndload 10.6068    10.6699    10.7491    10.6022    10.6825    10.7436    10.5693    10.7216    10.7392    10.6959    10.6306    10.9410    10.9647    10.9267    10.6440    10.6840    10.6205    10.8835    10.8373    10.8684    10.7276    10.6552    10.6531    10.7183    10.7716    
sm-users-ndload strata-bytes  -          -          -          -          -          -          -          -          -          -          -          -          -          -          -          -          -          -          -          -          -          -          -          -          -          
sm-users-ndload strata-dump   -          -          -          -          -          -          -          -          -          -          -          -          -          -          -          -          -          -          -          -          -          -          -          -          -          
sm-users-ndload strata-load   -          -          -          -          -          -          -          -          -          -          -          -          -          -          -          -          -          -          -          -          -          -          -          -          -          
sm-users-ndload strata-loads  -          -          -          -          -          -          -          -          -          -          -          -          -          -          -          -          -          -          -          -          -          -          -          -          -          
sm-users-ndload strata-ndload 6.7286     6.6750     6.7517     6.6084     6.7769     6.7400     6.7895     6.7512     6.6964     6.7078     6.7398     6.7917     6.9180     6.7325     6.7745     6.6825     6.6495     6.7530     6.7997     6.7486     6.7636     6.7301     6.6661     6.7550     6.6882     
sm-users-ndload strata-str    -          -          -          -          -          -          -          -          -          -          -          -          -          -          -          -          -          -          -          -          -          -          -          -          -          
sm-wide_arrays-dump orjson-bytes-          -          -          -          -          -          -          -          -          -          -          -          -          -          -          -          -          -          -          -          -          -          -          -          -          
sm-wide_arrays-dump orjson-dump1.5964     1.6423     1.6176     1.5925     1.6136     1.5970     1.6603     1.6215     1.6072     1.6013     1.6129     1.6218     1.6353     1.6691     1.5959     1.6620     1.5746     1.6810     1.6439     1.5847     1.6221     1.6414     1.6729     1.5753     1.6506     
sm-wide_arrays-dump orjson-load-          -          -          -          -          -          -          -          -          -          -          -          -          -          -          -          -          -          -          -          -          -          -          -          -          
sm-wide_arrays-dump orjson-loads-          -          -          -          -          -          -          -          -          -          -          -          -          -          -          -          -          -          -          -          -          -          -          -          -          
sm-wide_arrays-dump orjson-ndload-          -          -          -          -          -          -          -          -          -          -          -          -          -          -          -          -          -          -          -          -          -          -          -          -          
sm-wide_arrays-dump strata-bytes-          -          -          -          -          -          -          -          -          -          -          -          -          -          -          -          -          -          -          -          -          -          -          -          -          
sm-wide_arrays-dump strata-dump1.3866     1.3997     1.3384     1.2879     1.3716     1.3625     1.3667     1.3332     1.3537     1.3279     1.2944     1.3718     1.3713     1.3798     1.3134     1.3287     1.3457     1.3335     1.3379     1.3336     1.3196     1.3413     1.3403     1.3020     1.2936     
sm-wide_arrays-dump strata-load-          -          -          -          -          -          -          -          -          -          -          -          -          -          -          -          -          -          -          -          -          -          -          -          -          
sm-wide_arrays-dump strata-loads-          -          -          -          -          -          -          -          -          -          -          -          -          -          -          -          -          -          -          -          -          -          -          -          -          
sm-wide_arrays-dump strata-ndload-          -          -          -          -          -          -          -          -          -          -          -          -          -          -          -          -          -          -          -          -          -          -          -          -          
sm-wide_arrays-dump strata-str-          -          -          -          -          -          -          -          -          -          -          -          -          -          -          -          -          -          -          -          -          -          -          -          -          
sm-wide_arrays-dumps orjson-bytes1.2245     1.2279     1.2239     1.2182     1.2329     1.2516     1.2391     1.2483     1.2353     1.2289     1.2418     1.2627     1.2547     1.2417     1.2447     1.2420     1.2260     1.2582     1.2222     1.2398     1.2472     1.2434     1.2481     1.2334     1.2445     
sm-wide_arrays-dumps orjson-dump-          -          -          -          -          -          -          -          -          -          -          -          -          -          -          -          -          -          -          -          -          -          -          -          -          
sm-wide_arrays-dumps orjson-load-          -          -          -          -          -          -          -          -          -          -          -          -          -          -          -          -          -          -          -          -          -          -          -          -          
sm-wide_arrays-dumps orjson-loads-          -          -          -          -          -          -          -          -          -          -          -          -          -          -          -          -          -          -          -          -          -          -          -          -          
sm-wide_arrays-dumps orjson-ndload-          -          -          -          -          -          -          -          -          -          -          -          -          -          -          -          -          -          -          -          -          -          -          -          -          
sm-wide_arrays-dumps strata-bytes0.9644     0.9681     0.9681     0.9676     0.9781     0.9772     0.9664     0.9780     0.9603     0.9698     0.9592     0.9948     0.9791     0.9759     0.9720     0.9600     0.9683     0.9686     0.9530     0.9636     0.9634     0.9700     0.9648     0.9599     0.9697     
sm-wide_arrays-dumps strata-dump-          -          -          -          -          -          -          -          -          -          -          -          -          -          -          -          -          -          -          -          -          -          -          -          -          
sm-wide_arrays-dumps strata-load-          -          -          -          -          -          -          -          -          -          -          -          -          -          -          -          -          -          -          -          -          -          -          -          -          
sm-wide_arrays-dumps strata-loads-          -          -          -          -          -          -          -          -          -          -          -          -          -          -          -          -          -          -          -          -          -          -          -          -          
sm-wide_arrays-dumps strata-ndload-          -          -          -          -          -          -          -          -          -          -          -          -          -          -          -          -          -          -          -          -          -          -          -          -          
sm-wide_arrays-dumps strata-str1.0692     1.0551     1.0760     1.0567     1.0636     1.0774     1.0564     1.0723     1.0659     1.0843     1.0678     1.0790     1.0771     1.0706     1.0674     1.0680     1.0833     1.0750     1.0484     1.0796     1.0629     1.0696     1.0698     1.0711     1.0684     
sm-wide_arrays-load orjson-bytes-          -          -          -          -          -          -          -          -          -          -          -          -          -          -          -          -          -          -          -          -          -          -          -          -          
sm-wide_arrays-load orjson-dump-          -          -          -          -          -          -          -          -          -          -          -          -          -          -          -          -          -          -          -          -          -          -          -          -          
sm-wide_arrays-load orjson-load3.6449     3.6863     3.6851     3.5664     3.6935     3.6891     3.6399     3.6547     3.6455     3.6874     3.6618     3.6762     3.7753     3.6598     3.6332     3.7185     3.6828     3.6867     3.7022     3.6518     3.7894     3.7047     3.6462     3.6777     3.6891     
sm-wide_arrays-load orjson-loads-          -          -          -          -          -          -          -          -          -          -          -          -          -          -          -          -          -          -          -          -          -          -          -          -          
sm-wide_arrays-load orjson-ndload-          -          -          -          -          -          -          -          -          -          -          -          -          -          -          -          -          -          -          -          -          -          -          -          -          
sm-wide_arrays-load strata-bytes-          -          -          -          -          -          -          -          -          -          -          -          -          -          -          -          -          -          -          -          -          -          -          -          -          
sm-wide_arrays-load strata-dump-          -          -          -          -          -          -          -          -          -          -          -          -          -          -          -          -          -          -          -          -          -          -          -          -          
sm-wide_arrays-load strata-load3.1887     3.2488     3.2482     3.1599     3.2251     3.2186     3.2680     3.2310     3.2412     3.2586     3.2468     3.2158     3.3415     3.2964     3.2751     3.2987     3.2449     3.2598     3.3254     3.3016     3.3480     3.2500     3.2291     3.3011     3.2402     
sm-wide_arrays-load strata-loads-          -          -          -          -          -          -          -          -          -          -          -          -          -          -          -          -          -          -          -          -          -          -          -          -          
sm-wide_arrays-load strata-ndload-          -          -          -          -          -          -          -          -          -          -          -          -          -          -          -          -          -          -          -          -          -          -          -          -          
sm-wide_arrays-load strata-str-          -          -          -          -          -          -          -          -          -          -          -          -          -          -          -          -          -          -          -          -          -          -          -          -          
sm-wide_arrays-loads orjson-bytes-          -          -          -          -          -          -          -          -          -          -          -          -          -          -          -          -          -          -          -          -          -          -          -          -          
sm-wide_arrays-loads orjson-dump-          -          -          -          -          -          -          -          -          -          -          -          -          -          -          -          -          -          -          -          -          -          -          -          -          
sm-wide_arrays-loads orjson-load-          -          -          -          -          -          -          -          -          -          -          -          -          -          -          -          -          -          -          -          -          -          -          -          -          
sm-wide_arrays-loads orjson-loads3.2651     3.2876     3.2861     3.3002     3.4092     3.2893     3.3931     3.3719     3.2969     3.2927     3.3358     3.3089     3.3992     3.3294     3.3320     3.4471     3.3276     3.4173     3.3175     3.3006     3.3215     3.3492     3.3025     3.3740     3.3112     
sm-wide_arrays-loads orjson-ndload-          -          -          -          -          -          -          -          -          -          -          -          -          -          -          -          -          -          -          -          -          -          -          -          -          
sm-wide_arrays-loads strata-bytes-          -          -          -          -          -          -          -          -          -          -          -          -          -          -          -          -          -          -          -          -          -          -          -          -          
sm-wide_arrays-loads strata-dump-          -          -          -          -          -          -          -          -          -          -          -          -          -          -          -          -          -          -          -          -          -          -          -          -          
sm-wide_arrays-loads strata-load-          -          -          -          -          -          -          -          -          -          -          -          -          -          -          -          -          -          -          -          -          -          -          -          -          
sm-wide_arrays-loads strata-loads2.9844     2.9632     3.0156     2.9258     2.9905     2.9621     3.0758     3.0146     2.9730     3.0002     3.0203     2.9739     3.1194     3.1152     2.9918     3.0641     3.0275     3.0362     2.9948     3.0186     3.0292     2.9940     2.9614     2.9852     2.9935     
sm-wide_arrays-loads strata-ndload-          -          -          -          -          -          -          -          -          -          -          -          -          -          -          -          -          -          -          -          -          -          -          -          -          
sm-wide_arrays-loads strata-str-          -          -          -          -          -          -          -          -          -          -          -          -          -          -          -          -          -          -          -          -          -          -          -          -          

file: /Users/borysbardysh/PycharmProjects/PrimeLabFoundation/strata/build/evidence/M15/final/ab/aa3.tsv
launches: L00:A L01:B L02:B L03:A L04:A L05:B L06:B L07:A L08:A L09:B L10:B L11:A L12:A L13:B L14:B L15:A L16:A L17:B L18:B L19:A L20:A L21:B L22:B L23:A L24:A
baseline: A   candidate: B   blocks: 6   leading: none   trailing: L24   min samples/launch: 10
blocks: L00L01L02L03  L04L05L06L07  L08L09L10L11  L12L13L14L15  L16L17L18L19  L20L21L22L23

row                   engine        rival          blk  raw strata  raw rival  normalised    ci low   ci high   pos
md-flat-dumps         strata-bytes  orjson-bytes     6      +0.42%     +0.37%      +0.13%    -0.64%    +0.53%  4/6
                                    blocks (normalised): -0.24 +0.37 +0.16 +0.70 +0.10 -1.04
md-flat-dumps         strata-str    orjson-bytes     6      +0.22%     +0.37%      -0.15%    -1.90%    +0.15%  1/6
                                    blocks (normalised): +0.33 -0.09 -0.03 -0.21 -1.34 -2.45
md-mixed-dumps        strata-bytes  orjson-bytes     6      +0.82%     +0.53%      +0.09%    -1.17%    +1.55%  3/6
                                    blocks (normalised): +0.65 +0.39 -0.21 -0.43 -1.91 +2.46
md-mixed-dumps        strata-str    orjson-bytes     6      +1.24%     +0.53%      +1.02%    -0.56%    +1.68%  5/6
                                    blocks (normalised): +0.69 +1.36 +0.14 +1.40 -1.26 +1.95
md-nested-dumps       strata-bytes  orjson-bytes     6      +0.99%     +0.40%      +0.00%    -1.27%    +1.19%  3/6
                                    blocks (normalised): +1.44 +0.94 -1.49 -0.55 -1.04 +0.56
md-nested-dumps       strata-str    orjson-bytes     6      +0.74%     +0.40%      +0.22%    -1.51%    +0.69%  4/6
                                    blocks (normalised): +0.68 +0.35 -1.46 -1.56 +0.09 +0.69
md-users-dumps        strata-bytes  orjson-bytes     6      +0.28%     +0.47%      +0.14%    -0.33%    +0.63%  4/6
                                    blocks (normalised): +0.20 -0.40 +0.07 -0.27 +0.79 +0.47
md-users-dumps        strata-str    orjson-bytes     6      +0.27%     +0.47%      +0.17%    -0.80%    +0.26%  4/6
                                    blocks (normalised): -0.53 +0.27 -1.07 +0.11 +0.25 +0.22
md-wide_arrays-dumps  strata-bytes  orjson-bytes     6      +0.03%     +0.48%      +0.17%    -0.89%    +1.63%  3/6
                                    blocks (normalised): -1.46 +1.31 -0.29 +1.95 +0.64 -0.32
md-wide_arrays-dumps  strata-str    orjson-bytes     6      -0.40%     +0.48%      -0.44%    -1.25%    +1.56%  2/6
                                    blocks (normalised): -0.62 +1.22 -1.42 +1.90 -0.26 -1.08
sm-flat-dump          strata-dump   orjson-dump      6      -1.15%     -1.55%      -0.23%    -2.16%    +1.83%  2/6
                                    blocks (normalised): +2.53 -3.74 -0.32 -0.58 +1.13 -0.14
sm-flat-dumps         strata-bytes  orjson-bytes     6      -0.09%     -0.60%      +0.08%    -0.70%    +1.47%  3/6
                                    blocks (normalised): +1.12 -0.13 +0.29 +1.82 -0.65 -0.75
sm-flat-dumps         strata-str    orjson-bytes     6      -0.89%     -0.60%      -0.22%    -0.70%    +0.58%  3/6
                                    blocks (normalised): +0.72 +0.02 -0.59 +0.45 -0.46 -0.82
sm-flat-load          strata-load   orjson-load      6      -0.55%     -0.05%      +0.08%    -1.37%    +1.17%  3/6
                                    blocks (normalised): -1.67 -1.07 -0.34 +0.65 +1.69 +0.51
sm-flat-loads         strata-loads  orjson-loads     6      +0.94%     +1.25%      +0.12%    -0.74%    +0.48%  4/6
                                    blocks (normalised): +0.06 -1.29 -0.18 +0.30 +0.66 +0.18
sm-mixed-dump         strata-dump   orjson-dump      6      -1.91%     -2.07%      +0.87%    -0.40%    +6.20%  4/6
                                    blocks (normalised): +3.21 +1.13 +9.19 -0.64 +0.61 -0.17
sm-mixed-dumps        strata-bytes  orjson-bytes     6      +0.93%     +0.15%      +0.64%    -0.77%    +1.68%  5/6
                                    blocks (normalised): +1.05 +0.02 -1.57 +0.22 +1.44 +1.92
sm-mixed-dumps        strata-str    orjson-bytes     6      -0.77%     +0.15%      -0.34%    -2.45%    +1.00%  1/6
                                    blocks (normalised): -0.46 -1.66 -3.24 -0.17 +2.17 -0.22
sm-mixed-load         strata-load   orjson-load      6      -1.45%     +1.07%      -0.83%    -3.78%    +0.49%  2/6
                                    blocks (normalised): -3.63 +0.07 -3.93 -0.94 -0.72 +0.92
sm-mixed-loads        strata-loads  orjson-loads     6      -1.40%     -2.03%      +0.32%    -0.83%    +1.21%  3/6
                                    blocks (normalised): +1.45 -0.17 +0.82 -0.60 -1.05 +0.98
sm-nested-dump        strata-dump   orjson-dump      6      +0.92%     +1.20%      -0.10%    -2.51%    +2.64%  3/6
                                    blocks (normalised): -3.18 -1.83 +0.25 +2.64 +2.63 -0.44
sm-nested-dumps       strata-bytes  orjson-bytes     6      +0.50%     +0.21%      +0.26%    -0.47%    +0.66%  4/6
                                    blocks (normalised): -0.17 +0.46 -0.76 +0.54 +0.78 +0.06
sm-nested-dumps       strata-str    orjson-bytes     6      +1.04%     +0.21%      +0.84%    -1.43%    +1.60%  5/6
                                    blocks (normalised): +1.52 +1.67 -2.98 +0.12 +1.07 +0.61
sm-nested-load        strata-load   orjson-load      6      +0.50%     +0.28%      +0.40%    -1.28%    +2.31%  3/6
                                    blocks (normalised): +1.02 -2.16 +1.39 -0.40 -0.23 +3.24
sm-nested-loads       strata-loads  orjson-loads     6      -0.23%     -0.28%      +0.15%    -0.44%    +1.06%  3/6
                                    blocks (normalised): +0.47 -0.34 -0.17 -0.54 +1.08 +1.05
sm-users-dump         strata-dump   orjson-dump      6      -0.10%     +0.09%      -0.29%    -0.50%    +0.41%  2/6
                                    blocks (normalised): -0.45 -0.46 -0.13 +0.01 -0.54 +0.81
sm-users-dumps        strata-bytes  orjson-bytes     6      +0.46%     +0.46%      +0.04%    -0.61%    +1.01%  4/6
                                    blocks (normalised): +1.63 +0.38 -1.09 +0.02 +0.07 -0.12
sm-users-dumps        strata-str    orjson-bytes     6      +0.72%     +0.46%      +0.41%    -0.07%    +0.60%  5/6
                                    blocks (normalised): +0.73 +0.39 -0.16 +0.47 +0.02 +0.44
sm-users-load         strata-load   orjson-load      6      +0.01%     -0.08%      -0.09%    -0.96%    +0.38%  2/6
                                    blocks (normalised): -0.00 -0.41 +0.75 +0.00 -1.51 -0.18
sm-users-loads        strata-loads  orjson-loads     6      +0.31%     +0.73%      -0.45%    -1.46%    -0.03%  0/6
                                    blocks (normalised): -1.29 -0.39 -0.03 -1.64 -0.51 -0.03
sm-users-ndload       strata-ndload orjson-ndload    6      -0.15%     -0.39%      -0.10%    -0.31%    +0.90%  3/6
                                    blocks (normalised): -0.32 +0.45 +1.35 -0.30 +0.07 -0.27
sm-wide_arrays-dump   strata-dump   orjson-dump      6      +0.33%     +1.46%      -0.59%    -4.29%    +0.48%  3/6
                                    blocks (normalised): +0.14 +0.25 -3.34 +0.71 -5.25 -1.32
sm-wide_arrays-dumps  strata-bytes  orjson-bytes     6      -0.16%     +0.38%      -0.20%    -1.07%    +0.51%  2/6
                                    blocks (normalised): -0.16 -1.03 -0.24 +0.88 -1.11 +0.15
sm-wide_arrays-dumps  strata-str    orjson-bytes     6      +0.07%     +0.38%      -0.16%    -1.44%    +0.77%  2/6
                                    blocks (normalised): -0.12 -0.49 +1.45 +0.09 -2.40 -0.19
sm-wide_arrays-load   strata-load   orjson-load      6      +0.53%     +0.06%      +0.24%    -0.59%    +1.22%  4/6
                                    blocks (normalised): +0.11 +0.74 +0.37 +1.69 -0.15 -1.03
sm-wide_arrays-loads  strata-loads  orjson-loads     6      +0.15%     -0.26%      +0.96%    -1.08%    +1.76%  4/6
                                    blocks (normalised): +1.02 +2.02 +0.89 +1.50 -1.82 -0.34

raw strata / raw rival: the same block estimator on the unnormalised medians.
normalised: strata/rival measured in the same process, then blocked.
ci: bootstrap over whole blocks of the median block effect (2000 resamples).

== drift: the trailing baseline launch against the leading one
md-flat-dumps         strata-bytes  strata +1.42%   rival -0.15%   normalised +1.58%
md-flat-dumps         strata-str    strata +2.38%   rival -0.15%   normalised +2.54%
md-mixed-dumps        strata-bytes  strata +1.14%   rival +0.76%   normalised +0.38%
md-mixed-dumps        strata-str    strata -0.71%   rival +0.76%   normalised -1.46%
md-nested-dumps       strata-bytes  strata -0.56%   rival -0.58%   normalised +0.02%
md-nested-dumps       strata-str    strata -0.90%   rival -0.58%   normalised -0.32%
md-users-dumps        strata-bytes  strata -0.33%   rival -0.64%   normalised +0.32%
md-users-dumps        strata-str    strata +1.08%   rival -0.64%   normalised +1.73%
md-wide_arrays-dumps  strata-bytes  strata -0.34%   rival +1.51%   normalised -1.83%
md-wide_arrays-dumps  strata-str    strata -0.51%   rival +1.51%   normalised -2.00%
sm-flat-dump          strata-dump   strata -12.58%   rival -13.57%   normalised +1.15%
sm-flat-dumps         strata-bytes  strata -1.47%   rival -3.37%   normalised +1.97%
sm-flat-dumps         strata-str    strata -2.16%   rival -3.37%   normalised +1.25%
sm-flat-load          strata-load   strata -4.36%   rival -2.98%   normalised -1.43%
sm-flat-loads         strata-loads  strata +0.03%   rival +0.68%   normalised -0.64%
sm-mixed-dump         strata-dump   strata +1.21%   rival +3.36%   normalised -2.08%
sm-mixed-dumps        strata-bytes  strata -0.70%   rival -0.00%   normalised -0.69%
sm-mixed-dumps        strata-str    strata -3.22%   rival -0.00%   normalised -3.21%
sm-mixed-load         strata-load   strata +3.35%   rival +2.17%   normalised +1.16%
sm-mixed-loads        strata-loads  strata +1.00%   rival -0.53%   normalised +1.53%
sm-nested-dump        strata-dump   strata -9.79%   rival -7.69%   normalised -2.28%
sm-nested-dumps       strata-bytes  strata -2.22%   rival -1.52%   normalised -0.71%
sm-nested-dumps       strata-str    strata -2.39%   rival -1.52%   normalised -0.88%
sm-nested-load        strata-load   strata +0.47%   rival -0.92%   normalised +1.40%
sm-nested-loads       strata-loads  strata +1.72%   rival -0.84%   normalised +2.59%
sm-users-dump         strata-dump   strata -0.63%   rival +0.44%   normalised -1.07%
sm-users-dumps        strata-bytes  strata +2.21%   rival +1.34%   normalised +0.85%
sm-users-dumps        strata-str    strata +1.52%   rival +1.34%   normalised +0.17%
sm-users-load         strata-load   strata +4.54%   rival +4.15%   normalised +0.37%
sm-users-loads        strata-loads  strata +1.11%   rival +1.99%   normalised -0.86%
sm-users-ndload       strata-ndload strata -0.60%   rival +1.55%   normalised -2.12%
sm-wide_arrays-dump   strata-dump   strata -6.71%   rival +3.40%   normalised -9.77%
sm-wide_arrays-dumps  strata-bytes  strata +0.55%   rival +1.63%   normalised -1.06%
sm-wide_arrays-dumps  strata-str    strata -0.08%   rival +1.63%   normalised -1.68%
sm-wide_arrays-load   strata-load   strata +1.62%   rival +1.21%   normalised +0.40%
sm-wide_arrays-loads  strata-loads  strata +0.30%   rival +1.41%   normalised -1.09%
