PYTHONPATH=. .venv/bin/python benchmarks/ab_rows.py \
		--build A=/Users/borysbardysh/PycharmProjects/PrimeLabFoundation/strata/build/evidence/M15/armA/_strata.cpython-314-darwin.so --build B=/Users/borysbardysh/PycharmProjects/PrimeLabFoundation/strata/build/evidence/M15/final/armBown3/_strata.cpython-314-darwin.so \
		--target /Users/borysbardysh/worktrees/strata/main-pgo/python/strata/_strata.cpython-314-darwin.so \
		--out /Users/borysbardysh/PycharmProjects/PrimeLabFoundation/strata/build/evidence/M15/final/ab/own3_ab.tsv --row small:users:dumps --row small:users:loads --row small:users:load --row small:users:dump --row small:flat:dumps --row small:flat:loads --row small:flat:load --row small:flat:dump --row small:nested:dumps --row small:nested:loads --row small:nested:load --row small:nested:dump --row small:wide_arrays:dumps --row small:wide_arrays:loads --row small:wide_arrays:load --row small:wide_arrays:dump --row small:mixed:dumps --row small:mixed:loads --row small:mixed:load --row small:mixed:dump --row small:users:ndload --row medium:users:dumps --row medium:flat:dumps --row medium:nested:dumps --row medium:wide_arrays:dumps --row medium:mixed:dumps --blocks 6 --repeat 60
# target   /Users/borysbardysh/worktrees/strata/main-pgo/python/strata/_strata.cpython-314-darwin.so
# build A  /Users/borysbardysh/PycharmProjects/PrimeLabFoundation/strata/build/evidence/M15/armA/_strata.cpython-314-darwin.so  md5=1609bb3e318d8f9e2c552fa4675795f2
# build B  /Users/borysbardysh/PycharmProjects/PrimeLabFoundation/strata/build/evidence/M15/final/armBown3/_strata.cpython-314-darwin.so  md5=e6e6e5d17ba4828b2ca5c3cf2dc34a34
# order    ABBAABBAABBAABBAABBAABBAA (25 launches)
# rows     small:users:dumps small:users:loads small:users:load small:users:dump small:flat:dumps small:flat:loads small:flat:load small:flat:dump small:nested:dumps small:nested:loads small:nested:load small:nested:dump small:wide_arrays:dumps small:wide_arrays:loads small:wide_arrays:load small:wide_arrays:dump small:mixed:dumps small:mixed:loads small:mixed:load small:mixed:dump small:users:ndload medium:users:dumps medium:flat:dumps medium:nested:dumps medium:wide_arrays:dumps medium:mixed:dumps  repeat=60
# launch 00 build=A md5=1609bb3e318d8f9e2c552fa4675795f2
# L00 build=A extension=/Users/borysbardysh/worktrees/strata/main-pgo/python/strata/_strata.cpython-314-darwin.so md5=1609bb3e318d8f9e2c552fa4675795f2 load=2.67,2.20,3.01 cpus=10 t=00:17:48
# launch 01 build=B md5=e6e6e5d17ba4828b2ca5c3cf2dc34a34
# L01 build=B extension=/Users/borysbardysh/worktrees/strata/main-pgo/python/strata/_strata.cpython-314-darwin.so md5=e6e6e5d17ba4828b2ca5c3cf2dc34a34 load=3.11,2.36,3.04 cpus=10 t=00:18:15
# launch 02 build=B md5=e6e6e5d17ba4828b2ca5c3cf2dc34a34
# L02 build=B extension=/Users/borysbardysh/worktrees/strata/main-pgo/python/strata/_strata.cpython-314-darwin.so md5=e6e6e5d17ba4828b2ca5c3cf2dc34a34 load=3.27,2.44,3.05 cpus=10 t=00:18:43
# launch 03 build=A md5=1609bb3e318d8f9e2c552fa4675795f2
# L03 build=A extension=/Users/borysbardysh/worktrees/strata/main-pgo/python/strata/_strata.cpython-314-darwin.so md5=1609bb3e318d8f9e2c552fa4675795f2 load=3.90,2.68,3.11 cpus=10 t=00:19:10
# launch 04 build=A md5=1609bb3e318d8f9e2c552fa4675795f2
# L04 build=A extension=/Users/borysbardysh/worktrees/strata/main-pgo/python/strata/_strata.cpython-314-darwin.so md5=1609bb3e318d8f9e2c552fa4675795f2 load=3.46,2.69,3.10 cpus=10 t=00:19:38
# launch 05 build=B md5=e6e6e5d17ba4828b2ca5c3cf2dc34a34
# L05 build=B extension=/Users/borysbardysh/worktrees/strata/main-pgo/python/strata/_strata.cpython-314-darwin.so md5=e6e6e5d17ba4828b2ca5c3cf2dc34a34 load=3.12,2.67,3.08 cpus=10 t=00:20:05
# launch 06 build=B md5=e6e6e5d17ba4828b2ca5c3cf2dc34a34
# L06 build=B extension=/Users/borysbardysh/worktrees/strata/main-pgo/python/strata/_strata.cpython-314-darwin.so md5=e6e6e5d17ba4828b2ca5c3cf2dc34a34 load=3.57,2.80,3.11 cpus=10 t=00:20:33
# launch 07 build=A md5=1609bb3e318d8f9e2c552fa4675795f2
# L07 build=A extension=/Users/borysbardysh/worktrees/strata/main-pgo/python/strata/_strata.cpython-314-darwin.so md5=1609bb3e318d8f9e2c552fa4675795f2 load=3.45,2.83,3.11 cpus=10 t=00:21:00
# launch 08 build=A md5=1609bb3e318d8f9e2c552fa4675795f2
# L08 build=A extension=/Users/borysbardysh/worktrees/strata/main-pgo/python/strata/_strata.cpython-314-darwin.so md5=1609bb3e318d8f9e2c552fa4675795f2 load=3.37,2.86,3.11 cpus=10 t=00:21:28
# launch 09 build=B md5=e6e6e5d17ba4828b2ca5c3cf2dc34a34
# L09 build=B extension=/Users/borysbardysh/worktrees/strata/main-pgo/python/strata/_strata.cpython-314-darwin.so md5=e6e6e5d17ba4828b2ca5c3cf2dc34a34 load=3.81,3.00,3.15 cpus=10 t=00:21:56
# launch 10 build=B md5=e6e6e5d17ba4828b2ca5c3cf2dc34a34
# L10 build=B extension=/Users/borysbardysh/worktrees/strata/main-pgo/python/strata/_strata.cpython-314-darwin.so md5=e6e6e5d17ba4828b2ca5c3cf2dc34a34 load=3.55,3.00,3.15 cpus=10 t=00:22:24
# launch 11 build=A md5=1609bb3e318d8f9e2c552fa4675795f2
# L11 build=A extension=/Users/borysbardysh/worktrees/strata/main-pgo/python/strata/_strata.cpython-314-darwin.so md5=1609bb3e318d8f9e2c552fa4675795f2 load=3.36,3.00,3.14 cpus=10 t=00:22:51
# launch 12 build=A md5=1609bb3e318d8f9e2c552fa4675795f2
# L12 build=A extension=/Users/borysbardysh/worktrees/strata/main-pgo/python/strata/_strata.cpython-314-darwin.so md5=1609bb3e318d8f9e2c552fa4675795f2 load=4.41,3.29,3.24 cpus=10 t=00:23:20
# launch 13 build=B md5=e6e6e5d17ba4828b2ca5c3cf2dc34a34
# L13 build=B extension=/Users/borysbardysh/worktrees/strata/main-pgo/python/strata/_strata.cpython-314-darwin.so md5=e6e6e5d17ba4828b2ca5c3cf2dc34a34 load=3.89,3.26,3.23 cpus=10 t=00:23:47
# launch 14 build=B md5=e6e6e5d17ba4828b2ca5c3cf2dc34a34
# L14 build=B extension=/Users/borysbardysh/worktrees/strata/main-pgo/python/strata/_strata.cpython-314-darwin.so md5=e6e6e5d17ba4828b2ca5c3cf2dc34a34 load=3.16,3.14,3.19 cpus=10 t=00:24:15
# launch 15 build=A md5=1609bb3e318d8f9e2c552fa4675795f2
# L15 build=A extension=/Users/borysbardysh/worktrees/strata/main-pgo/python/strata/_strata.cpython-314-darwin.so md5=1609bb3e318d8f9e2c552fa4675795f2 load=2.66,3.03,3.15 cpus=10 t=00:24:42
# launch 16 build=A md5=1609bb3e318d8f9e2c552fa4675795f2
# L16 build=A extension=/Users/borysbardysh/worktrees/strata/main-pgo/python/strata/_strata.cpython-314-darwin.so md5=1609bb3e318d8f9e2c552fa4675795f2 load=2.70,3.01,3.14 cpus=10 t=00:25:10
# launch 17 build=B md5=e6e6e5d17ba4828b2ca5c3cf2dc34a34
# L17 build=B extension=/Users/borysbardysh/worktrees/strata/main-pgo/python/strata/_strata.cpython-314-darwin.so md5=e6e6e5d17ba4828b2ca5c3cf2dc34a34 load=2.74,2.99,3.12 cpus=10 t=00:25:37
# launch 18 build=B md5=e6e6e5d17ba4828b2ca5c3cf2dc34a34
# L18 build=B extension=/Users/borysbardysh/worktrees/strata/main-pgo/python/strata/_strata.cpython-314-darwin.so md5=e6e6e5d17ba4828b2ca5c3cf2dc34a34 load=2.43,2.89,3.08 cpus=10 t=00:26:05
# launch 19 build=A md5=1609bb3e318d8f9e2c552fa4675795f2
# L19 build=A extension=/Users/borysbardysh/worktrees/strata/main-pgo/python/strata/_strata.cpython-314-darwin.so md5=1609bb3e318d8f9e2c552fa4675795f2 load=2.03,2.76,3.03 cpus=10 t=00:26:32
# launch 20 build=A md5=1609bb3e318d8f9e2c552fa4675795f2
# L20 build=A extension=/Users/borysbardysh/worktrees/strata/main-pgo/python/strata/_strata.cpython-314-darwin.so md5=1609bb3e318d8f9e2c552fa4675795f2 load=2.18,2.73,3.01 cpus=10 t=00:27:00
# launch 21 build=B md5=e6e6e5d17ba4828b2ca5c3cf2dc34a34
# L21 build=B extension=/Users/borysbardysh/worktrees/strata/main-pgo/python/strata/_strata.cpython-314-darwin.so md5=e6e6e5d17ba4828b2ca5c3cf2dc34a34 load=3.14,2.89,3.05 cpus=10 t=00:27:27
# launch 22 build=B md5=e6e6e5d17ba4828b2ca5c3cf2dc34a34
# L22 build=B extension=/Users/borysbardysh/worktrees/strata/main-pgo/python/strata/_strata.cpython-314-darwin.so md5=e6e6e5d17ba4828b2ca5c3cf2dc34a34 load=2.90,2.85,3.03 cpus=10 t=00:27:55
# launch 23 build=A md5=1609bb3e318d8f9e2c552fa4675795f2
# L23 build=A extension=/Users/borysbardysh/worktrees/strata/main-pgo/python/strata/_strata.cpython-314-darwin.so md5=1609bb3e318d8f9e2c552fa4675795f2 load=2.81,2.83,3.02 cpus=10 t=00:28:22
# launch 24 build=A md5=1609bb3e318d8f9e2c552fa4675795f2
# L24 build=A extension=/Users/borysbardysh/worktrees/strata/main-pgo/python/strata/_strata.cpython-314-darwin.so md5=1609bb3e318d8f9e2c552fa4675795f2 load=5.55,3.53,3.27 cpus=10 t=00:28:50
# wrote /Users/borysbardysh/PycharmProjects/PrimeLabFoundation/strata/build/evidence/M15/final/ab/own3_ab.tsv (25 of 25 launches)
# restored /Users/borysbardysh/worktrees/strata/main-pgo/python/strata/_strata.cpython-314-darwin.so to md5=800e32c62dc8a5c05de7912d938268eb
== launch medians (ms)
row/engine                    L00:A       L01:B       L02:B       L03:A       L04:A       L05:B       L06:B       L07:A       L08:A       L09:B       L10:B       L11:A       L12:A       L13:B       L14:B       L15:A       L16:A       L17:B       L18:B       L19:A       L20:A       L21:B       L22:B       L23:A       L24:A       
md-flat-dumps orjson-bytes    0.9239     0.9582     0.9449     0.9204     0.9237     0.9461     0.9257     0.9178     0.9606     0.9474     0.9280     0.9217     0.9224     0.9269     0.9245     0.9209     0.9253     0.9185     0.9241     0.9229     0.9647     0.9245     0.9273     0.9183     0.9202     
md-flat-dumps orjson-dump     -          -          -          -          -          -          -          -          -          -          -          -          -          -          -          -          -          -          -          -          -          -          -          -          -          
md-flat-dumps orjson-load     -          -          -          -          -          -          -          -          -          -          -          -          -          -          -          -          -          -          -          -          -          -          -          -          -          
md-flat-dumps orjson-loads    -          -          -          -          -          -          -          -          -          -          -          -          -          -          -          -          -          -          -          -          -          -          -          -          -          
md-flat-dumps orjson-ndload   -          -          -          -          -          -          -          -          -          -          -          -          -          -          -          -          -          -          -          -          -          -          -          -          -          
md-flat-dumps strata-bytes    0.7435     0.7640     0.7606     0.7425     0.7421     0.7598     0.7519     0.7388     0.7687     0.7532     0.7503     0.7367     0.7400     0.7523     0.7461     0.7386     0.7436     0.7578     0.7504     0.7515     0.7676     0.7457     0.7497     0.7334     0.7348     
md-flat-dumps strata-dump     -          -          -          -          -          -          -          -          -          -          -          -          -          -          -          -          -          -          -          -          -          -          -          -          -          
md-flat-dumps strata-load     -          -          -          -          -          -          -          -          -          -          -          -          -          -          -          -          -          -          -          -          -          -          -          -          -          
md-flat-dumps strata-loads    -          -          -          -          -          -          -          -          -          -          -          -          -          -          -          -          -          -          -          -          -          -          -          -          -          
md-flat-dumps strata-ndload   -          -          -          -          -          -          -          -          -          -          -          -          -          -          -          -          -          -          -          -          -          -          -          -          -          
md-flat-dumps strata-str      0.8106     0.8440     0.8421     0.8284     0.8206     0.8488     0.8184     0.8063     0.8439     0.8363     0.8232     0.8175     0.8200     0.8280     0.8239     0.8204     0.8305     0.8261     0.8325     0.8201     0.8467     0.8249     0.8310     0.8142     0.8164     
md-mixed-dumps orjson-bytes   0.1460     0.1470     0.1467     0.1487     0.1452     0.1452     0.1486     0.1460     0.1487     0.1459     0.1469     0.1450     0.1446     0.1445     0.1455     0.1473     0.1447     0.1449     0.1472     0.1464     0.1475     0.1477     0.1468     0.1464     0.1455     
md-mixed-dumps orjson-dump    -          -          -          -          -          -          -          -          -          -          -          -          -          -          -          -          -          -          -          -          -          -          -          -          -          
md-mixed-dumps orjson-load    -          -          -          -          -          -          -          -          -          -          -          -          -          -          -          -          -          -          -          -          -          -          -          -          -          
md-mixed-dumps orjson-loads   -          -          -          -          -          -          -          -          -          -          -          -          -          -          -          -          -          -          -          -          -          -          -          -          -          
md-mixed-dumps orjson-ndload  -          -          -          -          -          -          -          -          -          -          -          -          -          -          -          -          -          -          -          -          -          -          -          -          -          
md-mixed-dumps strata-bytes   0.1129     0.1153     0.1138     0.1139     0.1121     0.1140     0.1160     0.1141     0.1165     0.1138     0.1160     0.1123     0.1120     0.1150     0.1132     0.1143     0.1127     0.1145     0.1146     0.1147     0.1139     0.1136     0.1140     0.1134     0.1133     
md-mixed-dumps strata-dump    -          -          -          -          -          -          -          -          -          -          -          -          -          -          -          -          -          -          -          -          -          -          -          -          -          
md-mixed-dumps strata-load    -          -          -          -          -          -          -          -          -          -          -          -          -          -          -          -          -          -          -          -          -          -          -          -          -          
md-mixed-dumps strata-loads   -          -          -          -          -          -          -          -          -          -          -          -          -          -          -          -          -          -          -          -          -          -          -          -          -          
md-mixed-dumps strata-ndload  -          -          -          -          -          -          -          -          -          -          -          -          -          -          -          -          -          -          -          -          -          -          -          -          -          
md-mixed-dumps strata-str     0.1262     0.1278     0.1277     0.1275     0.1249     0.1275     0.1321     0.1275     0.1284     0.1260     0.1281     0.1261     0.1240     0.1264     0.1264     0.1283     0.1253     0.1255     0.1298     0.1275     0.1262     0.1271     0.1273     0.1260     0.1276     
md-nested-dumps orjson-bytes  0.8023     0.8140     0.8279     0.8101     0.8099     0.8017     0.7953     0.8050     0.8305     0.8081     0.8146     0.8027     0.8103     0.8143     0.8133     0.8299     0.8023     0.8187     0.8143     0.8026     0.7930     0.8153     0.8040     0.8019     0.7835     
md-nested-dumps orjson-dump   -          -          -          -          -          -          -          -          -          -          -          -          -          -          -          -          -          -          -          -          -          -          -          -          -          
md-nested-dumps orjson-load   -          -          -          -          -          -          -          -          -          -          -          -          -          -          -          -          -          -          -          -          -          -          -          -          -          
md-nested-dumps orjson-loads  -          -          -          -          -          -          -          -          -          -          -          -          -          -          -          -          -          -          -          -          -          -          -          -          -          
md-nested-dumps orjson-ndload -          -          -          -          -          -          -          -          -          -          -          -          -          -          -          -          -          -          -          -          -          -          -          -          -          
md-nested-dumps strata-bytes  0.4686     0.4720     0.4687     0.4573     0.4611     0.4607     0.4570     0.4619     0.4806     0.4546     0.4641     0.4650     0.4684     0.4509     0.4519     0.4757     0.4642     0.4645     0.4613     0.4621     0.4617     0.4621     0.4559     0.4579     0.4539     
md-nested-dumps strata-dump   -          -          -          -          -          -          -          -          -          -          -          -          -          -          -          -          -          -          -          -          -          -          -          -          -          
md-nested-dumps strata-load   -          -          -          -          -          -          -          -          -          -          -          -          -          -          -          -          -          -          -          -          -          -          -          -          -          
md-nested-dumps strata-loads  -          -          -          -          -          -          -          -          -          -          -          -          -          -          -          -          -          -          -          -          -          -          -          -          -          
md-nested-dumps strata-ndload -          -          -          -          -          -          -          -          -          -          -          -          -          -          -          -          -          -          -          -          -          -          -          -          -          
md-nested-dumps strata-str    0.5306     0.5324     0.5290     0.5186     0.5208     0.5287     0.5145     0.5241     0.5387     0.5167     0.5258     0.5264     0.5207     0.5105     0.5163     0.5416     0.5430     0.5320     0.5264     0.5318     0.5213     0.5193     0.5225     0.5255     0.5132     
md-users-dumps orjson-bytes   13.7937    13.9113    13.8987    13.9363    13.8524    13.8124    13.9642    13.8580    13.6821    13.7767    13.7210    13.8565    13.7263    13.7441    13.7295    13.7963    13.7812    13.7951    14.8185    13.9474    13.8764    13.7721    13.9635    13.8881    13.6807    
md-users-dumps orjson-dump    -          -          -          -          -          -          -          -          -          -          -          -          -          -          -          -          -          -          -          -          -          -          -          -          -          
md-users-dumps orjson-load    -          -          -          -          -          -          -          -          -          -          -          -          -          -          -          -          -          -          -          -          -          -          -          -          -          
md-users-dumps orjson-loads   -          -          -          -          -          -          -          -          -          -          -          -          -          -          -          -          -          -          -          -          -          -          -          -          -          
md-users-dumps orjson-ndload  -          -          -          -          -          -          -          -          -          -          -          -          -          -          -          -          -          -          -          -          -          -          -          -          -          
md-users-dumps strata-bytes   8.4640     8.5380     8.4971     8.3598     8.3967     8.4826     8.6224     8.5691     8.6449     8.4614     8.4249     8.4709     8.4532     8.5394     8.4717     8.4540     8.4411     8.4831     8.7510     8.3624     8.5036     8.5183     8.4865     8.3822     8.4220     
md-users-dumps strata-dump    -          -          -          -          -          -          -          -          -          -          -          -          -          -          -          -          -          -          -          -          -          -          -          -          -          
md-users-dumps strata-load    -          -          -          -          -          -          -          -          -          -          -          -          -          -          -          -          -          -          -          -          -          -          -          -          -          
md-users-dumps strata-loads   -          -          -          -          -          -          -          -          -          -          -          -          -          -          -          -          -          -          -          -          -          -          -          -          -          
md-users-dumps strata-ndload  -          -          -          -          -          -          -          -          -          -          -          -          -          -          -          -          -          -          -          -          -          -          -          -          -          
md-users-dumps strata-str     9.3903     9.4511     9.4691     9.3861     9.2299     9.4758     9.5631     9.5103     9.3959     9.5509     9.3717     9.3975     9.3518     9.3821     9.4306     9.4114     9.3159     9.4931     10.4381    9.3754     9.4248     9.4513     9.4686     9.3218     9.2090     
md-wide_arrays-dumps orjson-bytes5.7650     5.5589     5.5468     5.6627     5.6480     5.6098     5.5827     5.5110     5.6769     5.6861     5.6267     5.5374     5.6446     5.6062     5.6392     5.7404     5.6413     5.5395     5.6098     5.5512     5.7211     5.5924     5.5654     5.6280     5.6191     
md-wide_arrays-dumps orjson-dump-          -          -          -          -          -          -          -          -          -          -          -          -          -          -          -          -          -          -          -          -          -          -          -          -          
md-wide_arrays-dumps orjson-load-          -          -          -          -          -          -          -          -          -          -          -          -          -          -          -          -          -          -          -          -          -          -          -          -          
md-wide_arrays-dumps orjson-loads-          -          -          -          -          -          -          -          -          -          -          -          -          -          -          -          -          -          -          -          -          -          -          -          -          
md-wide_arrays-dumps orjson-ndload-          -          -          -          -          -          -          -          -          -          -          -          -          -          -          -          -          -          -          -          -          -          -          -          -          
md-wide_arrays-dumps strata-bytes3.9155     3.9199     3.9015     3.8771     3.9449     3.9257     3.9089     3.8693     3.9702     3.8857     3.8851     3.9126     3.9119     3.9210     3.9195     3.9607     3.9363     3.8765     3.9174     3.9481     3.9320     3.9215     3.9120     3.8715     3.8932     
md-wide_arrays-dumps strata-dump-          -          -          -          -          -          -          -          -          -          -          -          -          -          -          -          -          -          -          -          -          -          -          -          -          
md-wide_arrays-dumps strata-load-          -          -          -          -          -          -          -          -          -          -          -          -          -          -          -          -          -          -          -          -          -          -          -          -          
md-wide_arrays-dumps strata-loads-          -          -          -          -          -          -          -          -          -          -          -          -          -          -          -          -          -          -          -          -          -          -          -          -          
md-wide_arrays-dumps strata-ndload-          -          -          -          -          -          -          -          -          -          -          -          -          -          -          -          -          -          -          -          -          -          -          -          -          
md-wide_arrays-dumps strata-str4.6253     4.5527     4.5805     4.5965     4.5959     4.5295     4.6012     4.5129     4.6419     4.5656     4.5743     4.5537     4.5595     4.6227     4.6023     4.5304     4.5694     4.5591     4.5544     4.4591     4.5801     4.5486     4.6023     4.5670     4.5338     
sm-flat-dump orjson-bytes     -          -          -          -          -          -          -          -          -          -          -          -          -          -          -          -          -          -          -          -          -          -          -          -          -          
sm-flat-dump orjson-dump      0.3837     0.3703     0.3829     0.4004     0.3921     0.3761     0.3720     0.3918     0.3955     0.4313     0.4010     0.3961     0.3906     0.4038     0.3644     0.3998     0.3761     0.3895     0.3990     0.4003     0.3974     0.3854     0.3804     0.3802     0.3803     
sm-flat-dump orjson-load      -          -          -          -          -          -          -          -          -          -          -          -          -          -          -          -          -          -          -          -          -          -          -          -          -          
sm-flat-dump orjson-loads     -          -          -          -          -          -          -          -          -          -          -          -          -          -          -          -          -          -          -          -          -          -          -          -          -          
sm-flat-dump orjson-ndload    -          -          -          -          -          -          -          -          -          -          -          -          -          -          -          -          -          -          -          -          -          -          -          -          -          
sm-flat-dump strata-bytes     -          -          -          -          -          -          -          -          -          -          -          -          -          -          -          -          -          -          -          -          -          -          -          -          -          
sm-flat-dump strata-dump      0.3225     0.3270     0.3189     0.3499     0.3327     0.3248     0.3253     0.3259     0.3327     0.3781     0.3415     0.3330     0.3379     0.3524     0.3179     0.3292     0.3284     0.3419     0.3574     0.3398     0.3323     0.3382     0.3275     0.3238     0.3196     
sm-flat-dump strata-load      -          -          -          -          -          -          -          -          -          -          -          -          -          -          -          -          -          -          -          -          -          -          -          -          -          
sm-flat-dump strata-loads     -          -          -          -          -          -          -          -          -          -          -          -          -          -          -          -          -          -          -          -          -          -          -          -          -          
sm-flat-dump strata-ndload    -          -          -          -          -          -          -          -          -          -          -          -          -          -          -          -          -          -          -          -          -          -          -          -          -          
sm-flat-dump strata-str       -          -          -          -          -          -          -          -          -          -          -          -          -          -          -          -          -          -          -          -          -          -          -          -          -          
sm-flat-dumps orjson-bytes    0.2366     0.2330     0.2344     0.2358     0.2319     0.2365     0.2340     0.2328     0.2351     0.2345     0.2333     0.2383     0.2358     0.2351     0.2351     0.2351     0.2369     0.2338     0.2333     0.2344     0.2368     0.2353     0.2334     0.2346     0.2311     
sm-flat-dumps orjson-dump     -          -          -          -          -          -          -          -          -          -          -          -          -          -          -          -          -          -          -          -          -          -          -          -          -          
sm-flat-dumps orjson-load     -          -          -          -          -          -          -          -          -          -          -          -          -          -          -          -          -          -          -          -          -          -          -          -          -          
sm-flat-dumps orjson-loads    -          -          -          -          -          -          -          -          -          -          -          -          -          -          -          -          -          -          -          -          -          -          -          -          -          
sm-flat-dumps orjson-ndload   -          -          -          -          -          -          -          -          -          -          -          -          -          -          -          -          -          -          -          -          -          -          -          -          -          
sm-flat-dumps strata-bytes    0.1826     0.1845     0.1852     0.1852     0.1819     0.1892     0.1864     0.1822     0.1814     0.1850     0.1862     0.1873     0.1825     0.1873     0.1866     0.1829     0.1846     0.1843     0.1843     0.1833     0.1821     0.1845     0.1860     0.1824     0.1815     
sm-flat-dumps strata-dump     -          -          -          -          -          -          -          -          -          -          -          -          -          -          -          -          -          -          -          -          -          -          -          -          -          
sm-flat-dumps strata-load     -          -          -          -          -          -          -          -          -          -          -          -          -          -          -          -          -          -          -          -          -          -          -          -          -          
sm-flat-dumps strata-loads    -          -          -          -          -          -          -          -          -          -          -          -          -          -          -          -          -          -          -          -          -          -          -          -          -          
sm-flat-dumps strata-ndload   -          -          -          -          -          -          -          -          -          -          -          -          -          -          -          -          -          -          -          -          -          -          -          -          -          
sm-flat-dumps strata-str      0.2016     0.2037     0.2062     0.2073     0.2021     0.2111     0.2068     0.2047     0.2009     0.2075     0.2087     0.2116     0.2030     0.2074     0.2045     0.2036     0.2052     0.2068     0.2060     0.2093     0.2075     0.2085     0.2073     0.2035     0.2025     
sm-flat-load orjson-bytes     -          -          -          -          -          -          -          -          -          -          -          -          -          -          -          -          -          -          -          -          -          -          -          -          -          
sm-flat-load orjson-dump      -          -          -          -          -          -          -          -          -          -          -          -          -          -          -          -          -          -          -          -          -          -          -          -          -          
sm-flat-load orjson-load      0.7196     0.7059     0.7169     0.7597     0.6853     0.7286     0.7085     0.7348     0.7271     0.8110     0.7223     0.7572     0.7185     0.7157     0.7144     0.7138     0.7364     0.7191     0.6927     0.7524     0.7070     0.7467     0.7195     0.7030     0.7056     
sm-flat-load orjson-loads     -          -          -          -          -          -          -          -          -          -          -          -          -          -          -          -          -          -          -          -          -          -          -          -          -          
sm-flat-load orjson-ndload    -          -          -          -          -          -          -          -          -          -          -          -          -          -          -          -          -          -          -          -          -          -          -          -          -          
sm-flat-load strata-bytes     -          -          -          -          -          -          -          -          -          -          -          -          -          -          -          -          -          -          -          -          -          -          -          -          -          
sm-flat-load strata-dump      -          -          -          -          -          -          -          -          -          -          -          -          -          -          -          -          -          -          -          -          -          -          -          -          -          
sm-flat-load strata-load      0.6327     0.6100     0.6067     0.6539     0.5851     0.6181     0.6058     0.6220     0.6105     0.6885     0.6067     0.6486     0.6193     0.6119     0.6110     0.6153     0.6213     0.6094     0.5937     0.6411     0.6029     0.6310     0.6090     0.6126     0.6122     
sm-flat-load strata-loads     -          -          -          -          -          -          -          -          -          -          -          -          -          -          -          -          -          -          -          -          -          -          -          -          -          
sm-flat-load strata-ndload    -          -          -          -          -          -          -          -          -          -          -          -          -          -          -          -          -          -          -          -          -          -          -          -          -          
sm-flat-load strata-str       -          -          -          -          -          -          -          -          -          -          -          -          -          -          -          -          -          -          -          -          -          -          -          -          -          
sm-flat-loads orjson-bytes    -          -          -          -          -          -          -          -          -          -          -          -          -          -          -          -          -          -          -          -          -          -          -          -          -          
sm-flat-loads orjson-dump     -          -          -          -          -          -          -          -          -          -          -          -          -          -          -          -          -          -          -          -          -          -          -          -          -          
sm-flat-loads orjson-load     -          -          -          -          -          -          -          -          -          -          -          -          -          -          -          -          -          -          -          -          -          -          -          -          -          
sm-flat-loads orjson-loads    0.6562     0.6321     0.6373     0.6682     0.6114     0.6494     0.6325     0.6569     0.6313     0.7001     0.6438     0.6631     0.6368     0.6373     0.6427     0.6423     0.6690     0.6321     0.6179     0.6687     0.6258     0.6610     0.6434     0.6466     0.6431     
sm-flat-loads orjson-ndload   -          -          -          -          -          -          -          -          -          -          -          -          -          -          -          -          -          -          -          -          -          -          -          -          -          
sm-flat-loads strata-bytes    -          -          -          -          -          -          -          -          -          -          -          -          -          -          -          -          -          -          -          -          -          -          -          -          -          
sm-flat-loads strata-dump     -          -          -          -          -          -          -          -          -          -          -          -          -          -          -          -          -          -          -          -          -          -          -          -          -          
sm-flat-loads strata-load     -          -          -          -          -          -          -          -          -          -          -          -          -          -          -          -          -          -          -          -          -          -          -          -          -          
sm-flat-loads strata-loads    0.5791     0.5494     0.5575     0.5820     0.5324     0.5622     0.5577     0.5730     0.5546     0.6152     0.5607     0.5813     0.5589     0.5618     0.5595     0.5600     0.5846     0.5490     0.5415     0.5871     0.5496     0.5780     0.5619     0.5656     0.5713     
sm-flat-loads strata-ndload   -          -          -          -          -          -          -          -          -          -          -          -          -          -          -          -          -          -          -          -          -          -          -          -          -          
sm-flat-loads strata-str      -          -          -          -          -          -          -          -          -          -          -          -          -          -          -          -          -          -          -          -          -          -          -          -          -          
sm-mixed-dump orjson-bytes    -          -          -          -          -          -          -          -          -          -          -          -          -          -          -          -          -          -          -          -          -          -          -          -          -          
sm-mixed-dump orjson-dump     0.1580     0.1606     0.1685     0.1603     0.1504     0.1532     0.1807     0.1598     0.1784     0.2054     0.1588     0.1766     0.1629     0.1561     0.1827     0.1709     0.1646     0.1460     0.1452     0.1654     0.1580     0.1481     0.1755     0.1631     0.1505     
sm-mixed-dump orjson-load     -          -          -          -          -          -          -          -          -          -          -          -          -          -          -          -          -          -          -          -          -          -          -          -          -          
sm-mixed-dump orjson-loads    -          -          -          -          -          -          -          -          -          -          -          -          -          -          -          -          -          -          -          -          -          -          -          -          -          
sm-mixed-dump orjson-ndload   -          -          -          -          -          -          -          -          -          -          -          -          -          -          -          -          -          -          -          -          -          -          -          -          -          
sm-mixed-dump strata-bytes    -          -          -          -          -          -          -          -          -          -          -          -          -          -          -          -          -          -          -          -          -          -          -          -          -          
sm-mixed-dump strata-dump     0.1395     0.1387     0.1371     0.1419     0.1389     0.1445     0.1516     0.1378     0.1498     0.1785     0.1474     0.1556     0.1427     0.1383     0.1613     0.1388     0.1483     0.1306     0.1310     0.1490     0.1444     0.1322     0.1417     0.1471     0.1296     
sm-mixed-dump strata-load     -          -          -          -          -          -          -          -          -          -          -          -          -          -          -          -          -          -          -          -          -          -          -          -          -          
sm-mixed-dump strata-loads    -          -          -          -          -          -          -          -          -          -          -          -          -          -          -          -          -          -          -          -          -          -          -          -          -          
sm-mixed-dump strata-ndload   -          -          -          -          -          -          -          -          -          -          -          -          -          -          -          -          -          -          -          -          -          -          -          -          -          
sm-mixed-dump strata-str      -          -          -          -          -          -          -          -          -          -          -          -          -          -          -          -          -          -          -          -          -          -          -          -          -          
sm-mixed-dumps orjson-bytes   0.0378     0.0383     0.0394     0.0398     0.0391     0.0384     0.0378     0.0436     0.0425     0.0398     0.0412     0.0385     0.0384     0.0390     0.0386     0.0401     0.0384     0.0387     0.0385     0.0387     0.0395     0.0391     0.0390     0.0377     0.0392     
sm-mixed-dumps orjson-dump    -          -          -          -          -          -          -          -          -          -          -          -          -          -          -          -          -          -          -          -          -          -          -          -          -          
sm-mixed-dumps orjson-load    -          -          -          -          -          -          -          -          -          -          -          -          -          -          -          -          -          -          -          -          -          -          -          -          -          
sm-mixed-dumps orjson-loads   -          -          -          -          -          -          -          -          -          -          -          -          -          -          -          -          -          -          -          -          -          -          -          -          -          
sm-mixed-dumps orjson-ndload  -          -          -          -          -          -          -          -          -          -          -          -          -          -          -          -          -          -          -          -          -          -          -          -          -          
sm-mixed-dumps strata-bytes   0.0294     0.0296     0.0306     0.0306     0.0304     0.0298     0.0298     0.0319     0.0313     0.0308     0.0320     0.0299     0.0297     0.0296     0.0293     0.0305     0.0300     0.0298     0.0297     0.0295     0.0296     0.0302     0.0297     0.0294     0.0295     
sm-mixed-dumps strata-dump    -          -          -          -          -          -          -          -          -          -          -          -          -          -          -          -          -          -          -          -          -          -          -          -          -          
sm-mixed-dumps strata-load    -          -          -          -          -          -          -          -          -          -          -          -          -          -          -          -          -          -          -          -          -          -          -          -          -          
sm-mixed-dumps strata-loads   -          -          -          -          -          -          -          -          -          -          -          -          -          -          -          -          -          -          -          -          -          -          -          -          -          
sm-mixed-dumps strata-ndload  -          -          -          -          -          -          -          -          -          -          -          -          -          -          -          -          -          -          -          -          -          -          -          -          -          
sm-mixed-dumps strata-str     0.0322     0.0331     0.0340     0.0343     0.0324     0.0329     0.0326     0.0364     0.0368     0.0346     0.0389     0.0327     0.0324     0.0323     0.0322     0.0341     0.0335     0.0330     0.0326     0.0338     0.0331     0.0331     0.0330     0.0328     0.0325     
sm-mixed-load orjson-bytes    -          -          -          -          -          -          -          -          -          -          -          -          -          -          -          -          -          -          -          -          -          -          -          -          -          
sm-mixed-load orjson-dump     -          -          -          -          -          -          -          -          -          -          -          -          -          -          -          -          -          -          -          -          -          -          -          -          -          
sm-mixed-load orjson-load     0.1816     0.1713     0.1681     0.1705     0.1665     0.1676     0.1759     0.1855     0.1646     0.1862     0.1692     0.1911     0.1713     0.1686     0.1929     0.1823     0.1636     0.1665     0.1740     0.1718     0.2027     0.1876     0.1847     0.1652     0.1693     
sm-mixed-load orjson-loads    -          -          -          -          -          -          -          -          -          -          -          -          -          -          -          -          -          -          -          -          -          -          -          -          -          
sm-mixed-load orjson-ndload   -          -          -          -          -          -          -          -          -          -          -          -          -          -          -          -          -          -          -          -          -          -          -          -          -          
sm-mixed-load strata-bytes    -          -          -          -          -          -          -          -          -          -          -          -          -          -          -          -          -          -          -          -          -          -          -          -          -          
sm-mixed-load strata-dump     -          -          -          -          -          -          -          -          -          -          -          -          -          -          -          -          -          -          -          -          -          -          -          -          -          
sm-mixed-load strata-load     0.1572     0.1454     0.1481     0.1443     0.1474     0.1496     0.1519     0.1597     0.1460     0.1600     0.1466     0.1632     0.1489     0.1464     0.1616     0.1571     0.1458     0.1503     0.1482     0.1454     0.1694     0.1598     0.1587     0.1465     0.1486     
sm-mixed-load strata-loads    -          -          -          -          -          -          -          -          -          -          -          -          -          -          -          -          -          -          -          -          -          -          -          -          -          
sm-mixed-load strata-ndload   -          -          -          -          -          -          -          -          -          -          -          -          -          -          -          -          -          -          -          -          -          -          -          -          -          
sm-mixed-load strata-str      -          -          -          -          -          -          -          -          -          -          -          -          -          -          -          -          -          -          -          -          -          -          -          -          -          
sm-mixed-loads orjson-bytes   -          -          -          -          -          -          -          -          -          -          -          -          -          -          -          -          -          -          -          -          -          -          -          -          -          
sm-mixed-loads orjson-dump    -          -          -          -          -          -          -          -          -          -          -          -          -          -          -          -          -          -          -          -          -          -          -          -          -          
sm-mixed-loads orjson-load    -          -          -          -          -          -          -          -          -          -          -          -          -          -          -          -          -          -          -          -          -          -          -          -          -          
sm-mixed-loads orjson-loads   0.1289     0.1257     0.1254     0.1276     0.1271     0.1274     0.1276     0.1358     0.1283     0.1328     0.1295     0.1295     0.1248     0.1269     0.1257     0.1285     0.1277     0.1267     0.1262     0.1266     0.1256     0.1264     0.1242     0.1283     0.1243     
sm-mixed-loads orjson-ndload  -          -          -          -          -          -          -          -          -          -          -          -          -          -          -          -          -          -          -          -          -          -          -          -          -          
sm-mixed-loads strata-bytes   -          -          -          -          -          -          -          -          -          -          -          -          -          -          -          -          -          -          -          -          -          -          -          -          -          
sm-mixed-loads strata-dump    -          -          -          -          -          -          -          -          -          -          -          -          -          -          -          -          -          -          -          -          -          -          -          -          -          
sm-mixed-loads strata-load    -          -          -          -          -          -          -          -          -          -          -          -          -          -          -          -          -          -          -          -          -          -          -          -          -          
sm-mixed-loads strata-loads   0.1194     0.1153     0.1153     0.1173     0.1186     0.1181     0.1179     0.1237     0.1171     0.1234     0.1190     0.1228     0.1160     0.1166     0.1162     0.1184     0.1171     0.1180     0.1164     0.1189     0.1156     0.1162     0.1162     0.1192     0.1156     
sm-mixed-loads strata-ndload  -          -          -          -          -          -          -          -          -          -          -          -          -          -          -          -          -          -          -          -          -          -          -          -          -          
sm-mixed-loads strata-str     -          -          -          -          -          -          -          -          -          -          -          -          -          -          -          -          -          -          -          -          -          -          -          -          -          
sm-nested-dump orjson-bytes   -          -          -          -          -          -          -          -          -          -          -          -          -          -          -          -          -          -          -          -          -          -          -          -          -          
sm-nested-dump orjson-dump    0.3453     0.3581     0.3225     0.3509     0.3428     0.3298     0.3294     0.3431     0.3205     0.3901     0.3413     0.3585     0.3521     0.3802     0.3291     0.3339     0.3570     0.3569     0.3450     0.4067     0.3667     0.3222     0.3336     0.3367     0.3599     
sm-nested-dump orjson-load    -          -          -          -          -          -          -          -          -          -          -          -          -          -          -          -          -          -          -          -          -          -          -          -          -          
sm-nested-dump orjson-loads   -          -          -          -          -          -          -          -          -          -          -          -          -          -          -          -          -          -          -          -          -          -          -          -          -          
sm-nested-dump orjson-ndload  -          -          -          -          -          -          -          -          -          -          -          -          -          -          -          -          -          -          -          -          -          -          -          -          -          
sm-nested-dump strata-bytes   -          -          -          -          -          -          -          -          -          -          -          -          -          -          -          -          -          -          -          -          -          -          -          -          -          
sm-nested-dump strata-dump    0.2515     0.2454     0.2312     0.2589     0.2487     0.2329     0.2318     0.2468     0.2345     0.2878     0.2515     0.2664     0.2595     0.2660     0.2379     0.2463     0.2580     0.2631     0.2646     0.2863     0.2674     0.2283     0.2364     0.2409     0.2680     
sm-nested-dump strata-load    -          -          -          -          -          -          -          -          -          -          -          -          -          -          -          -          -          -          -          -          -          -          -          -          -          
sm-nested-dump strata-loads   -          -          -          -          -          -          -          -          -          -          -          -          -          -          -          -          -          -          -          -          -          -          -          -          -          
sm-nested-dump strata-ndload  -          -          -          -          -          -          -          -          -          -          -          -          -          -          -          -          -          -          -          -          -          -          -          -          -          
sm-nested-dump strata-str     -          -          -          -          -          -          -          -          -          -          -          -          -          -          -          -          -          -          -          -          -          -          -          -          -          
sm-nested-dumps orjson-bytes  0.2006     0.2005     0.2041     0.2049     0.2006     0.2012     0.2022     0.2012     0.2026     0.2064     0.2026     0.1988     0.2013     0.2009     0.2007     0.2033     0.2005     0.2015     0.2011     0.1995     0.2023     0.2013     0.2024     0.1997     0.2027     
sm-nested-dumps orjson-dump   -          -          -          -          -          -          -          -          -          -          -          -          -          -          -          -          -          -          -          -          -          -          -          -          -          
sm-nested-dumps orjson-load   -          -          -          -          -          -          -          -          -          -          -          -          -          -          -          -          -          -          -          -          -          -          -          -          -          
sm-nested-dumps orjson-loads  -          -          -          -          -          -          -          -          -          -          -          -          -          -          -          -          -          -          -          -          -          -          -          -          -          
sm-nested-dumps orjson-ndload -          -          -          -          -          -          -          -          -          -          -          -          -          -          -          -          -          -          -          -          -          -          -          -          -          
sm-nested-dumps strata-bytes  0.1125     0.1110     0.1124     0.1137     0.1115     0.1121     0.1125     0.1122     0.1141     0.1123     0.1116     0.1119     0.1119     0.1125     0.1111     0.1128     0.1120     0.1129     0.1115     0.1132     0.1126     0.1127     0.1130     0.1115     0.1134     
sm-nested-dumps strata-dump   -          -          -          -          -          -          -          -          -          -          -          -          -          -          -          -          -          -          -          -          -          -          -          -          -          
sm-nested-dumps strata-load   -          -          -          -          -          -          -          -          -          -          -          -          -          -          -          -          -          -          -          -          -          -          -          -          -          
sm-nested-dumps strata-loads  -          -          -          -          -          -          -          -          -          -          -          -          -          -          -          -          -          -          -          -          -          -          -          -          -          
sm-nested-dumps strata-ndload -          -          -          -          -          -          -          -          -          -          -          -          -          -          -          -          -          -          -          -          -          -          -          -          -          
sm-nested-dumps strata-str    0.1248     0.1257     0.1248     0.1276     0.1264     0.1266     0.1259     0.1286     0.1270     0.1297     0.1272     0.1265     0.1286     0.1247     0.1259     0.1267     0.1267     0.1262     0.1255     0.1268     0.1263     0.1248     0.1282     0.1250     0.1267     
sm-nested-load orjson-bytes   -          -          -          -          -          -          -          -          -          -          -          -          -          -          -          -          -          -          -          -          -          -          -          -          -          
sm-nested-load orjson-dump    -          -          -          -          -          -          -          -          -          -          -          -          -          -          -          -          -          -          -          -          -          -          -          -          -          
sm-nested-load orjson-load    0.6629     0.6713     0.6707     0.6713     0.6748     0.6584     0.6689     0.6876     0.6658     0.6953     0.6876     0.6906     0.6662     0.7118     0.6858     0.6621     0.6729     0.6734     0.6712     0.6789     0.6699     0.6883     0.6994     0.6693     0.6541     
sm-nested-load orjson-loads   -          -          -          -          -          -          -          -          -          -          -          -          -          -          -          -          -          -          -          -          -          -          -          -          -          
sm-nested-load orjson-ndload  -          -          -          -          -          -          -          -          -          -          -          -          -          -          -          -          -          -          -          -          -          -          -          -          -          
sm-nested-load strata-bytes   -          -          -          -          -          -          -          -          -          -          -          -          -          -          -          -          -          -          -          -          -          -          -          -          -          
sm-nested-load strata-dump    -          -          -          -          -          -          -          -          -          -          -          -          -          -          -          -          -          -          -          -          -          -          -          -          -          
sm-nested-load strata-load    0.5344     0.5470     0.5413     0.5489     0.5276     0.5268     0.5275     0.5433     0.5386     0.5613     0.5535     0.5408     0.5316     0.5587     0.5480     0.5270     0.5286     0.5369     0.5406     0.5401     0.5336     0.5545     0.5434     0.5382     0.5174     
sm-nested-load strata-loads   -          -          -          -          -          -          -          -          -          -          -          -          -          -          -          -          -          -          -          -          -          -          -          -          -          
sm-nested-load strata-ndload  -          -          -          -          -          -          -          -          -          -          -          -          -          -          -          -          -          -          -          -          -          -          -          -          -          
sm-nested-load strata-str     -          -          -          -          -          -          -          -          -          -          -          -          -          -          -          -          -          -          -          -          -          -          -          -          -          
sm-nested-loads orjson-bytes  -          -          -          -          -          -          -          -          -          -          -          -          -          -          -          -          -          -          -          -          -          -          -          -          -          
sm-nested-loads orjson-dump   -          -          -          -          -          -          -          -          -          -          -          -          -          -          -          -          -          -          -          -          -          -          -          -          -          
sm-nested-loads orjson-load   -          -          -          -          -          -          -          -          -          -          -          -          -          -          -          -          -          -          -          -          -          -          -          -          -          
sm-nested-loads orjson-loads  0.6055     0.6023     0.6024     0.6050     0.5981     0.5977     0.6005     0.6119     0.6201     0.6085     0.6060     0.5988     0.5966     0.6041     0.5979     0.5985     0.5925     0.6055     0.6000     0.6083     0.6011     0.6104     0.5959     0.5990     0.5980     
sm-nested-loads orjson-ndload -          -          -          -          -          -          -          -          -          -          -          -          -          -          -          -          -          -          -          -          -          -          -          -          -          
sm-nested-loads strata-bytes  -          -          -          -          -          -          -          -          -          -          -          -          -          -          -          -          -          -          -          -          -          -          -          -          -          
sm-nested-loads strata-dump   -          -          -          -          -          -          -          -          -          -          -          -          -          -          -          -          -          -          -          -          -          -          -          -          -          
sm-nested-loads strata-load   -          -          -          -          -          -          -          -          -          -          -          -          -          -          -          -          -          -          -          -          -          -          -          -          -          
sm-nested-loads strata-loads  0.4982     0.4946     0.4926     0.4894     0.4844     0.4829     0.4888     0.4955     0.5031     0.5010     0.4872     0.4874     0.4821     0.4896     0.4882     0.4879     0.4804     0.4869     0.4862     0.4958     0.4854     0.4982     0.4860     0.4843     0.4845     
sm-nested-loads strata-ndload -          -          -          -          -          -          -          -          -          -          -          -          -          -          -          -          -          -          -          -          -          -          -          -          -          
sm-nested-loads strata-str    -          -          -          -          -          -          -          -          -          -          -          -          -          -          -          -          -          -          -          -          -          -          -          -          -          
sm-users-dump orjson-bytes    -          -          -          -          -          -          -          -          -          -          -          -          -          -          -          -          -          -          -          -          -          -          -          -          -          
sm-users-dump orjson-dump     2.6204     2.6125     2.6464     2.6847     2.6423     2.6547     2.6737     2.6306     2.6015     2.7426     2.7051     2.6877     2.6209     2.6316     2.6189     2.6815     2.6455     2.6676     2.6924     2.6382     2.6739     2.6201     2.6324     2.6677     2.6488     
sm-users-dump orjson-load     -          -          -          -          -          -          -          -          -          -          -          -          -          -          -          -          -          -          -          -          -          -          -          -          -          
sm-users-dump orjson-loads    -          -          -          -          -          -          -          -          -          -          -          -          -          -          -          -          -          -          -          -          -          -          -          -          -          
sm-users-dump orjson-ndload   -          -          -          -          -          -          -          -          -          -          -          -          -          -          -          -          -          -          -          -          -          -          -          -          -          
sm-users-dump strata-bytes    -          -          -          -          -          -          -          -          -          -          -          -          -          -          -          -          -          -          -          -          -          -          -          -          -          
sm-users-dump strata-dump     1.7902     1.9127     1.8587     1.9400     1.8354     1.8576     1.8611     1.8595     1.8257     1.9377     1.8538     1.8364     1.8409     1.8744     1.8677     1.8511     1.8452     1.8618     1.8810     1.8730     1.8292     1.8910     1.8881     1.8761     1.8219     
sm-users-dump strata-load     -          -          -          -          -          -          -          -          -          -          -          -          -          -          -          -          -          -          -          -          -          -          -          -          -          
sm-users-dump strata-loads    -          -          -          -          -          -          -          -          -          -          -          -          -          -          -          -          -          -          -          -          -          -          -          -          -          
sm-users-dump strata-ndload   -          -          -          -          -          -          -          -          -          -          -          -          -          -          -          -          -          -          -          -          -          -          -          -          -          
sm-users-dump strata-str      -          -          -          -          -          -          -          -          -          -          -          -          -          -          -          -          -          -          -          -          -          -          -          -          -          
sm-users-dumps orjson-bytes   2.0554     2.0445     2.0768     2.0752     2.0507     2.0440     2.0433     2.0686     2.0303     2.0769     2.0819     2.0495     2.0369     2.0375     2.0328     2.0381     2.0601     2.0538     2.0485     2.0443     2.0841     2.0393     2.0522     2.0713     2.0237     
sm-users-dumps orjson-dump    -          -          -          -          -          -          -          -          -          -          -          -          -          -          -          -          -          -          -          -          -          -          -          -          -          
sm-users-dumps orjson-load    -          -          -          -          -          -          -          -          -          -          -          -          -          -          -          -          -          -          -          -          -          -          -          -          -          
sm-users-dumps orjson-loads   -          -          -          -          -          -          -          -          -          -          -          -          -          -          -          -          -          -          -          -          -          -          -          -          -          
sm-users-dumps orjson-ndload  -          -          -          -          -          -          -          -          -          -          -          -          -          -          -          -          -          -          -          -          -          -          -          -          -          
sm-users-dumps strata-bytes   1.3206     1.3342     1.3646     1.3493     1.3184     1.3410     1.3345     1.3363     1.2979     1.3729     1.3365     1.3346     1.3213     1.3249     1.3284     1.3099     1.3191     1.3349     1.3368     1.3317     1.3347     1.3341     1.3443     1.3186     1.3162     
sm-users-dumps strata-dump    -          -          -          -          -          -          -          -          -          -          -          -          -          -          -          -          -          -          -          -          -          -          -          -          -          
sm-users-dumps strata-load    -          -          -          -          -          -          -          -          -          -          -          -          -          -          -          -          -          -          -          -          -          -          -          -          -          
sm-users-dumps strata-loads   -          -          -          -          -          -          -          -          -          -          -          -          -          -          -          -          -          -          -          -          -          -          -          -          -          
sm-users-dumps strata-ndload  -          -          -          -          -          -          -          -          -          -          -          -          -          -          -          -          -          -          -          -          -          -          -          -          -          
sm-users-dumps strata-str     1.4874     1.4918     1.5053     1.5079     1.4877     1.5190     1.4999     1.4884     1.4754     1.5364     1.5154     1.5176     1.4730     1.4891     1.5096     1.4880     1.4813     1.5048     1.5211     1.4830     1.5013     1.4919     1.4951     1.5130     1.4805     
sm-users-load orjson-bytes    -          -          -          -          -          -          -          -          -          -          -          -          -          -          -          -          -          -          -          -          -          -          -          -          -          
sm-users-load orjson-dump     -          -          -          -          -          -          -          -          -          -          -          -          -          -          -          -          -          -          -          -          -          -          -          -          -          
sm-users-load orjson-load     8.6175     8.8163     8.8581     8.7699     8.8863     8.8800     8.9229     8.9850     8.7822     9.3659     8.8592     8.9851     8.9968     8.9031     8.8554     8.7642     8.7993     8.8390     8.8469     8.8547     8.7437     8.7763     8.8413     8.9559     8.7913     
sm-users-load orjson-loads    -          -          -          -          -          -          -          -          -          -          -          -          -          -          -          -          -          -          -          -          -          -          -          -          -          
sm-users-load orjson-ndload   -          -          -          -          -          -          -          -          -          -          -          -          -          -          -          -          -          -          -          -          -          -          -          -          -          
sm-users-load strata-bytes    -          -          -          -          -          -          -          -          -          -          -          -          -          -          -          -          -          -          -          -          -          -          -          -          -          
sm-users-load strata-dump     -          -          -          -          -          -          -          -          -          -          -          -          -          -          -          -          -          -          -          -          -          -          -          -          -          
sm-users-load strata-load     6.2283     6.4194     6.5983     6.5311     6.5740     6.5175     6.5157     6.6061     6.4515     6.8264     6.5305     6.5822     6.5825     6.5270     6.4908     6.5130     6.4984     6.5428     6.5715     6.4389     6.5153     6.4921     6.5533     6.5855     6.4999     
sm-users-load strata-loads    -          -          -          -          -          -          -          -          -          -          -          -          -          -          -          -          -          -          -          -          -          -          -          -          -          
sm-users-load strata-ndload   -          -          -          -          -          -          -          -          -          -          -          -          -          -          -          -          -          -          -          -          -          -          -          -          -          
sm-users-load strata-str      -          -          -          -          -          -          -          -          -          -          -          -          -          -          -          -          -          -          -          -          -          -          -          -          -          
sm-users-loads orjson-bytes   -          -          -          -          -          -          -          -          -          -          -          -          -          -          -          -          -          -          -          -          -          -          -          -          -          
sm-users-loads orjson-dump    -          -          -          -          -          -          -          -          -          -          -          -          -          -          -          -          -          -          -          -          -          -          -          -          -          
sm-users-loads orjson-load    -          -          -          -          -          -          -          -          -          -          -          -          -          -          -          -          -          -          -          -          -          -          -          -          -          
sm-users-loads orjson-loads   8.2581     8.2682     8.4817     8.2427     8.3125     8.2739     8.2886     8.4960     8.2260     8.7224     8.2595     8.3203     8.3054     8.2104     8.2860     8.2473     8.1965     8.2759     8.2511     8.2588     8.4580     8.2810     8.2558     8.3431     8.1942     
sm-users-loads orjson-ndload  -          -          -          -          -          -          -          -          -          -          -          -          -          -          -          -          -          -          -          -          -          -          -          -          -          
sm-users-loads strata-bytes   -          -          -          -          -          -          -          -          -          -          -          -          -          -          -          -          -          -          -          -          -          -          -          -          -          
sm-users-loads strata-dump    -          -          -          -          -          -          -          -          -          -          -          -          -          -          -          -          -          -          -          -          -          -          -          -          -          
sm-users-loads strata-load    -          -          -          -          -          -          -          -          -          -          -          -          -          -          -          -          -          -          -          -          -          -          -          -          -          
sm-users-loads strata-loads   6.0506     6.0637     6.3185     6.1058     6.1278     6.1420     6.1340     6.2824     6.0417     6.4062     6.1128     6.2305     6.2438     6.1091     6.1239     6.1535     6.1018     6.1555     6.1334     6.1432     6.2491     6.0340     6.1456     6.2457     6.0909     
sm-users-loads strata-ndload  -          -          -          -          -          -          -          -          -          -          -          -          -          -          -          -          -          -          -          -          -          -          -          -          -          
sm-users-loads strata-str     -          -          -          -          -          -          -          -          -          -          -          -          -          -          -          -          -          -          -          -          -          -          -          -          -          
sm-users-ndload orjson-bytes  -          -          -          -          -          -          -          -          -          -          -          -          -          -          -          -          -          -          -          -          -          -          -          -          -          
sm-users-ndload orjson-dump   -          -          -          -          -          -          -          -          -          -          -          -          -          -          -          -          -          -          -          -          -          -          -          -          -          
sm-users-ndload orjson-load   -          -          -          -          -          -          -          -          -          -          -          -          -          -          -          -          -          -          -          -          -          -          -          -          -          
sm-users-ndload orjson-loads  -          -          -          -          -          -          -          -          -          -          -          -          -          -          -          -          -          -          -          -          -          -          -          -          -          
sm-users-ndload orjson-ndload 10.6359    10.7577    10.6369    10.6272    10.7322    10.8298    10.9359    11.0047    10.5575    10.7909    10.7725    10.9008    10.6145    10.8089    10.8095    10.7465    10.6450    10.6153    10.6189    10.8223    10.5920    10.6000    10.7347    10.8114    10.6206    
sm-users-ndload strata-bytes  -          -          -          -          -          -          -          -          -          -          -          -          -          -          -          -          -          -          -          -          -          -          -          -          -          
sm-users-ndload strata-dump   -          -          -          -          -          -          -          -          -          -          -          -          -          -          -          -          -          -          -          -          -          -          -          -          -          
sm-users-ndload strata-load   -          -          -          -          -          -          -          -          -          -          -          -          -          -          -          -          -          -          -          -          -          -          -          -          -          
sm-users-ndload strata-loads  -          -          -          -          -          -          -          -          -          -          -          -          -          -          -          -          -          -          -          -          -          -          -          -          -          
sm-users-ndload strata-ndload 6.6154     6.6408     6.6993     6.7105     6.7099     6.7292     6.8110     6.7817     6.6558     6.6704     6.7354     6.8421     6.6700     6.7533     6.7823     6.7709     6.7277     6.6792     6.7308     6.6771     6.5606     6.6168     6.7736     6.7359     6.5526     
sm-users-ndload strata-str    -          -          -          -          -          -          -          -          -          -          -          -          -          -          -          -          -          -          -          -          -          -          -          -          -          
sm-wide_arrays-dump orjson-bytes-          -          -          -          -          -          -          -          -          -          -          -          -          -          -          -          -          -          -          -          -          -          -          -          -          
sm-wide_arrays-dump orjson-dump1.6587     1.6535     1.6083     1.5948     1.6045     1.6128     1.6351     1.5936     1.6648     1.6097     1.6158     1.6663     1.6474     1.5969     1.6328     1.6261     1.6171     1.6352     1.5951     1.6341     1.6089     1.6404     1.6406     1.5975     1.5991     
sm-wide_arrays-dump orjson-load-          -          -          -          -          -          -          -          -          -          -          -          -          -          -          -          -          -          -          -          -          -          -          -          -          
sm-wide_arrays-dump orjson-loads-          -          -          -          -          -          -          -          -          -          -          -          -          -          -          -          -          -          -          -          -          -          -          -          -          
sm-wide_arrays-dump orjson-ndload-          -          -          -          -          -          -          -          -          -          -          -          -          -          -          -          -          -          -          -          -          -          -          -          -          
sm-wide_arrays-dump strata-bytes-          -          -          -          -          -          -          -          -          -          -          -          -          -          -          -          -          -          -          -          -          -          -          -          -          
sm-wide_arrays-dump strata-dump1.3166     1.3241     1.3419     1.3316     1.3049     1.3682     1.3157     1.3196     1.3844     1.3201     1.3201     1.3193     1.3368     1.3373     1.3283     1.3354     1.3342     1.3366     1.3005     1.3247     1.3444     1.3186     1.3240     1.3182     1.2987     
sm-wide_arrays-dump strata-load-          -          -          -          -          -          -          -          -          -          -          -          -          -          -          -          -          -          -          -          -          -          -          -          -          
sm-wide_arrays-dump strata-loads-          -          -          -          -          -          -          -          -          -          -          -          -          -          -          -          -          -          -          -          -          -          -          -          -          
sm-wide_arrays-dump strata-ndload-          -          -          -          -          -          -          -          -          -          -          -          -          -          -          -          -          -          -          -          -          -          -          -          -          
sm-wide_arrays-dump strata-str-          -          -          -          -          -          -          -          -          -          -          -          -          -          -          -          -          -          -          -          -          -          -          -          -          
sm-wide_arrays-dumps orjson-bytes1.2116     1.2490     1.2353     1.2480     1.2494     1.2186     1.2369     1.2196     1.2318     1.2500     1.2414     1.2304     1.2391     1.2275     1.2254     1.2305     1.2359     1.2207     1.2318     1.2585     1.2375     1.2376     1.2712     1.2294     1.2436     
sm-wide_arrays-dumps orjson-dump-          -          -          -          -          -          -          -          -          -          -          -          -          -          -          -          -          -          -          -          -          -          -          -          -          
sm-wide_arrays-dumps orjson-load-          -          -          -          -          -          -          -          -          -          -          -          -          -          -          -          -          -          -          -          -          -          -          -          -          
sm-wide_arrays-dumps orjson-loads-          -          -          -          -          -          -          -          -          -          -          -          -          -          -          -          -          -          -          -          -          -          -          -          -          
sm-wide_arrays-dumps orjson-ndload-          -          -          -          -          -          -          -          -          -          -          -          -          -          -          -          -          -          -          -          -          -          -          -          -          
sm-wide_arrays-dumps strata-bytes0.9644     0.9726     0.9511     0.9671     0.9830     0.9692     0.9568     0.9554     0.9853     0.9770     0.9563     0.9838     0.9681     0.9783     0.9525     0.9659     0.9649     0.9569     0.9622     0.9923     0.9640     0.9729     0.9864     0.9688     0.9554     
sm-wide_arrays-dumps strata-dump-          -          -          -          -          -          -          -          -          -          -          -          -          -          -          -          -          -          -          -          -          -          -          -          -          
sm-wide_arrays-dumps strata-load-          -          -          -          -          -          -          -          -          -          -          -          -          -          -          -          -          -          -          -          -          -          -          -          -          
sm-wide_arrays-dumps strata-loads-          -          -          -          -          -          -          -          -          -          -          -          -          -          -          -          -          -          -          -          -          -          -          -          -          
sm-wide_arrays-dumps strata-ndload-          -          -          -          -          -          -          -          -          -          -          -          -          -          -          -          -          -          -          -          -          -          -          -          -          
sm-wide_arrays-dumps strata-str1.0535     1.0760     1.0566     1.0665     1.0767     1.0735     1.0525     1.0514     1.0741     1.1069     1.0770     1.1048     1.0742     1.0894     1.0608     1.0708     1.0603     1.0599     1.0591     1.1042     1.0647     1.0762     1.0901     1.0633     1.0490     
sm-wide_arrays-load orjson-bytes-          -          -          -          -          -          -          -          -          -          -          -          -          -          -          -          -          -          -          -          -          -          -          -          -          
sm-wide_arrays-load orjson-dump-          -          -          -          -          -          -          -          -          -          -          -          -          -          -          -          -          -          -          -          -          -          -          -          -          
sm-wide_arrays-load orjson-load3.6199     3.6295     3.7372     3.6715     3.6261     3.7296     3.6079     3.6957     3.9490     3.8553     3.6775     3.6915     3.6551     3.5984     3.6241     3.7142     3.6959     3.5933     3.6686     3.6780     3.6181     3.7245     3.7435     3.6515     3.5754     
sm-wide_arrays-load orjson-loads-          -          -          -          -          -          -          -          -          -          -          -          -          -          -          -          -          -          -          -          -          -          -          -          -          
sm-wide_arrays-load orjson-ndload-          -          -          -          -          -          -          -          -          -          -          -          -          -          -          -          -          -          -          -          -          -          -          -          -          
sm-wide_arrays-load strata-bytes-          -          -          -          -          -          -          -          -          -          -          -          -          -          -          -          -          -          -          -          -          -          -          -          -          
sm-wide_arrays-load strata-dump-          -          -          -          -          -          -          -          -          -          -          -          -          -          -          -          -          -          -          -          -          -          -          -          -          
sm-wide_arrays-load strata-load3.2452     3.2306     3.3724     3.2684     3.2665     3.2616     3.2581     3.2939     3.4499     3.4474     3.2691     3.2657     3.2456     3.3054     3.2702     3.3241     3.2496     3.2958     3.2878     3.3664     3.2134     3.2969     3.3835     3.2516     3.2150     
sm-wide_arrays-load strata-loads-          -          -          -          -          -          -          -          -          -          -          -          -          -          -          -          -          -          -          -          -          -          -          -          -          
sm-wide_arrays-load strata-ndload-          -          -          -          -          -          -          -          -          -          -          -          -          -          -          -          -          -          -          -          -          -          -          -          -          
sm-wide_arrays-load strata-str-          -          -          -          -          -          -          -          -          -          -          -          -          -          -          -          -          -          -          -          -          -          -          -          -          
sm-wide_arrays-loads orjson-bytes-          -          -          -          -          -          -          -          -          -          -          -          -          -          -          -          -          -          -          -          -          -          -          -          -          
sm-wide_arrays-loads orjson-dump-          -          -          -          -          -          -          -          -          -          -          -          -          -          -          -          -          -          -          -          -          -          -          -          -          
sm-wide_arrays-loads orjson-load-          -          -          -          -          -          -          -          -          -          -          -          -          -          -          -          -          -          -          -          -          -          -          -          -          
sm-wide_arrays-loads orjson-loads3.2809     3.4366     3.3388     3.3661     3.3493     3.2865     3.2987     3.2982     3.3876     3.4607     3.3186     3.3759     3.4116     3.3703     3.3985     3.2950     3.3460     3.3546     3.2886     3.4874     3.2733     3.3398     3.3366     3.3108     3.2641     
sm-wide_arrays-loads orjson-ndload-          -          -          -          -          -          -          -          -          -          -          -          -          -          -          -          -          -          -          -          -          -          -          -          -          
sm-wide_arrays-loads strata-bytes-          -          -          -          -          -          -          -          -          -          -          -          -          -          -          -          -          -          -          -          -          -          -          -          -          
sm-wide_arrays-loads strata-dump-          -          -          -          -          -          -          -          -          -          -          -          -          -          -          -          -          -          -          -          -          -          -          -          -          
sm-wide_arrays-loads strata-load-          -          -          -          -          -          -          -          -          -          -          -          -          -          -          -          -          -          -          -          -          -          -          -          -          
sm-wide_arrays-loads strata-loads2.9605     3.0857     3.0341     3.0489     3.0590     2.9798     2.9702     3.0767     3.0629     3.1456     3.0011     3.1201     3.0473     3.1250     3.0601     3.0213     2.9953     2.9871     2.9790     3.1734     2.9960     3.0610     3.0620     2.9966     3.0225     
sm-wide_arrays-loads strata-ndload-          -          -          -          -          -          -          -          -          -          -          -          -          -          -          -          -          -          -          -          -          -          -          -          -          
sm-wide_arrays-loads strata-str-          -          -          -          -          -          -          -          -          -          -          -          -          -          -          -          -          -          -          -          -          -          -          -          -          

file: /Users/borysbardysh/PycharmProjects/PrimeLabFoundation/strata/build/evidence/M15/final/ab/own3_ab.tsv
launches: L00:A L01:B L02:B L03:A L04:A L05:B L06:B L07:A L08:A L09:B L10:B L11:A L12:A L13:B L14:B L15:A L16:A L17:B L18:B L19:A L20:A L21:B L22:B L23:A L24:A
baseline: A   candidate: B   blocks: 6   leading: none   trailing: L24   min samples/launch: 10
blocks: L00L01L02L03  L04L05L06L07  L08L09L10L11  L12L13L14L15  L16L17L18L19  L20L21L22L23

row                   engine        rival          blk  raw strata  raw rival  normalised    ci low   ci high   pos
md-flat-dumps         strata-bytes  orjson-bytes     6      +1.11%     +0.06%      +0.66%    -0.16%    +1.24%  5/6
                                    blocks (normalised): -0.57 +0.43 +0.25 +0.90 +1.19 +1.30
md-flat-dumps         strata-str    orjson-bytes     6      +0.59%     +0.06%      +0.53%    -0.03%    +1.08%  5/6
                                    blocks (normalised): -0.31 +0.81 +0.25 +0.26 +0.80 +1.36
md-mixed-dumps        strata-bytes  orjson-bytes     6      +0.78%     -0.06%      +0.80%    +0.19%    +1.39%  5/6
                                    blocks (normalised): +1.31 +0.80 +0.80 +1.47 +0.43 -0.04
md-mixed-dumps        strata-str    orjson-bytes     6      +0.77%     -0.06%      +0.75%    +0.39%    +1.49%  6/6
                                    blocks (normalised): +1.02 +1.95 +0.13 +0.83 +0.66 +0.67
md-nested-dumps       strata-bytes  orjson-bytes     6      -0.38%     +0.45%      -1.73%    -2.94%    +0.15%  1/6
                                    blocks (normalised): -0.22 +0.53 -2.23 -3.65 -1.78 -1.69
md-nested-dumps       strata-str    orjson-bytes     6      -1.00%     +0.45%      -1.74%    -2.90%    +0.15%  1/6
                                    blocks (normalised): -0.65 +0.96 -1.51 -2.58 -3.22 -1.97
md-users-dumps        strata-bytes  orjson-bytes     6      +0.76%     +0.07%      +0.69%    -0.87%    +0.89%  4/6
                                    blocks (normalised): +0.96 +0.58 -1.20 +0.79 -0.54 +0.81
md-users-dumps        strata-str    orjson-bytes     6      +0.84%     +0.07%      +0.93%    +0.46%    +2.32%  6/6
                                    blocks (normalised): +0.47 +1.35 +0.83 +0.44 +3.29 +1.03
md-wide_arrays-dumps  strata-bytes  orjson-bytes     6      -0.07%     -0.81%      +0.39%    -1.53%    +2.69%  3/6
                                    blocks (normalised): +3.28 -0.04 -2.28 +0.83 -0.77 +2.11
md-wide_arrays-dumps  strata-str    orjson-bytes     6      +0.14%     -0.81%      +1.55%    -0.77%    +2.32%  4/6
                                    blocks (normalised): +1.91 -0.06 -1.47 +2.74 +1.34 +1.75
sm-flat-dump          strata-dump   orjson-dump      6      +0.97%     -2.16%      +2.99%    +1.42%    +3.40%  6/6
                                    blocks (normalised): +0.10 +3.45 +2.74 +3.35 +2.99 +3.00
sm-flat-dumps         strata-bytes  orjson-bytes     6      +1.18%     -0.74%      +1.90%    +1.34%    +2.36%  6/6
                                    blocks (normalised): +1.57 +1.88 +1.92 +2.48 +1.10 +2.25
sm-flat-dumps         strata-str    orjson-bytes     6      +1.05%     -0.74%      +1.47%    +0.90%    +1.96%  6/6
                                    blocks (normalised): +1.31 +1.47 +2.15 +1.47 +0.50 +1.76
sm-flat-load          strata-load   orjson-load      6      +0.22%     +0.52%      -0.61%    -1.79%    +0.35%  2/6
                                    blocks (normalised): -1.70 +0.18 -0.43 -0.79 +0.52 -1.89
sm-flat-loads         strata-loads  orjson-loads     6      +0.77%     +0.57%      -0.30%    -0.46%    +0.21%  2/6
                                    blocks (normalised): -0.54 +0.27 -0.31 +0.15 -0.39 -0.29
sm-mixed-dump         strata-dump   orjson-dump      6      +2.22%     +2.03%      -0.27%    -5.72%    +4.64%  2/6
                                    blocks (normalised): -5.11 -0.27 +4.48 +4.79 -0.27 -6.33
sm-mixed-dumps        strata-bytes  orjson-bytes     6      +0.10%     -0.02%      +0.27%    -0.61%    +3.19%  4/6
                                    blocks (normalised): +0.14 +3.67 +2.70 -0.97 -0.25 +0.40
sm-mixed-dumps        strata-str    orjson-bytes     6      -1.16%     -0.02%      -0.11%    -2.39%    +4.61%  3/6
                                    blocks (normalised): +0.70 +3.34 +5.89 -2.01 -2.77 -0.92
sm-mixed-load         strata-load   orjson-load      6      -0.09%     +0.55%      -0.04%    -1.16%    +1.01%  3/6
                                    blocks (normalised): +1.03 +0.55 -0.86 -1.45 +0.98 -0.64
sm-mixed-loads        strata-loads  orjson-loads     6      -0.85%     -0.91%      -0.27%    -0.59%    +0.33%  2/6
                                    blocks (normalised): -0.45 +0.39 -0.72 -0.41 -0.14 +0.27
sm-nested-dump        strata-dump   orjson-dump      6      -4.64%     -3.07%      -2.17%    -3.97%    +2.73%  2/6
                                    blocks (normalised): -4.38 -2.41 +0.01 -3.55 +5.46 -1.92
sm-nested-dumps       strata-bytes  orjson-bytes     6      -0.44%     +0.41%      -0.49%    -1.88%    +0.23%  2/6
                                    blocks (normalised): -0.98 -0.00 -2.75 +0.20 -1.01 +0.25
sm-nested-dumps       strata-str    orjson-bytes     6      -0.72%     +0.41%      -0.84%    -1.38%    -0.11%  1/6
                                    blocks (normalised): -0.48 -1.38 -0.54 -1.15 -1.38 +0.25
sm-nested-load        strata-load   orjson-load      6      +1.63%     +1.27%      +0.48%    -0.87%    +1.32%  3/6
                                    blocks (normalised): -0.11 +1.06 +1.26 -0.62 +1.37 -1.12
sm-nested-loads       strata-loads  orjson-loads     6      -0.14%     +0.01%      +0.19%    -0.28%    +0.71%  5/6
                                    blocks (normalised): +0.43 +0.14 +0.13 +0.23 -0.69 +0.98
sm-users-dump         strata-dump   orjson-dump      6      +1.23%     +0.09%      +1.26%    -0.59%    +3.03%  4/6
                                    blocks (normalised): +2.04 -0.40 +0.48 +2.35 -0.78 +3.72
sm-users-dumps        strata-bytes  orjson-bytes     6      +0.89%     -0.17%      +1.14%    +0.90%    +2.05%  6/6
                                    blocks (normalised): +1.31 +1.57 +0.97 +0.96 +0.84 +2.52
sm-users-dumps        strata-str    orjson-bytes     6      +1.35%     -0.17%      +1.01%    +0.16%    +2.18%  6/6
                                    blocks (normalised): +0.29 +2.23 +0.03 +1.39 +2.13 +0.64
sm-users-load         strata-load   orjson-load      6      +0.47%     +0.08%      -0.02%    -0.66%    +0.78%  3/6
                                    blocks (normalised): +0.38 -0.74 -0.08 -0.59 +1.18 +0.03
sm-users-loads        strata-loads  orjson-loads     6      -0.36%     +0.05%      -0.33%    -0.98%    +0.36%  2/6
                                    blocks (normalised): +0.33 +0.39 -0.59 -0.99 -0.08 -0.97
sm-users-ndload       strata-ndload orjson-ndload    6      +0.23%     +0.31%      -0.14%    -0.84%    +1.08%  3/6
                                    blocks (normalised): -0.50 +0.22 -1.17 -0.49 +1.13 +1.03
sm-wide_arrays-dump   strata-dump   orjson-dump      6      -0.50%     -0.20%      +0.56%    -1.59%    +0.99%  4/6
                                    blocks (normalised): +0.40 +0.71 +0.85 +1.12 -0.18 -3.01
sm-wide_arrays-dumps  strata-bytes  orjson-bytes     6      -0.52%     +0.23%      -0.29%    -2.19%    +0.22%  1/6
                                    blocks (normalised): -1.42 -0.08 -2.97 +0.52 -0.27 -0.31
sm-wide_arrays-dumps  strata-str    orjson-bytes     6      +0.24%     +0.23%      -0.15%    -0.68%    +0.69%  3/6
                                    blocks (normalised): -0.42 +0.46 -0.94 +0.92 -0.43 +0.11
sm-wide_arrays-load   strata-load   orjson-load      6      +0.05%     -0.60%      +0.82%    -0.24%    +1.77%  5/6
                                    blocks (normalised): +0.32 -0.81 +1.41 +2.13 +1.05 +0.58
sm-wide_arrays-loads  strata-loads  orjson-loads     6      +0.63%     +0.58%      -0.28%    -1.47%    +0.86%  2/6
                                    blocks (normalised): -0.08 -2.12 -0.83 +0.97 -0.49 +0.76

raw strata / raw rival: the same block estimator on the unnormalised medians.
normalised: strata/rival measured in the same process, then blocked.
ci: bootstrap over whole blocks of the median block effect (2000 resamples).

== drift: the trailing baseline launch against the leading one
md-flat-dumps         strata-bytes  strata -1.17%   rival -0.41%   normalised -0.76%
md-flat-dumps         strata-str    strata +0.72%   rival -0.41%   normalised +1.13%
md-mixed-dumps        strata-bytes  strata +0.39%   rival -0.34%   normalised +0.73%
md-mixed-dumps        strata-str    strata +1.12%   rival -0.34%   normalised +1.47%
md-nested-dumps       strata-bytes  strata -3.14%   rival -2.33%   normalised -0.83%
md-nested-dumps       strata-str    strata -3.27%   rival -2.33%   normalised -0.97%
md-users-dumps        strata-bytes  strata -0.50%   rival -0.82%   normalised +0.33%
md-users-dumps        strata-str    strata -1.93%   rival -0.82%   normalised -1.12%
md-wide_arrays-dumps  strata-bytes  strata -0.57%   rival -2.53%   normalised +2.01%
md-wide_arrays-dumps  strata-str    strata -1.98%   rival -2.53%   normalised +0.57%
sm-flat-dump          strata-dump   strata -0.89%   rival -0.90%   normalised +0.00%
sm-flat-dumps         strata-bytes  strata -0.64%   rival -2.32%   normalised +1.72%
sm-flat-dumps         strata-str    strata +0.44%   rival -2.32%   normalised +2.83%
sm-flat-load          strata-load   strata -3.24%   rival -1.95%   normalised -1.31%
sm-flat-loads         strata-loads  strata -1.36%   rival -1.99%   normalised +0.65%
sm-mixed-dump         strata-dump   strata -7.09%   rival -4.73%   normalised -2.48%
sm-mixed-dumps        strata-bytes  strata +0.57%   rival +3.69%   normalised -3.02%
sm-mixed-dumps        strata-str    strata +0.91%   rival +3.69%   normalised -2.69%
sm-mixed-load         strata-load   strata -5.47%   rival -6.79%   normalised +1.41%
sm-mixed-loads        strata-loads  strata -3.14%   rival -3.57%   normalised +0.45%
sm-nested-dump        strata-dump   strata +6.58%   rival +4.25%   normalised +2.23%
sm-nested-dumps       strata-bytes  strata +0.80%   rival +1.05%   normalised -0.25%
sm-nested-dumps       strata-str    strata +1.50%   rival +1.05%   normalised +0.45%
sm-nested-load        strata-load   strata -3.18%   rival -1.33%   normalised -1.88%
sm-nested-loads       strata-loads  strata -2.77%   rival -1.23%   normalised -1.56%
sm-users-dump         strata-dump   strata +1.77%   rival +1.08%   normalised +0.68%
sm-users-dumps        strata-bytes  strata -0.34%   rival -1.54%   normalised +1.23%
sm-users-dumps        strata-str    strata -0.46%   rival -1.54%   normalised +1.10%
sm-users-load         strata-load   strata +4.36%   rival +2.02%   normalised +2.30%
sm-users-loads        strata-loads  strata +0.67%   rival -0.77%   normalised +1.45%
sm-users-ndload       strata-ndload strata -0.95%   rival -0.14%   normalised -0.81%
sm-wide_arrays-dump   strata-dump   strata -1.36%   rival -3.60%   normalised +2.32%
sm-wide_arrays-dumps  strata-bytes  strata -0.94%   rival +2.64%   normalised -3.48%
sm-wide_arrays-dumps  strata-str    strata -0.43%   rival +2.64%   normalised -2.99%
sm-wide_arrays-load   strata-load   strata -0.93%   rival -1.23%   normalised +0.30%
sm-wide_arrays-loads  strata-loads  strata +2.10%   rival -0.51%   normalised +2.62%
