2026-09-29T21:19:24.4681478Z Current runner version: '2.337.0'
2026-09-29T21:19:24.4713112Z ##[group]Runner Image Provisioner
2026-09-29T21:19:24.4714645Z Hosted Compute Agent
2026-09-29T21:19:24.4715321Z Version: 20260828.587
2026-09-29T21:19:24.4716068Z Commit: abac92662cab4cc7352de4f9f9d2e2419aad9c29
2026-09-29T21:19:24.4716899Z Build Date: 2026-08-28T16:44:25Z
2026-09-29T21:19:24.4717661Z Worker ID: {bd52406b-2c96-46a1-b61f-a4f54a73b8bd}
2026-09-29T21:19:24.4718484Z Azure Region: northcentralus
2026-09-29T21:19:24.4719110Z ##[endgroup]
2026-09-29T21:19:24.4721263Z ##[group]Operating System
2026-09-29T21:19:24.4722200Z Ubuntu
2026-09-29T21:19:24.4722763Z 24.04.5
2026-09-29T21:19:24.4723369Z LTS
2026-09-29T21:19:24.4723879Z ##[endgroup]
2026-09-29T21:19:24.4724784Z ##[group]Runner Image
2026-09-29T21:19:24.4726081Z Image: ubuntu-24.04-arm
2026-09-29T21:19:24.4726706Z Version: 20260920.129.1
2026-09-29T21:19:24.4728189Z Included Software: https://github.com/actions/runner-images/blob/ubuntu24-arm64/20260920.129/images/ubuntu/Ubuntu2404-Arm64-Readme.md
2026-09-29T21:19:24.4729798Z Image Release: https://github.com/actions/runner-images/releases/tag/ubuntu24-arm64%2F20260920.129
2026-09-29T21:19:24.4730930Z ##[endgroup]
2026-09-29T21:19:24.4732204Z ##[group]GITHUB_TOKEN Permissions
2026-09-29T21:19:24.4736022Z Contents: read
2026-09-29T21:19:24.4736669Z Metadata: read
2026-09-29T21:19:24.4737496Z Packages: read
2026-09-29T21:19:24.4738128Z ##[endgroup]
2026-09-29T21:19:24.4741141Z Secret source: Actions
2026-09-29T21:19:24.4742343Z Cache mode: write
2026-09-29T21:19:24.4743461Z Prepare workflow directory
2026-09-29T21:19:24.5146799Z Prepare all required actions
2026-09-29T21:19:24.5200346Z Getting action download info
2026-09-29T21:19:24.7770610Z Download action repository 'actions/checkout@v4' (SHA:11d5960a326750d5838078e36cf38b85af677262)
2026-09-29T21:19:24.9157965Z Download action repository 'actions/setup-python@v5' (SHA:a26af69be951a213d495a4c3e4e4022e16d87065)
2026-09-29T21:19:25.0368582Z Download action repository 'actions/upload-artifact@v4' (SHA:ea165f8d65b6e75b540449e92b4886f43607fa02)
2026-09-29T21:19:25.2221170Z Complete job name: supportability (linux-arm64)
2026-09-29T21:19:25.3115170Z ##[group]Run actions/checkout@v4
2026-09-29T21:19:25.3116588Z with:
2026-09-29T21:19:25.3117193Z   fetch-depth: 0
2026-09-29T21:19:25.3117795Z   repository: PrimeLab-Foundation/strata
2026-09-29T21:19:25.3121928Z   token: ***
2026-09-29T21:19:25.3122506Z   ssh-strict: true
2026-09-29T21:19:25.3123090Z   ssh-user: git
2026-09-29T21:19:25.3123717Z   persist-credentials: true
2026-09-29T21:19:25.3124866Z   clean: true
2026-09-29T21:19:25.3125551Z   sparse-checkout-cone-mode: true
2026-09-29T21:19:25.3126204Z   fetch-tags: false
2026-09-29T21:19:25.3126880Z   show-progress: true
2026-09-29T21:19:25.3127437Z   lfs: false
2026-09-29T21:19:25.3127957Z   submodules: false
2026-09-29T21:19:25.3128575Z   set-safe-directory: true
2026-09-29T21:19:25.3129194Z   allow-unsafe-pr-checkout: false
2026-09-29T21:19:25.3130376Z ##[endgroup]
2026-09-29T21:19:25.3992036Z Syncing repository: PrimeLab-Foundation/strata
2026-09-29T21:19:25.3994805Z ##[group]Getting Git version info
2026-09-29T21:19:25.3995786Z Working directory is '/home/runner/work/strata/strata'
2026-09-29T21:19:25.3998638Z [command]/usr/bin/git version
2026-09-29T21:19:25.4095107Z git version 2.55.0
2026-09-29T21:19:25.4112868Z ##[endgroup]
2026-09-29T21:19:25.4125279Z Temporarily overriding HOME='/home/runner/work/_temp/635d58a0-b6f7-465a-b8ab-a0f3b8bfd2a2' before making global git config changes
2026-09-29T21:19:25.4127142Z Adding repository directory to the temporary git global config as a safe directory
2026-09-29T21:19:25.4130053Z [command]/usr/bin/git config --global --add safe.directory /home/runner/work/strata/strata
2026-09-29T21:19:25.4160174Z Deleting the contents of '/home/runner/work/strata/strata'
2026-09-29T21:19:25.4164841Z ##[group]Initializing the repository
2026-09-29T21:19:25.4169181Z [command]/usr/bin/git init /home/runner/work/strata/strata
2026-09-29T21:19:25.4276908Z hint: Using 'master' as the name for the initial branch. This default branch name
2026-09-29T21:19:25.4278862Z hint: will change to "main" in Git 3.0. To configure the initial branch name
2026-09-29T21:19:25.4279876Z hint: to use in all of your new repositories, which will suppress this warning,
2026-09-29T21:19:25.4281018Z hint: call:
2026-09-29T21:19:25.4281650Z hint:
2026-09-29T21:19:25.4282462Z hint: 	git config --global init.defaultBranch <name>
2026-09-29T21:19:25.4283234Z hint:
2026-09-29T21:19:25.4283933Z hint: Names commonly chosen instead of 'master' are 'main', 'trunk' and
2026-09-29T21:19:25.4285227Z hint: 'development'. The just-created branch can be renamed via this command:
2026-09-29T21:19:25.4286092Z hint:
2026-09-29T21:19:25.4286647Z hint: 	git branch -m <name>
2026-09-29T21:19:25.4287741Z hint:
2026-09-29T21:19:25.4288593Z hint: Disable this message with "git config set advice.defaultBranchName false"
2026-09-29T21:19:25.4289646Z Initialized empty Git repository in /home/runner/work/strata/strata/.git/
2026-09-29T21:19:25.4291661Z [command]/usr/bin/git remote add origin https://github.com/PrimeLab-Foundation/strata
2026-09-29T21:19:25.4367951Z ##[endgroup]
2026-09-29T21:19:25.4368988Z ##[group]Disabling automatic garbage collection
2026-09-29T21:19:25.4369905Z [command]/usr/bin/git config --local gc.auto 0
2026-09-29T21:19:25.4393865Z ##[endgroup]
2026-09-29T21:19:25.4395514Z ##[group]Setting up auth
2026-09-29T21:19:25.4400093Z [command]/usr/bin/git config --local --name-only --get-regexp core\.sshCommand
2026-09-29T21:19:25.4430014Z [command]/usr/bin/git submodule foreach --recursive sh -c "git config --local --name-only --get-regexp 'core\.sshCommand' && git config --local --unset-all 'core.sshCommand' || :"
2026-09-29T21:19:25.4748179Z [command]/usr/bin/git config --local --name-only --get-regexp http\.https\:\/\/github\.com\/\.extraheader
2026-09-29T21:19:25.4777399Z [command]/usr/bin/git submodule foreach --recursive sh -c "git config --local --name-only --get-regexp 'http\.https\:\/\/github\.com\/\.extraheader' && git config --local --unset-all 'http.https://github.com/.extraheader' || :"
2026-09-29T21:19:25.4972933Z [command]/usr/bin/git config --local --name-only --get-regexp ^includeIf\.gitdir:
2026-09-29T21:19:25.4993905Z [command]/usr/bin/git submodule foreach --recursive git config --local --show-origin --name-only --get-regexp remote.origin.url
2026-09-29T21:19:25.5196168Z [command]/usr/bin/git config --local http.https://github.com/.extraheader AUTHORIZATION: basic ***
2026-09-29T21:19:25.5225924Z ##[endgroup]
2026-09-29T21:19:25.5227061Z ##[group]Fetching the repository
2026-09-29T21:19:25.5235362Z [command]/usr/bin/git -c protocol.version=2 fetch --prune --no-recurse-submodules origin +refs/heads/*:refs/remotes/origin/* +refs/tags/*:refs/tags/*
2026-09-29T21:19:27.8557713Z From https://github.com/PrimeLab-Foundation/strata
2026-09-29T21:19:27.8559090Z  * [new branch]      exp/ab-historic-base        -> origin/exp/ab-historic-base
2026-09-29T21:19:27.8560910Z  * [new branch]      exp/cold-entry              -> origin/exp/cold-entry
2026-09-29T21:19:27.8562233Z  * [new branch]      exp/cold-slot-interleave    -> origin/exp/cold-slot-interleave
2026-09-29T21:19:27.8563390Z  * [new branch]      exp/cross-sample            -> origin/exp/cross-sample
2026-09-29T21:19:27.8564858Z  * [new branch]      exp/emit-n2                 -> origin/exp/emit-n2
2026-09-29T21:19:27.8565887Z  * [new branch]      exp/m12-ab-arm              -> origin/exp/m12-ab-arm
2026-09-29T21:19:27.8567395Z  * [new branch]      exp/m12-base-pin            -> origin/exp/m12-base-pin
2026-09-29T21:19:27.8568694Z  * [new branch]      exp/m12-base-pin2           -> origin/exp/m12-base-pin2
2026-09-29T21:19:27.8570031Z  * [new branch]      exp/m12-default-hook        -> origin/exp/m12-default-hook
2026-09-29T21:19:27.8571455Z  * [new branch]      exp/m12-default-hook-2      -> origin/exp/m12-default-hook-2
2026-09-29T21:19:27.8572711Z  * [new branch]      exp/m12-source-ab           -> origin/exp/m12-source-ab
2026-09-29T21:19:27.8574012Z  * [new branch]      exp/m12b-ab-arm             -> origin/exp/m12b-ab-arm
2026-09-29T21:19:27.8575860Z  * [new branch]      exp/m12b-dumps-with-default -> origin/exp/m12b-dumps-with-default
2026-09-29T21:19:27.8577218Z  * [new branch]      exp/m13-adapters            -> origin/exp/m13-adapters
2026-09-29T21:19:27.8578413Z  * [new branch]      exp/m15-ab-arm              -> origin/exp/m15-ab-arm
2026-09-29T21:19:27.8579512Z  * [new branch]      exp/main-repair             -> origin/exp/main-repair
2026-09-29T21:19:27.8580660Z  * [new branch]      exp/native-gap              -> origin/exp/native-gap
2026-09-29T21:19:27.8581733Z  * [new branch]      exp/native-types            -> origin/exp/native-types
2026-09-29T21:19:27.8582963Z  * [new branch]      exp/p0-integration          -> origin/exp/p0-integration
2026-09-29T21:19:27.8584411Z  * [new branch]      exp/p0p6-integration        -> origin/exp/p0p6-integration
2026-09-29T21:19:27.8585535Z  * [new branch]      exp/p23-b1                  -> origin/exp/p23-b1
2026-09-29T21:19:27.8586785Z  * [new branch]      exp/p23-b1-tests            -> origin/exp/p23-b1-tests
2026-09-29T21:19:27.8588028Z  * [new branch]      exp/p23-general-tables      -> origin/exp/p23-general-tables
2026-09-29T21:19:27.8589347Z  * [new branch]      exp/p23-tests-only          -> origin/exp/p23-tests-only
2026-09-29T21:19:27.8590609Z  * [new branch]      exp/p24-open-cost           -> origin/exp/p24-open-cost
2026-09-29T21:19:27.8591789Z  * [new branch]      exp/p24-tests-only          -> origin/exp/p24-tests-only
2026-09-29T21:19:27.8593052Z  * [new branch]      exp/p26-tests-arm           -> origin/exp/p26-tests-arm
2026-09-29T21:19:27.8594430Z  * [new branch]      exp/p26-win-abi             -> origin/exp/p26-win-abi
2026-09-29T21:19:27.8595868Z  * [new branch]      exp/p6-acceptance2          -> origin/exp/p6-acceptance2
2026-09-29T21:19:27.8597272Z  * [new branch]      exp/p6-windows-ab           -> origin/exp/p6-windows-ab
2026-09-29T21:19:27.8598363Z  * [new branch]      exp/p6-x86-ab               -> origin/exp/p6-x86-ab
2026-09-29T21:19:27.8599766Z  * [new branch]      exp/p6-x86-regs             -> origin/exp/p6-x86-regs
2026-09-29T21:19:27.8600986Z  * [new branch]      exp/p6p7-integration        -> origin/exp/p6p7-integration
2026-09-29T21:19:27.8602284Z  * [new branch]      exp/p7-x86-nofp             -> origin/exp/p7-x86-nofp
2026-09-29T21:19:27.8603468Z  * [new branch]      exp/p7b-tests-only          -> origin/exp/p7b-tests-only
2026-09-29T21:19:27.8604752Z  * [new branch]      exp/p8-b1                   -> origin/exp/p8-b1
2026-09-29T21:19:27.8605956Z  * [new branch]      exp/p8-b12                  -> origin/exp/p8-b12
2026-09-29T21:19:27.8606999Z  * [new branch]      exp/p8-b2                   -> origin/exp/p8-b2
2026-09-29T21:19:27.8608124Z  * [new branch]      exp/p9-fused-dicts          -> origin/exp/p9-fused-dicts
2026-09-29T21:19:27.8609346Z  * [new branch]      exp/p9-probe-flag           -> origin/exp/p9-probe-flag
2026-09-29T21:19:27.8610511Z  * [new branch]      exp/p9-probe-placement      -> origin/exp/p9-probe-placement
2026-09-29T21:19:27.8611896Z  * [new branch]      exp/pin-discovery-ab        -> origin/exp/pin-discovery-ab
2026-09-29T21:19:27.8613143Z  * [new branch]      exp/pin-discovery-test      -> origin/exp/pin-discovery-test
2026-09-29T21:19:27.8614692Z  * [new branch]      exp/t1-ab                   -> origin/exp/t1-ab
2026-09-29T21:19:27.8615894Z  * [new branch]      exp/t1-private-cache-leak   -> origin/exp/t1-private-cache-leak
2026-09-29T21:19:27.8617059Z  * [new branch]      exp/t1-source-ab            -> origin/exp/t1-source-ab
2026-09-29T21:19:27.8618251Z  * [new branch]      exp/t1-tests-only           -> origin/exp/t1-tests-only
2026-09-29T21:19:27.8619376Z  * [new branch]      exp/t2-evidence-gates       -> origin/exp/t2-evidence-gates
2026-09-29T21:19:27.8620675Z  * [new branch]      exp/t3-ab-estimator         -> origin/exp/t3-ab-estimator
2026-09-29T21:19:27.8621777Z  * [new branch]      exp/win-mixed-probe         -> origin/exp/win-mixed-probe
2026-09-29T21:19:27.8623218Z  * [new branch]      exp/win-rawwalk-check       -> origin/exp/win-rawwalk-check
2026-09-29T21:19:27.8624580Z  * [new branch]      main                        -> origin/main
2026-09-29T21:19:27.8625667Z  * [new branch]      work/benchmark-lead         -> origin/work/benchmark-lead
2026-09-29T21:19:27.8626891Z  * [new branch]      work/september-7-plan       -> origin/work/september-7-plan
2026-09-29T21:19:27.8628090Z  * [new tag]         archive/exp/audit-tests     -> archive/exp/audit-tests
2026-09-29T21:19:27.8629235Z  * [new tag]         archive/exp/cursor          -> archive/exp/cursor
2026-09-29T21:19:27.8630319Z  * [new tag]         archive/exp/cursor2         -> archive/exp/cursor2
2026-09-29T21:19:27.8631377Z  * [new tag]         archive/exp/digitchain      -> archive/exp/digitchain
2026-09-29T21:19:27.8632540Z  * [new tag]         archive/exp/dump-flat-macos -> archive/exp/dump-flat-macos
2026-09-29T21:19:27.8633689Z  * [new tag]         archive/exp/dumps-n2        -> archive/exp/dumps-n2
2026-09-29T21:19:27.8634962Z  * [new tag]         archive/exp/e26-p2-profile  -> archive/exp/e26-p2-profile
2026-09-29T21:19:27.8636285Z  * [new tag]         archive/exp/fix1-reentrant-mutation -> archive/exp/fix1-reentrant-mutation
2026-09-29T21:19:27.8637782Z  * [new tag]         archive/exp/fix1-reentrant-mutation-v2 -> archive/exp/fix1-reentrant-mutation-v2
2026-09-29T21:19:27.8639371Z  * [new tag]         archive/exp/fix1-reentrant-mutation-v3 -> archive/exp/fix1-reentrant-mutation-v3
2026-09-29T21:19:27.8641003Z  * [new tag]         archive/exp/fix1-reentrant-mutation-v4 -> archive/exp/fix1-reentrant-mutation-v4
2026-09-29T21:19:27.8642340Z  * [new tag]         archive/exp/fix2-surrogate-key -> archive/exp/fix2-surrogate-key
2026-09-29T21:19:27.8643626Z  * [new tag]         archive/exp/p0-controls     -> archive/exp/p0-controls
2026-09-29T21:19:27.8648668Z  * [new tag]         archive/exp/p1-attribution  -> archive/exp/p1-attribution
2026-09-29T21:19:27.8650309Z  * [new tag]         archive/exp/shrink-cold-instruction-footprint -> archive/exp/shrink-cold-instruction-footprint
2026-09-29T21:19:27.8652300Z  * [new tag]         archive/exp/shrink-write-stack-frames -> archive/exp/shrink-write-stack-frames
2026-09-29T21:19:27.8653605Z  * [new tag]         archive/exp/terminator      -> archive/exp/terminator
2026-09-29T21:19:27.8655347Z  * [new tag]         archive/exp/width-flat-format-int64-above-1e4 -> archive/exp/width-flat-format-int64-above-1e4
2026-09-29T21:19:27.8656820Z  * [new tag]         archive/main-from-scratch-v1 -> archive/main-from-scratch-v1
2026-09-29T21:19:27.8657991Z  * [new tag]         archive/main-v2             -> archive/main-v2
2026-09-29T21:19:27.8658985Z  * [new tag]         archive/main-v2-0.1         -> archive/main-v2-0.1
2026-09-29T21:19:27.8660168Z  * [new tag]         archive/main-v2-long-run-do-nothing -> archive/main-v2-long-run-do-nothing
2026-09-29T21:19:27.8661492Z  * [new tag]         archive/main-v2-prompt-1    -> archive/main-v2-prompt-1
2026-09-29T21:19:27.8662618Z  * [new tag]         archive/main-v2-prompt-2    -> archive/main-v2-prompt-2
2026-09-29T21:19:27.8663735Z  * [new tag]         archive/main-v2-prompt-3    -> archive/main-v2-prompt-3
2026-09-29T21:19:27.8665163Z  * [new tag]         archive/main-v2-prompt-4    -> archive/main-v2-prompt-4
2026-09-29T21:19:27.8667507Z [command]/usr/bin/git branch --list --remote origin/exp/native-gap
2026-09-29T21:19:27.8668532Z   origin/exp/native-gap
2026-09-29T21:19:27.8670206Z [command]/usr/bin/git rev-parse refs/remotes/origin/exp/native-gap
2026-09-29T21:19:27.8671148Z bc6d9ba83ad33f6b9e2f3b35d87b07d0b4dcc11e
2026-09-29T21:19:27.8673153Z ##[endgroup]
2026-09-29T21:19:27.8674534Z ##[group]Determining the checkout info
2026-09-29T21:19:27.8675635Z ##[endgroup]
2026-09-29T21:19:27.8676361Z [command]/usr/bin/git sparse-checkout disable
2026-09-29T21:19:27.8691082Z [command]/usr/bin/git config --local --unset-all extensions.worktreeConfig
2026-09-29T21:19:27.8723190Z ##[group]Checking out the ref
2026-09-29T21:19:27.8725182Z [command]/usr/bin/git checkout --progress --force -B exp/native-gap refs/remotes/origin/exp/native-gap
2026-09-29T21:19:28.0087561Z Switched to a new branch 'exp/native-gap'
2026-09-29T21:19:28.0089136Z branch 'exp/native-gap' set up to track 'origin/exp/native-gap'.
2026-09-29T21:19:28.0102190Z ##[endgroup]
2026-09-29T21:19:28.0142147Z [command]/usr/bin/git log -1 --format=%H
2026-09-29T21:19:28.0166411Z bc6d9ba83ad33f6b9e2f3b35d87b07d0b4dcc11e
2026-09-29T21:19:28.0471582Z ##[group]Run actions/setup-python@v5
2026-09-29T21:19:28.0472465Z with:
2026-09-29T21:19:28.0473156Z   python-version: 3.12
2026-09-29T21:19:28.0473883Z   check-latest: false
2026-09-29T21:19:28.0481171Z   token: ***
2026-09-29T21:19:28.0481869Z   update-environment: true
2026-09-29T21:19:28.0482567Z   allow-prereleases: false
2026-09-29T21:19:28.0483329Z   freethreaded: false
2026-09-29T21:19:28.0483963Z ##[endgroup]
2026-09-29T21:19:28.1621976Z ##[group]Installed versions
2026-09-29T21:19:28.1700811Z (node:2211) [DEP0040] DeprecationWarning: The `punycode` module is deprecated. Please use a userland alternative instead.
2026-09-29T21:19:28.1702886Z (Use `node --trace-deprecation ...` to show where the warning was created)
2026-09-29T21:19:28.1703995Z Successfully set up CPython (3.12.14)
2026-09-29T21:19:28.1705677Z ##[endgroup]
2026-09-29T21:19:28.1871349Z ##[group]Run sudo apt-get update
2026-09-29T21:19:28.1872296Z sudo apt-get update
2026-09-29T21:19:28.1873196Z sudo apt-get install -y clang llvm cmake
2026-09-29T21:19:28.2007581Z shell: /usr/bin/bash -e {0}
2026-09-29T21:19:28.2008577Z env:
2026-09-29T21:19:28.2009350Z   pythonLocation: /opt/hostedtoolcache/Python/3.12.14/arm64
2026-09-29T21:19:28.2010645Z   PKG_CONFIG_PATH: /opt/hostedtoolcache/Python/3.12.14/arm64/lib/pkgconfig
2026-09-29T21:19:28.2011865Z   Python_ROOT_DIR: /opt/hostedtoolcache/Python/3.12.14/arm64
2026-09-29T21:19:28.2012939Z   Python2_ROOT_DIR: /opt/hostedtoolcache/Python/3.12.14/arm64
2026-09-29T21:19:28.2014363Z   Python3_ROOT_DIR: /opt/hostedtoolcache/Python/3.12.14/arm64
2026-09-29T21:19:28.2015533Z   LD_LIBRARY_PATH: /opt/hostedtoolcache/Python/3.12.14/arm64/lib
2026-09-29T21:19:28.2016446Z ##[endgroup]
2026-09-29T21:19:28.3413628Z Get:1 https://packages.microsoft.com/ubuntu/24.04/prod noble InRelease [3600 B]
2026-09-29T21:19:28.4636452Z Hit:2 http://ports.ubuntu.com/ubuntu-ports noble InRelease
2026-09-29T21:19:28.4838459Z Get:3 https://packages.microsoft.com/ubuntu/24.04/prod noble/main arm64 Packages [454 kB]
2026-09-29T21:19:28.5036438Z Get:4 http://ports.ubuntu.com/ubuntu-ports noble-updates InRelease [126 kB]
2026-09-29T21:19:28.5069534Z Get:5 https://packages.microsoft.com/ubuntu/24.04/prod noble/main amd64 Packages [503 kB]
2026-09-29T21:19:28.6057061Z Get:6 http://ports.ubuntu.com/ubuntu-ports noble-backports InRelease [126 kB]
2026-09-29T21:19:28.6609955Z Get:7 http://ports.ubuntu.com/ubuntu-ports noble-security InRelease [126 kB]
2026-09-29T21:19:28.6991733Z Get:8 http://ports.ubuntu.com/ubuntu-ports noble-updates/main arm64 Packages [1374 kB]
2026-09-29T21:19:28.8219392Z Get:9 http://ports.ubuntu.com/ubuntu-ports noble-updates/main Translation-en [299 kB]
2026-09-29T21:19:28.8535638Z Get:10 http://ports.ubuntu.com/ubuntu-ports noble-updates/main arm64 Components [178 kB]
2026-09-29T21:19:28.8829052Z Get:11 http://ports.ubuntu.com/ubuntu-ports noble-updates/universe arm64 Packages [1734 kB]
2026-09-29T21:19:28.9512593Z Get:12 http://ports.ubuntu.com/ubuntu-ports noble-updates/universe Translation-en [340 kB]
2026-09-29T21:19:28.9814383Z Get:13 http://ports.ubuntu.com/ubuntu-ports noble-updates/universe arm64 Components [387 kB]
2026-09-29T21:19:29.0119253Z Get:14 http://ports.ubuntu.com/ubuntu-ports noble-updates/restricted arm64 Packages [2462 kB]
2026-09-29T21:19:29.0736328Z Get:15 http://ports.ubuntu.com/ubuntu-ports noble-updates/restricted Translation-en [377 kB]
2026-09-29T21:19:29.1016574Z Get:16 http://ports.ubuntu.com/ubuntu-ports noble-backports/main arm64 Packages [40.7 kB]
2026-09-29T21:19:29.1286159Z Get:17 http://ports.ubuntu.com/ubuntu-ports noble-backports/main arm64 Components [3560 B]
2026-09-29T21:19:29.2227924Z Get:18 http://ports.ubuntu.com/ubuntu-ports noble-backports/universe arm64 Packages [31.3 kB]
2026-09-29T21:19:29.2499451Z Get:19 http://ports.ubuntu.com/ubuntu-ports noble-backports/universe Translation-en [18.6 kB]
2026-09-29T21:19:29.2770605Z Get:20 http://ports.ubuntu.com/ubuntu-ports noble-backports/universe arm64 Components [12.6 kB]
2026-09-29T21:19:29.3041603Z Get:21 http://ports.ubuntu.com/ubuntu-ports noble-security/main arm64 Packages [1124 kB]
2026-09-29T21:19:29.3372840Z Get:22 http://ports.ubuntu.com/ubuntu-ports noble-security/main Translation-en [220 kB]
2026-09-29T21:19:29.3654630Z Get:23 http://ports.ubuntu.com/ubuntu-ports noble-security/main arm64 Components [43.3 kB]
2026-09-29T21:19:29.3928851Z Get:24 http://ports.ubuntu.com/ubuntu-ports noble-security/universe arm64 Packages [1286 kB]
2026-09-29T21:19:29.4270293Z Get:25 http://ports.ubuntu.com/ubuntu-ports noble-security/universe Translation-en [244 kB]
2026-09-29T21:19:29.4553886Z Get:26 http://ports.ubuntu.com/ubuntu-ports noble-security/universe arm64 Components [76.3 kB]
2026-09-29T21:19:29.4831182Z Get:27 http://ports.ubuntu.com/ubuntu-ports noble-security/restricted arm64 Packages [2355 kB]
2026-09-29T21:19:29.5221829Z Get:28 http://ports.ubuntu.com/ubuntu-ports noble-security/restricted Translation-en [359 kB]
2026-09-29T21:19:33.9417642Z Fetched 14.3 MB in 2s (9485 kB/s)
2026-09-29T21:19:34.9128772Z Reading package lists...
2026-09-29T21:19:34.9435346Z Reading package lists...
2026-09-29T21:19:35.2085354Z Building dependency tree...
2026-09-29T21:19:35.2091630Z Reading state information...
2026-09-29T21:19:35.4485739Z The following additional packages will be installed:
2026-09-29T21:19:35.4495003Z   cmake-data libjsoncpp25 librhash0 llvm-runtime
2026-09-29T21:19:35.4503306Z Suggested packages:
2026-09-29T21:19:35.4503965Z   cmake-doc cmake-format elpa-cmake-mode ninja-build
2026-09-29T21:19:35.4694112Z The following NEW packages will be installed:
2026-09-29T21:19:35.4701957Z   clang cmake cmake-data libjsoncpp25 librhash0 llvm llvm-runtime
2026-09-29T21:19:35.5409220Z 0 upgraded, 7 newly installed, 0 to remove and 41 not upgraded.
2026-09-29T21:19:35.5409672Z Need to get 12.7 MB of archives.
2026-09-29T21:19:35.5410362Z After this operation, 45.1 MB of additional disk space will be used.
2026-09-29T21:19:35.5411028Z Get:1 http://ports.ubuntu.com/ubuntu-ports noble/universe arm64 clang arm64 1:18.0-59~exp2 [5854 B]
2026-09-29T21:19:35.5667207Z Get:2 http://ports.ubuntu.com/ubuntu-ports noble/main arm64 libjsoncpp25 arm64 1.9.5-6build1 [78.2 kB]
2026-09-29T21:19:35.6474377Z Get:3 http://ports.ubuntu.com/ubuntu-ports noble/main arm64 librhash0 arm64 1.4.3-3build1 [126 kB]
2026-09-29T21:19:35.7052713Z Get:4 http://ports.ubuntu.com/ubuntu-ports noble/main arm64 cmake-data all 3.28.3-1build7 [2155 kB]
2026-09-29T21:19:35.8680078Z Get:5 http://ports.ubuntu.com/ubuntu-ports noble/main arm64 cmake arm64 3.28.3-1build7 [10.3 MB]
2026-09-29T21:19:36.0128466Z Get:6 http://ports.ubuntu.com/ubuntu-ports noble/universe arm64 llvm-runtime arm64 1:18.0-59~exp2 [5498 B]
2026-09-29T21:19:36.0385778Z Get:7 http://ports.ubuntu.com/ubuntu-ports noble/universe arm64 llvm arm64 1:18.0-59~exp2 [4150 B]
2026-09-29T21:19:36.3170872Z Fetched 12.7 MB in 1s (22.7 MB/s)
2026-09-29T21:19:36.3620670Z Selecting previously unselected package clang.
2026-09-29T21:19:36.3967877Z (Reading database ... 
2026-09-29T21:19:36.3968229Z (Reading database ... 5%
2026-09-29T21:19:36.3969004Z (Reading database ... 10%
2026-09-29T21:19:36.3969440Z (Reading database ... 15%
2026-09-29T21:19:36.3969870Z (Reading database ... 20%
2026-09-29T21:19:36.3970502Z (Reading database ... 25%
2026-09-29T21:19:36.3970765Z (Reading database ... 30%
2026-09-29T21:19:36.3971779Z (Reading database ... 35%
2026-09-29T21:19:36.3972063Z (Reading database ... 40%
2026-09-29T21:19:36.3972332Z (Reading database ... 45%
2026-09-29T21:19:36.3972691Z (Reading database ... 50%
2026-09-29T21:19:36.5479372Z (Reading database ... 55%
2026-09-29T21:19:37.0562155Z (Reading database ... 60%
2026-09-29T21:19:37.3970842Z (Reading database ... 65%
2026-09-29T21:19:37.7400840Z (Reading database ... 70%
2026-09-29T21:19:38.0525776Z (Reading database ... 75%
2026-09-29T21:19:38.4048029Z (Reading database ... 80%
2026-09-29T21:19:39.1980647Z (Reading database ... 85%
2026-09-29T21:19:39.9219707Z (Reading database ... 90%
2026-09-29T21:19:40.6753570Z (Reading database ... 95%
2026-09-29T21:19:40.6753930Z (Reading database ... 100%
2026-09-29T21:19:40.6754742Z (Reading database ... 201510 files and directories currently installed.)
2026-09-29T21:19:40.6798414Z Preparing to unpack .../0-clang_1%3a18.0-59~exp2_arm64.deb ...
2026-09-29T21:19:40.6820860Z Unpacking clang (1:18.0-59~exp2) ...
2026-09-29T21:19:40.7108270Z Selecting previously unselected package libjsoncpp25:arm64.
2026-09-29T21:19:40.7277960Z Preparing to unpack .../1-libjsoncpp25_1.9.5-6build1_arm64.deb ...
2026-09-29T21:19:40.7298445Z Unpacking libjsoncpp25:arm64 (1.9.5-6build1) ...
2026-09-29T21:19:40.7500384Z Selecting previously unselected package librhash0:arm64.
2026-09-29T21:19:40.7664211Z Preparing to unpack .../2-librhash0_1.4.3-3build1_arm64.deb ...
2026-09-29T21:19:40.7673973Z Unpacking librhash0:arm64 (1.4.3-3build1) ...
2026-09-29T21:19:40.7896479Z Selecting previously unselected package cmake-data.
2026-09-29T21:19:40.8072951Z Preparing to unpack .../3-cmake-data_3.28.3-1build7_all.deb ...
2026-09-29T21:19:40.8143022Z Unpacking cmake-data (3.28.3-1build7) ...
2026-09-29T21:19:41.1297568Z Selecting previously unselected package cmake.
2026-09-29T21:19:41.1497885Z Preparing to unpack .../4-cmake_3.28.3-1build7_arm64.deb ...
2026-09-29T21:19:41.1508391Z Unpacking cmake (3.28.3-1build7) ...
2026-09-29T21:19:41.3140406Z Selecting previously unselected package llvm-runtime:arm64.
2026-09-29T21:19:41.3305754Z Preparing to unpack .../5-llvm-runtime_1%3a18.0-59~exp2_arm64.deb ...
2026-09-29T21:19:41.3314669Z Unpacking llvm-runtime:arm64 (1:18.0-59~exp2) ...
2026-09-29T21:19:41.3508405Z Selecting previously unselected package llvm.
2026-09-29T21:19:41.3672387Z Preparing to unpack .../6-llvm_1%3a18.0-59~exp2_arm64.deb ...
2026-09-29T21:19:41.3709653Z Unpacking llvm (1:18.0-59~exp2) ...
2026-09-29T21:19:41.4112231Z Setting up clang (1:18.0-59~exp2) ...
2026-09-29T21:19:41.4279121Z Setting up llvm-runtime:arm64 (1:18.0-59~exp2) ...
2026-09-29T21:19:41.4300296Z Setting up libjsoncpp25:arm64 (1.9.5-6build1) ...
2026-09-29T21:19:41.4319773Z Setting up llvm (1:18.0-59~exp2) ...
2026-09-29T21:19:41.4335499Z Setting up librhash0:arm64 (1.4.3-3build1) ...
2026-09-29T21:19:41.4353099Z Setting up cmake-data (3.28.3-1build7) ...
2026-09-29T21:19:41.4417406Z Setting up cmake (3.28.3-1build7) ...
2026-09-29T21:19:41.4446325Z Processing triggers for man-db (2.12.0-4build2) ...
2026-09-29T21:19:41.4524131Z Not building database; man-db/auto-update is not 'true'.
2026-09-29T21:19:41.4540149Z Processing triggers for libc-bin (2.39-0ubuntu8.9) ...
2026-09-29T21:19:44.5193990Z 
2026-09-29T21:19:44.5194817Z Running kernel seems to be up-to-date.
2026-09-29T21:19:44.5195356Z 
2026-09-29T21:19:44.5195486Z No services need to be restarted.
2026-09-29T21:19:44.5195683Z 
2026-09-29T21:19:44.5195874Z No containers need to be restarted.
2026-09-29T21:19:44.5196051Z 
2026-09-29T21:19:44.5196252Z No user sessions are running outdated binaries.
2026-09-29T21:19:44.5196508Z 
2026-09-29T21:19:44.5196719Z No VM guests are running outdated hypervisor (qemu) binaries on this host.
2026-09-29T21:19:45.7018360Z ##[group]Run make install-bench
2026-09-29T21:19:45.7018747Z make install-bench
2026-09-29T21:19:45.7073882Z shell: /usr/bin/bash -e {0}
2026-09-29T21:19:45.7074474Z env:
2026-09-29T21:19:45.7074945Z   pythonLocation: /opt/hostedtoolcache/Python/3.12.14/arm64
2026-09-29T21:19:45.7075409Z   PKG_CONFIG_PATH: /opt/hostedtoolcache/Python/3.12.14/arm64/lib/pkgconfig
2026-09-29T21:19:45.7075909Z   Python_ROOT_DIR: /opt/hostedtoolcache/Python/3.12.14/arm64
2026-09-29T21:19:45.7076351Z   Python2_ROOT_DIR: /opt/hostedtoolcache/Python/3.12.14/arm64
2026-09-29T21:19:45.7077004Z   Python3_ROOT_DIR: /opt/hostedtoolcache/Python/3.12.14/arm64
2026-09-29T21:19:45.7077471Z   LD_LIBRARY_PATH: /opt/hostedtoolcache/Python/3.12.14/arm64/lib
2026-09-29T21:19:45.7077826Z   CC: clang
2026-09-29T21:19:45.7078044Z   CXX: clang++
2026-09-29T21:19:45.7078287Z ##[endgroup]
2026-09-29T21:19:45.7176342Z python3 -m venv .venv
2026-09-29T21:19:49.9746089Z .venv/bin/python -m pip install -U pip setuptools wheel
2026-09-29T21:19:50.7828937Z Requirement already satisfied: pip in ./.venv/lib/python3.12/site-packages (25.0.1)
2026-09-29T21:19:50.8441485Z Collecting pip
2026-09-29T21:19:50.8770592Z   Downloading pip-26.2.1-py3-none-any.whl.metadata (4.6 kB)
2026-09-29T21:19:50.9690470Z Collecting setuptools
2026-09-29T21:19:50.9729728Z   Downloading setuptools-84.0.0-py3-none-any.whl.metadata (6.6 kB)
2026-09-29T21:19:50.9944226Z Collecting wheel
2026-09-29T21:19:50.9977614Z   Downloading wheel-0.48.0-py3-none-any.whl.metadata (2.3 kB)
2026-09-29T21:19:51.0127650Z Collecting packaging>=24.0 (from wheel)
2026-09-29T21:19:51.0172810Z   Downloading packaging-26.3-py3-none-any.whl.metadata (3.5 kB)
2026-09-29T21:19:51.0264997Z Downloading pip-26.2.1-py3-none-any.whl (1.8 MB)
2026-09-29T21:19:51.0537660Z    ━━━━━━━━━━━━━━━━━━━━━━━━━━━━━━━━━━━━━━━━ 1.8/1.8 MB 92.1 MB/s eta 0:00:00
2026-09-29T21:19:51.0570008Z Downloading setuptools-84.0.0-py3-none-any.whl (818 kB)
2026-09-29T21:19:51.0634671Z    ━━━━━━━━━━━━━━━━━━━━━━━━━━━━━━━━━━━━━━━ 818.2/818.2 kB 129.7 MB/s eta 0:00:00
2026-09-29T21:19:51.0666126Z Downloading wheel-0.48.0-py3-none-any.whl (33 kB)
2026-09-29T21:19:51.0715297Z Downloading packaging-26.3-py3-none-any.whl (129 kB)
2026-09-29T21:19:51.0940314Z Installing collected packages: setuptools, pip, packaging, wheel
2026-09-29T21:19:51.5050152Z   Attempting uninstall: pip
2026-09-29T21:19:51.5069013Z     Found existing installation: pip 25.0.1
2026-09-29T21:19:51.5299498Z     Uninstalling pip-25.0.1:
2026-09-29T21:19:51.5341780Z       Successfully uninstalled pip-25.0.1
2026-09-29T21:19:52.5304369Z Successfully installed packaging-26.3 pip-26.2.1 setuptools-84.0.0 wheel-0.48.0
2026-09-29T21:19:52.6778756Z .venv/bin/python -m pip install -e '.[dev,bench]'
2026-09-29T21:19:53.7147849Z Obtaining file:///home/runner/work/strata/strata
2026-09-29T21:19:53.7164756Z   Installing build dependencies: started
2026-09-29T21:19:55.9705717Z   Installing build dependencies: finished with status 'done'
2026-09-29T21:19:55.9711965Z   Checking if build backend supports build_editable: started
2026-09-29T21:19:56.2727590Z   Checking if build backend supports build_editable: finished with status 'done'
2026-09-29T21:19:56.2734392Z   Getting requirements to build editable: started
2026-09-29T21:19:56.5926334Z   Getting requirements to build editable: finished with status 'done'
2026-09-29T21:19:56.5934677Z   Preparing editable metadata (pyproject.toml): started
2026-09-29T21:19:56.7885630Z   Preparing editable metadata (pyproject.toml): finished with status 'done'
2026-09-29T21:19:56.8589391Z Collecting cmake>=3.20 (from strata==2026.8.10)
2026-09-29T21:19:56.8603958Z   Using cached cmake-4.4.3-py3-none-manylinux2014_aarch64.manylinux_2_17_aarch64.whl.metadata (7.0 kB)
2026-09-29T21:19:56.8745886Z Collecting pytest>=7 (from strata==2026.8.10)
2026-09-29T21:19:56.8756622Z   Using cached pytest-9.1.1-py3-none-any.whl.metadata (7.6 kB)
2026-09-29T21:19:56.9354383Z Collecting pytest-cov>=4 (from strata==2026.8.10)
2026-09-29T21:19:56.9844779Z   Downloading pytest_cov-7.1.0-py3-none-any.whl.metadata (32 kB)
2026-09-29T21:19:57.2500239Z Collecting ruff>=0.5 (from strata==2026.8.10)
2026-09-29T21:19:57.2552620Z   Downloading ruff-0.16.9-py3-none-manylinux_2_17_aarch64.manylinux2014_aarch64.whl.metadata (20 kB)
2026-09-29T21:19:57.2773670Z Collecting pre-commit>=3.5 (from strata==2026.8.10)
2026-09-29T21:19:57.2805829Z   Downloading pre_commit-4.6.2-py2.py3-none-any.whl.metadata (1.2 kB)
2026-09-29T21:19:57.3436573Z Collecting clang-format<22,>=21 (from strata==2026.8.10)
2026-09-29T21:19:57.3481302Z   Downloading clang_format-21.1.8-py2.py3-none-manylinux_2_26_aarch64.manylinux_2_28_aarch64.whl.metadata (4.7 kB)
2026-09-29T21:19:57.5093023Z Collecting orjson (from strata==2026.8.10)
2026-09-29T21:19:57.5156431Z   Downloading orjson-3.12.0-cp312-cp312-manylinux_2_17_aarch64.manylinux2014_aarch64.whl.metadata (41 kB)
2026-09-29T21:19:57.5764913Z Collecting msgspec (from strata==2026.8.10)
2026-09-29T21:19:57.5808879Z   Downloading msgspec-0.22.0-cp312-cp312-manylinux2014_aarch64.manylinux_2_17_aarch64.manylinux_2_28_aarch64.whl.metadata (6.0 kB)
2026-09-29T21:19:57.6318227Z Collecting ujson (from strata==2026.8.10)
2026-09-29T21:19:57.6389486Z   Downloading ujson-6.0.0-cp312-cp312-manylinux_2_24_aarch64.manylinux_2_28_aarch64.whl.metadata (10.0 kB)
2026-09-29T21:19:57.6930771Z Collecting pysimdjson (from strata==2026.8.10)
2026-09-29T21:19:57.6972840Z   Downloading pysimdjson-7.0.2-cp312-cp312-manylinux_2_17_aarch64.manylinux2014_aarch64.whl.metadata (1.1 kB)
2026-09-29T21:19:57.7075743Z Collecting jmespath (from strata==2026.8.10)
2026-09-29T21:19:57.7108200Z   Downloading jmespath-1.1.0-py3-none-any.whl.metadata (7.6 kB)
2026-09-29T21:19:57.7660089Z Collecting jsonpath-ng (from strata==2026.8.10)
2026-09-29T21:19:57.7694865Z   Downloading jsonpath_ng-1.8.0-py3-none-any.whl.metadata (18 kB)
2026-09-29T21:19:57.8189907Z Collecting psutil>=5 (from strata==2026.8.10)
2026-09-29T21:19:57.8226071Z   Downloading psutil-7.2.2-cp36-abi3-manylinux2014_aarch64.manylinux_2_17_aarch64.manylinux_2_28_aarch64.whl.metadata (22 kB)
2026-09-29T21:19:57.8368507Z Collecting cfgv>=2.0.0 (from pre-commit>=3.5->strata==2026.8.10)
2026-09-29T21:19:57.8400633Z   Downloading cfgv-3.5.0-py2.py3-none-any.whl.metadata (8.9 kB)
2026-09-29T21:19:57.8663642Z Collecting identify>=1.0.0 (from pre-commit>=3.5->strata==2026.8.10)
2026-09-29T21:19:57.8697523Z   Downloading identify-2.6.20-py2.py3-none-any.whl.metadata (4.4 kB)
2026-09-29T21:19:57.8819045Z Collecting nodeenv>=0.11.1 (from pre-commit>=3.5->strata==2026.8.10)
2026-09-29T21:19:57.8852244Z   Downloading nodeenv-1.11.0-py2.py3-none-any.whl.metadata (40 kB)
2026-09-29T21:19:57.9155643Z Collecting pyyaml>=5.1 (from pre-commit>=3.5->strata==2026.8.10)
2026-09-29T21:19:57.9189439Z   Downloading pyyaml-6.0.3-cp312-cp312-manylinux2014_aarch64.manylinux_2_17_aarch64.manylinux_2_28_aarch64.whl.metadata (2.4 kB)
2026-09-29T21:19:57.9482191Z Collecting virtualenv>=20.10.0 (from pre-commit>=3.5->strata==2026.8.10)
2026-09-29T21:19:57.9524839Z   Downloading virtualenv-21.14.0-py3-none-any.whl.metadata (4.1 kB)
2026-09-29T21:19:57.9601340Z Collecting iniconfig>=1.0.1 (from pytest>=7->strata==2026.8.10)
2026-09-29T21:19:57.9611992Z   Using cached iniconfig-2.3.0-py3-none-any.whl.metadata (2.5 kB)
2026-09-29T21:19:57.9627314Z Requirement already satisfied: packaging>=22 in ./.venv/lib/python3.12/site-packages (from pytest>=7->strata==2026.8.10) (26.3)
2026-09-29T21:19:57.9660588Z Collecting pluggy<2,>=1.5 (from pytest>=7->strata==2026.8.10)
2026-09-29T21:19:57.9671175Z   Using cached pluggy-1.6.0-py3-none-any.whl.metadata (4.8 kB)
2026-09-29T21:19:57.9765027Z Collecting pygments>=2.7.2 (from pytest>=7->strata==2026.8.10)
2026-09-29T21:19:57.9775121Z   Using cached pygments-2.21.0-py3-none-any.whl.metadata (2.5 kB)
2026-09-29T21:19:58.3347515Z Collecting coverage>=7.10.6 (from coverage[toml]>=7.10.6->pytest-cov>=4->strata==2026.8.10)
2026-09-29T21:19:58.3384139Z   Downloading coverage-7.16.2-cp312-cp312-manylinux2014_aarch64.manylinux_2_17_aarch64.manylinux_2_28_aarch64.whl.metadata (8.2 kB)
2026-09-29T21:19:58.3529562Z Collecting distlib<1,>=0.3.7 (from virtualenv>=20.10.0->pre-commit>=3.5->strata==2026.8.10)
2026-09-29T21:19:58.3562186Z   Downloading distlib-0.4.3-py2.py3-none-any.whl.metadata (5.3 kB)
2026-09-29T21:19:58.3755974Z Collecting filelock<5,>=3.24.2 (from virtualenv>=20.10.0->pre-commit>=3.5->strata==2026.8.10)
2026-09-29T21:19:58.3796846Z   Downloading filelock-4.0.6-py3-none-any.whl.metadata (2.0 kB)
2026-09-29T21:19:58.3952449Z Collecting platformdirs<5,>=3.9.1 (from virtualenv>=20.10.0->pre-commit>=3.5->strata==2026.8.10)
2026-09-29T21:19:58.3984586Z   Downloading platformdirs-4.12.2-py3-none-any.whl.metadata (5.5 kB)
2026-09-29T21:19:58.4090319Z Collecting python-discovery>=1.6 (from virtualenv>=20.10.0->pre-commit>=3.5->strata==2026.8.10)
2026-09-29T21:19:58.4122675Z   Downloading python_discovery-1.6.1-py3-none-any.whl.metadata (5.1 kB)
2026-09-29T21:19:58.4274390Z Downloading clang_format-21.1.8-py2.py3-none-manylinux_2_26_aarch64.manylinux_2_28_aarch64.whl (1.7 MB)
2026-09-29T21:19:58.4503113Z    ━━━━━━━━━━━━━━━━━━━━━━━━━━━━━━━━━━━━━━━━ 1.7/1.7 MB 98.4 MB/s  0:00:00
2026-09-29T21:19:58.4513331Z Using cached cmake-4.4.3-py3-none-manylinux2014_aarch64.manylinux_2_17_aarch64.whl (30.3 MB)
2026-09-29T21:19:58.4647040Z Downloading pre_commit-4.6.2-py2.py3-none-any.whl (226 kB)
2026-09-29T21:19:58.4706936Z Downloading cfgv-3.5.0-py2.py3-none-any.whl (7.4 kB)
2026-09-29T21:19:58.4889116Z Downloading identify-2.6.20-py2.py3-none-any.whl (99 kB)
2026-09-29T21:19:58.4945489Z Downloading nodeenv-1.11.0-py2.py3-none-any.whl (34 kB)
2026-09-29T21:19:58.5079246Z Downloading psutil-7.2.2-cp36-abi3-manylinux2014_aarch64.manylinux_2_17_aarch64.manylinux_2_28_aarch64.whl (156 kB)
2026-09-29T21:19:58.5109478Z Using cached pytest-9.1.1-py3-none-any.whl (386 kB)
2026-09-29T21:19:58.5120625Z Using cached pluggy-1.6.0-py3-none-any.whl (20 kB)
2026-09-29T21:19:58.5130273Z Using cached iniconfig-2.3.0-py3-none-any.whl (7.5 kB)
2026-09-29T21:19:58.5140075Z Using cached pygments-2.21.0-py3-none-any.whl (1.3 MB)
2026-09-29T21:19:58.5187781Z Downloading pytest_cov-7.1.0-py3-none-any.whl (22 kB)
2026-09-29T21:19:58.5238168Z Downloading coverage-7.16.2-cp312-cp312-manylinux2014_aarch64.manylinux_2_17_aarch64.manylinux_2_28_aarch64.whl (259 kB)
2026-09-29T21:19:58.5307068Z Downloading pyyaml-6.0.3-cp312-cp312-manylinux2014_aarch64.manylinux_2_17_aarch64.manylinux_2_28_aarch64.whl (775 kB)
2026-09-29T21:19:58.5366604Z    ━━━━━━━━━━━━━━━━━━━━━━━━━━━━━━━━━━━━━━━━ 775.1/775.1 kB 127.3 MB/s  0:00:00
2026-09-29T21:19:58.5403325Z Downloading ruff-0.16.9-py3-none-manylinux_2_17_aarch64.manylinux2014_aarch64.whl (10.0 MB)
2026-09-29T21:19:58.6111580Z    ━━━━━━━━━━━━━━━━━━━━━━━━━━━━━━━━━━━━━━━━ 10.0/10.0 MB 142.1 MB/s  0:00:00
2026-09-29T21:19:58.6149327Z Downloading virtualenv-21.14.0-py3-none-any.whl (5.5 MB)
2026-09-29T21:19:58.6505310Z    ━━━━━━━━━━━━━━━━━━━━━━━━━━━━━━━━━━━━━━━━ 5.5/5.5 MB 157.1 MB/s  0:00:00
2026-09-29T21:19:58.6538837Z Downloading distlib-0.4.3-py2.py3-none-any.whl (470 kB)
2026-09-29T21:19:58.6601852Z Downloading filelock-4.0.6-py3-none-any.whl (109 kB)
2026-09-29T21:19:58.6653514Z Downloading platformdirs-4.12.2-py3-none-any.whl (32 kB)
2026-09-29T21:19:58.6704361Z Downloading python_discovery-1.6.1-py3-none-any.whl (38 kB)
2026-09-29T21:19:58.6755823Z Downloading jmespath-1.1.0-py3-none-any.whl (20 kB)
2026-09-29T21:19:58.6804303Z Downloading jsonpath_ng-1.8.0-py3-none-any.whl (67 kB)
2026-09-29T21:19:58.6862278Z Downloading msgspec-0.22.0-cp312-cp312-manylinux2014_aarch64.manylinux_2_17_aarch64.manylinux_2_28_aarch64.whl (224 kB)
2026-09-29T21:19:58.6917827Z Downloading orjson-3.12.0-cp312-cp312-manylinux_2_17_aarch64.manylinux2014_aarch64.whl (130 kB)
2026-09-29T21:19:58.6995689Z Downloading pysimdjson-7.0.2-cp312-cp312-manylinux_2_17_aarch64.manylinux2014_aarch64.whl (2.8 MB)
2026-09-29T21:19:58.7213465Z    ━━━━━━━━━━━━━━━━━━━━━━━━━━━━━━━━━━━━━━━━ 2.8/2.8 MB 130.5 MB/s  0:00:00
2026-09-29T21:19:58.7257605Z Downloading ujson-6.0.0-cp312-cp312-manylinux_2_24_aarch64.manylinux_2_28_aarch64.whl (57 kB)
2026-09-29T21:19:58.8293556Z Building wheels for collected packages: strata
2026-09-29T21:19:58.8299438Z   Building editable for strata (pyproject.toml): started
2026-09-29T21:20:59.4498653Z   Building editable for strata (pyproject.toml): still running...
2026-09-29T21:21:59.9120785Z   Building editable for strata (pyproject.toml): still running...
2026-09-29T21:23:00.0455630Z   Building editable for strata (pyproject.toml): still running...
2026-09-29T21:23:12.2746467Z   Building editable for strata (pyproject.toml): finished with status 'done'
2026-09-29T21:23:12.2753906Z   Created wheel for strata: filename=strata-2026.8.10-0.editable-cp312-cp312-linux_aarch64.whl size=4450 sha256=6b17237f52332e9bf4a11093eb49c6900789e607efe6b20615e312ade74553af
2026-09-29T21:23:12.2755773Z   Stored in directory: /tmp/pip-ephem-wheel-cache-u1k5ga3f/wheels/ab/73/9c/71109b0f5a731622820d2f6d25f1f3cfd677e39fdd3b3110b6
2026-09-29T21:23:12.2771319Z Successfully built strata
2026-09-29T21:23:12.3438368Z Installing collected packages: jsonpath-ng, distlib, clang-format, ujson, strata, ruff, pyyaml, pysimdjson, pygments, psutil, pluggy, platformdirs, orjson, nodeenv, msgspec, jmespath, iniconfig, identify, filelock, coverage, cmake, cfgv, python-discovery, pytest, virtualenv, pytest-cov, pre-commit
2026-09-29T21:23:14.4797552Z 
2026-09-29T21:23:14.4821711Z Successfully installed cfgv-3.5.0 clang-format-21.1.8 cmake-4.4.3 coverage-7.16.2 distlib-0.4.3 filelock-4.0.6 identify-2.6.20 iniconfig-2.3.0 jmespath-1.1.0 jsonpath-ng-1.8.0 msgspec-0.22.0 nodeenv-1.11.0 orjson-3.12.0 platformdirs-4.12.2 pluggy-1.6.0 pre-commit-4.6.2 psutil-7.2.2 pygments-2.21.0 pysimdjson-7.0.2 pytest-9.1.1 pytest-cov-7.1.0 python-discovery-1.6.1 pyyaml-6.0.3 ruff-0.16.9 strata-2026.8.10 ujson-6.0.0 virtualenv-21.14.0
2026-09-29T21:23:14.8267289Z ##[group]Run make pgo
2026-09-29T21:23:14.8267706Z make pgo
2026-09-29T21:23:14.8307336Z shell: /usr/bin/bash -e {0}
2026-09-29T21:23:14.8307738Z env:
2026-09-29T21:23:14.8308031Z   pythonLocation: /opt/hostedtoolcache/Python/3.12.14/arm64
2026-09-29T21:23:14.8308487Z   PKG_CONFIG_PATH: /opt/hostedtoolcache/Python/3.12.14/arm64/lib/pkgconfig
2026-09-29T21:23:14.8308985Z   Python_ROOT_DIR: /opt/hostedtoolcache/Python/3.12.14/arm64
2026-09-29T21:23:14.8309425Z   Python2_ROOT_DIR: /opt/hostedtoolcache/Python/3.12.14/arm64
2026-09-29T21:23:14.8309864Z   Python3_ROOT_DIR: /opt/hostedtoolcache/Python/3.12.14/arm64
2026-09-29T21:23:14.8310283Z   LD_LIBRARY_PATH: /opt/hostedtoolcache/Python/3.12.14/arm64/lib
2026-09-29T21:23:14.8310659Z   PYTHON: python
2026-09-29T21:23:14.8310908Z   CC: clang
2026-09-29T21:23:14.8311131Z   CXX: clang++
2026-09-29T21:23:14.8311356Z ##[endgroup]
2026-09-29T21:23:14.8548999Z ==> PGO: compiler is clang
2026-09-29T21:23:14.8573351Z ==> PGO phase 1: instrumented build
2026-09-29T21:23:15.6239917Z Obtaining file:///home/runner/work/strata/strata
2026-09-29T21:23:15.6257878Z   Installing build dependencies: started
2026-09-29T21:23:17.1556119Z   Installing build dependencies: finished with status 'done'
2026-09-29T21:23:17.1561702Z   Checking if build backend supports build_editable: started
2026-09-29T21:23:17.4043118Z   Checking if build backend supports build_editable: finished with status 'done'
2026-09-29T21:23:17.4049760Z   Getting requirements to build editable: started
2026-09-29T21:23:17.7300310Z   Getting requirements to build editable: finished with status 'done'
2026-09-29T21:23:17.7309387Z   Preparing editable metadata (pyproject.toml): started
2026-09-29T21:23:17.9390382Z   Preparing editable metadata (pyproject.toml): finished with status 'done'
2026-09-29T21:23:17.9437714Z Building wheels for collected packages: strata
2026-09-29T21:23:17.9444466Z   Building editable for strata (pyproject.toml): started
2026-09-29T21:24:08.9345074Z   Building editable for strata (pyproject.toml): finished with status 'done'
2026-09-29T21:24:08.9351867Z   Created wheel for strata: filename=strata-2026.8.10-0.editable-cp312-cp312-linux_aarch64.whl size=4450 sha256=b7acc027a16a1003a8fc04f346c024945faaa2d55899bcb77bd3bcfee94a2dc8
2026-09-29T21:24:08.9352951Z   Stored in directory: /tmp/pip-ephem-wheel-cache-c8qvhgi5/wheels/ab/73/9c/71109b0f5a731622820d2f6d25f1f3cfd677e39fdd3b3110b6
2026-09-29T21:24:08.9375322Z Successfully built strata
2026-09-29T21:24:08.9466366Z Installing collected packages: strata
2026-09-29T21:24:08.9467191Z   Attempting uninstall: strata
2026-09-29T21:24:08.9484518Z     Found existing installation: strata 2026.8.10
2026-09-29T21:24:08.9498005Z     Uninstalling strata-2026.8.10:
2026-09-29T21:24:08.9696308Z       Successfully uninstalled strata-2026.8.10
2026-09-29T21:24:08.9775021Z Successfully installed strata-2026.8.10
2026-09-29T21:24:09.3204785Z ==> PGO: the hook image must carry no profile
2026-09-29T21:24:09.3664595Z + strata._dumps_hook is unprofiled: _dumps_hook.cpython-312-aarch64-linux-gnu.so.build.json records no profile or profile flag,
2026-09-29T21:24:09.3665435Z   and the image links no profile runtime
2026-09-29T21:24:09.3727313Z ==> PGO: generating training data
2026-09-29T21:24:09.7422574Z   build/pgo/train.json (10.0 MB)
2026-09-29T21:24:09.7423124Z   build/pgo/train.ndjson (10.0 MB)
2026-09-29T21:24:09.7475966Z ==> PGO: running the training workload
2026-09-29T21:24:09.9580260Z PGO training workload
2026-09-29T21:24:09.9580676Z   corpus: 4001 records, 10.0 MB
2026-09-29T21:24:09.9581149Z [1/7] loads
2026-09-29T21:24:09.9581422Z   loads(str): 1x in 0.04s
2026-09-29T21:24:10.0264928Z   loads(bytes): 1x in 0.04s
2026-09-29T21:24:10.0603939Z   loads(sample): 5x in 0.01s
2026-09-29T21:24:10.0937772Z   loads(cursor): 5x in 0.01s
2026-09-29T21:24:10.1225389Z   loads(iterator): 3x in 0.01s
2026-09-29T21:24:10.1721947Z [2/7] dumps
2026-09-29T21:24:10.1722279Z   dumps(str): 1x in 0.03s
2026-09-29T21:24:10.2276162Z   dumps(bytes): 3x in 0.03s
2026-09-29T21:24:10.2526959Z   dumps(sample, bytes): 5x in 0.00s
2026-09-29T21:24:10.2762283Z   dumps(sample): 5x in 0.00s
2026-09-29T21:24:10.2973483Z   dumps(parsed sample, bytes): 2x in 0.00s
2026-09-29T21:24:10.3577729Z [3/7] load
2026-09-29T21:24:10.3578014Z   load(json): 1x in 0.04s
2026-09-29T21:24:10.4275938Z   load(ndjson): 1x in 0.04s
2026-09-29T21:24:10.4979082Z   load(ndjson, iterator): 1x in 0.04s
2026-09-29T21:24:10.5253302Z [4/7] dump
2026-09-29T21:24:10.5253921Z   dump(json): 3x in 0.00s
2026-09-29T21:24:10.5457922Z [5/7] query
2026-09-29T21:24:10.5458385Z   query $[0].name: 3x in 0.00s
2026-09-29T21:24:10.5651132Z   query $[*].id: 3x in 0.00s
2026-09-29T21:24:10.5835305Z   query $[*].items[*].sku: 3x in 0.00s
2026-09-29T21:24:10.6025399Z   query $..leaf: 3x in 0.00s
2026-09-29T21:24:10.6214414Z   query $[0:50].score: 3x in 0.00s
2026-09-29T21:24:10.6405697Z   query $[?(@.id > 100)].name: 3x in 0.00s
2026-09-29T21:24:10.6587847Z   query $[?(@.id <= 500)]: 3x in 0.00s
2026-09-29T21:24:10.6770438Z   query $[?(@.name == 'alpha')]: 3x in 0.00s
2026-09-29T21:24:10.6954023Z   query $[?(@.name != 'alpha')].id: 3x in 0.00s
2026-09-29T21:24:10.7139729Z   query $[?(@['id'] >= 0)].name: 3x in 0.00s
2026-09-29T21:24:10.7322285Z   query $[*].nested.child: 3x in 0.00s
2026-09-29T21:24:10.7500619Z   query $[*].tags[0]: 3x in 0.00s
2026-09-29T21:24:10.7679966Z   query $.*: 3x in 0.00s
2026-09-29T21:24:10.7858052Z   query(compiled): 5x in 0.00s
2026-09-29T21:24:10.8201492Z [6/7] search
2026-09-29T21:24:10.8202008Z   search json $[*].id: 1x in 0.02s
2026-09-29T21:24:10.8877408Z   search ndjson $[*].id: 1x in 0.04s
2026-09-29T21:24:10.9578647Z   search json $..leaf: 1x in 0.04s
2026-09-29T21:24:11.0300150Z   search ndjson $..leaf: 1x in 0.05s
2026-09-29T21:24:11.0973399Z   search json $[?(@.id > 100)].name: 1x in 0.04s
2026-09-29T21:24:11.1673868Z   search ndjson $[?(@.id > 100)].name: 1x in 0.04s
2026-09-29T21:24:11.1943347Z [7/7] folder mode
2026-09-29T21:24:11.1943891Z   dump(split_by): 1x in 0.00s
2026-09-29T21:24:11.2170118Z   load(folder): 1x in 0.00s
2026-09-29T21:24:11.2373131Z   search(folder): 1x in 0.00s
2026-09-29T21:24:11.2516356Z PGO training workload complete
2026-09-29T21:24:11.2603326Z ==> PGO: gate tests on the instrumented build
2026-09-29T21:24:11.2881330Z + /home/runner/work/strata/strata/.venv/bin/cmake -S . -B build/cmake -DCMAKE_BUILD_TYPE=Release
2026-09-29T21:24:11.4116720Z -- Configuring done (0.0s)
2026-09-29T21:24:11.4572480Z -- Generating done (0.0s)
2026-09-29T21:24:11.4575678Z -- Build files have been written to: /home/runner/work/strata/strata/build/cmake
2026-09-29T21:24:11.4588362Z + /home/runner/work/strata/strata/.venv/bin/cmake --build build/cmake --config Release
2026-09-29T21:24:11.5746329Z gmake[1]: Entering directory '/home/runner/work/strata/strata/build/cmake'
2026-09-29T21:24:11.5805581Z gmake[2]: Entering directory '/home/runner/work/strata/strata/build/cmake'
2026-09-29T21:24:11.5814539Z gmake[3]: Entering directory '/home/runner/work/strata/strata/build/cmake'
2026-09-29T21:24:11.5905864Z gmake[3]: Leaving directory '/home/runner/work/strata/strata/build/cmake'
2026-09-29T21:24:11.5936122Z gmake[3]: Entering directory '/home/runner/work/strata/strata/build/cmake'
2026-09-29T21:24:11.5961216Z [  0%] Linking CXX executable smoke_tests
2026-09-29T21:24:11.6558929Z gmake[3]: Leaving directory '/home/runner/work/strata/strata/build/cmake'
2026-09-29T21:24:11.6587712Z [  6%] Built target smoke_tests
2026-09-29T21:24:11.6603053Z gmake[3]: Entering directory '/home/runner/work/strata/strata/build/cmake'
2026-09-29T21:24:11.6698178Z gmake[3]: Leaving directory '/home/runner/work/strata/strata/build/cmake'
2026-09-29T21:24:11.6729432Z gmake[3]: Entering directory '/home/runner/work/strata/strata/build/cmake'
2026-09-29T21:24:11.6753551Z [  7%] Linking CXX executable json_core_tests
2026-09-29T21:24:11.7355581Z gmake[3]: Leaving directory '/home/runner/work/strata/strata/build/cmake'
2026-09-29T21:24:11.7385217Z [ 13%] Built target json_core_tests
2026-09-29T21:24:11.7400952Z gmake[3]: Entering directory '/home/runner/work/strata/strata/build/cmake'
2026-09-29T21:24:11.7495034Z gmake[3]: Leaving directory '/home/runner/work/strata/strata/build/cmake'
2026-09-29T21:24:11.7526156Z gmake[3]: Entering directory '/home/runner/work/strata/strata/build/cmake'
2026-09-29T21:24:11.7550232Z [ 13%] Linking CXX executable json_parse_tests
2026-09-29T21:24:11.8150394Z gmake[3]: Leaving directory '/home/runner/work/strata/strata/build/cmake'
2026-09-29T21:24:11.8179259Z [ 19%] Built target json_parse_tests
2026-09-29T21:24:11.8194834Z gmake[3]: Entering directory '/home/runner/work/strata/strata/build/cmake'
2026-09-29T21:24:11.8289744Z gmake[3]: Leaving directory '/home/runner/work/strata/strata/build/cmake'
2026-09-29T21:24:11.8320824Z gmake[3]: Entering directory '/home/runner/work/strata/strata/build/cmake'
2026-09-29T21:24:11.8345198Z [ 20%] Linking CXX executable fast_parse_tests
2026-09-29T21:24:11.8945426Z gmake[3]: Leaving directory '/home/runner/work/strata/strata/build/cmake'
2026-09-29T21:24:11.8975055Z [ 25%] Built target fast_parse_tests
2026-09-29T21:24:11.8990567Z gmake[3]: Entering directory '/home/runner/work/strata/strata/build/cmake'
2026-09-29T21:24:11.9084138Z gmake[3]: Leaving directory '/home/runner/work/strata/strata/build/cmake'
2026-09-29T21:24:11.9114982Z gmake[3]: Entering directory '/home/runner/work/strata/strata/build/cmake'
2026-09-29T21:24:11.9139840Z [ 26%] Linking CXX executable value_cursor_tests
2026-09-29T21:24:11.9741570Z gmake[3]: Leaving directory '/home/runner/work/strata/strata/build/cmake'
2026-09-29T21:24:11.9771688Z [ 32%] Built target value_cursor_tests
2026-09-29T21:24:11.9786566Z gmake[3]: Entering directory '/home/runner/work/strata/strata/build/cmake'
2026-09-29T21:24:11.9880662Z gmake[3]: Leaving directory '/home/runner/work/strata/strata/build/cmake'
2026-09-29T21:24:11.9911530Z gmake[3]: Entering directory '/home/runner/work/strata/strata/build/cmake'
2026-09-29T21:24:11.9936023Z [ 32%] Linking CXX executable json_serialize_tests
2026-09-29T21:24:12.0511165Z gmake[3]: Leaving directory '/home/runner/work/strata/strata/build/cmake'
2026-09-29T21:24:12.0539412Z [ 38%] Built target json_serialize_tests
2026-09-29T21:24:12.0554403Z gmake[3]: Entering directory '/home/runner/work/strata/strata/build/cmake'
2026-09-29T21:24:12.0652488Z gmake[3]: Leaving directory '/home/runner/work/strata/strata/build/cmake'
2026-09-29T21:24:12.0683718Z gmake[3]: Entering directory '/home/runner/work/strata/strata/build/cmake'
2026-09-29T21:24:12.0709010Z [ 39%] Linking CXX executable float_precision_tests
2026-09-29T21:24:12.1306762Z gmake[3]: Leaving directory '/home/runner/work/strata/strata/build/cmake'
2026-09-29T21:24:12.1336466Z [ 44%] Built target float_precision_tests
2026-09-29T21:24:12.1351471Z gmake[3]: Entering directory '/home/runner/work/strata/strata/build/cmake'
2026-09-29T21:24:12.1447832Z gmake[3]: Leaving directory '/home/runner/work/strata/strata/build/cmake'
2026-09-29T21:24:12.1478726Z gmake[3]: Entering directory '/home/runner/work/strata/strata/build/cmake'
2026-09-29T21:24:12.1502684Z [ 45%] Linking CXX executable json_cursor_tests
2026-09-29T21:24:12.2086879Z gmake[3]: Leaving directory '/home/runner/work/strata/strata/build/cmake'
2026-09-29T21:24:12.2116327Z [ 50%] Built target json_cursor_tests
2026-09-29T21:24:12.2131521Z gmake[3]: Entering directory '/home/runner/work/strata/strata/build/cmake'
2026-09-29T21:24:12.2224514Z gmake[3]: Leaving directory '/home/runner/work/strata/strata/build/cmake'
2026-09-29T21:24:12.2255956Z gmake[3]: Entering directory '/home/runner/work/strata/strata/build/cmake'
2026-09-29T21:24:12.2278938Z [ 51%] Linking CXX executable ndjson_tests
2026-09-29T21:24:12.2859412Z gmake[3]: Leaving directory '/home/runner/work/strata/strata/build/cmake'
2026-09-29T21:24:12.2888787Z [ 56%] Built target ndjson_tests
2026-09-29T21:24:12.2903884Z gmake[3]: Entering directory '/home/runner/work/strata/strata/build/cmake'
2026-09-29T21:24:12.3000294Z gmake[3]: Leaving directory '/home/runner/work/strata/strata/build/cmake'
2026-09-29T21:24:12.3031309Z gmake[3]: Entering directory '/home/runner/work/strata/strata/build/cmake'
2026-09-29T21:24:12.3054574Z [ 57%] Linking CXX executable jsonpath_tests
2026-09-29T21:24:12.3645638Z gmake[3]: Leaving directory '/home/runner/work/strata/strata/build/cmake'
2026-09-29T21:24:12.3675216Z [ 63%] Built target jsonpath_tests
2026-09-29T21:24:12.3690011Z gmake[3]: Entering directory '/home/runner/work/strata/strata/build/cmake'
2026-09-29T21:24:12.3783693Z gmake[3]: Leaving directory '/home/runner/work/strata/strata/build/cmake'
2026-09-29T21:24:12.3814641Z gmake[3]: Entering directory '/home/runner/work/strata/strata/build/cmake'
2026-09-29T21:24:12.3839911Z [ 63%] Linking CXX executable jsonpath_stream_tests
2026-09-29T21:24:12.4439006Z gmake[3]: Leaving directory '/home/runner/work/strata/strata/build/cmake'
2026-09-29T21:24:12.4467252Z [ 69%] Built target jsonpath_stream_tests
2026-09-29T21:24:12.4481684Z gmake[3]: Entering directory '/home/runner/work/strata/strata/build/cmake'
2026-09-29T21:24:12.4576569Z gmake[3]: Leaving directory '/home/runner/work/strata/strata/build/cmake'
2026-09-29T21:24:12.4607190Z gmake[3]: Entering directory '/home/runner/work/strata/strata/build/cmake'
2026-09-29T21:24:12.4630515Z [ 69%] Linking CXX executable scan_tests
2026-09-29T21:24:12.5201169Z gmake[3]: Leaving directory '/home/runner/work/strata/strata/build/cmake'
2026-09-29T21:24:12.5229977Z [ 75%] Built target scan_tests
2026-09-29T21:24:12.5245029Z gmake[3]: Entering directory '/home/runner/work/strata/strata/build/cmake'
2026-09-29T21:24:12.5340395Z gmake[3]: Leaving directory '/home/runner/work/strata/strata/build/cmake'
2026-09-29T21:24:12.5370903Z gmake[3]: Entering directory '/home/runner/work/strata/strata/build/cmake'
2026-09-29T21:24:12.5394351Z [ 75%] Linking CXX executable temporal_tests
2026-09-29T21:24:12.6005874Z gmake[3]: Leaving directory '/home/runner/work/strata/strata/build/cmake'
2026-09-29T21:24:12.6034647Z [ 81%] Built target temporal_tests
2026-09-29T21:24:12.6050556Z gmake[3]: Entering directory '/home/runner/work/strata/strata/build/cmake'
2026-09-29T21:24:12.6148469Z gmake[3]: Leaving directory '/home/runner/work/strata/strata/build/cmake'
2026-09-29T21:24:12.6181302Z gmake[3]: Entering directory '/home/runner/work/strata/strata/build/cmake'
2026-09-29T21:24:12.6207908Z [ 81%] Linking CXX executable folder_tests
2026-09-29T21:24:12.6811573Z gmake[3]: Leaving directory '/home/runner/work/strata/strata/build/cmake'
2026-09-29T21:24:12.6840433Z [ 87%] Built target folder_tests
2026-09-29T21:24:12.6856308Z gmake[3]: Entering directory '/home/runner/work/strata/strata/build/cmake'
2026-09-29T21:24:12.6953969Z gmake[3]: Leaving directory '/home/runner/work/strata/strata/build/cmake'
2026-09-29T21:24:12.6986715Z gmake[3]: Entering directory '/home/runner/work/strata/strata/build/cmake'
2026-09-29T21:24:12.7012398Z [ 87%] Linking CXX executable fuzz_corpus_tests
2026-09-29T21:24:12.7598656Z gmake[3]: Leaving directory '/home/runner/work/strata/strata/build/cmake'
2026-09-29T21:24:12.7628525Z [ 93%] Built target fuzz_corpus_tests
2026-09-29T21:24:12.7643579Z gmake[3]: Entering directory '/home/runner/work/strata/strata/build/cmake'
2026-09-29T21:24:12.7740474Z gmake[3]: Leaving directory '/home/runner/work/strata/strata/build/cmake'
2026-09-29T21:24:12.7771030Z gmake[3]: Entering directory '/home/runner/work/strata/strata/build/cmake'
2026-09-29T21:24:12.7796705Z [ 94%] Linking CXX executable stress_deep_tests
2026-09-29T21:24:12.8400970Z gmake[3]: Leaving directory '/home/runner/work/strata/strata/build/cmake'
2026-09-29T21:24:12.8432389Z [100%] Built target stress_deep_tests
2026-09-29T21:24:12.8437122Z gmake[2]: Leaving directory '/home/runner/work/strata/strata/build/cmake'
2026-09-29T21:24:12.8476770Z gmake[1]: Leaving directory '/home/runner/work/strata/strata/build/cmake'
2026-09-29T21:24:12.8487066Z + /home/runner/work/strata/strata/.venv/bin/ctest --test-dir build/cmake --build-config Release --output-on-failure --no-tests=error
2026-09-29T21:24:12.9668396Z Test project /home/runner/work/strata/strata/build/cmake
2026-09-29T21:24:12.9673462Z       Start  1: smoke_tests
2026-09-29T21:24:12.9689195Z  1/16 Test  #1: smoke_tests ......................   Passed    0.00 sec
2026-09-29T21:24:12.9690721Z       Start  2: json_core_tests
2026-09-29T21:24:12.9704227Z  2/16 Test  #2: json_core_tests ..................   Passed    0.00 sec
2026-09-29T21:24:12.9705452Z       Start  3: json_parse_tests
2026-09-29T21:24:12.9719492Z  3/16 Test  #3: json_parse_tests .................   Passed    0.00 sec
2026-09-29T21:24:12.9720527Z       Start  4: fast_parse_tests
2026-09-29T21:24:13.0351184Z  4/16 Test  #4: fast_parse_tests .................   Passed    0.06 sec
2026-09-29T21:24:13.0353015Z       Start  5: value_cursor_tests
2026-09-29T21:24:13.0420102Z  5/16 Test  #5: value_cursor_tests ...............   Passed    0.01 sec
2026-09-29T21:24:13.0420623Z       Start  6: json_serialize_tests
2026-09-29T21:24:13.0435385Z  6/16 Test  #6: json_serialize_tests .............   Passed    0.00 sec
2026-09-29T21:24:13.0436327Z       Start  7: float_precision_tests
2026-09-29T21:24:15.3475808Z  7/16 Test  #7: float_precision_tests ............   Passed    2.30 sec
2026-09-29T21:24:15.3476324Z       Start  8: json_cursor_tests
2026-09-29T21:24:15.3493360Z  8/16 Test  #8: json_cursor_tests ................   Passed    0.00 sec
2026-09-29T21:24:15.3493856Z       Start  9: ndjson_tests
2026-09-29T21:24:15.3535975Z  9/16 Test  #9: ndjson_tests .....................   Passed    0.00 sec
2026-09-29T21:24:15.3536649Z       Start 10: jsonpath_tests
2026-09-29T21:24:15.3550841Z 10/16 Test #10: jsonpath_tests ...................   Passed    0.00 sec
2026-09-29T21:24:15.3552059Z       Start 11: jsonpath_stream_tests
2026-09-29T21:24:15.3569062Z 11/16 Test #11: jsonpath_stream_tests ............   Passed    0.00 sec
2026-09-29T21:24:15.3569653Z       Start 12: scan_tests
2026-09-29T21:24:15.3736412Z 12/16 Test #12: scan_tests .......................   Passed    0.02 sec
2026-09-29T21:24:15.3737380Z       Start 13: temporal_tests
2026-09-29T21:24:15.3871085Z 13/16 Test #13: temporal_tests ...................   Passed    0.01 sec
2026-09-29T21:24:15.3871987Z       Start 14: folder_tests
2026-09-29T21:24:15.3899818Z 14/16 Test #14: folder_tests .....................   Passed    0.00 sec
2026-09-29T21:24:15.3900910Z       Start 15: fuzz_corpus_tests
2026-09-29T21:24:15.3933506Z 15/16 Test #15: fuzz_corpus_tests ................   Passed    0.00 sec
2026-09-29T21:24:15.3934387Z       Start 16: stress_deep_tests
2026-09-29T21:24:15.3961325Z 16/16 Test #16: stress_deep_tests ................   Passed    0.00 sec
2026-09-29T21:24:15.3965904Z 
2026-09-29T21:24:15.3966103Z 100% tests passed out of 16
2026-09-29T21:24:15.3967961Z 
2026-09-29T21:24:15.3968366Z Total Test time (real) =   2.43 sec
2026-09-29T21:24:15.4350347Z + pytest tests/py tests/unit --ignore=tests/unit/native_types --ignore=tests/py/native_types --basetemp=/tmp/pytest-of-runner/qgns_j_9
2026-09-29T21:24:15.9440035Z ============================= test session starts ==============================
2026-09-29T21:24:15.9440791Z platform linux -- Python 3.12.14, pytest-9.1.1, pluggy-1.6.0
2026-09-29T21:24:15.9441225Z rootdir: /home/runner/work/strata/strata
2026-09-29T21:24:15.9441532Z configfile: pyproject.toml
2026-09-29T21:24:15.9441894Z plugins: platformdirs-4.12.2, cov-7.1.0
2026-09-29T21:24:15.9442184Z collected 3183 items
2026-09-29T21:24:15.9442338Z 
2026-09-29T21:24:15.9622749Z tests/py/test_dumps_brace_fold.py .........                              [  0%]
2026-09-29T21:24:15.9964975Z tests/py/test_dumps_cycles_fused.py .................................... [  1%]
2026-09-29T21:24:16.0501524Z ....................................................                     [  3%]
2026-09-29T21:24:16.2444644Z tests/py/test_dumps_general_tables.py ............................       [  3%]
2026-09-29T21:24:16.6193791Z tests/py/test_dumps_with_default.py .................................... [  5%]
2026-09-29T21:24:16.8439624Z .............................ss                                          [  6%]
2026-09-29T21:24:16.8747103Z tests/py/test_dumps_with_default_contract.py ........................... [  6%]
2026-09-29T21:24:16.9720984Z ........................................................................ [  9%]
2026-09-29T21:24:17.0715219Z ........................................................................ [ 11%]
2026-09-29T21:24:17.1219674Z ..........................                                               [ 12%]
2026-09-29T21:24:17.1258837Z tests/py/test_fused_verification.py ..                                   [ 12%]
2026-09-29T21:24:17.1547582Z tests/py/test_json_parity.py ........................................... [ 13%]
2026-09-29T21:24:17.2014912Z ........................................................................ [ 15%]
2026-09-29T21:24:17.2486575Z ........................................................................ [ 18%]
2026-09-29T21:24:17.2941156Z ........................................................................ [ 20%]
2026-09-29T21:24:17.3399212Z ........................................................................ [ 22%]
2026-09-29T21:24:17.3846784Z ........................................................................ [ 24%]
2026-09-29T21:24:17.4296648Z ........................................................................ [ 27%]
2026-09-29T21:24:17.4737140Z ........................................................................ [ 29%]
2026-09-29T21:24:17.5177979Z ........................................................................ [ 31%]
2026-09-29T21:24:17.5627896Z ........................................................................ [ 33%]
2026-09-29T21:24:17.6069590Z ........................................................................ [ 36%]
2026-09-29T21:24:17.6511067Z ........................................................................ [ 38%]
2026-09-29T21:24:17.6948527Z ........................................................................ [ 40%]
2026-09-29T21:24:17.7380137Z ........................................................................ [ 43%]
2026-09-29T21:24:17.7808418Z ........................................................................ [ 45%]
2026-09-29T21:24:17.8242510Z ........................................................................ [ 47%]
2026-09-29T21:24:17.8675311Z ........................................................................ [ 49%]
2026-09-29T21:24:17.8913365Z .................................                                        [ 50%]
2026-09-29T21:24:17.9290312Z tests/py/test_path_dispatch.py ................................          [ 51%]
2026-09-29T21:24:17.9304634Z tests/py/test_py_tests_basetemp.py ..                                    [ 51%]
2026-09-29T21:24:17.9321305Z tests/py/test_smoke.py ...                                               [ 52%]
2026-09-29T21:24:18.2626365Z tests/unit/test_ab_analysis.py ......................................    [ 53%]
2026-09-29T21:24:18.2741263Z tests/unit/test_build_manifest.py ...........                            [ 53%]
2026-09-29T21:24:18.2843003Z tests/unit/test_canonical_builds.py ....                                 [ 53%]
2026-09-29T21:24:18.4506763Z tests/unit/test_ci_fetch.py ........................                     [ 54%]
2026-09-29T21:24:18.5303415Z tests/unit/test_ci_summary.py .......................                    [ 55%]
2026-09-29T21:24:18.5480094Z tests/unit/test_config.py ...........................                    [ 56%]
2026-09-29T21:24:18.5635337Z tests/unit/test_core_purity.py ....                                      [ 56%]
2026-09-29T21:24:18.5739681Z tests/unit/test_cross_sample.py ......                                   [ 56%]
2026-09-29T21:24:18.6225138Z tests/unit/test_dumps.py ............................................... [ 57%]
2026-09-29T21:24:18.6361021Z ..........                                                               [ 58%]
2026-09-29T21:24:18.6540931Z tests/unit/test_dumps_brace_fold.py .........                            [ 58%]
2026-09-29T21:24:18.8431861Z tests/unit/test_dumps_cold_start.py ....                                 [ 58%]
2026-09-29T21:24:18.8728045Z tests/unit/test_dumps_contract.py ...................................... [ 59%]
2026-09-29T21:24:18.9313962Z .............................................................            [ 61%]
2026-09-29T21:24:18.9656430Z tests/unit/test_dumps_cycles_fused.py .................................. [ 62%]
2026-09-29T21:24:19.0227524Z ......................................................                   [ 64%]
2026-09-29T21:24:19.2505183Z tests/unit/test_dumps_general_tables.py ............................     [ 65%]
2026-09-29T21:24:19.6057971Z tests/unit/test_dumps_latch.py ............................              [ 66%]
2026-09-29T21:24:19.6814325Z tests/unit/test_dumps_private_cache.py ................................  [ 67%]
2026-09-29T21:24:20.2016757Z tests/unit/test_dumps_reentrancy.py .................................... [ 68%]
2026-09-29T21:24:21.1411311Z ......................................................................   [ 70%]
2026-09-29T21:24:21.6917103Z tests/unit/test_dumps_reentrancy_review.py ............................. [ 71%]
2026-09-29T21:24:21.8114670Z ..                                                                       [ 71%]
2026-09-29T21:24:21.8546135Z tests/unit/test_dumps_schema_failure.py ...........................      [ 72%]
2026-09-29T21:24:22.2034834Z tests/unit/test_dumps_user_step_counter.py ..........................    [ 73%]
2026-09-29T21:24:22.2282168Z tests/unit/test_dumps_with_default.py .................................. [ 74%]
2026-09-29T21:24:22.2802371Z ........................................................................ [ 76%]
2026-09-29T21:24:22.3934456Z .........................................................                [ 78%]
2026-09-29T21:24:22.4126513Z tests/unit/test_dumps_with_default_state.py ............................ [ 79%]
2026-09-29T21:24:22.4968377Z ........................................................................ [ 81%]
2026-09-29T21:24:22.6195256Z ..............                                                           [ 81%]
2026-09-29T21:24:22.6811884Z tests/unit/test_folder.py .............................................. [ 83%]
2026-09-29T21:24:22.7427926Z .........................................                                [ 84%]
2026-09-29T21:24:22.7465238Z tests/unit/test_fused_verification.py ..                                 [ 84%]
2026-09-29T21:24:22.7901195Z tests/unit/test_hook_build_scope.py ...............................      [ 85%]
2026-09-29T21:24:22.8751738Z tests/unit/test_json_cursor.py ...........................               [ 86%]
2026-09-29T21:24:22.9012882Z tests/unit/test_jsonpath.py ............................................ [ 87%]
2026-09-29T21:24:23.0050361Z .......................................................................  [ 90%]
2026-09-29T21:24:23.0785848Z tests/unit/test_load_dump.py ........................................... [ 91%]
2026-09-29T21:24:23.0788358Z                                                                          [ 91%]
2026-09-29T21:24:23.1081363Z tests/unit/test_loads.py ............................................... [ 92%]
2026-09-29T21:24:23.1849684Z ........................................................................ [ 95%]
2026-09-29T21:24:24.0752912Z ................                                                         [ 95%]
2026-09-29T21:24:24.0802991Z tests/unit/test_native_interleaved_profile.py ...                        [ 95%]
2026-09-29T21:24:24.1469355Z tests/unit/test_nested_container_probe.py ....                           [ 95%]
2026-09-29T21:24:24.1954670Z tests/unit/test_path_dispatch.py ................................        [ 96%]
2026-09-29T21:24:24.2282866Z tests/unit/test_provenance.py ..................                         [ 97%]
2026-09-29T21:24:24.2756035Z tests/unit/test_regression_check.py ..........................           [ 98%]
2026-09-29T21:24:24.3970042Z tests/unit/test_search_stream.py .................                       [ 98%]
2026-09-29T21:24:24.3978348Z tests/unit/test_string_identity_probe.py .                               [ 98%]
2026-09-29T21:24:24.4659786Z tests/unit/test_supplementary.py .............                           [ 99%]
2026-09-29T21:24:24.5162812Z tests/unit/test_supportability_check.py ....................             [ 99%]
2026-09-29T21:24:24.5756322Z tests/unit/test_version.py ....                                          [100%]
2026-09-29T21:24:24.5756693Z 
2026-09-29T21:24:24.5757089Z ======================= 3181 passed, 2 skipped in 8.92s ========================
2026-09-29T21:24:24.7043551Z ==> PGO: merging 17 raw profiles
2026-09-29T21:24:24.8788627Z ==> PGO phase 2: optimized build (profile + LTO)
2026-09-29T21:24:25.1499588Z Obtaining file:///home/runner/work/strata/strata
2026-09-29T21:24:25.1517383Z   Installing build dependencies: started
2026-09-29T21:24:26.4461460Z   Installing build dependencies: finished with status 'done'
2026-09-29T21:24:26.4467766Z   Checking if build backend supports build_editable: started
2026-09-29T21:24:26.6949327Z   Checking if build backend supports build_editable: finished with status 'done'
2026-09-29T21:24:26.6955474Z   Getting requirements to build editable: started
2026-09-29T21:24:27.0143172Z   Getting requirements to build editable: finished with status 'done'
2026-09-29T21:24:27.0152814Z   Preparing editable metadata (pyproject.toml): started
2026-09-29T21:24:27.2209311Z   Preparing editable metadata (pyproject.toml): finished with status 'done'
2026-09-29T21:24:27.2258478Z Building wheels for collected packages: strata
2026-09-29T21:24:27.2265598Z   Building editable for strata (pyproject.toml): started
2026-09-29T21:25:24.5131273Z   Building editable for strata (pyproject.toml): finished with status 'done'
2026-09-29T21:25:24.5138325Z   Created wheel for strata: filename=strata-2026.8.10-0.editable-cp312-cp312-linux_aarch64.whl size=4450 sha256=d4d9841f7b737291b2570b5f36fbaff5bb0904ce37f9830efe1e289becd9459a
2026-09-29T21:25:24.5139630Z   Stored in directory: /tmp/pip-ephem-wheel-cache-g3od798g/wheels/ab/73/9c/71109b0f5a731622820d2f6d25f1f3cfd677e39fdd3b3110b6
2026-09-29T21:25:24.5161407Z Successfully built strata
2026-09-29T21:25:24.5256888Z Installing collected packages: strata
2026-09-29T21:25:24.5258332Z   Attempting uninstall: strata
2026-09-29T21:25:24.5276121Z     Found existing installation: strata 2026.8.10
2026-09-29T21:25:24.5289952Z     Uninstalling strata-2026.8.10:
2026-09-29T21:25:24.5483832Z       Successfully uninstalled strata-2026.8.10
2026-09-29T21:25:24.5565792Z Successfully installed strata-2026.8.10
2026-09-29T21:25:24.9066019Z ==> PGO: the hook image must carry no profile
2026-09-29T21:25:24.9487610Z + strata._dumps_hook is unprofiled: _dumps_hook.cpython-312-aarch64-linux-gnu.so.build.json records no profile or profile flag,
2026-09-29T21:25:24.9488867Z   and the image links no profile runtime
2026-09-29T21:25:24.9552881Z ==> PGO: gate tests on the optimized build
2026-09-29T21:25:24.9825502Z + /home/runner/work/strata/strata/.venv/bin/cmake -S . -B build/cmake -DCMAKE_BUILD_TYPE=Release
2026-09-29T21:25:25.1042217Z -- Configuring done (0.0s)
2026-09-29T21:25:25.1481790Z -- Generating done (0.0s)
2026-09-29T21:25:25.1484758Z -- Build files have been written to: /home/runner/work/strata/strata/build/cmake
2026-09-29T21:25:25.1498160Z + /home/runner/work/strata/strata/.venv/bin/cmake --build build/cmake --config Release
2026-09-29T21:25:25.2662466Z gmake[1]: Entering directory '/home/runner/work/strata/strata/build/cmake'
2026-09-29T21:25:25.2726558Z gmake[2]: Entering directory '/home/runner/work/strata/strata/build/cmake'
2026-09-29T21:25:25.2736843Z gmake[3]: Entering directory '/home/runner/work/strata/strata/build/cmake'
2026-09-29T21:25:25.2832128Z gmake[3]: Leaving directory '/home/runner/work/strata/strata/build/cmake'
2026-09-29T21:25:25.2865775Z gmake[3]: Entering directory '/home/runner/work/strata/strata/build/cmake'
2026-09-29T21:25:25.2894015Z [  0%] Linking CXX executable smoke_tests
2026-09-29T21:25:25.3515932Z gmake[3]: Leaving directory '/home/runner/work/strata/strata/build/cmake'
2026-09-29T21:25:25.3547016Z [  6%] Built target smoke_tests
2026-09-29T21:25:25.3564012Z gmake[3]: Entering directory '/home/runner/work/strata/strata/build/cmake'
2026-09-29T21:25:25.3660719Z gmake[3]: Leaving directory '/home/runner/work/strata/strata/build/cmake'
2026-09-29T21:25:25.3693405Z gmake[3]: Entering directory '/home/runner/work/strata/strata/build/cmake'
2026-09-29T21:25:25.3722104Z [  7%] Linking CXX executable json_core_tests
2026-09-29T21:25:25.4313629Z gmake[3]: Leaving directory '/home/runner/work/strata/strata/build/cmake'
2026-09-29T21:25:25.4344284Z [ 13%] Built target json_core_tests
2026-09-29T21:25:25.4359422Z gmake[3]: Entering directory '/home/runner/work/strata/strata/build/cmake'
2026-09-29T21:25:25.4458752Z gmake[3]: Leaving directory '/home/runner/work/strata/strata/build/cmake'
2026-09-29T21:25:25.4491088Z gmake[3]: Entering directory '/home/runner/work/strata/strata/build/cmake'
2026-09-29T21:25:25.4518579Z [ 13%] Linking CXX executable json_parse_tests
2026-09-29T21:25:25.5121835Z gmake[3]: Leaving directory '/home/runner/work/strata/strata/build/cmake'
2026-09-29T21:25:25.5152010Z [ 19%] Built target json_parse_tests
2026-09-29T21:25:25.5166498Z gmake[3]: Entering directory '/home/runner/work/strata/strata/build/cmake'
2026-09-29T21:25:25.5264648Z gmake[3]: Leaving directory '/home/runner/work/strata/strata/build/cmake'
2026-09-29T21:25:25.5296924Z gmake[3]: Entering directory '/home/runner/work/strata/strata/build/cmake'
2026-09-29T21:25:25.5322951Z [ 20%] Linking CXX executable fast_parse_tests
2026-09-29T21:25:25.5911995Z gmake[3]: Leaving directory '/home/runner/work/strata/strata/build/cmake'
2026-09-29T21:25:25.5941335Z [ 25%] Built target fast_parse_tests
2026-09-29T21:25:25.5956754Z gmake[3]: Entering directory '/home/runner/work/strata/strata/build/cmake'
2026-09-29T21:25:25.6053148Z gmake[3]: Leaving directory '/home/runner/work/strata/strata/build/cmake'
2026-09-29T21:25:25.6086066Z gmake[3]: Entering directory '/home/runner/work/strata/strata/build/cmake'
2026-09-29T21:25:25.6113711Z [ 26%] Linking CXX executable value_cursor_tests
2026-09-29T21:25:25.6749425Z gmake[3]: Leaving directory '/home/runner/work/strata/strata/build/cmake'
2026-09-29T21:25:25.6781233Z [ 32%] Built target value_cursor_tests
2026-09-29T21:25:25.6797432Z gmake[3]: Entering directory '/home/runner/work/strata/strata/build/cmake'
2026-09-29T21:25:25.6898064Z gmake[3]: Leaving directory '/home/runner/work/strata/strata/build/cmake'
2026-09-29T21:25:25.6931140Z gmake[3]: Entering directory '/home/runner/work/strata/strata/build/cmake'
2026-09-29T21:25:25.6959072Z [ 32%] Linking CXX executable json_serialize_tests
2026-09-29T21:25:25.7557499Z gmake[3]: Leaving directory '/home/runner/work/strata/strata/build/cmake'
2026-09-29T21:25:25.7586759Z [ 38%] Built target json_serialize_tests
2026-09-29T21:25:25.7602512Z gmake[3]: Entering directory '/home/runner/work/strata/strata/build/cmake'
2026-09-29T21:25:25.7701192Z gmake[3]: Leaving directory '/home/runner/work/strata/strata/build/cmake'
2026-09-29T21:25:25.7733833Z gmake[3]: Entering directory '/home/runner/work/strata/strata/build/cmake'
2026-09-29T21:25:25.7762482Z [ 39%] Linking CXX executable float_precision_tests
2026-09-29T21:25:25.8367089Z gmake[3]: Leaving directory '/home/runner/work/strata/strata/build/cmake'
2026-09-29T21:25:25.8397704Z [ 44%] Built target float_precision_tests
2026-09-29T21:25:25.8413350Z gmake[3]: Entering directory '/home/runner/work/strata/strata/build/cmake'
2026-09-29T21:25:25.8513685Z gmake[3]: Leaving directory '/home/runner/work/strata/strata/build/cmake'
2026-09-29T21:25:25.8546676Z gmake[3]: Entering directory '/home/runner/work/strata/strata/build/cmake'
2026-09-29T21:25:25.8575939Z [ 45%] Linking CXX executable json_cursor_tests
2026-09-29T21:25:25.9202358Z gmake[3]: Leaving directory '/home/runner/work/strata/strata/build/cmake'
2026-09-29T21:25:25.9239295Z [ 50%] Built target json_cursor_tests
2026-09-29T21:25:25.9255289Z gmake[3]: Entering directory '/home/runner/work/strata/strata/build/cmake'
2026-09-29T21:25:25.9349855Z gmake[3]: Leaving directory '/home/runner/work/strata/strata/build/cmake'
2026-09-29T21:25:25.9381523Z gmake[3]: Entering directory '/home/runner/work/strata/strata/build/cmake'
2026-09-29T21:25:25.9407113Z [ 51%] Linking CXX executable ndjson_tests
2026-09-29T21:25:25.9983961Z gmake[3]: Leaving directory '/home/runner/work/strata/strata/build/cmake'
2026-09-29T21:25:26.0014187Z [ 56%] Built target ndjson_tests
2026-09-29T21:25:26.0029714Z gmake[3]: Entering directory '/home/runner/work/strata/strata/build/cmake'
2026-09-29T21:25:26.0127539Z gmake[3]: Leaving directory '/home/runner/work/strata/strata/build/cmake'
2026-09-29T21:25:26.0159511Z gmake[3]: Entering directory '/home/runner/work/strata/strata/build/cmake'
2026-09-29T21:25:26.0186335Z [ 57%] Linking CXX executable jsonpath_tests
2026-09-29T21:25:26.0792405Z gmake[3]: Leaving directory '/home/runner/work/strata/strata/build/cmake'
2026-09-29T21:25:26.0823265Z [ 63%] Built target jsonpath_tests
2026-09-29T21:25:26.0838874Z gmake[3]: Entering directory '/home/runner/work/strata/strata/build/cmake'
2026-09-29T21:25:26.0936195Z gmake[3]: Leaving directory '/home/runner/work/strata/strata/build/cmake'
2026-09-29T21:25:26.0967716Z gmake[3]: Entering directory '/home/runner/work/strata/strata/build/cmake'
2026-09-29T21:25:26.0994639Z [ 63%] Linking CXX executable jsonpath_stream_tests
2026-09-29T21:25:26.1614211Z gmake[3]: Leaving directory '/home/runner/work/strata/strata/build/cmake'
2026-09-29T21:25:26.1644122Z [ 69%] Built target jsonpath_stream_tests
2026-09-29T21:25:26.1660830Z gmake[3]: Entering directory '/home/runner/work/strata/strata/build/cmake'
2026-09-29T21:25:26.1757758Z gmake[3]: Leaving directory '/home/runner/work/strata/strata/build/cmake'
2026-09-29T21:25:26.1790411Z gmake[3]: Entering directory '/home/runner/work/strata/strata/build/cmake'
2026-09-29T21:25:26.1817779Z [ 69%] Linking CXX executable scan_tests
2026-09-29T21:25:26.2402167Z gmake[3]: Leaving directory '/home/runner/work/strata/strata/build/cmake'
2026-09-29T21:25:26.2431621Z [ 75%] Built target scan_tests
2026-09-29T21:25:26.2447659Z gmake[3]: Entering directory '/home/runner/work/strata/strata/build/cmake'
2026-09-29T21:25:26.2545501Z gmake[3]: Leaving directory '/home/runner/work/strata/strata/build/cmake'
2026-09-29T21:25:26.2578883Z gmake[3]: Entering directory '/home/runner/work/strata/strata/build/cmake'
2026-09-29T21:25:26.2605696Z [ 75%] Linking CXX executable temporal_tests
2026-09-29T21:25:26.3225952Z gmake[3]: Leaving directory '/home/runner/work/strata/strata/build/cmake'
2026-09-29T21:25:26.3256046Z [ 81%] Built target temporal_tests
2026-09-29T21:25:26.3271638Z gmake[3]: Entering directory '/home/runner/work/strata/strata/build/cmake'
2026-09-29T21:25:26.3372197Z gmake[3]: Leaving directory '/home/runner/work/strata/strata/build/cmake'
2026-09-29T21:25:26.3404016Z gmake[3]: Entering directory '/home/runner/work/strata/strata/build/cmake'
2026-09-29T21:25:26.3430771Z [ 81%] Linking CXX executable folder_tests
2026-09-29T21:25:26.4055505Z gmake[3]: Leaving directory '/home/runner/work/strata/strata/build/cmake'
2026-09-29T21:25:26.4083269Z [ 87%] Built target folder_tests
2026-09-29T21:25:26.4099564Z gmake[3]: Entering directory '/home/runner/work/strata/strata/build/cmake'
2026-09-29T21:25:26.4197562Z gmake[3]: Leaving directory '/home/runner/work/strata/strata/build/cmake'
2026-09-29T21:25:26.4231140Z gmake[3]: Entering directory '/home/runner/work/strata/strata/build/cmake'
2026-09-29T21:25:26.4258676Z [ 87%] Linking CXX executable fuzz_corpus_tests
2026-09-29T21:25:26.4871719Z gmake[3]: Leaving directory '/home/runner/work/strata/strata/build/cmake'
2026-09-29T21:25:26.4902625Z [ 93%] Built target fuzz_corpus_tests
2026-09-29T21:25:26.4919188Z gmake[3]: Entering directory '/home/runner/work/strata/strata/build/cmake'
2026-09-29T21:25:26.5021532Z gmake[3]: Leaving directory '/home/runner/work/strata/strata/build/cmake'
2026-09-29T21:25:26.5058134Z gmake[3]: Entering directory '/home/runner/work/strata/strata/build/cmake'
2026-09-29T21:25:26.5095041Z [ 94%] Linking CXX executable stress_deep_tests
2026-09-29T21:25:26.6160606Z gmake[3]: Leaving directory '/home/runner/work/strata/strata/build/cmake'
2026-09-29T21:25:26.6199699Z [100%] Built target stress_deep_tests
2026-09-29T21:25:26.6205955Z gmake[2]: Leaving directory '/home/runner/work/strata/strata/build/cmake'
2026-09-29T21:25:26.6256576Z gmake[1]: Leaving directory '/home/runner/work/strata/strata/build/cmake'
2026-09-29T21:25:26.6269995Z + /home/runner/work/strata/strata/.venv/bin/ctest --test-dir build/cmake --build-config Release --output-on-failure --no-tests=error
2026-09-29T21:25:26.7485939Z Test project /home/runner/work/strata/strata/build/cmake
2026-09-29T21:25:26.7491840Z       Start  1: smoke_tests
2026-09-29T21:25:26.7506358Z  1/16 Test  #1: smoke_tests ......................   Passed    0.00 sec
2026-09-29T21:25:26.7507690Z       Start  2: json_core_tests
2026-09-29T21:25:26.7521794Z  2/16 Test  #2: json_core_tests ..................   Passed    0.00 sec
2026-09-29T21:25:26.7523226Z       Start  3: json_parse_tests
2026-09-29T21:25:26.7536794Z  3/16 Test  #3: json_parse_tests .................   Passed    0.00 sec
2026-09-29T21:25:26.7537627Z       Start  4: fast_parse_tests
2026-09-29T21:25:26.8180506Z  4/16 Test  #4: fast_parse_tests .................   Passed    0.06 sec
2026-09-29T21:25:26.8181547Z       Start  5: value_cursor_tests
2026-09-29T21:25:26.8246897Z  5/16 Test  #5: value_cursor_tests ...............   Passed    0.01 sec
2026-09-29T21:25:26.8248387Z       Start  6: json_serialize_tests
2026-09-29T21:25:26.8361044Z  6/16 Test  #6: json_serialize_tests .............   Passed    0.00 sec
2026-09-29T21:25:26.8361401Z       Start  7: float_precision_tests
2026-09-29T21:25:29.1297353Z  7/16 Test  #7: float_precision_tests ............   Passed    2.30 sec
2026-09-29T21:25:29.1297819Z       Start  8: json_cursor_tests
2026-09-29T21:25:29.1315204Z  8/16 Test  #8: json_cursor_tests ................   Passed    0.00 sec
2026-09-29T21:25:29.1316449Z       Start  9: ndjson_tests
2026-09-29T21:25:29.1359720Z  9/16 Test  #9: ndjson_tests .....................   Passed    0.00 sec
2026-09-29T21:25:29.1360790Z       Start 10: jsonpath_tests
2026-09-29T21:25:29.1375811Z 10/16 Test #10: jsonpath_tests ...................   Passed    0.00 sec
2026-09-29T21:25:29.1376892Z       Start 11: jsonpath_stream_tests
2026-09-29T21:25:29.1395094Z 11/16 Test #11: jsonpath_stream_tests ............   Passed    0.00 sec
2026-09-29T21:25:29.1396477Z       Start 12: scan_tests
2026-09-29T21:25:29.1564012Z 12/16 Test #12: scan_tests .......................   Passed    0.02 sec
2026-09-29T21:25:29.1565627Z       Start 13: temporal_tests
2026-09-29T21:25:29.1709028Z 13/16 Test #13: temporal_tests ...................   Passed    0.01 sec
2026-09-29T21:25:29.1710549Z       Start 14: folder_tests
2026-09-29T21:25:29.1740942Z 14/16 Test #14: folder_tests .....................   Passed    0.00 sec
2026-09-29T21:25:29.1742219Z       Start 15: fuzz_corpus_tests
2026-09-29T21:25:29.1777387Z 15/16 Test #15: fuzz_corpus_tests ................   Passed    0.00 sec
2026-09-29T21:25:29.1778737Z       Start 16: stress_deep_tests
2026-09-29T21:25:29.1807847Z 16/16 Test #16: stress_deep_tests ................   Passed    0.00 sec
2026-09-29T21:25:29.1812914Z 
2026-09-29T21:25:29.1813058Z 100% tests passed out of 16
2026-09-29T21:25:29.1813213Z 
2026-09-29T21:25:29.1813306Z Total Test time (real) =   2.43 sec
2026-09-29T21:25:29.2197823Z + pytest tests/py tests/unit --basetemp=/tmp/pytest-of-runner/xno86doc
2026-09-29T21:25:29.8334833Z ============================= test session starts ==============================
2026-09-29T21:25:29.8335295Z platform linux -- Python 3.12.14, pytest-9.1.1, pluggy-1.6.0
2026-09-29T21:25:29.8336261Z rootdir: /home/runner/work/strata/strata
2026-09-29T21:25:29.8336526Z configfile: pyproject.toml
2026-09-29T21:25:29.8336752Z plugins: platformdirs-4.12.2, cov-7.1.0
2026-09-29T21:25:29.8336992Z collected 3923 items
2026-09-29T21:25:29.8337107Z 
2026-09-29T21:25:29.8496204Z tests/py/native_types/test_native_dump.py ..............                 [  0%]
2026-09-29T21:25:29.9351085Z tests/py/native_types/test_native_fast_paths.py ........ssssssssss...... [  0%]
2026-09-29T21:25:30.1375643Z .............................                                            [  1%]
2026-09-29T21:25:30.1941385Z tests/py/native_types/test_native_import.py ...                          [  1%]
2026-09-29T21:25:30.2343471Z tests/py/native_types/test_native_opt_out.py ........................... [  2%]
2026-09-29T21:25:30.2347429Z                                                                          [  2%]
2026-09-29T21:25:30.3165124Z tests/py/native_types/test_native_oracle.py .........                    [  2%]
2026-09-29T21:25:30.7163573Z tests/py/native_types/test_native_reentrancy.py ........................ [  3%]
2026-09-29T21:25:31.6160443Z ..................................................                       [  4%]
2026-09-29T21:25:31.6504430Z tests/py/native_types/test_parse_types.py .............................. [  5%]
2026-09-29T21:25:32.1003998Z ............................................................             [  6%]
2026-09-29T21:25:32.1181195Z tests/py/test_dumps_brace_fold.py .........                              [  7%]
2026-09-29T21:25:32.1533515Z tests/py/test_dumps_cycles_fused.py .................................... [  8%]
2026-09-29T21:25:32.2059154Z ....................................................                     [  9%]
2026-09-29T21:25:32.4557869Z tests/py/test_dumps_general_tables.py ............................       [ 10%]
2026-09-29T21:25:32.9005596Z tests/py/test_dumps_with_default.py .................................... [ 10%]
2026-09-29T21:25:33.2033564Z .............................ss                                          [ 11%]
2026-09-29T21:25:33.2339674Z tests/py/test_dumps_with_default_contract.py ........................... [ 12%]
2026-09-29T21:25:33.3304364Z ........................................................................ [ 14%]
2026-09-29T21:25:33.4320162Z ........................................................................ [ 16%]
2026-09-29T21:25:33.4824713Z ..........................                                               [ 16%]
2026-09-29T21:25:33.4862276Z tests/py/test_fused_verification.py ..                                   [ 16%]
2026-09-29T21:25:33.5158229Z tests/py/test_json_parity.py ........................................... [ 17%]
2026-09-29T21:25:33.5643793Z ........................................................................ [ 19%]
2026-09-29T21:25:33.6123983Z ........................................................................ [ 21%]
2026-09-29T21:25:33.6598010Z ........................................................................ [ 23%]
2026-09-29T21:25:33.7073414Z ........................................................................ [ 25%]
2026-09-29T21:25:33.7536873Z ........................................................................ [ 27%]
2026-09-29T21:25:33.8009538Z ........................................................................ [ 28%]
2026-09-29T21:25:33.8468396Z ........................................................................ [ 30%]
2026-09-29T21:25:33.8927549Z ........................................................................ [ 32%]
2026-09-29T21:25:33.9393747Z ........................................................................ [ 34%]
2026-09-29T21:25:33.9852803Z ........................................................................ [ 36%]
2026-09-29T21:25:34.0307358Z ........................................................................ [ 38%]
2026-09-29T21:25:34.0758536Z ........................................................................ [ 39%]
2026-09-29T21:25:34.1202837Z ........................................................................ [ 41%]
2026-09-29T21:25:34.1647679Z ........................................................................ [ 43%]
2026-09-29T21:25:34.2098312Z ........................................................................ [ 45%]
2026-09-29T21:25:34.2543042Z ........................................................................ [ 47%]
2026-09-29T21:25:34.2784767Z .................................                                        [ 48%]
2026-09-29T21:25:34.3193136Z tests/py/test_path_dispatch.py ................................          [ 48%]
2026-09-29T21:25:34.3209428Z tests/py/test_py_tests_basetemp.py ..                                    [ 49%]
2026-09-29T21:25:34.3227486Z tests/py/test_smoke.py ...                                               [ 49%]
2026-09-29T21:25:34.3445020Z tests/unit/native_types/test_build_sources.py .......                    [ 49%]
2026-09-29T21:25:34.4706749Z tests/unit/native_types/test_hook_import_gating.py .......               [ 49%]
2026-09-29T21:25:34.5340870Z tests/unit/native_types/test_hook_profile_build.py ..............        [ 49%]
2026-09-29T21:25:34.5444768Z tests/unit/native_types/test_native_benchmark_agreement.py ...........   [ 50%]
2026-09-29T21:25:34.6341022Z tests/unit/native_types/test_native_benchmark_dataset.py .....           [ 50%]
2026-09-29T21:25:34.6385556Z tests/unit/native_types/test_native_benchmark_rows.py .......            [ 50%]
2026-09-29T21:25:34.6518845Z tests/unit/native_types/test_native_ci_fetch.py ....                     [ 50%]
2026-09-29T21:25:34.6631659Z tests/unit/native_types/test_native_ci_summary.py .....                  [ 50%]
2026-09-29T21:25:34.7066371Z tests/unit/native_types/test_native_flag.py ..........................s. [ 51%]
2026-09-29T21:25:34.7392434Z ..                                                                       [ 51%]
2026-09-29T21:25:34.7515951Z tests/unit/native_types/test_native_identity_ab.py .......               [ 51%]
2026-09-29T21:25:34.7732633Z tests/unit/native_types/test_native_opt_out.py ......................... [ 52%]
2026-09-29T21:25:34.8345810Z ........................................................................ [ 54%]
2026-09-29T21:25:34.8741410Z ..................................................                       [ 55%]
2026-09-29T21:25:34.8900062Z tests/unit/native_types/test_parse_contract.py ......................... [ 55%]
2026-09-29T21:25:34.9542748Z .................................................                        [ 57%]
2026-09-29T21:25:34.9677531Z tests/unit/native_types/test_serializer_contract.py .................... [ 57%]
2026-09-29T21:25:35.3120519Z ........................................................................ [ 59%]
2026-09-29T21:25:35.3561746Z ................................................                         [ 60%]
2026-09-29T21:25:35.4024665Z tests/unit/native_types/test_training_scope.py ............              [ 61%]
2026-09-29T21:25:35.7438817Z tests/unit/test_ab_analysis.py ......................................    [ 62%]
2026-09-29T21:25:35.7558504Z tests/unit/test_build_manifest.py ...........                            [ 62%]
2026-09-29T21:25:35.7664213Z tests/unit/test_canonical_builds.py ....                                 [ 62%]
2026-09-29T21:25:35.9344966Z tests/unit/test_ci_fetch.py ........................                     [ 63%]
2026-09-29T21:25:36.0181683Z tests/unit/test_ci_summary.py .......................                    [ 63%]
2026-09-29T21:25:36.0365925Z tests/unit/test_config.py ...........................                    [ 64%]
2026-09-29T21:25:36.0521595Z tests/unit/test_core_purity.py ....                                      [ 64%]
2026-09-29T21:25:36.0634422Z tests/unit/test_cross_sample.py ......                                   [ 64%]
2026-09-29T21:25:36.1127244Z tests/unit/test_dumps.py ............................................... [ 65%]
2026-09-29T21:25:36.1263071Z ..........                                                               [ 66%]
2026-09-29T21:25:36.1443661Z tests/unit/test_dumps_brace_fold.py .........                            [ 66%]
2026-09-29T21:25:36.3282709Z tests/unit/test_dumps_cold_start.py ....                                 [ 66%]
2026-09-29T21:25:36.3588472Z tests/unit/test_dumps_contract.py ...................................... [ 67%]
2026-09-29T21:25:36.4154876Z .............................................................            [ 68%]
2026-09-29T21:25:36.4500285Z tests/unit/test_dumps_cycles_fused.py .................................. [ 69%]
2026-09-29T21:25:36.5081282Z ......................................................                   [ 71%]
2026-09-29T21:25:36.8147142Z tests/unit/test_dumps_general_tables.py ............................     [ 71%]
2026-09-29T21:25:37.2623059Z tests/unit/test_dumps_latch.py ............................              [ 72%]
2026-09-29T21:25:37.3436497Z tests/unit/test_dumps_private_cache.py ................................  [ 73%]
2026-09-29T21:25:37.9926844Z tests/unit/test_dumps_reentrancy.py .................................... [ 74%]
2026-09-29T21:25:39.2009212Z ......................................................................   [ 76%]
2026-09-29T21:25:39.8902731Z tests/unit/test_dumps_reentrancy_review.py ............................. [ 76%]
2026-09-29T21:25:40.0471104Z ..                                                                       [ 76%]
2026-09-29T21:25:40.0977154Z tests/unit/test_dumps_schema_failure.py ...........................      [ 77%]
2026-09-29T21:25:40.5523296Z tests/unit/test_dumps_user_step_counter.py ..........................    [ 78%]
2026-09-29T21:25:40.5780912Z tests/unit/test_dumps_with_default.py .................................. [ 79%]
2026-09-29T21:25:40.6321406Z ........................................................................ [ 80%]
2026-09-29T21:25:40.7478205Z .........................................................                [ 82%]
2026-09-29T21:25:40.7685632Z tests/unit/test_dumps_with_default_state.py ............................ [ 83%]
2026-09-29T21:25:40.8531133Z ........................................................................ [ 84%]
2026-09-29T21:25:40.9749477Z ..............                                                           [ 85%]
2026-09-29T21:25:41.0427002Z tests/unit/test_folder.py .............................................. [ 86%]
2026-09-29T21:25:41.1088039Z .........................................                                [ 87%]
2026-09-29T21:25:41.1125496Z tests/unit/test_fused_verification.py ..                                 [ 87%]
2026-09-29T21:25:41.1575872Z tests/unit/test_hook_build_scope.py ...............................      [ 88%]
2026-09-29T21:25:41.2674653Z tests/unit/test_json_cursor.py ...........................               [ 89%]
2026-09-29T21:25:41.2951301Z tests/unit/test_jsonpath.py ............................................ [ 90%]
2026-09-29T21:25:41.4135059Z .......................................................................  [ 91%]
2026-09-29T21:25:41.4917829Z tests/unit/test_load_dump.py ........................................... [ 93%]
2026-09-29T21:25:41.4920714Z                                                                          [ 93%]
2026-09-29T21:25:41.5231024Z tests/unit/test_loads.py ............................................... [ 94%]
2026-09-29T21:25:41.6013646Z ........................................................................ [ 96%]
2026-09-29T21:25:42.4543733Z ................                                                         [ 96%]
2026-09-29T21:25:42.4597134Z tests/unit/test_native_interleaved_profile.py ...                        [ 96%]
2026-09-29T21:25:42.5319487Z tests/unit/test_nested_container_probe.py ....                           [ 96%]
2026-09-29T21:25:42.5849846Z tests/unit/test_path_dispatch.py ................................        [ 97%]
2026-09-29T21:25:42.6215177Z tests/unit/test_provenance.py ..................                         [ 97%]
2026-09-29T21:25:42.6717635Z tests/unit/test_regression_check.py ..........................           [ 98%]
2026-09-29T21:25:42.7825709Z tests/unit/test_search_stream.py .................                       [ 99%]
2026-09-29T21:25:42.7834354Z tests/unit/test_string_identity_probe.py .                               [ 99%]
2026-09-29T21:25:42.8518192Z tests/unit/test_supplementary.py .............                           [ 99%]
2026-09-29T21:25:42.9028517Z tests/unit/test_supportability_check.py ....................             [ 99%]
2026-09-29T21:25:42.9814372Z tests/unit/test_version.py ....                                          [100%]
2026-09-29T21:25:42.9814743Z 
2026-09-29T21:25:42.9814905Z ====================== 3910 passed, 13 skipped in 13.55s =======================
2026-09-29T21:25:43.2356719Z ==> PGO phase 3a: instrumented hook
2026-09-29T21:25:43.4960990Z Obtaining file:///home/runner/work/strata/strata
2026-09-29T21:25:43.4979944Z   Installing build dependencies: started
2026-09-29T21:25:44.7829299Z   Installing build dependencies: finished with status 'done'
2026-09-29T21:25:44.7834984Z   Checking if build backend supports build_editable: started
2026-09-29T21:25:45.0251121Z   Checking if build backend supports build_editable: finished with status 'done'
2026-09-29T21:25:45.0257723Z   Getting requirements to build editable: started
2026-09-29T21:25:45.3401232Z   Getting requirements to build editable: finished with status 'done'
2026-09-29T21:25:45.3410168Z   Preparing editable metadata (pyproject.toml): started
2026-09-29T21:25:45.5422189Z   Preparing editable metadata (pyproject.toml): finished with status 'done'
2026-09-29T21:25:45.5465740Z Building wheels for collected packages: strata
2026-09-29T21:25:45.5471923Z   Building editable for strata (pyproject.toml): started
2026-09-29T21:26:20.9640324Z   Building editable for strata (pyproject.toml): finished with status 'done'
2026-09-29T21:26:20.9648091Z   Created wheel for strata: filename=strata-2026.8.10-0.editable-cp312-cp312-linux_aarch64.whl size=4450 sha256=19b98b16972bbc0982a4e5ba48ee9789647aef69b975d2161a37509abbb0ad9e
2026-09-29T21:26:20.9649840Z   Stored in directory: /tmp/pip-ephem-wheel-cache-tyq57d4l/wheels/ab/73/9c/71109b0f5a731622820d2f6d25f1f3cfd677e39fdd3b3110b6
2026-09-29T21:26:20.9671197Z Successfully built strata
2026-09-29T21:26:20.9767252Z Installing collected packages: strata
2026-09-29T21:26:20.9768232Z   Attempting uninstall: strata
2026-09-29T21:26:20.9786493Z     Found existing installation: strata 2026.8.10
2026-09-29T21:26:20.9800197Z     Uninstalling strata-2026.8.10:
2026-09-29T21:26:20.9991553Z       Successfully uninstalled strata-2026.8.10
2026-09-29T21:26:21.0077397Z Successfully installed strata-2026.8.10
2026-09-29T21:26:21.2986328Z ==> PGO: the hook's native training workload
2026-09-29T21:26:22.0785491Z ==> PGO phase 3b: the hook against its own profile (+ LTO)
2026-09-29T21:26:22.3320223Z Obtaining file:///home/runner/work/strata/strata
2026-09-29T21:26:22.3336795Z   Installing build dependencies: started
2026-09-29T21:26:23.5807540Z   Installing build dependencies: finished with status 'done'
2026-09-29T21:26:23.5813134Z   Checking if build backend supports build_editable: started
2026-09-29T21:26:23.8162430Z   Checking if build backend supports build_editable: finished with status 'done'
2026-09-29T21:26:23.8169322Z   Getting requirements to build editable: started
2026-09-29T21:26:24.1303182Z   Getting requirements to build editable: finished with status 'done'
2026-09-29T21:26:24.1310887Z   Preparing editable metadata (pyproject.toml): started
2026-09-29T21:26:24.3337074Z   Preparing editable metadata (pyproject.toml): finished with status 'done'
2026-09-29T21:26:24.3382185Z Building wheels for collected packages: strata
2026-09-29T21:26:24.3388733Z   Building editable for strata (pyproject.toml): started
2026-09-29T21:26:57.0575010Z   Building editable for strata (pyproject.toml): finished with status 'done'
2026-09-29T21:26:57.0582594Z   Created wheel for strata: filename=strata-2026.8.10-0.editable-cp312-cp312-linux_aarch64.whl size=4450 sha256=a9801371643ddd57ec9a4c0eb26ce7c3ee5cce5aa6def8d34cdfff37b3b93a7b
2026-09-29T21:26:57.0583632Z   Stored in directory: /tmp/pip-ephem-wheel-cache-g5gb_j7e/wheels/ab/73/9c/71109b0f5a731622820d2f6d25f1f3cfd677e39fdd3b3110b6
2026-09-29T21:26:57.0606646Z Successfully built strata
2026-09-29T21:26:57.0702546Z Installing collected packages: strata
2026-09-29T21:26:57.0703178Z   Attempting uninstall: strata
2026-09-29T21:26:57.0721443Z     Found existing installation: strata 2026.8.10
2026-09-29T21:26:57.0735460Z     Uninstalling strata-2026.8.10:
2026-09-29T21:26:57.0927621Z       Successfully uninstalled strata-2026.8.10
2026-09-29T21:26:57.1012232Z Successfully installed strata-2026.8.10
2026-09-29T21:26:57.3982760Z ==> PGO: _strata unchanged, the hook on its own profile alone
2026-09-29T21:26:57.4630739Z + strata._dumps_hook is built against hook.profdata alone and links no profile runtime
2026-09-29T21:26:57.5131696Z + strata._strata is built against strata.profdata alone and links no profile runtime
2026-09-29T21:26:57.5186240Z ==> PGO: gate tests on the optimized hook
2026-09-29T21:26:57.5446815Z + /home/runner/work/strata/strata/.venv/bin/cmake -S . -B build/cmake -DCMAKE_BUILD_TYPE=Release
2026-09-29T21:26:57.6692009Z -- Configuring done (0.0s)
2026-09-29T21:26:57.7100935Z -- Generating done (0.0s)
2026-09-29T21:26:57.7104468Z -- Build files have been written to: /home/runner/work/strata/strata/build/cmake
2026-09-29T21:26:57.7116177Z + /home/runner/work/strata/strata/.venv/bin/cmake --build build/cmake --config Release
2026-09-29T21:26:57.8309352Z gmake[1]: Entering directory '/home/runner/work/strata/strata/build/cmake'
2026-09-29T21:26:57.8367749Z gmake[2]: Entering directory '/home/runner/work/strata/strata/build/cmake'
2026-09-29T21:26:57.8377259Z gmake[3]: Entering directory '/home/runner/work/strata/strata/build/cmake'
2026-09-29T21:26:57.8468968Z gmake[3]: Leaving directory '/home/runner/work/strata/strata/build/cmake'
2026-09-29T21:26:57.8499713Z gmake[3]: Entering directory '/home/runner/work/strata/strata/build/cmake'
2026-09-29T21:26:57.8523229Z [  0%] Linking CXX executable smoke_tests
2026-09-29T21:26:57.9095246Z gmake[3]: Leaving directory '/home/runner/work/strata/strata/build/cmake'
2026-09-29T21:26:57.9123587Z [  6%] Built target smoke_tests
2026-09-29T21:26:57.9140042Z gmake[3]: Entering directory '/home/runner/work/strata/strata/build/cmake'
2026-09-29T21:26:57.9235448Z gmake[3]: Leaving directory '/home/runner/work/strata/strata/build/cmake'
2026-09-29T21:26:57.9266059Z gmake[3]: Entering directory '/home/runner/work/strata/strata/build/cmake'
2026-09-29T21:26:57.9290766Z [  7%] Linking CXX executable json_core_tests
2026-09-29T21:26:57.9899945Z gmake[3]: Leaving directory '/home/runner/work/strata/strata/build/cmake'
2026-09-29T21:26:57.9928791Z [ 13%] Built target json_core_tests
2026-09-29T21:26:57.9944546Z gmake[3]: Entering directory '/home/runner/work/strata/strata/build/cmake'
2026-09-29T21:26:58.0039898Z gmake[3]: Leaving directory '/home/runner/work/strata/strata/build/cmake'
2026-09-29T21:26:58.0070960Z gmake[3]: Entering directory '/home/runner/work/strata/strata/build/cmake'
2026-09-29T21:26:58.0095492Z [ 13%] Linking CXX executable json_parse_tests
2026-09-29T21:26:58.0700664Z gmake[3]: Leaving directory '/home/runner/work/strata/strata/build/cmake'
2026-09-29T21:26:58.0729436Z [ 19%] Built target json_parse_tests
2026-09-29T21:26:58.0744689Z gmake[3]: Entering directory '/home/runner/work/strata/strata/build/cmake'
2026-09-29T21:26:58.0839920Z gmake[3]: Leaving directory '/home/runner/work/strata/strata/build/cmake'
2026-09-29T21:26:58.0871292Z gmake[3]: Entering directory '/home/runner/work/strata/strata/build/cmake'
2026-09-29T21:26:58.0894928Z [ 20%] Linking CXX executable fast_parse_tests
2026-09-29T21:26:58.1496185Z gmake[3]: Leaving directory '/home/runner/work/strata/strata/build/cmake'
2026-09-29T21:26:58.1525549Z [ 25%] Built target fast_parse_tests
2026-09-29T21:26:58.1540011Z gmake[3]: Entering directory '/home/runner/work/strata/strata/build/cmake'
2026-09-29T21:26:58.1632731Z gmake[3]: Leaving directory '/home/runner/work/strata/strata/build/cmake'
2026-09-29T21:26:58.1663903Z gmake[3]: Entering directory '/home/runner/work/strata/strata/build/cmake'
2026-09-29T21:26:58.1689026Z [ 26%] Linking CXX executable value_cursor_tests
2026-09-29T21:26:58.2265332Z gmake[3]: Leaving directory '/home/runner/work/strata/strata/build/cmake'
2026-09-29T21:26:58.2294392Z [ 32%] Built target value_cursor_tests
2026-09-29T21:26:58.2309008Z gmake[3]: Entering directory '/home/runner/work/strata/strata/build/cmake'
2026-09-29T21:26:58.2402384Z gmake[3]: Leaving directory '/home/runner/work/strata/strata/build/cmake'
2026-09-29T21:26:58.2432263Z gmake[3]: Entering directory '/home/runner/work/strata/strata/build/cmake'
2026-09-29T21:26:58.2455193Z [ 32%] Linking CXX executable json_serialize_tests
2026-09-29T21:26:58.3032327Z gmake[3]: Leaving directory '/home/runner/work/strata/strata/build/cmake'
2026-09-29T21:26:58.3060923Z [ 38%] Built target json_serialize_tests
2026-09-29T21:26:58.3076736Z gmake[3]: Entering directory '/home/runner/work/strata/strata/build/cmake'
2026-09-29T21:26:58.3169885Z gmake[3]: Leaving directory '/home/runner/work/strata/strata/build/cmake'
2026-09-29T21:26:58.3201187Z gmake[3]: Entering directory '/home/runner/work/strata/strata/build/cmake'
2026-09-29T21:26:58.3225777Z [ 39%] Linking CXX executable float_precision_tests
2026-09-29T21:26:58.3822484Z gmake[3]: Leaving directory '/home/runner/work/strata/strata/build/cmake'
2026-09-29T21:26:58.3851740Z [ 44%] Built target float_precision_tests
2026-09-29T21:26:58.3867091Z gmake[3]: Entering directory '/home/runner/work/strata/strata/build/cmake'
2026-09-29T21:26:58.3960962Z gmake[3]: Leaving directory '/home/runner/work/strata/strata/build/cmake'
2026-09-29T21:26:58.3992005Z gmake[3]: Entering directory '/home/runner/work/strata/strata/build/cmake'
2026-09-29T21:26:58.4015745Z [ 45%] Linking CXX executable json_cursor_tests
2026-09-29T21:26:58.4610927Z gmake[3]: Leaving directory '/home/runner/work/strata/strata/build/cmake'
2026-09-29T21:26:58.4641639Z [ 50%] Built target json_cursor_tests
2026-09-29T21:26:58.4656940Z gmake[3]: Entering directory '/home/runner/work/strata/strata/build/cmake'
2026-09-29T21:26:58.4751449Z gmake[3]: Leaving directory '/home/runner/work/strata/strata/build/cmake'
2026-09-29T21:26:58.4781839Z gmake[3]: Entering directory '/home/runner/work/strata/strata/build/cmake'
2026-09-29T21:26:58.4806374Z [ 51%] Linking CXX executable ndjson_tests
2026-09-29T21:26:58.5406757Z gmake[3]: Leaving directory '/home/runner/work/strata/strata/build/cmake'
2026-09-29T21:26:58.5435786Z [ 56%] Built target ndjson_tests
2026-09-29T21:26:58.5450845Z gmake[3]: Entering directory '/home/runner/work/strata/strata/build/cmake'
2026-09-29T21:26:58.5548711Z gmake[3]: Leaving directory '/home/runner/work/strata/strata/build/cmake'
2026-09-29T21:26:58.5580402Z gmake[3]: Entering directory '/home/runner/work/strata/strata/build/cmake'
2026-09-29T21:26:58.5603992Z [ 57%] Linking CXX executable jsonpath_tests
2026-09-29T21:26:58.6207624Z gmake[3]: Leaving directory '/home/runner/work/strata/strata/build/cmake'
2026-09-29T21:26:58.6237580Z [ 63%] Built target jsonpath_tests
2026-09-29T21:26:58.6252478Z gmake[3]: Entering directory '/home/runner/work/strata/strata/build/cmake'
2026-09-29T21:26:58.6347614Z gmake[3]: Leaving directory '/home/runner/work/strata/strata/build/cmake'
2026-09-29T21:26:58.6378548Z gmake[3]: Entering directory '/home/runner/work/strata/strata/build/cmake'
2026-09-29T21:26:58.6403387Z [ 63%] Linking CXX executable jsonpath_stream_tests
2026-09-29T21:26:58.7013248Z gmake[3]: Leaving directory '/home/runner/work/strata/strata/build/cmake'
2026-09-29T21:26:58.7041948Z [ 69%] Built target jsonpath_stream_tests
2026-09-29T21:26:58.7057212Z gmake[3]: Entering directory '/home/runner/work/strata/strata/build/cmake'
2026-09-29T21:26:58.7150497Z gmake[3]: Leaving directory '/home/runner/work/strata/strata/build/cmake'
2026-09-29T21:26:58.7181373Z gmake[3]: Entering directory '/home/runner/work/strata/strata/build/cmake'
2026-09-29T21:26:58.7204969Z [ 69%] Linking CXX executable scan_tests
2026-09-29T21:26:58.7791163Z gmake[3]: Leaving directory '/home/runner/work/strata/strata/build/cmake'
2026-09-29T21:26:58.7820862Z [ 75%] Built target scan_tests
2026-09-29T21:26:58.7836998Z gmake[3]: Entering directory '/home/runner/work/strata/strata/build/cmake'
2026-09-29T21:26:58.7933368Z gmake[3]: Leaving directory '/home/runner/work/strata/strata/build/cmake'
2026-09-29T21:26:58.7964766Z gmake[3]: Entering directory '/home/runner/work/strata/strata/build/cmake'
2026-09-29T21:26:58.7989790Z [ 75%] Linking CXX executable temporal_tests
2026-09-29T21:26:58.8585227Z gmake[3]: Leaving directory '/home/runner/work/strata/strata/build/cmake'
2026-09-29T21:26:58.8613641Z [ 81%] Built target temporal_tests
2026-09-29T21:26:58.8628771Z gmake[3]: Entering directory '/home/runner/work/strata/strata/build/cmake'
2026-09-29T21:26:58.8723578Z gmake[3]: Leaving directory '/home/runner/work/strata/strata/build/cmake'
2026-09-29T21:26:58.8754901Z gmake[3]: Entering directory '/home/runner/work/strata/strata/build/cmake'
2026-09-29T21:26:58.8777936Z [ 81%] Linking CXX executable folder_tests
2026-09-29T21:26:58.9355753Z gmake[3]: Leaving directory '/home/runner/work/strata/strata/build/cmake'
2026-09-29T21:26:58.9383734Z [ 87%] Built target folder_tests
2026-09-29T21:26:58.9398833Z gmake[3]: Entering directory '/home/runner/work/strata/strata/build/cmake'
2026-09-29T21:26:58.9492651Z gmake[3]: Leaving directory '/home/runner/work/strata/strata/build/cmake'
2026-09-29T21:26:58.9523542Z gmake[3]: Entering directory '/home/runner/work/strata/strata/build/cmake'
2026-09-29T21:26:58.9546117Z [ 87%] Linking CXX executable fuzz_corpus_tests
2026-09-29T21:26:59.0120127Z gmake[3]: Leaving directory '/home/runner/work/strata/strata/build/cmake'
2026-09-29T21:26:59.0150203Z [ 93%] Built target fuzz_corpus_tests
2026-09-29T21:26:59.0165480Z gmake[3]: Entering directory '/home/runner/work/strata/strata/build/cmake'
2026-09-29T21:26:59.0259238Z gmake[3]: Leaving directory '/home/runner/work/strata/strata/build/cmake'
2026-09-29T21:26:59.0289890Z gmake[3]: Entering directory '/home/runner/work/strata/strata/build/cmake'
2026-09-29T21:26:59.0312978Z [ 94%] Linking CXX executable stress_deep_tests
2026-09-29T21:26:59.0907893Z gmake[3]: Leaving directory '/home/runner/work/strata/strata/build/cmake'
2026-09-29T21:26:59.0938364Z [100%] Built target stress_deep_tests
2026-09-29T21:26:59.0942698Z gmake[2]: Leaving directory '/home/runner/work/strata/strata/build/cmake'
2026-09-29T21:26:59.0980187Z gmake[1]: Leaving directory '/home/runner/work/strata/strata/build/cmake'
2026-09-29T21:26:59.0990297Z + /home/runner/work/strata/strata/.venv/bin/ctest --test-dir build/cmake --build-config Release --output-on-failure --no-tests=error
2026-09-29T21:26:59.2157754Z Test project /home/runner/work/strata/strata/build/cmake
2026-09-29T21:26:59.2163028Z       Start  1: smoke_tests
2026-09-29T21:26:59.2175712Z  1/16 Test  #1: smoke_tests ......................   Passed    0.00 sec
2026-09-29T21:26:59.2177394Z       Start  2: json_core_tests
2026-09-29T21:26:59.2191707Z  2/16 Test  #2: json_core_tests ..................   Passed    0.00 sec
2026-09-29T21:26:59.2192428Z       Start  3: json_parse_tests
2026-09-29T21:26:59.2205922Z  3/16 Test  #3: json_parse_tests .................   Passed    0.00 sec
2026-09-29T21:26:59.2206678Z       Start  4: fast_parse_tests
2026-09-29T21:26:59.2844929Z  4/16 Test  #4: fast_parse_tests .................   Passed    0.06 sec
2026-09-29T21:26:59.2845807Z       Start  5: value_cursor_tests
2026-09-29T21:26:59.2910487Z  5/16 Test  #5: value_cursor_tests ...............   Passed    0.01 sec
2026-09-29T21:26:59.2911312Z       Start  6: json_serialize_tests
2026-09-29T21:26:59.2926263Z  6/16 Test  #6: json_serialize_tests .............   Passed    0.00 sec
2026-09-29T21:26:59.2926960Z       Start  7: float_precision_tests
2026-09-29T21:27:01.5975310Z  7/16 Test  #7: float_precision_tests ............   Passed    2.30 sec
2026-09-29T21:27:01.5976857Z       Start  8: json_cursor_tests
2026-09-29T21:27:01.5993954Z  8/16 Test  #8: json_cursor_tests ................   Passed    0.00 sec
2026-09-29T21:27:01.5995441Z       Start  9: ndjson_tests
2026-09-29T21:27:01.6037409Z  9/16 Test  #9: ndjson_tests .....................   Passed    0.00 sec
2026-09-29T21:27:01.6038748Z       Start 10: jsonpath_tests
2026-09-29T21:27:01.6052145Z 10/16 Test #10: jsonpath_tests ...................   Passed    0.00 sec
2026-09-29T21:27:01.6052941Z       Start 11: jsonpath_stream_tests
2026-09-29T21:27:01.6070331Z 11/16 Test #11: jsonpath_stream_tests ............   Passed    0.00 sec
2026-09-29T21:27:01.6071308Z       Start 12: scan_tests
2026-09-29T21:27:01.6238266Z 12/16 Test #12: scan_tests .......................   Passed    0.02 sec
2026-09-29T21:27:01.6239255Z       Start 13: temporal_tests
2026-09-29T21:27:01.6378938Z 13/16 Test #13: temporal_tests ...................   Passed    0.01 sec
2026-09-29T21:27:01.6380053Z       Start 14: folder_tests
2026-09-29T21:27:01.6407843Z 14/16 Test #14: folder_tests .....................   Passed    0.00 sec
2026-09-29T21:27:01.6408631Z       Start 15: fuzz_corpus_tests
2026-09-29T21:27:01.6441835Z 15/16 Test #15: fuzz_corpus_tests ................   Passed    0.00 sec
2026-09-29T21:27:01.6442730Z       Start 16: stress_deep_tests
2026-09-29T21:27:01.6470031Z 16/16 Test #16: stress_deep_tests ................   Passed    0.00 sec
2026-09-29T21:27:01.6474917Z 
2026-09-29T21:27:01.6475107Z 100% tests passed out of 16
2026-09-29T21:27:01.6475271Z 
2026-09-29T21:27:01.6475362Z Total Test time (real) =   2.43 sec
2026-09-29T21:27:01.6851701Z + pytest tests/py tests/unit --basetemp=/tmp/pytest-of-runner/4y5xtrgy
2026-09-29T21:27:02.2759623Z ============================= test session starts ==============================
2026-09-29T21:27:02.2760086Z platform linux -- Python 3.12.14, pytest-9.1.1, pluggy-1.6.0
2026-09-29T21:27:02.2760417Z rootdir: /home/runner/work/strata/strata
2026-09-29T21:27:02.2760675Z configfile: pyproject.toml
2026-09-29T21:27:02.2760900Z plugins: platformdirs-4.12.2, cov-7.1.0
2026-09-29T21:27:02.2761185Z collected 3923 items
2026-09-29T21:27:02.2761301Z 
2026-09-29T21:27:02.2911535Z tests/py/native_types/test_native_dump.py ..............                 [  0%]
2026-09-29T21:27:02.3760590Z tests/py/native_types/test_native_fast_paths.py ........ssssssssss...... [  0%]
2026-09-29T21:27:02.5731138Z .............................                                            [  1%]
2026-09-29T21:27:02.6276978Z tests/py/native_types/test_native_import.py ...                          [  1%]
2026-09-29T21:27:02.6661844Z tests/py/native_types/test_native_opt_out.py ........................... [  2%]
2026-09-29T21:27:02.6666064Z                                                                          [  2%]
2026-09-29T21:27:02.7471217Z tests/py/native_types/test_native_oracle.py .........                    [  2%]
2026-09-29T21:27:03.0602848Z tests/py/native_types/test_native_reentrancy.py ........................ [  3%]
2026-09-29T21:27:03.8816685Z ..................................................                       [  4%]
2026-09-29T21:27:03.9151191Z tests/py/native_types/test_parse_types.py .............................. [  5%]
2026-09-29T21:27:04.3581942Z ............................................................             [  6%]
2026-09-29T21:27:04.3758131Z tests/py/test_dumps_brace_fold.py .........                              [  7%]
2026-09-29T21:27:04.4125019Z tests/py/test_dumps_cycles_fused.py .................................... [  8%]
2026-09-29T21:27:04.4681673Z ....................................................                     [  9%]
2026-09-29T21:27:04.7008037Z tests/py/test_dumps_general_tables.py ............................       [ 10%]
2026-09-29T21:27:05.1678938Z tests/py/test_dumps_with_default.py .................................... [ 10%]
2026-09-29T21:27:05.4551793Z .............................ss                                          [ 11%]
2026-09-29T21:27:05.4856402Z tests/py/test_dumps_with_default_contract.py ........................... [ 12%]
2026-09-29T21:27:05.5840664Z ........................................................................ [ 14%]
2026-09-29T21:27:05.6849973Z ........................................................................ [ 16%]
2026-09-29T21:27:05.7345740Z ..........................                                               [ 16%]
2026-09-29T21:27:05.7382489Z tests/py/test_fused_verification.py ..                                   [ 16%]
2026-09-29T21:27:05.7675597Z tests/py/test_json_parity.py ........................................... [ 17%]
2026-09-29T21:27:05.8155584Z ........................................................................ [ 19%]
2026-09-29T21:27:05.8636285Z ........................................................................ [ 21%]
2026-09-29T21:27:05.9103516Z ........................................................................ [ 23%]
2026-09-29T21:27:05.9572314Z ........................................................................ [ 25%]
2026-09-29T21:27:06.0031656Z ........................................................................ [ 27%]
2026-09-29T21:27:06.0492804Z ........................................................................ [ 28%]
2026-09-29T21:27:06.0949656Z ........................................................................ [ 30%]
2026-09-29T21:27:06.1403420Z ........................................................................ [ 32%]
2026-09-29T21:27:06.1865899Z ........................................................................ [ 34%]
2026-09-29T21:27:06.2321065Z ........................................................................ [ 36%]
2026-09-29T21:27:06.2770637Z ........................................................................ [ 38%]
2026-09-29T21:27:06.3214388Z ........................................................................ [ 39%]
2026-09-29T21:27:06.3660160Z ........................................................................ [ 41%]
2026-09-29T21:27:06.4097865Z ........................................................................ [ 43%]
2026-09-29T21:27:06.4541893Z ........................................................................ [ 45%]
2026-09-29T21:27:06.4982947Z ........................................................................ [ 47%]
2026-09-29T21:27:06.5223404Z .................................                                        [ 48%]
2026-09-29T21:27:06.5625399Z tests/py/test_path_dispatch.py ................................          [ 48%]
2026-09-29T21:27:06.5640720Z tests/py/test_py_tests_basetemp.py ..                                    [ 49%]
2026-09-29T21:27:06.5657927Z tests/py/test_smoke.py ...                                               [ 49%]
2026-09-29T21:27:06.5874673Z tests/unit/native_types/test_build_sources.py .......                    [ 49%]
2026-09-29T21:27:06.7092490Z tests/unit/native_types/test_hook_import_gating.py .......               [ 49%]
2026-09-29T21:27:06.7724135Z tests/unit/native_types/test_hook_profile_build.py ..............        [ 49%]
2026-09-29T21:27:06.7826534Z tests/unit/native_types/test_native_benchmark_agreement.py ...........   [ 50%]
2026-09-29T21:27:06.8720116Z tests/unit/native_types/test_native_benchmark_dataset.py .....           [ 50%]
2026-09-29T21:27:06.8763590Z tests/unit/native_types/test_native_benchmark_rows.py .......            [ 50%]
2026-09-29T21:27:06.8897361Z tests/unit/native_types/test_native_ci_fetch.py ....                     [ 50%]
2026-09-29T21:27:06.9009465Z tests/unit/native_types/test_native_ci_summary.py .....                  [ 50%]
2026-09-29T21:27:06.9444869Z tests/unit/native_types/test_native_flag.py ..........................s. [ 51%]
2026-09-29T21:27:06.9788281Z ..                                                                       [ 51%]
2026-09-29T21:27:06.9914211Z tests/unit/native_types/test_native_identity_ab.py .......               [ 51%]
2026-09-29T21:27:07.0126349Z tests/unit/native_types/test_native_opt_out.py ......................... [ 52%]
2026-09-29T21:27:07.0734358Z ........................................................................ [ 54%]
2026-09-29T21:27:07.1126735Z ..................................................                       [ 55%]
2026-09-29T21:27:07.1285985Z tests/unit/native_types/test_parse_contract.py ......................... [ 55%]
2026-09-29T21:27:07.1917830Z .................................................                        [ 57%]
2026-09-29T21:27:07.2050738Z tests/unit/native_types/test_serializer_contract.py .................... [ 57%]
2026-09-29T21:27:07.5481349Z ........................................................................ [ 59%]
2026-09-29T21:27:07.5917870Z ................................................                         [ 60%]
2026-09-29T21:27:07.6372742Z tests/unit/native_types/test_training_scope.py ............              [ 61%]
2026-09-29T21:27:07.9720007Z tests/unit/test_ab_analysis.py ......................................    [ 62%]
2026-09-29T21:27:07.9832530Z tests/unit/test_build_manifest.py ...........                            [ 62%]
2026-09-29T21:27:07.9931775Z tests/unit/test_canonical_builds.py ....                                 [ 62%]
2026-09-29T21:27:08.1541664Z tests/unit/test_ci_fetch.py ........................                     [ 63%]
2026-09-29T21:27:08.2330813Z tests/unit/test_ci_summary.py .......................                    [ 63%]
2026-09-29T21:27:08.2498970Z tests/unit/test_config.py ...........................                    [ 64%]
2026-09-29T21:27:08.2651916Z tests/unit/test_core_purity.py ....                                      [ 64%]
2026-09-29T21:27:08.2753250Z tests/unit/test_cross_sample.py ......                                   [ 64%]
2026-09-29T21:27:08.3214826Z tests/unit/test_dumps.py ............................................... [ 65%]
2026-09-29T21:27:08.3339428Z ..........                                                               [ 66%]
2026-09-29T21:27:08.3508143Z tests/unit/test_dumps_brace_fold.py .........                            [ 66%]
2026-09-29T21:27:08.5329655Z tests/unit/test_dumps_cold_start.py ....                                 [ 66%]
2026-09-29T21:27:08.5606669Z tests/unit/test_dumps_contract.py ...................................... [ 67%]
2026-09-29T21:27:08.6136174Z .............................................................            [ 68%]
2026-09-29T21:27:08.6465466Z tests/unit/test_dumps_cycles_fused.py .................................. [ 69%]
2026-09-29T21:27:08.7014408Z ......................................................                   [ 71%]
2026-09-29T21:27:09.0017933Z tests/unit/test_dumps_general_tables.py ............................     [ 71%]
2026-09-29T21:27:09.4087111Z tests/unit/test_dumps_latch.py ............................              [ 72%]
2026-09-29T21:27:09.4837678Z tests/unit/test_dumps_private_cache.py ................................  [ 73%]
2026-09-29T21:27:10.0928197Z tests/unit/test_dumps_reentrancy.py .................................... [ 74%]
2026-09-29T21:27:11.2646150Z ......................................................................   [ 76%]
2026-09-29T21:27:11.9294963Z tests/unit/test_dumps_reentrancy_review.py ............................. [ 76%]
2026-09-29T21:27:12.0791929Z ..                                                                       [ 76%]
2026-09-29T21:27:12.1264682Z tests/unit/test_dumps_schema_failure.py ...........................      [ 77%]
2026-09-29T21:27:12.5677365Z tests/unit/test_dumps_user_step_counter.py ..........................    [ 78%]
2026-09-29T21:27:12.5923454Z tests/unit/test_dumps_with_default.py .................................. [ 79%]
2026-09-29T21:27:12.6449020Z ........................................................................ [ 80%]
2026-09-29T21:27:12.7580882Z .........................................................                [ 82%]
2026-09-29T21:27:12.7780252Z tests/unit/test_dumps_with_default_state.py ............................ [ 83%]
2026-09-29T21:27:12.8614025Z ........................................................................ [ 84%]
2026-09-29T21:27:12.9830486Z ..............                                                           [ 85%]
2026-09-29T21:27:13.0483547Z tests/unit/test_folder.py .............................................. [ 86%]
2026-09-29T21:27:13.1126365Z .........................................                                [ 87%]
2026-09-29T21:27:13.1163109Z tests/unit/test_fused_verification.py ..                                 [ 87%]
2026-09-29T21:27:13.1604641Z tests/unit/test_hook_build_scope.py ...............................      [ 88%]
2026-09-29T21:27:13.2631773Z tests/unit/test_json_cursor.py ...........................               [ 89%]
2026-09-29T21:27:13.2899474Z tests/unit/test_jsonpath.py ............................................ [ 90%]
2026-09-29T21:27:13.4063363Z .......................................................................  [ 91%]
2026-09-29T21:27:13.4832880Z tests/unit/test_load_dump.py ........................................... [ 93%]
2026-09-29T21:27:13.4837249Z                                                                          [ 93%]
2026-09-29T21:27:13.5134475Z tests/unit/test_loads.py ............................................... [ 94%]
2026-09-29T21:27:13.5898120Z ........................................................................ [ 96%]
2026-09-29T21:27:14.4376333Z ................                                                         [ 96%]
2026-09-29T21:27:14.4426987Z tests/unit/test_native_interleaved_profile.py ...                        [ 96%]
2026-09-29T21:27:14.5115444Z tests/unit/test_nested_container_probe.py ....                           [ 96%]
2026-09-29T21:27:14.5620835Z tests/unit/test_path_dispatch.py ................................        [ 97%]
2026-09-29T21:27:14.5963962Z tests/unit/test_provenance.py ..................                         [ 97%]
2026-09-29T21:27:14.6443571Z tests/unit/test_regression_check.py ..........................           [ 98%]
2026-09-29T21:27:14.7408467Z tests/unit/test_search_stream.py .................                       [ 99%]
2026-09-29T21:27:14.7416602Z tests/unit/test_string_identity_probe.py .                               [ 99%]
2026-09-29T21:27:14.8091365Z tests/unit/test_supplementary.py .............                           [ 99%]
2026-09-29T21:27:14.8585901Z tests/unit/test_supportability_check.py ....................             [ 99%]
2026-09-29T21:27:14.9289255Z tests/unit/test_version.py ....                                          [100%]
2026-09-29T21:27:14.9289578Z 
2026-09-29T21:27:14.9289728Z ====================== 3910 passed, 13 skipped in 13.05s =======================
2026-09-29T21:27:15.0936447Z ==> PGO: generating benchmark data
2026-09-29T21:27:15.0950561Z make[1]: Entering directory '/home/runner/work/strata/strata'
2026-09-29T21:27:15.0951334Z PYTHONPATH=. .venv/bin/python -m benchmarks.data.generate_bench_data --out-dir benchmarks/data/generated/small  --num-users 1000 --max-orders 10 --max-items 5  --records 500
2026-09-29T21:27:15.3396381Z   benchmarks/data/generated/small/users.json  (1680 KB)
2026-09-29T21:27:15.3398301Z   benchmarks/data/generated/small/users.ndjson  (1679 KB)
2026-09-29T21:27:15.3398903Z   benchmarks/data/generated/small/flat.json  (209 KB)
2026-09-29T21:27:15.3399240Z   benchmarks/data/generated/small/nested.json  (148 KB)
2026-09-29T21:27:15.3399609Z   benchmarks/data/generated/small/wide_arrays.json  (1218 KB)
2026-09-29T21:27:15.3399956Z   benchmarks/data/generated/small/mixed.json  (34 KB)
2026-09-29T21:27:15.3459677Z PYTHONPATH=. .venv/bin/python -m benchmarks.data.generate_bench_data --out-dir benchmarks/data/generated/medium --num-users 2000 --max-orders 20 --max-items 10 --records 2000
2026-09-29T21:27:16.5271483Z   benchmarks/data/generated/medium/users.json  (9883 KB)
2026-09-29T21:27:16.5272310Z   benchmarks/data/generated/medium/users.ndjson  (9881 KB)
2026-09-29T21:27:16.5273264Z   benchmarks/data/generated/medium/flat.json  (836 KB)
2026-09-29T21:27:16.5273605Z   benchmarks/data/generated/medium/nested.json  (594 KB)
2026-09-29T21:27:16.5274009Z   benchmarks/data/generated/medium/wide_arrays.json  (4874 KB)
2026-09-29T21:27:16.5274659Z   benchmarks/data/generated/medium/mixed.json  (138 KB)
2026-09-29T21:27:16.5341979Z PYTHONPATH=. .venv/bin/python -m benchmarks.data.generate_bench_data --out-dir benchmarks/data/generated/large  --num-users 4000 --max-orders 40 --max-items 20 --records 5000
2026-09-29T21:27:23.6847644Z   benchmarks/data/generated/large/users.json  (68083 KB)
2026-09-29T21:27:23.6848060Z   benchmarks/data/generated/large/users.ndjson  (68079 KB)
2026-09-29T21:27:23.6848420Z   benchmarks/data/generated/large/flat.json  (2092 KB)
2026-09-29T21:27:23.6848752Z   benchmarks/data/generated/large/nested.json  (1488 KB)
2026-09-29T21:27:23.6849109Z   benchmarks/data/generated/large/wide_arrays.json  (12185 KB)
2026-09-29T21:27:23.6849467Z   benchmarks/data/generated/large/mixed.json  (347 KB)
2026-09-29T21:27:23.6931791Z make[1]: Leaving directory '/home/runner/work/strata/strata'
2026-09-29T21:27:23.6932922Z ==> PGO: verification benchmarks
2026-09-29T21:27:42.6663832Z wrote build/pgo/bench_results_pgo.md
2026-09-29T21:27:42.6851339Z ==> PGO complete
2026-09-29T21:27:42.6851670Z     profile: /home/runner/work/strata/strata/build/pgo/strata.profdata
2026-09-29T21:27:42.6852088Z     results: build/pgo/bench_results_pgo.md
2026-09-29T21:27:42.6852382Z     The installed extension is now the PGO+LTO build.
2026-09-29T21:27:42.6889142Z ##[group]Run PYTHONPATH=. .venv/bin/python -m benchmarks.data.generate_bench_data \
2026-09-29T21:27:42.6889741Z PYTHONPATH=. .venv/bin/python -m benchmarks.data.generate_bench_data \
2026-09-29T21:27:42.6890152Z   --out-dir benchmarks/data/generated/small \
2026-09-29T21:27:42.6890514Z   --num-users 1000 --max-orders 10 --max-items 5 --records 500
2026-09-29T21:27:42.6927902Z shell: /usr/bin/bash -e {0}
2026-09-29T21:27:42.6928122Z env:
2026-09-29T21:27:42.6928353Z   pythonLocation: /opt/hostedtoolcache/Python/3.12.14/arm64
2026-09-29T21:27:42.6928760Z   PKG_CONFIG_PATH: /opt/hostedtoolcache/Python/3.12.14/arm64/lib/pkgconfig
2026-09-29T21:27:42.6929180Z   Python_ROOT_DIR: /opt/hostedtoolcache/Python/3.12.14/arm64
2026-09-29T21:27:42.6929536Z   Python2_ROOT_DIR: /opt/hostedtoolcache/Python/3.12.14/arm64
2026-09-29T21:27:42.6929890Z   Python3_ROOT_DIR: /opt/hostedtoolcache/Python/3.12.14/arm64
2026-09-29T21:27:42.6930292Z   LD_LIBRARY_PATH: /opt/hostedtoolcache/Python/3.12.14/arm64/lib
2026-09-29T21:27:42.6930593Z ##[endgroup]
2026-09-29T21:27:42.9406776Z   benchmarks/data/generated/small/users.json  (1680 KB)
2026-09-29T21:27:42.9407158Z   benchmarks/data/generated/small/users.ndjson  (1679 KB)
2026-09-29T21:27:42.9407506Z   benchmarks/data/generated/small/flat.json  (209 KB)
2026-09-29T21:27:42.9407830Z   benchmarks/data/generated/small/nested.json  (148 KB)
2026-09-29T21:27:42.9408178Z   benchmarks/data/generated/small/wide_arrays.json  (1218 KB)
2026-09-29T21:27:42.9408527Z   benchmarks/data/generated/small/mixed.json  (34 KB)
2026-09-29T21:27:42.9498964Z ##[group]Run PYTHONPATH=. .venv/bin/python -m benchmarks.bench_main \
2026-09-29T21:27:42.9499674Z PYTHONPATH=. .venv/bin/python -m benchmarks.bench_main \
2026-09-29T21:27:42.9500010Z   --name "ci-linux-arm64" \
2026-09-29T21:27:42.9500255Z   --repeat 10 --warmup 2 \
2026-09-29T21:27:42.9500558Z   --dataset benchmarks/data/generated/small/users.json \
2026-09-29T21:27:42.9500949Z   --dataset benchmarks/data/generated/small/users.ndjson \
2026-09-29T21:27:42.9501336Z   --dataset benchmarks/data/generated/small/flat.json \
2026-09-29T21:27:42.9501717Z   --dataset benchmarks/data/generated/small/nested.json \
2026-09-29T21:27:42.9502123Z   --dataset benchmarks/data/generated/small/wide_arrays.json \
2026-09-29T21:27:42.9502525Z   --dataset benchmarks/data/generated/small/mixed.json \
2026-09-29T21:27:42.9502856Z   --output "bench_ci_linux-arm64.md"
2026-09-29T21:27:42.9538648Z shell: /usr/bin/bash -e {0}
2026-09-29T21:27:42.9538891Z env:
2026-09-29T21:27:42.9539154Z   pythonLocation: /opt/hostedtoolcache/Python/3.12.14/arm64
2026-09-29T21:27:42.9539562Z   PKG_CONFIG_PATH: /opt/hostedtoolcache/Python/3.12.14/arm64/lib/pkgconfig
2026-09-29T21:27:42.9539963Z   Python_ROOT_DIR: /opt/hostedtoolcache/Python/3.12.14/arm64
2026-09-29T21:27:42.9540321Z   Python2_ROOT_DIR: /opt/hostedtoolcache/Python/3.12.14/arm64
2026-09-29T21:27:42.9540684Z   Python3_ROOT_DIR: /opt/hostedtoolcache/Python/3.12.14/arm64
2026-09-29T21:27:42.9541057Z   LD_LIBRARY_PATH: /opt/hostedtoolcache/Python/3.12.14/arm64/lib
2026-09-29T21:27:42.9541360Z   PGO_MODE: use
2026-09-29T21:27:42.9541531Z   STRATA_ENABLE_LTO: 1
2026-09-29T21:27:42.9541716Z ##[endgroup]
2026-09-29T21:28:06.2127002Z wrote bench_ci_linux-arm64.md
2026-09-29T21:28:06.2355845Z ##[group]Run PYTHONPATH=. .venv/bin/python -m benchmarks.supportability_check \
2026-09-29T21:28:06.2356405Z PYTHONPATH=. .venv/bin/python -m benchmarks.supportability_check \
2026-09-29T21:28:06.2356770Z   "bench_ci_linux-arm64.md"
2026-09-29T21:28:06.2392754Z shell: /usr/bin/bash -e {0}
2026-09-29T21:28:06.2392978Z env:
2026-09-29T21:28:06.2393216Z   pythonLocation: /opt/hostedtoolcache/Python/3.12.14/arm64
2026-09-29T21:28:06.2393621Z   PKG_CONFIG_PATH: /opt/hostedtoolcache/Python/3.12.14/arm64/lib/pkgconfig
2026-09-29T21:28:06.2394234Z   Python_ROOT_DIR: /opt/hostedtoolcache/Python/3.12.14/arm64
2026-09-29T21:28:06.2394608Z   Python2_ROOT_DIR: /opt/hostedtoolcache/Python/3.12.14/arm64
2026-09-29T21:28:06.2394968Z   Python3_ROOT_DIR: /opt/hostedtoolcache/Python/3.12.14/arm64
2026-09-29T21:28:06.2395332Z   LD_LIBRARY_PATH: /opt/hostedtoolcache/Python/3.12.14/arm64/lib
2026-09-29T21:28:06.2395627Z ##[endgroup]
2026-09-29T21:28:06.3150511Z supportability: bench_ci_linux-arm64.md: 27/27 declared rows, no problems; 27 rows within 3.0x, no ERROR rows
2026-09-29T21:28:06.3291213Z ##[group]Run PYTHONPATH=. .venv/bin/python -m benchmarks.native_v1 \
2026-09-29T21:28:06.3291705Z PYTHONPATH=. .venv/bin/python -m benchmarks.native_v1 \
2026-09-29T21:28:06.3292107Z   --data benchmarks/data/generated --tiers small \
2026-09-29T21:28:06.3292405Z   --repeat 30 --warmup 2 \
2026-09-29T21:28:06.3292687Z   --output "bench_native_linux-arm64.md"
2026-09-29T21:28:06.3328172Z shell: /usr/bin/bash -e {0}
2026-09-29T21:28:06.3328389Z env:
2026-09-29T21:28:06.3328623Z   pythonLocation: /opt/hostedtoolcache/Python/3.12.14/arm64
2026-09-29T21:28:06.3329026Z   PKG_CONFIG_PATH: /opt/hostedtoolcache/Python/3.12.14/arm64/lib/pkgconfig
2026-09-29T21:28:06.3329425Z   Python_ROOT_DIR: /opt/hostedtoolcache/Python/3.12.14/arm64
2026-09-29T21:28:06.3329780Z   Python2_ROOT_DIR: /opt/hostedtoolcache/Python/3.12.14/arm64
2026-09-29T21:28:06.3330134Z   Python3_ROOT_DIR: /opt/hostedtoolcache/Python/3.12.14/arm64
2026-09-29T21:28:06.3330554Z   LD_LIBRARY_PATH: /opt/hostedtoolcache/Python/3.12.14/arm64/lib
2026-09-29T21:28:06.3330855Z   PGO_MODE: use
2026-09-29T21:28:06.3331026Z   STRATA_ENABLE_LTO: 1
2026-09-29T21:28:06.3331413Z ##[endgroup]
2026-09-29T21:28:08.0359518Z native-v1: 2/2 declared rows, 1 extra
2026-09-29T21:28:08.0359848Z native-v1: 1/1 declared rows, 2 extra
2026-09-29T21:28:08.0360096Z native-v1: 1/1 declared rows, 2 extra
2026-09-29T21:28:08.0565525Z ##[group]Run PYTHONPATH=. .venv/bin/python scripts/identity_ab.py \
2026-09-29T21:28:08.0566031Z PYTHONPATH=. .venv/bin/python scripts/identity_ab.py \
2026-09-29T21:28:08.0566405Z   --base "234ea15861d2f37b1b55c6251281a49021864441" \
2026-09-29T21:28:08.0566753Z   --arm-dir "/home/runner/work/_temp/identity-arm" \
2026-09-29T21:28:08.0567063Z   --out "identity-linux-arm64"
2026-09-29T21:28:08.0567418Z cp "identity-linux-arm64/identity.txt" "identity-linux-arm64.txt"
2026-09-29T21:28:08.0603901Z shell: /usr/bin/bash -e {0}
2026-09-29T21:28:08.0604339Z env:
2026-09-29T21:28:08.0604580Z   pythonLocation: /opt/hostedtoolcache/Python/3.12.14/arm64
2026-09-29T21:28:08.0604983Z   PKG_CONFIG_PATH: /opt/hostedtoolcache/Python/3.12.14/arm64/lib/pkgconfig
2026-09-29T21:28:08.0605406Z   Python_ROOT_DIR: /opt/hostedtoolcache/Python/3.12.14/arm64
2026-09-29T21:28:08.0605762Z   Python2_ROOT_DIR: /opt/hostedtoolcache/Python/3.12.14/arm64
2026-09-29T21:28:08.0606159Z   Python3_ROOT_DIR: /opt/hostedtoolcache/Python/3.12.14/arm64
2026-09-29T21:28:08.0606525Z   LD_LIBRARY_PATH: /opt/hostedtoolcache/Python/3.12.14/arm64/lib
2026-09-29T21:28:08.0606820Z ##[endgroup]
2026-09-29T21:28:08.0958047Z + git worktree add --force --detach /home/runner/work/_temp/identity-arm 234ea15861d2f37b1b55c6251281a49021864441
2026-09-29T21:28:08.0971761Z Preparing worktree (detached HEAD 234ea15)
2026-09-29T21:28:08.2240875Z HEAD is now at 234ea15 Merge M13: framework adapters, reconciled with native precedence
2026-09-29T21:28:08.2257223Z + make install-bench
2026-09-29T21:28:08.2273232Z python3 -m venv .venv
2026-09-29T21:28:10.1960935Z .venv/bin/python -m pip install -U pip setuptools wheel
2026-09-29T21:28:10.5110164Z Requirement already satisfied: pip in ./.venv/lib/python3.12/site-packages (25.0.1)
2026-09-29T21:28:10.5611645Z Collecting pip
2026-09-29T21:28:10.5624283Z   Using cached pip-26.2.1-py3-none-any.whl.metadata (4.6 kB)
2026-09-29T21:28:10.6488859Z Collecting setuptools
2026-09-29T21:28:10.6499809Z   Using cached setuptools-84.0.0-py3-none-any.whl.metadata (6.6 kB)
2026-09-29T21:28:10.6692712Z Collecting wheel
2026-09-29T21:28:10.6702904Z   Using cached wheel-0.48.0-py3-none-any.whl.metadata (2.3 kB)
2026-09-29T21:28:10.6828091Z Collecting packaging>=24.0 (from wheel)
2026-09-29T21:28:10.6838068Z   Using cached packaging-26.3-py3-none-any.whl.metadata (3.5 kB)
2026-09-29T21:28:10.6863945Z Using cached pip-26.2.1-py3-none-any.whl (1.8 MB)
2026-09-29T21:28:10.6879199Z Using cached setuptools-84.0.0-py3-none-any.whl (818 kB)
2026-09-29T21:28:10.6891124Z Using cached wheel-0.48.0-py3-none-any.whl (33 kB)
2026-09-29T21:28:10.6900474Z Using cached packaging-26.3-py3-none-any.whl (129 kB)
2026-09-29T21:28:10.7102692Z Installing collected packages: setuptools, pip, packaging, wheel
2026-09-29T21:28:11.0770416Z   Attempting uninstall: pip
2026-09-29T21:28:11.0789381Z     Found existing installation: pip 25.0.1
2026-09-29T21:28:11.1016015Z     Uninstalling pip-25.0.1:
2026-09-29T21:28:11.1056731Z       Successfully uninstalled pip-25.0.1
2026-09-29T21:28:11.8816351Z Successfully installed packaging-26.3 pip-26.2.1 setuptools-84.0.0 wheel-0.48.0
2026-09-29T21:28:12.0108168Z .venv/bin/python -m pip install -e '.[dev,bench]'
2026-09-29T21:28:12.2705142Z Obtaining file:///home/runner/work/_temp/identity-arm
2026-09-29T21:28:12.2722569Z   Installing build dependencies: started
2026-09-29T21:28:13.5178822Z   Installing build dependencies: finished with status 'done'
2026-09-29T21:28:13.5184746Z   Checking if build backend supports build_editable: started
2026-09-29T21:28:13.7540757Z   Checking if build backend supports build_editable: finished with status 'done'
2026-09-29T21:28:13.7548162Z   Getting requirements to build editable: started
2026-09-29T21:28:14.0588265Z   Getting requirements to build editable: finished with status 'done'
2026-09-29T21:28:14.0596099Z   Preparing editable metadata (pyproject.toml): started
2026-09-29T21:28:14.2464905Z   Preparing editable metadata (pyproject.toml): finished with status 'done'
2026-09-29T21:28:14.3171104Z Collecting cmake>=3.20 (from strata==2026.8.10)
2026-09-29T21:28:14.3185193Z   Using cached cmake-4.4.3-py3-none-manylinux2014_aarch64.manylinux_2_17_aarch64.whl.metadata (7.0 kB)
2026-09-29T21:28:14.3324697Z Collecting pytest>=7 (from strata==2026.8.10)
2026-09-29T21:28:14.3335956Z   Using cached pytest-9.1.1-py3-none-any.whl.metadata (7.6 kB)
2026-09-29T21:28:14.3400109Z Collecting pytest-cov>=4 (from strata==2026.8.10)
2026-09-29T21:28:14.3410307Z   Using cached pytest_cov-7.1.0-py3-none-any.whl.metadata (32 kB)
2026-09-29T21:28:14.5677232Z Collecting ruff>=0.5 (from strata==2026.8.10)
2026-09-29T21:28:14.5690607Z   Using cached ruff-0.16.9-py3-none-manylinux_2_17_aarch64.manylinux2014_aarch64.whl.metadata (20 kB)
2026-09-29T21:28:14.5843992Z Collecting pre-commit>=3.5 (from strata==2026.8.10)
2026-09-29T21:28:14.5854666Z   Using cached pre_commit-4.6.2-py2.py3-none-any.whl.metadata (1.2 kB)
2026-09-29T21:28:14.6198710Z Collecting clang-format<22,>=21 (from strata==2026.8.10)
2026-09-29T21:28:14.6211304Z   Using cached clang_format-21.1.8-py2.py3-none-manylinux_2_26_aarch64.manylinux_2_28_aarch64.whl.metadata (4.7 kB)
2026-09-29T21:28:14.7726073Z Collecting orjson (from strata==2026.8.10)
2026-09-29T21:28:14.7737678Z   Using cached orjson-3.12.0-cp312-cp312-manylinux_2_17_aarch64.manylinux2014_aarch64.whl.metadata (41 kB)
2026-09-29T21:28:14.8267397Z Collecting msgspec (from strata==2026.8.10)
2026-09-29T21:28:14.8278007Z   Using cached msgspec-0.22.0-cp312-cp312-manylinux2014_aarch64.manylinux_2_17_aarch64.manylinux_2_28_aarch64.whl.metadata (6.0 kB)
2026-09-29T21:28:14.8710269Z Collecting ujson (from strata==2026.8.10)
2026-09-29T21:28:14.8723218Z   Using cached ujson-6.0.0-cp312-cp312-manylinux_2_24_aarch64.manylinux_2_28_aarch64.whl.metadata (10.0 kB)
2026-09-29T21:28:14.8987601Z Collecting pysimdjson (from strata==2026.8.10)
2026-09-29T21:28:14.9000691Z   Using cached pysimdjson-7.0.2-cp312-cp312-manylinux_2_17_aarch64.manylinux2014_aarch64.whl.metadata (1.1 kB)
2026-09-29T21:28:14.9039195Z Collecting jmespath (from strata==2026.8.10)
2026-09-29T21:28:14.9049219Z   Using cached jmespath-1.1.0-py3-none-any.whl.metadata (7.6 kB)
2026-09-29T21:28:14.9090082Z Collecting jsonpath-ng (from strata==2026.8.10)
2026-09-29T21:28:14.9100135Z   Using cached jsonpath_ng-1.8.0-py3-none-any.whl.metadata (18 kB)
2026-09-29T21:28:14.9509570Z Collecting psutil>=5 (from strata==2026.8.10)
2026-09-29T21:28:14.9522042Z   Using cached psutil-7.2.2-cp36-abi3-manylinux2014_aarch64.manylinux_2_17_aarch64.manylinux_2_28_aarch64.whl.metadata (22 kB)
2026-09-29T21:28:14.9601011Z Collecting cfgv>=2.0.0 (from pre-commit>=3.5->strata==2026.8.10)
2026-09-29T21:28:14.9611445Z   Using cached cfgv-3.5.0-py2.py3-none-any.whl.metadata (8.9 kB)
2026-09-29T21:28:14.9803953Z Collecting identify>=1.0.0 (from pre-commit>=3.5->strata==2026.8.10)
2026-09-29T21:28:14.9814473Z   Using cached identify-2.6.20-py2.py3-none-any.whl.metadata (4.4 kB)
2026-09-29T21:28:14.9873217Z Collecting nodeenv>=0.11.1 (from pre-commit>=3.5->strata==2026.8.10)
2026-09-29T21:28:14.9883567Z   Using cached nodeenv-1.11.0-py2.py3-none-any.whl.metadata (40 kB)
2026-09-29T21:28:15.0114356Z Collecting pyyaml>=5.1 (from pre-commit>=3.5->strata==2026.8.10)
2026-09-29T21:28:15.0126813Z   Using cached pyyaml-6.0.3-cp312-cp312-manylinux2014_aarch64.manylinux_2_17_aarch64.manylinux_2_28_aarch64.whl.metadata (2.4 kB)
2026-09-29T21:28:15.0348507Z Collecting virtualenv>=20.10.0 (from pre-commit>=3.5->strata==2026.8.10)
2026-09-29T21:28:15.0360129Z   Using cached virtualenv-21.14.0-py3-none-any.whl.metadata (4.1 kB)
2026-09-29T21:28:15.0414711Z Collecting iniconfig>=1.0.1 (from pytest>=7->strata==2026.8.10)
2026-09-29T21:28:15.0424600Z   Using cached iniconfig-2.3.0-py3-none-any.whl.metadata (2.5 kB)
2026-09-29T21:28:15.0438995Z Requirement already satisfied: packaging>=22 in ./.venv/lib/python3.12/site-packages (from pytest>=7->strata==2026.8.10) (26.3)
2026-09-29T21:28:15.0477284Z Collecting pluggy<2,>=1.5 (from pytest>=7->strata==2026.8.10)
2026-09-29T21:28:15.0487055Z   Using cached pluggy-1.6.0-py3-none-any.whl.metadata (4.8 kB)
2026-09-29T21:28:15.0569743Z Collecting pygments>=2.7.2 (from pytest>=7->strata==2026.8.10)
2026-09-29T21:28:15.0580025Z   Using cached pygments-2.21.0-py3-none-any.whl.metadata (2.5 kB)
2026-09-29T21:28:15.3438486Z Collecting coverage>=7.10.6 (from coverage[toml]>=7.10.6->pytest-cov>=4->strata==2026.8.10)
2026-09-29T21:28:15.3450455Z   Using cached coverage-7.16.2-cp312-cp312-manylinux2014_aarch64.manylinux_2_17_aarch64.manylinux_2_28_aarch64.whl.metadata (8.2 kB)
2026-09-29T21:28:15.3521935Z Collecting distlib<1,>=0.3.7 (from virtualenv>=20.10.0->pre-commit>=3.5->strata==2026.8.10)
2026-09-29T21:28:15.3531952Z   Using cached distlib-0.4.3-py2.py3-none-any.whl.metadata (5.3 kB)
2026-09-29T21:28:15.3641051Z Collecting filelock<5,>=3.24.2 (from virtualenv>=20.10.0->pre-commit>=3.5->strata==2026.8.10)
2026-09-29T21:28:15.3651296Z   Using cached filelock-4.0.6-py3-none-any.whl.metadata (2.0 kB)
2026-09-29T21:28:15.3742177Z Collecting platformdirs<5,>=3.9.1 (from virtualenv>=20.10.0->pre-commit>=3.5->strata==2026.8.10)
2026-09-29T21:28:15.3752127Z   Using cached platformdirs-4.12.2-py3-none-any.whl.metadata (5.5 kB)
2026-09-29T21:28:15.3792093Z Collecting python-discovery>=1.6 (from virtualenv>=20.10.0->pre-commit>=3.5->strata==2026.8.10)
2026-09-29T21:28:15.3802007Z   Using cached python_discovery-1.6.1-py3-none-any.whl.metadata (5.1 kB)
2026-09-29T21:28:15.3876232Z Using cached clang_format-21.1.8-py2.py3-none-manylinux_2_26_aarch64.manylinux_2_28_aarch64.whl (1.7 MB)
2026-09-29T21:28:15.3891143Z Using cached cmake-4.4.3-py3-none-manylinux2014_aarch64.manylinux_2_17_aarch64.whl (30.3 MB)
2026-09-29T21:28:15.3986765Z Using cached pre_commit-4.6.2-py2.py3-none-any.whl (226 kB)
2026-09-29T21:28:15.3997186Z Using cached cfgv-3.5.0-py2.py3-none-any.whl (7.4 kB)
2026-09-29T21:28:15.4006709Z Using cached identify-2.6.20-py2.py3-none-any.whl (99 kB)
2026-09-29T21:28:15.4016760Z Using cached nodeenv-1.11.0-py2.py3-none-any.whl (34 kB)
2026-09-29T21:28:15.4026640Z Using cached psutil-7.2.2-cp36-abi3-manylinux2014_aarch64.manylinux_2_17_aarch64.manylinux_2_28_aarch64.whl (156 kB)
2026-09-29T21:28:15.4036190Z Using cached pytest-9.1.1-py3-none-any.whl (386 kB)
2026-09-29T21:28:15.4046813Z Using cached pluggy-1.6.0-py3-none-any.whl (20 kB)
2026-09-29T21:28:15.4056235Z Using cached iniconfig-2.3.0-py3-none-any.whl (7.5 kB)
2026-09-29T21:28:15.4065513Z Using cached pygments-2.21.0-py3-none-any.whl (1.3 MB)
2026-09-29T21:28:15.4078636Z Using cached pytest_cov-7.1.0-py3-none-any.whl (22 kB)
2026-09-29T21:28:15.4088579Z Using cached coverage-7.16.2-cp312-cp312-manylinux2014_aarch64.manylinux_2_17_aarch64.manylinux_2_28_aarch64.whl (259 kB)
2026-09-29T21:28:15.4099131Z Using cached pyyaml-6.0.3-cp312-cp312-manylinux2014_aarch64.manylinux_2_17_aarch64.manylinux_2_28_aarch64.whl (775 kB)
2026-09-29T21:28:15.4110940Z Using cached ruff-0.16.9-py3-none-manylinux_2_17_aarch64.manylinux2014_aarch64.whl (10.0 MB)
2026-09-29T21:28:15.4148582Z Using cached virtualenv-21.14.0-py3-none-any.whl (5.5 MB)
2026-09-29T21:28:15.4173053Z Using cached distlib-0.4.3-py2.py3-none-any.whl (470 kB)
2026-09-29T21:28:15.4183875Z Using cached filelock-4.0.6-py3-none-any.whl (109 kB)
2026-09-29T21:28:15.4193913Z Using cached platformdirs-4.12.2-py3-none-any.whl (32 kB)
2026-09-29T21:28:15.4203292Z Using cached python_discovery-1.6.1-py3-none-any.whl (38 kB)
2026-09-29T21:28:15.4212741Z Using cached jmespath-1.1.0-py3-none-any.whl (20 kB)
2026-09-29T21:28:15.4222392Z Using cached jsonpath_ng-1.8.0-py3-none-any.whl (67 kB)
2026-09-29T21:28:15.4232289Z Using cached msgspec-0.22.0-cp312-cp312-manylinux2014_aarch64.manylinux_2_17_aarch64.manylinux_2_28_aarch64.whl (224 kB)
2026-09-29T21:28:15.4242292Z Using cached orjson-3.12.0-cp312-cp312-manylinux_2_17_aarch64.manylinux2014_aarch64.whl (130 kB)
2026-09-29T21:28:15.4252386Z Using cached pysimdjson-7.0.2-cp312-cp312-manylinux_2_17_aarch64.manylinux2014_aarch64.whl (2.8 MB)
2026-09-29T21:28:15.4269988Z Using cached ujson-6.0.0-cp312-cp312-manylinux_2_24_aarch64.manylinux_2_28_aarch64.whl (57 kB)
2026-09-29T21:28:15.5298339Z Building wheels for collected packages: strata
2026-09-29T21:28:15.5304340Z   Building editable for strata (pyproject.toml): started
2026-09-29T21:29:15.7123504Z   Building editable for strata (pyproject.toml): still running...
2026-09-29T21:30:16.0018153Z   Building editable for strata (pyproject.toml): still running...
2026-09-29T21:31:16.1781253Z   Building editable for strata (pyproject.toml): still running...
2026-09-29T21:31:22.0160592Z   Building editable for strata (pyproject.toml): finished with status 'done'
2026-09-29T21:31:22.0167610Z   Created wheel for strata: filename=strata-2026.8.10-0.editable-cp312-cp312-linux_aarch64.whl size=4459 sha256=88f3d5b4c1fd20c6b4d669785b057d626b214f5c9e22da4dc1ad6f7fbd497dce
2026-09-29T21:31:22.0168653Z   Stored in directory: /tmp/pip-ephem-wheel-cache-wrvujfsz/wheels/4b/14/de/c01d5c98e482dba508ed0b80beaf37c3b37034de18f4d8fbd4
2026-09-29T21:31:22.0186570Z Successfully built strata
2026-09-29T21:31:22.0851619Z Installing collected packages: jsonpath-ng, distlib, clang-format, ujson, strata, ruff, pyyaml, pysimdjson, pygments, psutil, pluggy, platformdirs, orjson, nodeenv, msgspec, jmespath, iniconfig, identify, filelock, coverage, cmake, cfgv, python-discovery, pytest, virtualenv, pytest-cov, pre-commit
2026-09-29T21:31:24.2840614Z 
2026-09-29T21:31:24.2866579Z Successfully installed cfgv-3.5.0 clang-format-21.1.8 cmake-4.4.3 coverage-7.16.2 distlib-0.4.3 filelock-4.0.6 identify-2.6.20 iniconfig-2.3.0 jmespath-1.1.0 jsonpath-ng-1.8.0 msgspec-0.22.0 nodeenv-1.11.0 orjson-3.12.0 platformdirs-4.12.2 pluggy-1.6.0 pre-commit-4.6.2 psutil-7.2.2 pygments-2.21.0 pysimdjson-7.0.2 pytest-9.1.1 pytest-cov-7.1.0 python-discovery-1.6.1 pyyaml-6.0.3 ruff-0.16.9 strata-2026.8.10 ujson-6.0.0 virtualenv-21.14.0
2026-09-29T21:31:24.6432822Z + make pgo
2026-09-29T21:31:24.6608694Z ==> PGO: compiler is clang
2026-09-29T21:31:24.6630937Z ==> PGO phase 1: instrumented build
2026-09-29T21:31:24.9325393Z Obtaining file:///home/runner/work/_temp/identity-arm
2026-09-29T21:31:24.9342754Z   Installing build dependencies: started
2026-09-29T21:31:26.2674218Z   Installing build dependencies: finished with status 'done'
2026-09-29T21:31:26.2680217Z   Checking if build backend supports build_editable: started
2026-09-29T21:31:26.5053547Z   Checking if build backend supports build_editable: finished with status 'done'
2026-09-29T21:31:26.5059994Z   Getting requirements to build editable: started
2026-09-29T21:31:26.8096351Z   Getting requirements to build editable: finished with status 'done'
2026-09-29T21:31:26.8103833Z   Preparing editable metadata (pyproject.toml): started
2026-09-29T21:31:27.0051716Z   Preparing editable metadata (pyproject.toml): finished with status 'done'
2026-09-29T21:31:27.0099258Z Building wheels for collected packages: strata
2026-09-29T21:31:27.0106123Z   Building editable for strata (pyproject.toml): started
2026-09-29T21:32:17.9299141Z   Building editable for strata (pyproject.toml): finished with status 'done'
2026-09-29T21:32:17.9307401Z   Created wheel for strata: filename=strata-2026.8.10-0.editable-cp312-cp312-linux_aarch64.whl size=4459 sha256=44057be2eac0736b796f2e51a9d8649d9505bb6e32c68f993d03c2a48401dba8
2026-09-29T21:32:17.9310064Z   Stored in directory: /tmp/pip-ephem-wheel-cache-n_w0gzwd/wheels/4b/14/de/c01d5c98e482dba508ed0b80beaf37c3b37034de18f4d8fbd4
2026-09-29T21:32:17.9332430Z Successfully built strata
2026-09-29T21:32:17.9432244Z Installing collected packages: strata
2026-09-29T21:32:17.9433392Z   Attempting uninstall: strata
2026-09-29T21:32:17.9453388Z     Found existing installation: strata 2026.8.10
2026-09-29T21:32:17.9468084Z     Uninstalling strata-2026.8.10:
2026-09-29T21:32:17.9670456Z       Successfully uninstalled strata-2026.8.10
2026-09-29T21:32:17.9755290Z Successfully installed strata-2026.8.10
2026-09-29T21:32:18.2565643Z ==> PGO: the hook image must carry no profile
2026-09-29T21:32:18.3026993Z + strata._dumps_hook is unprofiled: _dumps_hook.cpython-312-aarch64-linux-gnu.so.build.json records no profile or profile flag,
2026-09-29T21:32:18.3027619Z   and the image links no profile runtime
2026-09-29T21:32:18.3091145Z ==> PGO: generating training data
2026-09-29T21:32:18.6767592Z   build/pgo/train.json (10.0 MB)
2026-09-29T21:32:18.6767917Z   build/pgo/train.ndjson (10.0 MB)
2026-09-29T21:32:18.6821086Z ==> PGO: running the training workload
2026-09-29T21:32:18.8912817Z PGO training workload
2026-09-29T21:32:18.8913109Z   corpus: 4001 records, 10.0 MB
2026-09-29T21:32:18.8913323Z [1/7] loads
2026-09-29T21:32:18.8913488Z   loads(str): 1x in 0.04s
2026-09-29T21:32:18.9591077Z   loads(bytes): 1x in 0.04s
2026-09-29T21:32:18.9932486Z   loads(sample): 5x in 0.01s
2026-09-29T21:32:19.0266126Z   loads(cursor): 5x in 0.01s
2026-09-29T21:32:19.0555854Z   loads(iterator): 3x in 0.01s
2026-09-29T21:32:19.1062895Z [2/7] dumps
2026-09-29T21:32:19.1063130Z   dumps(str): 1x in 0.03s
2026-09-29T21:32:19.1627415Z   dumps(bytes): 3x in 0.03s
2026-09-29T21:32:19.1897518Z   dumps(sample, bytes): 5x in 0.00s
2026-09-29T21:32:19.2148629Z   dumps(sample): 5x in 0.00s
2026-09-29T21:32:19.2380971Z   dumps(parsed sample, bytes): 2x in 0.00s
2026-09-29T21:32:19.2978649Z [3/7] load
2026-09-29T21:32:19.2979506Z   load(json): 1x in 0.04s
2026-09-29T21:32:19.3672222Z   load(ndjson): 1x in 0.04s
2026-09-29T21:32:19.4363364Z   load(ndjson, iterator): 1x in 0.04s
2026-09-29T21:32:19.4644353Z [4/7] dump
2026-09-29T21:32:19.4644612Z   dump(json): 3x in 0.00s
2026-09-29T21:32:19.4845416Z [5/7] query
2026-09-29T21:32:19.4845666Z   query $[0].name: 3x in 0.00s
2026-09-29T21:32:19.5034320Z   query $[*].id: 3x in 0.00s
2026-09-29T21:32:19.5224388Z   query $[*].items[*].sku: 3x in 0.00s
2026-09-29T21:32:19.5417539Z   query $..leaf: 3x in 0.00s
2026-09-29T21:32:19.5610790Z   query $[0:50].score: 3x in 0.00s
2026-09-29T21:32:19.5807279Z   query $[?(@.id > 100)].name: 3x in 0.00s
2026-09-29T21:32:19.6004429Z   query $[?(@.id <= 500)]: 3x in 0.00s
2026-09-29T21:32:19.6196290Z   query $[?(@.name == 'alpha')]: 3x in 0.00s
2026-09-29T21:32:19.6387213Z   query $[?(@.name != 'alpha')].id: 3x in 0.00s
2026-09-29T21:32:19.6575557Z   query $[?(@['id'] >= 0)].name: 3x in 0.00s
2026-09-29T21:32:19.6759734Z   query $[*].nested.child: 3x in 0.00s
2026-09-29T21:32:19.6941636Z   query $[*].tags[0]: 3x in 0.00s
2026-09-29T21:32:19.7126900Z   query $.*: 3x in 0.00s
2026-09-29T21:32:19.7316027Z   query(compiled): 5x in 0.00s
2026-09-29T21:32:19.7659747Z [6/7] search
2026-09-29T21:32:19.7660316Z   search json $[*].id: 1x in 0.02s
2026-09-29T21:32:19.8343919Z   search ndjson $[*].id: 1x in 0.04s
2026-09-29T21:32:19.9031393Z   search json $..leaf: 1x in 0.04s
2026-09-29T21:32:19.9766152Z   search ndjson $..leaf: 1x in 0.05s
2026-09-29T21:32:20.0445784Z   search json $[?(@.id > 100)].name: 1x in 0.04s
2026-09-29T21:32:20.1146719Z   search ndjson $[?(@.id > 100)].name: 1x in 0.04s
2026-09-29T21:32:20.1409878Z [7/7] folder mode
2026-09-29T21:32:20.1410172Z   dump(split_by): 1x in 0.00s
2026-09-29T21:32:20.1629693Z   load(folder): 1x in 0.00s
2026-09-29T21:32:20.1840637Z   search(folder): 1x in 0.00s
2026-09-29T21:32:20.1978092Z PGO training workload complete
2026-09-29T21:32:20.2056924Z ==> PGO: gate tests on the instrumented build
2026-09-29T21:32:20.2335571Z + /home/runner/work/_temp/identity-arm/.venv/bin/cmake -S . -B build/cmake -DCMAKE_BUILD_TYPE=Release
2026-09-29T21:32:20.3582005Z -- Configuring done (0.0s)
2026-09-29T21:32:20.4054238Z -- Generating done (0.0s)
2026-09-29T21:32:20.4058695Z -- Build files have been written to: /home/runner/work/_temp/identity-arm/build/cmake
2026-09-29T21:32:20.4071959Z + /home/runner/work/_temp/identity-arm/.venv/bin/cmake --build build/cmake --config Release
2026-09-29T21:32:20.5276196Z gmake[1]: Entering directory '/home/runner/work/_temp/identity-arm/build/cmake'
2026-09-29T21:32:20.5336961Z gmake[2]: Entering directory '/home/runner/work/_temp/identity-arm/build/cmake'
2026-09-29T21:32:20.5347023Z gmake[3]: Entering directory '/home/runner/work/_temp/identity-arm/build/cmake'
2026-09-29T21:32:20.5441444Z gmake[3]: Leaving directory '/home/runner/work/_temp/identity-arm/build/cmake'
2026-09-29T21:32:20.5473868Z gmake[3]: Entering directory '/home/runner/work/_temp/identity-arm/build/cmake'
2026-09-29T21:32:20.5499565Z [  0%] Linking CXX executable smoke_tests
2026-09-29T21:32:20.6077761Z gmake[3]: Leaving directory '/home/runner/work/_temp/identity-arm/build/cmake'
2026-09-29T21:32:20.6106559Z [  6%] Built target smoke_tests
2026-09-29T21:32:20.6122223Z gmake[3]: Entering directory '/home/runner/work/_temp/identity-arm/build/cmake'
2026-09-29T21:32:20.6216510Z gmake[3]: Leaving directory '/home/runner/work/_temp/identity-arm/build/cmake'
2026-09-29T21:32:20.6247847Z gmake[3]: Entering directory '/home/runner/work/_temp/identity-arm/build/cmake'
2026-09-29T21:32:20.6273293Z [  7%] Linking CXX executable json_core_tests
2026-09-29T21:32:20.6884857Z gmake[3]: Leaving directory '/home/runner/work/_temp/identity-arm/build/cmake'
2026-09-29T21:32:20.6914453Z [ 13%] Built target json_core_tests
2026-09-29T21:32:20.6929373Z gmake[3]: Entering directory '/home/runner/work/_temp/identity-arm/build/cmake'
2026-09-29T21:32:20.7023095Z gmake[3]: Leaving directory '/home/runner/work/_temp/identity-arm/build/cmake'
2026-09-29T21:32:20.7054320Z gmake[3]: Entering directory '/home/runner/work/_temp/identity-arm/build/cmake'
2026-09-29T21:32:20.7078091Z [ 13%] Linking CXX executable json_parse_tests
2026-09-29T21:32:20.7683936Z gmake[3]: Leaving directory '/home/runner/work/_temp/identity-arm/build/cmake'
2026-09-29T21:32:20.7712480Z [ 19%] Built target json_parse_tests
2026-09-29T21:32:20.7728030Z gmake[3]: Entering directory '/home/runner/work/_temp/identity-arm/build/cmake'
2026-09-29T21:32:20.7822787Z gmake[3]: Leaving directory '/home/runner/work/_temp/identity-arm/build/cmake'
2026-09-29T21:32:20.7854709Z gmake[3]: Entering directory '/home/runner/work/_temp/identity-arm/build/cmake'
2026-09-29T21:32:20.7879831Z [ 20%] Linking CXX executable fast_parse_tests
2026-09-29T21:32:20.8464556Z gmake[3]: Leaving directory '/home/runner/work/_temp/identity-arm/build/cmake'
2026-09-29T21:32:20.8494858Z [ 25%] Built target fast_parse_tests
2026-09-29T21:32:20.8510485Z gmake[3]: Entering directory '/home/runner/work/_temp/identity-arm/build/cmake'
2026-09-29T21:32:20.8608382Z gmake[3]: Leaving directory '/home/runner/work/_temp/identity-arm/build/cmake'
2026-09-29T21:32:20.8640281Z gmake[3]: Entering directory '/home/runner/work/_temp/identity-arm/build/cmake'
2026-09-29T21:32:20.8666487Z [ 26%] Linking CXX executable value_cursor_tests
2026-09-29T21:32:20.9244831Z gmake[3]: Leaving directory '/home/runner/work/_temp/identity-arm/build/cmake'
2026-09-29T21:32:20.9274567Z [ 32%] Built target value_cursor_tests
2026-09-29T21:32:20.9290020Z gmake[3]: Entering directory '/home/runner/work/_temp/identity-arm/build/cmake'
2026-09-29T21:32:20.9386711Z gmake[3]: Leaving directory '/home/runner/work/_temp/identity-arm/build/cmake'
2026-09-29T21:32:20.9418869Z gmake[3]: Entering directory '/home/runner/work/_temp/identity-arm/build/cmake'
2026-09-29T21:32:20.9445251Z [ 32%] Linking CXX executable json_serialize_tests
2026-09-29T21:32:21.0053206Z gmake[3]: Leaving directory '/home/runner/work/_temp/identity-arm/build/cmake'
2026-09-29T21:32:21.0082577Z [ 38%] Built target json_serialize_tests
2026-09-29T21:32:21.0098114Z gmake[3]: Entering directory '/home/runner/work/_temp/identity-arm/build/cmake'
2026-09-29T21:32:21.0193667Z gmake[3]: Leaving directory '/home/runner/work/_temp/identity-arm/build/cmake'
2026-09-29T21:32:21.0225862Z gmake[3]: Entering directory '/home/runner/work/_temp/identity-arm/build/cmake'
2026-09-29T21:32:21.0251570Z [ 39%] Linking CXX executable float_precision_tests
2026-09-29T21:32:21.0838963Z gmake[3]: Leaving directory '/home/runner/work/_temp/identity-arm/build/cmake'
2026-09-29T21:32:21.0869542Z [ 44%] Built target float_precision_tests
2026-09-29T21:32:21.0885453Z gmake[3]: Entering directory '/home/runner/work/_temp/identity-arm/build/cmake'
2026-09-29T21:32:21.0985991Z gmake[3]: Leaving directory '/home/runner/work/_temp/identity-arm/build/cmake'
2026-09-29T21:32:21.1017876Z gmake[3]: Entering directory '/home/runner/work/_temp/identity-arm/build/cmake'
2026-09-29T21:32:21.1043887Z [ 45%] Linking CXX executable json_cursor_tests
2026-09-29T21:32:21.1617543Z gmake[3]: Leaving directory '/home/runner/work/_temp/identity-arm/build/cmake'
2026-09-29T21:32:21.1647584Z [ 50%] Built target json_cursor_tests
2026-09-29T21:32:21.1662546Z gmake[3]: Entering directory '/home/runner/work/_temp/identity-arm/build/cmake'
2026-09-29T21:32:21.1757354Z gmake[3]: Leaving directory '/home/runner/work/_temp/identity-arm/build/cmake'
2026-09-29T21:32:21.1789746Z gmake[3]: Entering directory '/home/runner/work/_temp/identity-arm/build/cmake'
2026-09-29T21:32:21.1815245Z [ 51%] Linking CXX executable ndjson_tests
2026-09-29T21:32:21.2400741Z gmake[3]: Leaving directory '/home/runner/work/_temp/identity-arm/build/cmake'
2026-09-29T21:32:21.2431112Z [ 56%] Built target ndjson_tests
2026-09-29T21:32:21.2446818Z gmake[3]: Entering directory '/home/runner/work/_temp/identity-arm/build/cmake'
2026-09-29T21:32:21.2544806Z gmake[3]: Leaving directory '/home/runner/work/_temp/identity-arm/build/cmake'
2026-09-29T21:32:21.2575584Z gmake[3]: Entering directory '/home/runner/work/_temp/identity-arm/build/cmake'
2026-09-29T21:32:21.2600803Z [ 57%] Linking CXX executable jsonpath_tests
2026-09-29T21:32:21.3194665Z gmake[3]: Leaving directory '/home/runner/work/_temp/identity-arm/build/cmake'
2026-09-29T21:32:21.3225129Z [ 63%] Built target jsonpath_tests
2026-09-29T21:32:21.3240562Z gmake[3]: Entering directory '/home/runner/work/_temp/identity-arm/build/cmake'
2026-09-29T21:32:21.3334481Z gmake[3]: Leaving directory '/home/runner/work/_temp/identity-arm/build/cmake'
2026-09-29T21:32:21.3366044Z gmake[3]: Entering directory '/home/runner/work/_temp/identity-arm/build/cmake'
2026-09-29T21:32:21.3390054Z [ 63%] Linking CXX executable jsonpath_stream_tests
2026-09-29T21:32:21.3964130Z gmake[3]: Leaving directory '/home/runner/work/_temp/identity-arm/build/cmake'
2026-09-29T21:32:21.3993549Z [ 69%] Built target jsonpath_stream_tests
2026-09-29T21:32:21.4008873Z gmake[3]: Entering directory '/home/runner/work/_temp/identity-arm/build/cmake'
2026-09-29T21:32:21.4104224Z gmake[3]: Leaving directory '/home/runner/work/_temp/identity-arm/build/cmake'
2026-09-29T21:32:21.4136011Z gmake[3]: Entering directory '/home/runner/work/_temp/identity-arm/build/cmake'
2026-09-29T21:32:21.4160716Z [ 69%] Linking CXX executable scan_tests
2026-09-29T21:32:21.4743405Z gmake[3]: Leaving directory '/home/runner/work/_temp/identity-arm/build/cmake'
2026-09-29T21:32:21.4772091Z [ 75%] Built target scan_tests
2026-09-29T21:32:21.4787601Z gmake[3]: Entering directory '/home/runner/work/_temp/identity-arm/build/cmake'
2026-09-29T21:32:21.4884343Z gmake[3]: Leaving directory '/home/runner/work/_temp/identity-arm/build/cmake'
2026-09-29T21:32:21.4916184Z gmake[3]: Entering directory '/home/runner/work/_temp/identity-arm/build/cmake'
2026-09-29T21:32:21.4940598Z [ 75%] Linking CXX executable temporal_tests
2026-09-29T21:32:21.5549733Z gmake[3]: Leaving directory '/home/runner/work/_temp/identity-arm/build/cmake'
2026-09-29T21:32:21.5578458Z [ 81%] Built target temporal_tests
2026-09-29T21:32:21.5593281Z gmake[3]: Entering directory '/home/runner/work/_temp/identity-arm/build/cmake'
2026-09-29T21:32:21.5689256Z gmake[3]: Leaving directory '/home/runner/work/_temp/identity-arm/build/cmake'
2026-09-29T21:32:21.5721208Z gmake[3]: Entering directory '/home/runner/work/_temp/identity-arm/build/cmake'
2026-09-29T21:32:21.5744919Z [ 81%] Linking CXX executable folder_tests
2026-09-29T21:32:21.6321927Z gmake[3]: Leaving directory '/home/runner/work/_temp/identity-arm/build/cmake'
2026-09-29T21:32:21.6350515Z [ 87%] Built target folder_tests
2026-09-29T21:32:21.6366226Z gmake[3]: Entering directory '/home/runner/work/_temp/identity-arm/build/cmake'
2026-09-29T21:32:21.6464876Z gmake[3]: Leaving directory '/home/runner/work/_temp/identity-arm/build/cmake'
2026-09-29T21:32:21.6497809Z gmake[3]: Entering directory '/home/runner/work/_temp/identity-arm/build/cmake'
2026-09-29T21:32:21.6523580Z [ 87%] Linking CXX executable fuzz_corpus_tests
2026-09-29T21:32:21.7129847Z gmake[3]: Leaving directory '/home/runner/work/_temp/identity-arm/build/cmake'
2026-09-29T21:32:21.7158718Z [ 93%] Built target fuzz_corpus_tests
2026-09-29T21:32:21.7173653Z gmake[3]: Entering directory '/home/runner/work/_temp/identity-arm/build/cmake'
2026-09-29T21:32:21.7269178Z gmake[3]: Leaving directory '/home/runner/work/_temp/identity-arm/build/cmake'
2026-09-29T21:32:21.7301040Z gmake[3]: Entering directory '/home/runner/work/_temp/identity-arm/build/cmake'
2026-09-29T21:32:21.7325694Z [ 94%] Linking CXX executable stress_deep_tests
2026-09-29T21:32:21.7901734Z gmake[3]: Leaving directory '/home/runner/work/_temp/identity-arm/build/cmake'
2026-09-29T21:32:21.7931795Z [100%] Built target stress_deep_tests
2026-09-29T21:32:21.7936382Z gmake[2]: Leaving directory '/home/runner/work/_temp/identity-arm/build/cmake'
2026-09-29T21:32:21.7973576Z gmake[1]: Leaving directory '/home/runner/work/_temp/identity-arm/build/cmake'
2026-09-29T21:32:21.7984226Z + /home/runner/work/_temp/identity-arm/.venv/bin/ctest --test-dir build/cmake --build-config Release --output-on-failure --no-tests=error
2026-09-29T21:32:21.9138183Z Test project /home/runner/work/_temp/identity-arm/build/cmake
2026-09-29T21:32:21.9143887Z       Start  1: smoke_tests
2026-09-29T21:32:21.9159919Z  1/16 Test  #1: smoke_tests ......................   Passed    0.00 sec
2026-09-29T21:32:21.9161118Z       Start  2: json_core_tests
2026-09-29T21:32:21.9175561Z  2/16 Test  #2: json_core_tests ..................   Passed    0.00 sec
2026-09-29T21:32:21.9176390Z       Start  3: json_parse_tests
2026-09-29T21:32:21.9190708Z  3/16 Test  #3: json_parse_tests .................   Passed    0.00 sec
2026-09-29T21:32:21.9191540Z       Start  4: fast_parse_tests
2026-09-29T21:32:21.9828637Z  4/16 Test  #4: fast_parse_tests .................   Passed    0.06 sec
2026-09-29T21:32:21.9830513Z       Start  5: value_cursor_tests
2026-09-29T21:32:21.9895556Z  5/16 Test  #5: value_cursor_tests ...............   Passed    0.01 sec
2026-09-29T21:32:21.9896745Z       Start  6: json_serialize_tests
2026-09-29T21:32:21.9912780Z  6/16 Test  #6: json_serialize_tests .............   Passed    0.00 sec
2026-09-29T21:32:21.9913755Z       Start  7: float_precision_tests
2026-09-29T21:32:24.2957498Z  7/16 Test  #7: float_precision_tests ............   Passed    2.30 sec
2026-09-29T21:32:24.2957902Z       Start  8: json_cursor_tests
2026-09-29T21:32:24.2975177Z  8/16 Test  #8: json_cursor_tests ................   Passed    0.00 sec
2026-09-29T21:32:24.2976163Z       Start  9: ndjson_tests
2026-09-29T21:32:24.3019034Z  9/16 Test  #9: ndjson_tests .....................   Passed    0.00 sec
2026-09-29T21:32:24.3020073Z       Start 10: jsonpath_tests
2026-09-29T21:32:24.3034107Z 10/16 Test #10: jsonpath_tests ...................   Passed    0.00 sec
2026-09-29T21:32:24.3034820Z       Start 11: jsonpath_stream_tests
2026-09-29T21:32:24.3052674Z 11/16 Test #11: jsonpath_stream_tests ............   Passed    0.00 sec
2026-09-29T21:32:24.3053351Z       Start 12: scan_tests
2026-09-29T21:32:24.3221268Z 12/16 Test #12: scan_tests .......................   Passed    0.02 sec
2026-09-29T21:32:24.3222284Z       Start 13: temporal_tests
2026-09-29T21:32:24.3238937Z 13/16 Test #13: temporal_tests ...................   Passed    0.00 sec
2026-09-29T21:32:24.3239712Z       Start 14: folder_tests
2026-09-29T21:32:24.3267354Z 14/16 Test #14: folder_tests .....................   Passed    0.00 sec
2026-09-29T21:32:24.3268161Z       Start 15: fuzz_corpus_tests
2026-09-29T21:32:24.3301438Z 15/16 Test #15: fuzz_corpus_tests ................   Passed    0.00 sec
2026-09-29T21:32:24.3302199Z       Start 16: stress_deep_tests
2026-09-29T21:32:24.3329979Z 16/16 Test #16: stress_deep_tests ................   Passed    0.00 sec
2026-09-29T21:32:24.3334711Z 
2026-09-29T21:32:24.3335328Z 100% tests passed out of 16
2026-09-29T21:32:24.3335929Z 
2026-09-29T21:32:24.3336263Z Total Test time (real) =   2.42 sec
2026-09-29T21:32:24.3719985Z + pytest tests/py tests/unit --ignore=tests/unit/native_types --ignore=tests/py/native_types --basetemp=/tmp/pytest-of-runner/l1s6dsvj
2026-09-29T21:32:24.8947949Z ============================= test session starts ==============================
2026-09-29T21:32:24.8948745Z platform linux -- Python 3.12.14, pytest-9.1.1, pluggy-1.6.0
2026-09-29T21:32:24.8949125Z rootdir: /home/runner/work/_temp/identity-arm
2026-09-29T21:32:24.8949404Z configfile: pyproject.toml
2026-09-29T21:32:24.8949635Z plugins: platformdirs-4.12.2, cov-7.1.0
2026-09-29T21:32:24.8949875Z collected 3183 items
2026-09-29T21:32:24.8949997Z 
2026-09-29T21:32:24.9132277Z tests/py/test_dumps_brace_fold.py .........                              [  0%]
2026-09-29T21:32:24.9498688Z tests/py/test_dumps_cycles_fused.py .................................... [  1%]
2026-09-29T21:32:25.0046000Z ....................................................                     [  3%]
2026-09-29T21:32:25.2001409Z tests/py/test_dumps_general_tables.py ............................       [  3%]
2026-09-29T21:32:25.5743607Z tests/py/test_dumps_with_default.py .................................... [  5%]
2026-09-29T21:32:25.8071350Z .............................ss                                          [  6%]
2026-09-29T21:32:25.8390660Z tests/py/test_dumps_with_default_contract.py ........................... [  6%]
2026-09-29T21:32:25.9402147Z ........................................................................ [  9%]
2026-09-29T21:32:26.0424670Z ........................................................................ [ 11%]
2026-09-29T21:32:26.0928592Z ..........................                                               [ 12%]
2026-09-29T21:32:26.0968938Z tests/py/test_fused_verification.py ..                                   [ 12%]
2026-09-29T21:32:26.1263584Z tests/py/test_json_parity.py ........................................... [ 13%]
2026-09-29T21:32:26.1744565Z ........................................................................ [ 15%]
2026-09-29T21:32:26.2230105Z ........................................................................ [ 18%]
2026-09-29T21:32:26.2707562Z ........................................................................ [ 20%]
2026-09-29T21:32:26.3184613Z ........................................................................ [ 22%]
2026-09-29T21:32:26.3651311Z ........................................................................ [ 24%]
2026-09-29T21:32:26.4126369Z ........................................................................ [ 27%]
2026-09-29T21:32:26.4590255Z ........................................................................ [ 29%]
2026-09-29T21:32:26.5053816Z ........................................................................ [ 31%]
2026-09-29T21:32:26.5525504Z ........................................................................ [ 33%]
2026-09-29T21:32:26.5985938Z ........................................................................ [ 36%]
2026-09-29T21:32:26.6444298Z ........................................................................ [ 38%]
2026-09-29T21:32:26.6905411Z ........................................................................ [ 40%]
2026-09-29T21:32:26.7356640Z ........................................................................ [ 43%]
2026-09-29T21:32:26.7806561Z ........................................................................ [ 45%]
2026-09-29T21:32:26.8260388Z ........................................................................ [ 47%]
2026-09-29T21:32:26.8710748Z ........................................................................ [ 49%]
2026-09-29T21:32:26.8955604Z .................................                                        [ 50%]
2026-09-29T21:32:26.9351936Z tests/py/test_path_dispatch.py ................................          [ 51%]
2026-09-29T21:32:26.9368391Z tests/py/test_py_tests_basetemp.py ..                                    [ 51%]
2026-09-29T21:32:26.9384402Z tests/py/test_smoke.py ...                                               [ 52%]
2026-09-29T21:32:27.2684748Z tests/unit/test_ab_analysis.py ......................................    [ 53%]
2026-09-29T21:32:27.2800740Z tests/unit/test_build_manifest.py ...........                            [ 53%]
2026-09-29T21:32:27.2902341Z tests/unit/test_canonical_builds.py ....                                 [ 53%]
2026-09-29T21:32:27.4538402Z tests/unit/test_ci_fetch.py ........................                     [ 54%]
2026-09-29T21:32:27.5337916Z tests/unit/test_ci_summary.py .......................                    [ 55%]
2026-09-29T21:32:27.5513779Z tests/unit/test_config.py ...........................                    [ 56%]
2026-09-29T21:32:27.5666376Z tests/unit/test_core_purity.py ....                                      [ 56%]
2026-09-29T21:32:27.5770006Z tests/unit/test_cross_sample.py ......                                   [ 56%]
2026-09-29T21:32:27.6255087Z tests/unit/test_dumps.py ............................................... [ 57%]
2026-09-29T21:32:27.6390864Z ..........                                                               [ 58%]
2026-09-29T21:32:27.6570195Z tests/unit/test_dumps_brace_fold.py .........                            [ 58%]
2026-09-29T21:32:27.8456487Z tests/unit/test_dumps_cold_start.py ....                                 [ 58%]
2026-09-29T21:32:27.8746492Z tests/unit/test_dumps_contract.py ...................................... [ 59%]
2026-09-29T21:32:27.9329665Z .............................................................            [ 61%]
2026-09-29T21:32:27.9664525Z tests/unit/test_dumps_cycles_fused.py .................................. [ 62%]
2026-09-29T21:32:28.0232000Z ......................................................                   [ 64%]
2026-09-29T21:32:28.2670540Z tests/unit/test_dumps_general_tables.py ............................     [ 65%]
2026-09-29T21:32:28.6075245Z tests/unit/test_dumps_latch.py ............................              [ 66%]
2026-09-29T21:32:28.6820938Z tests/unit/test_dumps_private_cache.py ................................  [ 67%]
2026-09-29T21:32:29.2084931Z tests/unit/test_dumps_reentrancy.py .................................... [ 68%]
2026-09-29T21:32:30.1559043Z ......................................................................   [ 70%]
2026-09-29T21:32:30.7097896Z tests/unit/test_dumps_reentrancy_review.py ............................. [ 71%]
2026-09-29T21:32:30.8331788Z ..                                                                       [ 71%]
2026-09-29T21:32:30.8762631Z tests/unit/test_dumps_schema_failure.py ...........................      [ 72%]
2026-09-29T21:32:31.2532437Z tests/unit/test_dumps_user_step_counter.py ..........................    [ 73%]
2026-09-29T21:32:31.2786393Z tests/unit/test_dumps_with_default.py .................................. [ 74%]
2026-09-29T21:32:31.3332396Z ........................................................................ [ 76%]
2026-09-29T21:32:31.4495810Z .........................................................                [ 78%]
2026-09-29T21:32:31.4699661Z tests/unit/test_dumps_with_default_state.py ............................ [ 79%]
2026-09-29T21:32:31.5560671Z ........................................................................ [ 81%]
2026-09-29T21:32:31.6760015Z ..............                                                           [ 81%]
2026-09-29T21:32:31.7404666Z tests/unit/test_folder.py .............................................. [ 83%]
2026-09-29T21:32:31.8038307Z .........................................                                [ 84%]
2026-09-29T21:32:31.8077123Z tests/unit/test_fused_verification.py ..                                 [ 84%]
2026-09-29T21:32:31.8508645Z tests/unit/test_hook_build_scope.py ...............................      [ 85%]
2026-09-29T21:32:31.9399805Z tests/unit/test_json_cursor.py ...........................               [ 86%]
2026-09-29T21:32:31.9678491Z tests/unit/test_jsonpath.py ............................................ [ 87%]
2026-09-29T21:32:32.0782607Z .......................................................................  [ 90%]
2026-09-29T21:32:32.1545583Z tests/unit/test_load_dump.py ........................................... [ 91%]
2026-09-29T21:32:32.1550110Z                                                                          [ 91%]
2026-09-29T21:32:32.1858236Z tests/unit/test_loads.py ............................................... [ 92%]
2026-09-29T21:32:32.2644586Z ........................................................................ [ 95%]
2026-09-29T21:32:33.1497929Z ................                                                         [ 95%]
2026-09-29T21:32:33.1549889Z tests/unit/test_native_interleaved_profile.py ...                        [ 95%]
2026-09-29T21:32:33.2204967Z tests/unit/test_nested_container_probe.py ....                           [ 95%]
2026-09-29T21:32:33.2703474Z tests/unit/test_path_dispatch.py ................................        [ 96%]
2026-09-29T21:32:33.3042875Z tests/unit/test_provenance.py ..................                         [ 97%]
2026-09-29T21:32:33.3529298Z tests/unit/test_regression_check.py ..........................           [ 98%]
2026-09-29T21:32:33.4640904Z tests/unit/test_search_stream.py .................                       [ 98%]
2026-09-29T21:32:33.4649175Z tests/unit/test_string_identity_probe.py .                               [ 98%]
2026-09-29T21:32:33.5329082Z tests/unit/test_supplementary.py .............                           [ 99%]
2026-09-29T21:32:33.5824907Z tests/unit/test_supportability_check.py ....................             [ 99%]
2026-09-29T21:32:33.6401200Z tests/unit/test_version.py ....                                          [100%]
2026-09-29T21:32:33.6401568Z 
2026-09-29T21:32:33.6401723Z ======================= 3181 passed, 2 skipped in 9.05s ========================
2026-09-29T21:32:33.7672204Z ==> PGO: merging 17 raw profiles
2026-09-29T21:32:33.8442353Z ==> PGO phase 2: optimized build (profile + LTO)
2026-09-29T21:32:34.1154369Z Obtaining file:///home/runner/work/_temp/identity-arm
2026-09-29T21:32:34.1172689Z   Installing build dependencies: started
2026-09-29T21:32:35.4036209Z   Installing build dependencies: finished with status 'done'
2026-09-29T21:32:35.4041814Z   Checking if build backend supports build_editable: started
2026-09-29T21:32:35.6498794Z   Checking if build backend supports build_editable: finished with status 'done'
2026-09-29T21:32:35.6506421Z   Getting requirements to build editable: started
2026-09-29T21:32:35.9565174Z   Getting requirements to build editable: finished with status 'done'
2026-09-29T21:32:35.9573071Z   Preparing editable metadata (pyproject.toml): started
2026-09-29T21:32:36.1536402Z   Preparing editable metadata (pyproject.toml): finished with status 'done'
2026-09-29T21:32:36.1584011Z Building wheels for collected packages: strata
2026-09-29T21:32:36.1590705Z   Building editable for strata (pyproject.toml): started
2026-09-29T21:33:29.0347957Z   Building editable for strata (pyproject.toml): finished with status 'done'
2026-09-29T21:33:29.0355396Z   Created wheel for strata: filename=strata-2026.8.10-0.editable-cp312-cp312-linux_aarch64.whl size=4459 sha256=e276d322560bfe972e95ff8b6ab0ff917190a560e734aa1c4bc9abf024f62e86
2026-09-29T21:33:29.0356399Z   Stored in directory: /tmp/pip-ephem-wheel-cache-ikyxe7ul/wheels/4b/14/de/c01d5c98e482dba508ed0b80beaf37c3b37034de18f4d8fbd4
2026-09-29T21:33:29.0379681Z Successfully built strata
2026-09-29T21:33:29.0477701Z Installing collected packages: strata
2026-09-29T21:33:29.0478612Z   Attempting uninstall: strata
2026-09-29T21:33:29.0498114Z     Found existing installation: strata 2026.8.10
2026-09-29T21:33:29.0512062Z     Uninstalling strata-2026.8.10:
2026-09-29T21:33:29.0705779Z       Successfully uninstalled strata-2026.8.10
2026-09-29T21:33:29.0782793Z Successfully installed strata-2026.8.10
2026-09-29T21:33:29.3339498Z ==> PGO: the hook image must carry no profile
2026-09-29T21:33:29.3750693Z + strata._dumps_hook is unprofiled: _dumps_hook.cpython-312-aarch64-linux-gnu.so.build.json records no profile or profile flag,
2026-09-29T21:33:29.3751341Z   and the image links no profile runtime
2026-09-29T21:33:29.3808947Z ==> PGO: gate tests on the optimized build
2026-09-29T21:33:29.4082852Z + /home/runner/work/_temp/identity-arm/.venv/bin/cmake -S . -B build/cmake -DCMAKE_BUILD_TYPE=Release
2026-09-29T21:33:29.5326472Z -- Configuring done (0.0s)
2026-09-29T21:33:29.5762169Z -- Generating done (0.0s)
2026-09-29T21:33:29.5763708Z -- Build files have been written to: /home/runner/work/_temp/identity-arm/build/cmake
2026-09-29T21:33:29.5778238Z + /home/runner/work/_temp/identity-arm/.venv/bin/cmake --build build/cmake --config Release
2026-09-29T21:33:29.6956705Z gmake[1]: Entering directory '/home/runner/work/_temp/identity-arm/build/cmake'
2026-09-29T21:33:29.7018906Z gmake[2]: Entering directory '/home/runner/work/_temp/identity-arm/build/cmake'
2026-09-29T21:33:29.7027919Z gmake[3]: Entering directory '/home/runner/work/_temp/identity-arm/build/cmake'
2026-09-29T21:33:29.7120835Z gmake[3]: Leaving directory '/home/runner/work/_temp/identity-arm/build/cmake'
2026-09-29T21:33:29.7151703Z gmake[3]: Entering directory '/home/runner/work/_temp/identity-arm/build/cmake'
2026-09-29T21:33:29.7176758Z [  0%] Linking CXX executable smoke_tests
2026-09-29T21:33:29.7786030Z gmake[3]: Leaving directory '/home/runner/work/_temp/identity-arm/build/cmake'
2026-09-29T21:33:29.7814648Z [  6%] Built target smoke_tests
2026-09-29T21:33:29.7830812Z gmake[3]: Entering directory '/home/runner/work/_temp/identity-arm/build/cmake'
2026-09-29T21:33:29.7925764Z gmake[3]: Leaving directory '/home/runner/work/_temp/identity-arm/build/cmake'
2026-09-29T21:33:29.7957419Z gmake[3]: Entering directory '/home/runner/work/_temp/identity-arm/build/cmake'
2026-09-29T21:33:29.7982741Z [  7%] Linking CXX executable json_core_tests
2026-09-29T21:33:29.8579946Z gmake[3]: Leaving directory '/home/runner/work/_temp/identity-arm/build/cmake'
2026-09-29T21:33:29.8610815Z [ 13%] Built target json_core_tests
2026-09-29T21:33:29.8627040Z gmake[3]: Entering directory '/home/runner/work/_temp/identity-arm/build/cmake'
2026-09-29T21:33:29.8723958Z gmake[3]: Leaving directory '/home/runner/work/_temp/identity-arm/build/cmake'
2026-09-29T21:33:29.8754722Z gmake[3]: Entering directory '/home/runner/work/_temp/identity-arm/build/cmake'
2026-09-29T21:33:29.8779849Z [ 13%] Linking CXX executable json_parse_tests
2026-09-29T21:33:29.9397462Z gmake[3]: Leaving directory '/home/runner/work/_temp/identity-arm/build/cmake'
2026-09-29T21:33:29.9427346Z [ 19%] Built target json_parse_tests
2026-09-29T21:33:29.9442867Z gmake[3]: Entering directory '/home/runner/work/_temp/identity-arm/build/cmake'
2026-09-29T21:33:29.9540227Z gmake[3]: Leaving directory '/home/runner/work/_temp/identity-arm/build/cmake'
2026-09-29T21:33:29.9572591Z gmake[3]: Entering directory '/home/runner/work/_temp/identity-arm/build/cmake'
2026-09-29T21:33:29.9597871Z [ 20%] Linking CXX executable fast_parse_tests
2026-09-29T21:33:30.0186334Z gmake[3]: Leaving directory '/home/runner/work/_temp/identity-arm/build/cmake'
2026-09-29T21:33:30.0216594Z [ 25%] Built target fast_parse_tests
2026-09-29T21:33:30.0232579Z gmake[3]: Entering directory '/home/runner/work/_temp/identity-arm/build/cmake'
2026-09-29T21:33:30.0328519Z gmake[3]: Leaving directory '/home/runner/work/_temp/identity-arm/build/cmake'
2026-09-29T21:33:30.0360559Z gmake[3]: Entering directory '/home/runner/work/_temp/identity-arm/build/cmake'
2026-09-29T21:33:30.0387341Z [ 26%] Linking CXX executable value_cursor_tests
2026-09-29T21:33:30.1000519Z gmake[3]: Leaving directory '/home/runner/work/_temp/identity-arm/build/cmake'
2026-09-29T21:33:30.1030372Z [ 32%] Built target value_cursor_tests
2026-09-29T21:33:30.1046123Z gmake[3]: Entering directory '/home/runner/work/_temp/identity-arm/build/cmake'
2026-09-29T21:33:30.1141290Z gmake[3]: Leaving directory '/home/runner/work/_temp/identity-arm/build/cmake'
2026-09-29T21:33:30.1173457Z gmake[3]: Entering directory '/home/runner/work/_temp/identity-arm/build/cmake'
2026-09-29T21:33:30.1198217Z [ 32%] Linking CXX executable json_serialize_tests
2026-09-29T21:33:30.1810238Z gmake[3]: Leaving directory '/home/runner/work/_temp/identity-arm/build/cmake'
2026-09-29T21:33:30.1840247Z [ 38%] Built target json_serialize_tests
2026-09-29T21:33:30.1855817Z gmake[3]: Entering directory '/home/runner/work/_temp/identity-arm/build/cmake'
2026-09-29T21:33:30.1951736Z gmake[3]: Leaving directory '/home/runner/work/_temp/identity-arm/build/cmake'
2026-09-29T21:33:30.1983604Z gmake[3]: Entering directory '/home/runner/work/_temp/identity-arm/build/cmake'
2026-09-29T21:33:30.2009017Z [ 39%] Linking CXX executable float_precision_tests
2026-09-29T21:33:30.2616292Z gmake[3]: Leaving directory '/home/runner/work/_temp/identity-arm/build/cmake'
2026-09-29T21:33:30.2646318Z [ 44%] Built target float_precision_tests
2026-09-29T21:33:30.2661980Z gmake[3]: Entering directory '/home/runner/work/_temp/identity-arm/build/cmake'
2026-09-29T21:33:30.2760178Z gmake[3]: Leaving directory '/home/runner/work/_temp/identity-arm/build/cmake'
2026-09-29T21:33:30.2791456Z gmake[3]: Entering directory '/home/runner/work/_temp/identity-arm/build/cmake'
2026-09-29T21:33:30.2816720Z [ 45%] Linking CXX executable json_cursor_tests
2026-09-29T21:33:30.3424520Z gmake[3]: Leaving directory '/home/runner/work/_temp/identity-arm/build/cmake'
2026-09-29T21:33:30.3454538Z [ 50%] Built target json_cursor_tests
2026-09-29T21:33:30.3470026Z gmake[3]: Entering directory '/home/runner/work/_temp/identity-arm/build/cmake'
2026-09-29T21:33:30.3566263Z gmake[3]: Leaving directory '/home/runner/work/_temp/identity-arm/build/cmake'
2026-09-29T21:33:30.3596960Z gmake[3]: Entering directory '/home/runner/work/_temp/identity-arm/build/cmake'
2026-09-29T21:33:30.3622309Z [ 51%] Linking CXX executable ndjson_tests
2026-09-29T21:33:30.4198045Z gmake[3]: Leaving directory '/home/runner/work/_temp/identity-arm/build/cmake'
2026-09-29T21:33:30.4227991Z [ 56%] Built target ndjson_tests
2026-09-29T21:33:30.4242924Z gmake[3]: Entering directory '/home/runner/work/_temp/identity-arm/build/cmake'
2026-09-29T21:33:30.4342524Z gmake[3]: Leaving directory '/home/runner/work/_temp/identity-arm/build/cmake'
2026-09-29T21:33:30.4374522Z gmake[3]: Entering directory '/home/runner/work/_temp/identity-arm/build/cmake'
2026-09-29T21:33:30.4399266Z [ 57%] Linking CXX executable jsonpath_tests
2026-09-29T21:33:30.4989215Z gmake[3]: Leaving directory '/home/runner/work/_temp/identity-arm/build/cmake'
2026-09-29T21:33:30.5019142Z [ 63%] Built target jsonpath_tests
2026-09-29T21:33:30.5034013Z gmake[3]: Entering directory '/home/runner/work/_temp/identity-arm/build/cmake'
2026-09-29T21:33:30.5130412Z gmake[3]: Leaving directory '/home/runner/work/_temp/identity-arm/build/cmake'
2026-09-29T21:33:30.5161325Z gmake[3]: Entering directory '/home/runner/work/_temp/identity-arm/build/cmake'
2026-09-29T21:33:30.5186298Z [ 63%] Linking CXX executable jsonpath_stream_tests
2026-09-29T21:33:30.5800315Z gmake[3]: Leaving directory '/home/runner/work/_temp/identity-arm/build/cmake'
2026-09-29T21:33:30.5829826Z [ 69%] Built target jsonpath_stream_tests
2026-09-29T21:33:30.5844901Z gmake[3]: Entering directory '/home/runner/work/_temp/identity-arm/build/cmake'
2026-09-29T21:33:30.5940634Z gmake[3]: Leaving directory '/home/runner/work/_temp/identity-arm/build/cmake'
2026-09-29T21:33:30.5972642Z gmake[3]: Entering directory '/home/runner/work/_temp/identity-arm/build/cmake'
2026-09-29T21:33:30.5999025Z [ 69%] Linking CXX executable scan_tests
2026-09-29T21:33:30.6572396Z gmake[3]: Leaving directory '/home/runner/work/_temp/identity-arm/build/cmake'
2026-09-29T21:33:30.6601581Z [ 75%] Built target scan_tests
2026-09-29T21:33:30.6616659Z gmake[3]: Entering directory '/home/runner/work/_temp/identity-arm/build/cmake'
2026-09-29T21:33:30.6714160Z gmake[3]: Leaving directory '/home/runner/work/_temp/identity-arm/build/cmake'
2026-09-29T21:33:30.6746135Z gmake[3]: Entering directory '/home/runner/work/_temp/identity-arm/build/cmake'
2026-09-29T21:33:30.6770357Z [ 75%] Linking CXX executable temporal_tests
2026-09-29T21:33:30.7379307Z gmake[3]: Leaving directory '/home/runner/work/_temp/identity-arm/build/cmake'
2026-09-29T21:33:30.7407947Z [ 81%] Built target temporal_tests
2026-09-29T21:33:30.7422845Z gmake[3]: Entering directory '/home/runner/work/_temp/identity-arm/build/cmake'
2026-09-29T21:33:30.7521464Z gmake[3]: Leaving directory '/home/runner/work/_temp/identity-arm/build/cmake'
2026-09-29T21:33:30.7552998Z gmake[3]: Entering directory '/home/runner/work/_temp/identity-arm/build/cmake'
2026-09-29T21:33:30.7577824Z [ 81%] Linking CXX executable folder_tests
2026-09-29T21:33:30.8156968Z gmake[3]: Leaving directory '/home/runner/work/_temp/identity-arm/build/cmake'
2026-09-29T21:33:30.8185627Z [ 87%] Built target folder_tests
2026-09-29T21:33:30.8200464Z gmake[3]: Entering directory '/home/runner/work/_temp/identity-arm/build/cmake'
2026-09-29T21:33:30.8298958Z gmake[3]: Leaving directory '/home/runner/work/_temp/identity-arm/build/cmake'
2026-09-29T21:33:30.8329445Z gmake[3]: Entering directory '/home/runner/work/_temp/identity-arm/build/cmake'
2026-09-29T21:33:30.8353102Z [ 87%] Linking CXX executable fuzz_corpus_tests
2026-09-29T21:33:30.8964842Z gmake[3]: Leaving directory '/home/runner/work/_temp/identity-arm/build/cmake'
2026-09-29T21:33:30.8994077Z [ 93%] Built target fuzz_corpus_tests
2026-09-29T21:33:30.9009764Z gmake[3]: Entering directory '/home/runner/work/_temp/identity-arm/build/cmake'
2026-09-29T21:33:30.9104861Z gmake[3]: Leaving directory '/home/runner/work/_temp/identity-arm/build/cmake'
2026-09-29T21:33:30.9137116Z gmake[3]: Entering directory '/home/runner/work/_temp/identity-arm/build/cmake'
2026-09-29T21:33:30.9163639Z [ 94%] Linking CXX executable stress_deep_tests
2026-09-29T21:33:30.9746750Z gmake[3]: Leaving directory '/home/runner/work/_temp/identity-arm/build/cmake'
2026-09-29T21:33:30.9777103Z [100%] Built target stress_deep_tests
2026-09-29T21:33:30.9781674Z gmake[2]: Leaving directory '/home/runner/work/_temp/identity-arm/build/cmake'
2026-09-29T21:33:30.9818575Z gmake[1]: Leaving directory '/home/runner/work/_temp/identity-arm/build/cmake'
2026-09-29T21:33:30.9829293Z + /home/runner/work/_temp/identity-arm/.venv/bin/ctest --test-dir build/cmake --build-config Release --output-on-failure --no-tests=error
2026-09-29T21:33:31.1006853Z Test project /home/runner/work/_temp/identity-arm/build/cmake
2026-09-29T21:33:31.1010388Z       Start  1: smoke_tests
2026-09-29T21:33:31.1025396Z  1/16 Test  #1: smoke_tests ......................   Passed    0.00 sec
2026-09-29T21:33:31.1027089Z       Start  2: json_core_tests
2026-09-29T21:33:31.1040991Z  2/16 Test  #2: json_core_tests ..................   Passed    0.00 sec
2026-09-29T21:33:31.1041917Z       Start  3: json_parse_tests
2026-09-29T21:33:31.1055882Z  3/16 Test  #3: json_parse_tests .................   Passed    0.00 sec
2026-09-29T21:33:31.1056835Z       Start  4: fast_parse_tests
2026-09-29T21:33:31.1689287Z  4/16 Test  #4: fast_parse_tests .................   Passed    0.06 sec
2026-09-29T21:33:31.1690953Z       Start  5: value_cursor_tests
2026-09-29T21:33:31.1756244Z  5/16 Test  #5: value_cursor_tests ...............   Passed    0.01 sec
2026-09-29T21:33:31.1757617Z       Start  6: json_serialize_tests
2026-09-29T21:33:31.1773729Z  6/16 Test  #6: json_serialize_tests .............   Passed    0.00 sec
2026-09-29T21:33:31.1774961Z       Start  7: float_precision_tests
2026-09-29T21:33:33.4821620Z  7/16 Test  #7: float_precision_tests ............   Passed    2.30 sec
2026-09-29T21:33:33.4822663Z       Start  8: json_cursor_tests
2026-09-29T21:33:33.4840546Z  8/16 Test  #8: json_cursor_tests ................   Passed    0.00 sec
2026-09-29T21:33:33.4841310Z       Start  9: ndjson_tests
2026-09-29T21:33:33.4882395Z  9/16 Test  #9: ndjson_tests .....................   Passed    0.00 sec
2026-09-29T21:33:33.4883611Z       Start 10: jsonpath_tests
2026-09-29T21:33:33.4897568Z 10/16 Test #10: jsonpath_tests ...................   Passed    0.00 sec
2026-09-29T21:33:33.4898720Z       Start 11: jsonpath_stream_tests
2026-09-29T21:33:33.4915555Z 11/16 Test #11: jsonpath_stream_tests ............   Passed    0.00 sec
2026-09-29T21:33:33.4916303Z       Start 12: scan_tests
2026-09-29T21:33:33.5084411Z 12/16 Test #12: scan_tests .......................   Passed    0.02 sec
2026-09-29T21:33:33.5085582Z       Start 13: temporal_tests
2026-09-29T21:33:33.5100690Z 13/16 Test #13: temporal_tests ...................   Passed    0.00 sec
2026-09-29T21:33:33.5101575Z       Start 14: folder_tests
2026-09-29T21:33:33.5128625Z 14/16 Test #14: folder_tests .....................   Passed    0.00 sec
2026-09-29T21:33:33.5129733Z       Start 15: fuzz_corpus_tests
2026-09-29T21:33:33.5162699Z 15/16 Test #15: fuzz_corpus_tests ................   Passed    0.00 sec
2026-09-29T21:33:33.5163620Z       Start 16: stress_deep_tests
2026-09-29T21:33:33.5190944Z 16/16 Test #16: stress_deep_tests ................   Passed    0.00 sec
2026-09-29T21:33:33.5195939Z 
2026-09-29T21:33:33.5196086Z 100% tests passed out of 16
2026-09-29T21:33:33.5196249Z 
2026-09-29T21:33:33.5196340Z Total Test time (real) =   2.42 sec
2026-09-29T21:33:33.5584185Z + pytest tests/py tests/unit --basetemp=/tmp/pytest-of-runner/662jsy_s
2026-09-29T21:33:34.1474560Z ============================= test session starts ==============================
2026-09-29T21:33:34.1475022Z platform linux -- Python 3.12.14, pytest-9.1.1, pluggy-1.6.0
2026-09-29T21:33:34.1475358Z rootdir: /home/runner/work/_temp/identity-arm
2026-09-29T21:33:34.1475627Z configfile: pyproject.toml
2026-09-29T21:33:34.1475851Z plugins: platformdirs-4.12.2, cov-7.1.0
2026-09-29T21:33:34.1476093Z collected 3848 items
2026-09-29T21:33:34.1476214Z 
2026-09-29T21:33:34.1630040Z tests/py/native_types/test_native_dump.py ..............                 [  0%]
2026-09-29T21:33:34.2468655Z tests/py/native_types/test_native_fast_paths.py ........ssssssssss..     [  0%]
2026-09-29T21:33:34.3025599Z tests/py/native_types/test_native_import.py ...                          [  0%]
2026-09-29T21:33:34.3435815Z tests/py/native_types/test_native_opt_out.py ........................... [  1%]
2026-09-29T21:33:34.3440012Z                                                                          [  1%]
2026-09-29T21:33:34.4292743Z tests/py/native_types/test_native_oracle.py .........                    [  1%]
2026-09-29T21:33:34.7318222Z tests/py/native_types/test_native_reentrancy.py ........................ [  2%]
2026-09-29T21:33:35.4583357Z ..................................................                       [  3%]
2026-09-29T21:33:35.4925723Z tests/py/native_types/test_parse_types.py .............................. [  4%]
2026-09-29T21:33:35.9175444Z ............................................................             [  6%]
2026-09-29T21:33:35.9351567Z tests/py/test_dumps_brace_fold.py .........                              [  6%]
2026-09-29T21:33:35.9721897Z tests/py/test_dumps_cycles_fused.py .................................... [  7%]
2026-09-29T21:33:36.0243536Z ....................................................                     [  8%]
2026-09-29T21:33:36.2520048Z tests/py/test_dumps_general_tables.py ............................       [  9%]
2026-09-29T21:33:36.6615562Z tests/py/test_dumps_with_default.py .................................... [ 10%]
2026-09-29T21:33:36.9144811Z .............................ss                                          [ 11%]
2026-09-29T21:33:36.9438356Z tests/py/test_dumps_with_default_contract.py ........................... [ 11%]
2026-09-29T21:33:37.0354841Z ........................................................................ [ 13%]
2026-09-29T21:33:37.1292438Z ........................................................................ [ 15%]
2026-09-29T21:33:37.1763685Z ..........................                                               [ 16%]
2026-09-29T21:33:37.1800060Z tests/py/test_fused_verification.py ..                                   [ 16%]
2026-09-29T21:33:37.2069990Z tests/py/test_json_parity.py ........................................... [ 17%]
2026-09-29T21:33:37.2516496Z ........................................................................ [ 19%]
2026-09-29T21:33:37.2959093Z ........................................................................ [ 21%]
2026-09-29T21:33:37.3398985Z ........................................................................ [ 23%]
2026-09-29T21:33:37.3839401Z ........................................................................ [ 24%]
2026-09-29T21:33:37.4269379Z ........................................................................ [ 26%]
2026-09-29T21:33:37.4704226Z ........................................................................ [ 28%]
2026-09-29T21:33:37.5130153Z ........................................................................ [ 30%]
2026-09-29T21:33:37.5553738Z ........................................................................ [ 32%]
2026-09-29T21:33:37.5988495Z ........................................................................ [ 34%]
2026-09-29T21:33:37.6412876Z ........................................................................ [ 36%]
2026-09-29T21:33:37.6836398Z ........................................................................ [ 38%]
2026-09-29T21:33:37.7254508Z ........................................................................ [ 39%]
2026-09-29T21:33:37.7670007Z ........................................................................ [ 41%]
2026-09-29T21:33:37.8082395Z ........................................................................ [ 43%]
2026-09-29T21:33:37.8505543Z ........................................................................ [ 45%]
2026-09-29T21:33:37.8928246Z ........................................................................ [ 47%]
2026-09-29T21:33:37.9157528Z .................................                                        [ 48%]
2026-09-29T21:33:37.9532327Z tests/py/test_path_dispatch.py ................................          [ 49%]
2026-09-29T21:33:37.9547765Z tests/py/test_py_tests_basetemp.py ..                                    [ 49%]
2026-09-29T21:33:37.9563014Z tests/py/test_smoke.py ...                                               [ 49%]
2026-09-29T21:33:37.9755135Z tests/unit/native_types/test_build_sources.py .......                    [ 49%]
2026-09-29T21:33:38.0995630Z tests/unit/native_types/test_hook_import_gating.py .......               [ 49%]
2026-09-29T21:33:38.1090859Z tests/unit/native_types/test_native_benchmark_agreement.py ...........   [ 49%]
2026-09-29T21:33:38.1970888Z tests/unit/native_types/test_native_benchmark_dataset.py .....           [ 49%]
2026-09-29T21:33:38.2009654Z tests/unit/native_types/test_native_benchmark_rows.py .......            [ 50%]
2026-09-29T21:33:38.2138117Z tests/unit/native_types/test_native_ci_fetch.py ....                     [ 50%]
2026-09-29T21:33:38.2240664Z tests/unit/native_types/test_native_ci_summary.py .....                  [ 50%]
2026-09-29T21:33:38.2658216Z tests/unit/native_types/test_native_flag.py ..........................s. [ 51%]
2026-09-29T21:33:38.2983646Z ..                                                                       [ 51%]
2026-09-29T21:33:38.3100231Z tests/unit/native_types/test_native_identity_ab.py .......               [ 51%]
2026-09-29T21:33:38.3299494Z tests/unit/native_types/test_native_opt_out.py ......................... [ 52%]
2026-09-29T21:33:38.3873163Z ........................................................................ [ 53%]
2026-09-29T21:33:38.4241795Z ..................................................                       [ 55%]
2026-09-29T21:33:38.4390811Z tests/unit/native_types/test_parse_contract.py ......................... [ 55%]
2026-09-29T21:33:38.4981511Z .................................................                        [ 57%]
2026-09-29T21:33:38.5105365Z tests/unit/native_types/test_serializer_contract.py .................... [ 57%]
2026-09-29T21:33:38.8407050Z ........................................................................ [ 59%]
2026-09-29T21:33:38.8563321Z ....................                                                     [ 60%]
2026-09-29T21:33:38.8961703Z tests/unit/native_types/test_training_scope.py ............              [ 60%]
2026-09-29T21:33:39.2242962Z tests/unit/test_ab_analysis.py ......................................    [ 61%]
2026-09-29T21:33:39.2356475Z tests/unit/test_build_manifest.py ...........                            [ 61%]
2026-09-29T21:33:39.2456937Z tests/unit/test_canonical_builds.py ....                                 [ 61%]
2026-09-29T21:33:39.4063268Z tests/unit/test_ci_fetch.py ........................                     [ 62%]
2026-09-29T21:33:39.4851979Z tests/unit/test_ci_summary.py .......................                    [ 62%]
2026-09-29T21:33:39.5022084Z tests/unit/test_config.py ...........................                    [ 63%]
2026-09-29T21:33:39.5172405Z tests/unit/test_core_purity.py ....                                      [ 63%]
2026-09-29T21:33:39.5274825Z tests/unit/test_cross_sample.py ......                                   [ 63%]
2026-09-29T21:33:39.5741680Z tests/unit/test_dumps.py ............................................... [ 65%]
2026-09-29T21:33:39.5868709Z ..........                                                               [ 65%]
2026-09-29T21:33:39.6037644Z tests/unit/test_dumps_brace_fold.py .........                            [ 65%]
2026-09-29T21:33:39.7883765Z tests/unit/test_dumps_cold_start.py ....                                 [ 65%]
2026-09-29T21:33:39.8162048Z tests/unit/test_dumps_contract.py ...................................... [ 66%]
2026-09-29T21:33:39.8690571Z .............................................................            [ 68%]
2026-09-29T21:33:39.9024407Z tests/unit/test_dumps_cycles_fused.py .................................. [ 69%]
2026-09-29T21:33:39.9588201Z ......................................................                   [ 70%]
2026-09-29T21:33:40.2543248Z tests/unit/test_dumps_general_tables.py ............................     [ 71%]
2026-09-29T21:33:40.6413567Z tests/unit/test_dumps_latch.py ............................              [ 72%]
2026-09-29T21:33:40.7151521Z tests/unit/test_dumps_private_cache.py ................................  [ 72%]
2026-09-29T21:33:41.2972675Z tests/unit/test_dumps_reentrancy.py .................................... [ 73%]
2026-09-29T21:33:42.3727174Z ......................................................................   [ 75%]
2026-09-29T21:33:43.0000534Z tests/unit/test_dumps_reentrancy_review.py ............................. [ 76%]
2026-09-29T21:33:43.1456454Z ..                                                                       [ 76%]
2026-09-29T21:33:43.1936789Z tests/unit/test_dumps_schema_failure.py ...........................      [ 77%]
2026-09-29T21:33:43.6285819Z tests/unit/test_dumps_user_step_counter.py ..........................    [ 77%]
2026-09-29T21:33:43.6531378Z tests/unit/test_dumps_with_default.py .................................. [ 78%]
2026-09-29T21:33:43.7050389Z ........................................................................ [ 80%]
2026-09-29T21:33:43.8186575Z .........................................................                [ 82%]
2026-09-29T21:33:43.8381104Z tests/unit/test_dumps_with_default_state.py ............................ [ 82%]
2026-09-29T21:33:43.9201862Z ........................................................................ [ 84%]
2026-09-29T21:33:44.0418090Z ..............                                                           [ 84%]
2026-09-29T21:33:44.1064883Z tests/unit/test_folder.py .............................................. [ 86%]
2026-09-29T21:33:44.1702333Z .........................................                                [ 87%]
2026-09-29T21:33:44.1739396Z tests/unit/test_fused_verification.py ..                                 [ 87%]
2026-09-29T21:33:44.2153177Z tests/unit/test_hook_build_scope.py ...............................      [ 88%]
2026-09-29T21:33:44.3103012Z tests/unit/test_json_cursor.py ...........................               [ 88%]
2026-09-29T21:33:44.3365550Z tests/unit/test_jsonpath.py ............................................ [ 89%]
2026-09-29T21:33:44.4503690Z .......................................................................  [ 91%]
2026-09-29T21:33:44.5262369Z tests/unit/test_load_dump.py ........................................... [ 92%]
2026-09-29T21:33:44.5266791Z                                                                          [ 92%]
2026-09-29T21:33:44.5564534Z tests/unit/test_loads.py ............................................... [ 94%]
2026-09-29T21:33:44.6325422Z ........................................................................ [ 95%]
2026-09-29T21:33:45.4834837Z ................                                                         [ 96%]
2026-09-29T21:33:45.4885634Z tests/unit/test_native_interleaved_profile.py ...                        [ 96%]
2026-09-29T21:33:45.5585082Z tests/unit/test_nested_container_probe.py ....                           [ 96%]
2026-09-29T21:33:45.6098244Z tests/unit/test_path_dispatch.py ................................        [ 97%]
2026-09-29T21:33:45.6442137Z tests/unit/test_provenance.py ..................                         [ 97%]
2026-09-29T21:33:45.6926564Z tests/unit/test_regression_check.py ..........................           [ 98%]
2026-09-29T21:33:45.7982309Z tests/unit/test_search_stream.py .................                       [ 99%]
2026-09-29T21:33:45.7990731Z tests/unit/test_string_identity_probe.py .                               [ 99%]
2026-09-29T21:33:45.8693477Z tests/unit/test_supplementary.py .............                           [ 99%]
2026-09-29T21:33:45.9213606Z tests/unit/test_supportability_check.py ....................             [ 99%]
2026-09-29T21:33:45.9960269Z tests/unit/test_version.py ....                                          [100%]
2026-09-29T21:33:45.9960644Z 
2026-09-29T21:33:45.9960879Z ====================== 3835 passed, 13 skipped in 12.24s =======================
2026-09-29T21:33:46.1691970Z ==> PGO: generating benchmark data
2026-09-29T21:33:46.1706538Z make[1]: Entering directory '/home/runner/work/_temp/identity-arm'
2026-09-29T21:33:46.1707334Z PYTHONPATH=. .venv/bin/python -m benchmarks.data.generate_bench_data --out-dir benchmarks/data/generated/small  --num-users 1000 --max-orders 10 --max-items 5  --records 500
2026-09-29T21:33:46.4182429Z   benchmarks/data/generated/small/users.json  (1680 KB)
2026-09-29T21:33:46.4182853Z   benchmarks/data/generated/small/users.ndjson  (1679 KB)
2026-09-29T21:33:46.4183194Z   benchmarks/data/generated/small/flat.json  (209 KB)
2026-09-29T21:33:46.4183516Z   benchmarks/data/generated/small/nested.json  (148 KB)
2026-09-29T21:33:46.4183865Z   benchmarks/data/generated/small/wide_arrays.json  (1218 KB)
2026-09-29T21:33:46.4184679Z   benchmarks/data/generated/small/mixed.json  (34 KB)
2026-09-29T21:33:46.4251983Z PYTHONPATH=. .venv/bin/python -m benchmarks.data.generate_bench_data --out-dir benchmarks/data/generated/medium --num-users 2000 --max-orders 20 --max-items 10 --records 2000
2026-09-29T21:33:47.6101231Z   benchmarks/data/generated/medium/users.json  (9883 KB)
2026-09-29T21:33:47.6101667Z   benchmarks/data/generated/medium/users.ndjson  (9881 KB)
2026-09-29T21:33:47.6102020Z   benchmarks/data/generated/medium/flat.json  (836 KB)
2026-09-29T21:33:47.6102352Z   benchmarks/data/generated/medium/nested.json  (594 KB)
2026-09-29T21:33:47.6102704Z   benchmarks/data/generated/medium/wide_arrays.json  (4874 KB)
2026-09-29T21:33:47.6103059Z   benchmarks/data/generated/medium/mixed.json  (138 KB)
2026-09-29T21:33:47.6168905Z PYTHONPATH=. .venv/bin/python -m benchmarks.data.generate_bench_data --out-dir benchmarks/data/generated/large  --num-users 4000 --max-orders 40 --max-items 20 --records 5000
2026-09-29T21:33:54.6921271Z   benchmarks/data/generated/large/users.json  (68083 KB)
2026-09-29T21:33:54.6922218Z   benchmarks/data/generated/large/users.ndjson  (68079 KB)
2026-09-29T21:33:54.6922564Z   benchmarks/data/generated/large/flat.json  (2092 KB)
2026-09-29T21:33:54.6923063Z   benchmarks/data/generated/large/nested.json  (1488 KB)
2026-09-29T21:33:54.6923434Z   benchmarks/data/generated/large/wide_arrays.json  (12185 KB)
2026-09-29T21:33:54.6923783Z   benchmarks/data/generated/large/mixed.json  (347 KB)
2026-09-29T21:33:54.7006260Z make[1]: Leaving directory '/home/runner/work/_temp/identity-arm'
2026-09-29T21:33:54.7008325Z ==> PGO: verification benchmarks
2026-09-29T21:34:13.2166734Z wrote build/pgo/bench_results_pgo.md
2026-09-29T21:34:13.2355625Z ==> PGO complete
2026-09-29T21:34:13.2355982Z     profile: /home/runner/work/_temp/identity-arm/build/pgo/strata.profdata
2026-09-29T21:34:13.2356358Z     results: build/pgo/bench_results_pgo.md
2026-09-29T21:34:13.2356658Z     The installed extension is now the PGO+LTO build.
2026-09-29T21:34:13.2376296Z + git worktree remove --force /home/runner/work/_temp/identity-arm
2026-09-29T21:34:13.6649469Z + git worktree prune
2026-09-29T21:34:13.6661982Z + git worktree add --force --detach /home/runner/work/_temp/identity-arm HEAD
2026-09-29T21:34:13.6672356Z Preparing worktree (detached HEAD bc6d9ba)
2026-09-29T21:34:13.8045833Z HEAD is now at bc6d9ba Keep the field cache's refresh out of the profiled hit path
2026-09-29T21:34:13.8063741Z + make install-bench
2026-09-29T21:34:13.8079645Z python3 -m venv .venv
2026-09-29T21:34:15.7817761Z .venv/bin/python -m pip install -U pip setuptools wheel
2026-09-29T21:34:16.1034278Z Requirement already satisfied: pip in ./.venv/lib/python3.12/site-packages (25.0.1)
2026-09-29T21:34:16.1538377Z Collecting pip
2026-09-29T21:34:16.1550072Z   Using cached pip-26.2.1-py3-none-any.whl.metadata (4.6 kB)
2026-09-29T21:34:16.2403929Z Collecting setuptools
2026-09-29T21:34:16.2414567Z   Using cached setuptools-84.0.0-py3-none-any.whl.metadata (6.6 kB)
2026-09-29T21:34:16.2605174Z Collecting wheel
2026-09-29T21:34:16.2615238Z   Using cached wheel-0.48.0-py3-none-any.whl.metadata (2.3 kB)
2026-09-29T21:34:16.2743297Z Collecting packaging>=24.0 (from wheel)
2026-09-29T21:34:16.2753329Z   Using cached packaging-26.3-py3-none-any.whl.metadata (3.5 kB)
2026-09-29T21:34:16.2780038Z Using cached pip-26.2.1-py3-none-any.whl (1.8 MB)
2026-09-29T21:34:16.2795582Z Using cached setuptools-84.0.0-py3-none-any.whl (818 kB)
2026-09-29T21:34:16.2807773Z Using cached wheel-0.48.0-py3-none-any.whl (33 kB)
2026-09-29T21:34:16.2817215Z Using cached packaging-26.3-py3-none-any.whl (129 kB)
2026-09-29T21:34:16.3021840Z Installing collected packages: setuptools, pip, packaging, wheel
2026-09-29T21:34:16.6702016Z   Attempting uninstall: pip
2026-09-29T21:34:16.6721537Z     Found existing installation: pip 25.0.1
2026-09-29T21:34:16.6948004Z     Uninstalling pip-25.0.1:
2026-09-29T21:34:16.6989258Z       Successfully uninstalled pip-25.0.1
2026-09-29T21:34:17.4794270Z Successfully installed packaging-26.3 pip-26.2.1 setuptools-84.0.0 wheel-0.48.0
2026-09-29T21:34:17.5592020Z .venv/bin/python -m pip install -e '.[dev,bench]'
2026-09-29T21:34:17.8146782Z Obtaining file:///home/runner/work/_temp/identity-arm
2026-09-29T21:34:17.8164413Z   Installing build dependencies: started
2026-09-29T21:34:19.0643676Z   Installing build dependencies: finished with status 'done'
2026-09-29T21:34:19.0649321Z   Checking if build backend supports build_editable: started
2026-09-29T21:34:19.3027358Z   Checking if build backend supports build_editable: finished with status 'done'
2026-09-29T21:34:19.3033840Z   Getting requirements to build editable: started
2026-09-29T21:34:19.6018356Z   Getting requirements to build editable: finished with status 'done'
2026-09-29T21:34:19.6025579Z   Preparing editable metadata (pyproject.toml): started
2026-09-29T21:34:19.7933803Z   Preparing editable metadata (pyproject.toml): finished with status 'done'
2026-09-29T21:34:19.8643410Z Collecting cmake>=3.20 (from strata==2026.8.10)
2026-09-29T21:34:19.8656210Z   Using cached cmake-4.4.3-py3-none-manylinux2014_aarch64.manylinux_2_17_aarch64.whl.metadata (7.0 kB)
2026-09-29T21:34:19.8795618Z Collecting pytest>=7 (from strata==2026.8.10)
2026-09-29T21:34:19.8806375Z   Using cached pytest-9.1.1-py3-none-any.whl.metadata (7.6 kB)
2026-09-29T21:34:19.9369235Z Collecting pytest-cov>=4 (from strata==2026.8.10)
2026-09-29T21:34:19.9379686Z   Using cached pytest_cov-7.1.0-py3-none-any.whl.metadata (32 kB)
2026-09-29T21:34:20.1681816Z Collecting ruff>=0.5 (from strata==2026.8.10)
2026-09-29T21:34:20.1694766Z   Using cached ruff-0.16.9-py3-none-manylinux_2_17_aarch64.manylinux2014_aarch64.whl.metadata (20 kB)
2026-09-29T21:34:20.1889545Z Collecting pre-commit>=3.5 (from strata==2026.8.10)
2026-09-29T21:34:20.1898512Z   Using cached pre_commit-4.6.2-py2.py3-none-any.whl.metadata (1.2 kB)
2026-09-29T21:34:20.2273933Z Collecting clang-format<22,>=21 (from strata==2026.8.10)
2026-09-29T21:34:20.2285739Z   Using cached clang_format-21.1.8-py2.py3-none-manylinux_2_26_aarch64.manylinux_2_28_aarch64.whl.metadata (4.7 kB)
2026-09-29T21:34:20.3831003Z Collecting orjson (from strata==2026.8.10)
2026-09-29T21:34:20.3842447Z   Using cached orjson-3.12.0-cp312-cp312-manylinux_2_17_aarch64.manylinux2014_aarch64.whl.metadata (41 kB)
2026-09-29T21:34:20.4393010Z Collecting msgspec (from strata==2026.8.10)
2026-09-29T21:34:20.4404704Z   Using cached msgspec-0.22.0-cp312-cp312-manylinux2014_aarch64.manylinux_2_17_aarch64.manylinux_2_28_aarch64.whl.metadata (6.0 kB)
2026-09-29T21:34:20.4901017Z Collecting ujson (from strata==2026.8.10)
2026-09-29T21:34:20.4912979Z   Using cached ujson-6.0.0-cp312-cp312-manylinux_2_24_aarch64.manylinux_2_28_aarch64.whl.metadata (10.0 kB)
2026-09-29T21:34:20.5220972Z Collecting pysimdjson (from strata==2026.8.10)
2026-09-29T21:34:20.5231626Z   Using cached pysimdjson-7.0.2-cp312-cp312-manylinux_2_17_aarch64.manylinux2014_aarch64.whl.metadata (1.1 kB)
2026-09-29T21:34:20.5309101Z Collecting jmespath (from strata==2026.8.10)
2026-09-29T21:34:20.5318820Z   Using cached jmespath-1.1.0-py3-none-any.whl.metadata (7.6 kB)
2026-09-29T21:34:20.5393357Z Collecting jsonpath-ng (from strata==2026.8.10)
2026-09-29T21:34:20.5402936Z   Using cached jsonpath_ng-1.8.0-py3-none-any.whl.metadata (18 kB)
2026-09-29T21:34:20.5847901Z Collecting psutil>=5 (from strata==2026.8.10)
2026-09-29T21:34:20.5859718Z   Using cached psutil-7.2.2-cp36-abi3-manylinux2014_aarch64.manylinux_2_17_aarch64.manylinux_2_28_aarch64.whl.metadata (22 kB)
2026-09-29T21:34:20.5977256Z Collecting cfgv>=2.0.0 (from pre-commit>=3.5->strata==2026.8.10)
2026-09-29T21:34:20.5987115Z   Using cached cfgv-3.5.0-py2.py3-none-any.whl.metadata (8.9 kB)
2026-09-29T21:34:20.6213155Z Collecting identify>=1.0.0 (from pre-commit>=3.5->strata==2026.8.10)
2026-09-29T21:34:20.6223672Z   Using cached identify-2.6.20-py2.py3-none-any.whl.metadata (4.4 kB)
2026-09-29T21:34:20.6320186Z Collecting nodeenv>=0.11.1 (from pre-commit>=3.5->strata==2026.8.10)
2026-09-29T21:34:20.6331074Z   Using cached nodeenv-1.11.0-py2.py3-none-any.whl.metadata (40 kB)
2026-09-29T21:34:20.6601141Z Collecting pyyaml>=5.1 (from pre-commit>=3.5->strata==2026.8.10)
2026-09-29T21:34:20.6611714Z   Using cached pyyaml-6.0.3-cp312-cp312-manylinux2014_aarch64.manylinux_2_17_aarch64.manylinux_2_28_aarch64.whl.metadata (2.4 kB)
2026-09-29T21:34:20.6866356Z Collecting virtualenv>=20.10.0 (from pre-commit>=3.5->strata==2026.8.10)
2026-09-29T21:34:20.6876309Z   Using cached virtualenv-21.14.0-py3-none-any.whl.metadata (4.1 kB)
2026-09-29T21:34:20.6930151Z Collecting iniconfig>=1.0.1 (from pytest>=7->strata==2026.8.10)
2026-09-29T21:34:20.6940003Z   Using cached iniconfig-2.3.0-py3-none-any.whl.metadata (2.5 kB)
2026-09-29T21:34:20.6953952Z Requirement already satisfied: packaging>=22 in ./.venv/lib/python3.12/site-packages (from pytest>=7->strata==2026.8.10) (26.3)
2026-09-29T21:34:20.6991594Z Collecting pluggy<2,>=1.5 (from pytest>=7->strata==2026.8.10)
2026-09-29T21:34:20.7001458Z   Using cached pluggy-1.6.0-py3-none-any.whl.metadata (4.8 kB)
2026-09-29T21:34:20.7082678Z Collecting pygments>=2.7.2 (from pytest>=7->strata==2026.8.10)
2026-09-29T21:34:20.7092772Z   Using cached pygments-2.21.0-py3-none-any.whl.metadata (2.5 kB)
2026-09-29T21:34:20.9957377Z Collecting coverage>=7.10.6 (from coverage[toml]>=7.10.6->pytest-cov>=4->strata==2026.8.10)
2026-09-29T21:34:20.9968040Z   Using cached coverage-7.16.2-cp312-cp312-manylinux2014_aarch64.manylinux_2_17_aarch64.manylinux_2_28_aarch64.whl.metadata (8.2 kB)
2026-09-29T21:34:21.0076362Z Collecting distlib<1,>=0.3.7 (from virtualenv>=20.10.0->pre-commit>=3.5->strata==2026.8.10)
2026-09-29T21:34:21.0086079Z   Using cached distlib-0.4.3-py2.py3-none-any.whl.metadata (5.3 kB)
2026-09-29T21:34:21.0233609Z Collecting filelock<5,>=3.24.2 (from virtualenv>=20.10.0->pre-commit>=3.5->strata==2026.8.10)
2026-09-29T21:34:21.0243508Z   Using cached filelock-4.0.6-py3-none-any.whl.metadata (2.0 kB)
2026-09-29T21:34:21.0370579Z Collecting platformdirs<5,>=3.9.1 (from virtualenv>=20.10.0->pre-commit>=3.5->strata==2026.8.10)
2026-09-29T21:34:21.0380433Z   Using cached platformdirs-4.12.2-py3-none-any.whl.metadata (5.5 kB)
2026-09-29T21:34:21.0458745Z Collecting python-discovery>=1.6 (from virtualenv>=20.10.0->pre-commit>=3.5->strata==2026.8.10)
2026-09-29T21:34:21.0468796Z   Using cached python_discovery-1.6.1-py3-none-any.whl.metadata (5.1 kB)
2026-09-29T21:34:21.0543211Z Using cached clang_format-21.1.8-py2.py3-none-manylinux_2_26_aarch64.manylinux_2_28_aarch64.whl (1.7 MB)
2026-09-29T21:34:21.0558669Z Using cached cmake-4.4.3-py3-none-manylinux2014_aarch64.manylinux_2_17_aarch64.whl (30.3 MB)
2026-09-29T21:34:21.0660273Z Using cached pre_commit-4.6.2-py2.py3-none-any.whl (226 kB)
2026-09-29T21:34:21.0671204Z Using cached cfgv-3.5.0-py2.py3-none-any.whl (7.4 kB)
2026-09-29T21:34:21.0681151Z Using cached identify-2.6.20-py2.py3-none-any.whl (99 kB)
2026-09-29T21:34:21.0691566Z Using cached nodeenv-1.11.0-py2.py3-none-any.whl (34 kB)
2026-09-29T21:34:21.0701649Z Using cached psutil-7.2.2-cp36-abi3-manylinux2014_aarch64.manylinux_2_17_aarch64.manylinux_2_28_aarch64.whl (156 kB)
2026-09-29T21:34:21.0711756Z Using cached pytest-9.1.1-py3-none-any.whl (386 kB)
2026-09-29T21:34:21.0722699Z Using cached pluggy-1.6.0-py3-none-any.whl (20 kB)
2026-09-29T21:34:21.0732555Z Using cached iniconfig-2.3.0-py3-none-any.whl (7.5 kB)
2026-09-29T21:34:21.0742442Z Using cached pygments-2.21.0-py3-none-any.whl (1.3 MB)
2026-09-29T21:34:21.0756137Z Using cached pytest_cov-7.1.0-py3-none-any.whl (22 kB)
2026-09-29T21:34:21.0766390Z Using cached coverage-7.16.2-cp312-cp312-manylinux2014_aarch64.manylinux_2_17_aarch64.manylinux_2_28_aarch64.whl (259 kB)
2026-09-29T21:34:21.0777149Z Using cached pyyaml-6.0.3-cp312-cp312-manylinux2014_aarch64.manylinux_2_17_aarch64.manylinux_2_28_aarch64.whl (775 kB)
2026-09-29T21:34:21.0789226Z Using cached ruff-0.16.9-py3-none-manylinux_2_17_aarch64.manylinux2014_aarch64.whl (10.0 MB)
2026-09-29T21:34:21.0829271Z Using cached virtualenv-21.14.0-py3-none-any.whl (5.5 MB)
2026-09-29T21:34:21.0855577Z Using cached distlib-0.4.3-py2.py3-none-any.whl (470 kB)
2026-09-29T21:34:21.0866660Z Using cached filelock-4.0.6-py3-none-any.whl (109 kB)
2026-09-29T21:34:21.0876664Z Using cached platformdirs-4.12.2-py3-none-any.whl (32 kB)
2026-09-29T21:34:21.0886330Z Using cached python_discovery-1.6.1-py3-none-any.whl (38 kB)
2026-09-29T21:34:21.0895889Z Using cached jmespath-1.1.0-py3-none-any.whl (20 kB)
2026-09-29T21:34:21.0905591Z Using cached jsonpath_ng-1.8.0-py3-none-any.whl (67 kB)
2026-09-29T21:34:21.0915564Z Using cached msgspec-0.22.0-cp312-cp312-manylinux2014_aarch64.manylinux_2_17_aarch64.manylinux_2_28_aarch64.whl (224 kB)
2026-09-29T21:34:21.0925789Z Using cached orjson-3.12.0-cp312-cp312-manylinux_2_17_aarch64.manylinux2014_aarch64.whl (130 kB)
2026-09-29T21:34:21.0935800Z Using cached pysimdjson-7.0.2-cp312-cp312-manylinux_2_17_aarch64.manylinux2014_aarch64.whl (2.8 MB)
2026-09-29T21:34:21.0953443Z Using cached ujson-6.0.0-cp312-cp312-manylinux_2_24_aarch64.manylinux_2_28_aarch64.whl (57 kB)
2026-09-29T21:34:21.1975106Z Building wheels for collected packages: strata
2026-09-29T21:34:21.1980536Z   Building editable for strata (pyproject.toml): started
2026-09-29T21:35:21.6325246Z   Building editable for strata (pyproject.toml): still running...
2026-09-29T21:36:21.8945295Z   Building editable for strata (pyproject.toml): still running...
2026-09-29T21:37:22.3178243Z   Building editable for strata (pyproject.toml): still running...
2026-09-29T21:37:27.8607033Z   Building editable for strata (pyproject.toml): finished with status 'done'
2026-09-29T21:37:27.8614492Z   Created wheel for strata: filename=strata-2026.8.10-0.editable-cp312-cp312-linux_aarch64.whl size=4459 sha256=094dc5a895b012660658099e248f641f0cb525d62faf96906ac585f649220df9
2026-09-29T21:37:27.8615863Z   Stored in directory: /tmp/pip-ephem-wheel-cache-nioxrtjh/wheels/4b/14/de/c01d5c98e482dba508ed0b80beaf37c3b37034de18f4d8fbd4
2026-09-29T21:37:27.8633505Z Successfully built strata
2026-09-29T21:37:27.9288457Z Installing collected packages: jsonpath-ng, distlib, clang-format, ujson, strata, ruff, pyyaml, pysimdjson, pygments, psutil, pluggy, platformdirs, orjson, nodeenv, msgspec, jmespath, iniconfig, identify, filelock, coverage, cmake, cfgv, python-discovery, pytest, virtualenv, pytest-cov, pre-commit
2026-09-29T21:37:30.0449094Z 
2026-09-29T21:37:30.0473170Z Successfully installed cfgv-3.5.0 clang-format-21.1.8 cmake-4.4.3 coverage-7.16.2 distlib-0.4.3 filelock-4.0.6 identify-2.6.20 iniconfig-2.3.0 jmespath-1.1.0 jsonpath-ng-1.8.0 msgspec-0.22.0 nodeenv-1.11.0 orjson-3.12.0 platformdirs-4.12.2 pluggy-1.6.0 pre-commit-4.6.2 psutil-7.2.2 pygments-2.21.0 pysimdjson-7.0.2 pytest-9.1.1 pytest-cov-7.1.0 python-discovery-1.6.1 pyyaml-6.0.3 ruff-0.16.9 strata-2026.8.10 ujson-6.0.0 virtualenv-21.14.0
2026-09-29T21:37:30.3942707Z + /home/runner/work/_temp/identity-arm/.venv/bin/python -m pip install --force-reinstall --no-deps -e .
2026-09-29T21:37:30.6540819Z Obtaining file:///home/runner/work/_temp/identity-arm
2026-09-29T21:37:30.6558499Z   Installing build dependencies: started
2026-09-29T21:37:31.9131468Z   Installing build dependencies: finished with status 'done'
2026-09-29T21:37:31.9137400Z   Checking if build backend supports build_editable: started
2026-09-29T21:37:32.1615803Z   Checking if build backend supports build_editable: finished with status 'done'
2026-09-29T21:37:32.1623132Z   Getting requirements to build editable: started
2026-09-29T21:37:32.4786761Z   Getting requirements to build editable: finished with status 'done'
2026-09-29T21:37:32.4793934Z   Preparing editable metadata (pyproject.toml): started
2026-09-29T21:37:32.6800132Z   Preparing editable metadata (pyproject.toml): finished with status 'done'
2026-09-29T21:37:32.6846576Z Building wheels for collected packages: strata
2026-09-29T21:37:32.6852883Z   Building editable for strata (pyproject.toml): started
2026-09-29T21:38:27.1705973Z   Building editable for strata (pyproject.toml): finished with status 'done'
2026-09-29T21:38:27.1714140Z   Created wheel for strata: filename=strata-2026.8.10-0.editable-cp312-cp312-linux_aarch64.whl size=4459 sha256=0c49a8b55352a922a64f3d7f4c0a8523f90a42a105c71d39e3f817c1d76c99ef
2026-09-29T21:38:27.1715761Z   Stored in directory: /tmp/pip-ephem-wheel-cache-evejokh0/wheels/4b/14/de/c01d5c98e482dba508ed0b80beaf37c3b37034de18f4d8fbd4
2026-09-29T21:38:27.1739093Z Successfully built strata
2026-09-29T21:38:27.1838086Z Installing collected packages: strata
2026-09-29T21:38:27.1839224Z   Attempting uninstall: strata
2026-09-29T21:38:27.1858524Z     Found existing installation: strata 2026.8.10
2026-09-29T21:38:27.1872697Z     Uninstalling strata-2026.8.10:
2026-09-29T21:38:27.2071676Z       Successfully uninstalled strata-2026.8.10
2026-09-29T21:38:27.2157243Z Successfully installed strata-2026.8.10
2026-09-29T21:38:27.5014522Z + git worktree remove --force /home/runner/work/_temp/identity-arm
2026-09-29T21:38:27.9640694Z .data                            4741f7805d4d501d 4741f7805d4d501d identical
2026-09-29T21:38:27.9641128Z .data.rel.ro                     1e925ac6d527636d 1e925ac6d527636d identical
2026-09-29T21:38:27.9642021Z .dynamic                         9d62dd7ac677227d 9d62dd7ac677227d identical
2026-09-29T21:38:27.9642387Z .dynstr                          015c4778a45ee1db 015c4778a45ee1db identical
2026-09-29T21:38:27.9642909Z .dynsym                          043450d7ce2ffbbf 043450d7ce2ffbbf identical
2026-09-29T21:38:27.9643327Z .eh_frame                        99ac00466a1ca54c 99ac00466a1ca54c identical
2026-09-29T21:38:27.9643698Z .eh_frame_hdr                    62da2a70ab8bbb74 62da2a70ab8bbb74 identical
2026-09-29T21:38:27.9644276Z .fini                            7d39706b791b17f4 7d39706b791b17f4 identical
2026-09-29T21:38:27.9644678Z .fini_array                      5bd5defdd823db81 5bd5defdd823db81 identical
2026-09-29T21:38:27.9645072Z .gcc_except_table                6ec9430ce8d45f7f 6ec9430ce8d45f7f identical
2026-09-29T21:38:27.9645454Z .gnu.hash                        1331b1064561f369 1331b1064561f369 identical
2026-09-29T21:38:27.9645818Z .gnu.version                     16446b28a45c6bc8 16446b28a45c6bc8 identical
2026-09-29T21:38:27.9646215Z .gnu.version_r                   7fbd8ba05eceed2d 7fbd8ba05eceed2d identical
2026-09-29T21:38:27.9646596Z .got                             f1245aadee06ad80 f1245aadee06ad80 identical
2026-09-29T21:38:27.9646952Z .got.plt                         07d7cb47f327ebb4 07d7cb47f327ebb4 identical
2026-09-29T21:38:27.9647310Z .init                            151bfb4b8a72c6a4 151bfb4b8a72c6a4 identical
2026-09-29T21:38:27.9647674Z .init_array                      31ced2a6b695d2d9 31ced2a6b695d2d9 identical
2026-09-29T21:38:27.9648063Z .note.gnu.build-id               1f138952c3fe7ace 93c872046f7aa1e6 differs
2026-09-29T21:38:27.9648437Z .plt                             595f9a88daebfe63 595f9a88daebfe63 identical
2026-09-29T21:38:27.9648853Z .rela.dyn                        9e7e8adae178589f 9e7e8adae178589f identical
2026-09-29T21:38:27.9649217Z .rela.plt                        bb40816ed2363807 bb40816ed2363807 identical
2026-09-29T21:38:27.9649579Z .rodata                          2d6ea751a4b8a829 2d6ea751a4b8a829 identical
2026-09-29T21:38:27.9649941Z .tdata                           fef02424157f106b fef02424157f106b identical
2026-09-29T21:38:27.9650299Z .text                            e63e428e6a0c8bd5 e63e428e6a0c8bd5 identical
2026-09-29T21:38:27.9650591Z CODE IDENTICAL
2026-09-29T21:38:27.9650813Z .data                            993481905c244d07 993481905c244d07 identical
2026-09-29T21:38:27.9651176Z .data.rel.ro                     8e1c2cb62e6ccb9e 8e1c2cb62e6ccb9e identical
2026-09-29T21:38:27.9651547Z .dynamic                         999c78f49a58df27 999c78f49a58df27 identical
2026-09-29T21:38:27.9651909Z .dynstr                          a28f7c2930bcd055 a28f7c2930bcd055 identical
2026-09-29T21:38:27.9652269Z .dynsym                          3730be440d7a22e3 3730be440d7a22e3 identical
2026-09-29T21:38:27.9652628Z .eh_frame                        5a440c9f308bb7f0 5a440c9f308bb7f0 identical
2026-09-29T21:38:27.9652996Z .eh_frame_hdr                    174a0eb074cc33b6 174a0eb074cc33b6 identical
2026-09-29T21:38:27.9653363Z .fini                            7d39706b791b17f4 7d39706b791b17f4 identical
2026-09-29T21:38:27.9653728Z .fini_array                      ab807c986ceef063 ab807c986ceef063 identical
2026-09-29T21:38:27.9654394Z .gcc_except_table                6566cba12431f4bc 6566cba12431f4bc identical
2026-09-29T21:38:27.9654802Z .gnu.hash                        d095c1787016715c d095c1787016715c identical
2026-09-29T21:38:27.9655179Z .gnu.version                     8edaacfaa70a9e46 8edaacfaa70a9e46 identical
2026-09-29T21:38:27.9655560Z .gnu.version_r                   84ee111f5128462c 84ee111f5128462c identical
2026-09-29T21:38:27.9655923Z .got                             55b6c22750b56db7 55b6c22750b56db7 identical
2026-09-29T21:38:27.9656272Z .got.plt                         11a2b161bace73f7 11a2b161bace73f7 identical
2026-09-29T21:38:27.9656639Z .init                            c4dffdb9bb3ed4d9 c4dffdb9bb3ed4d9 identical
2026-09-29T21:38:27.9657008Z .init_array                      ddc519962e0c16e8 ddc519962e0c16e8 identical
2026-09-29T21:38:27.9657670Z .note.gnu.build-id               8f85a5845b1e21d0 0f38d98871053eeb differs
2026-09-29T21:38:27.9658145Z .plt                             52058f85e7a5ebc4 52058f85e7a5ebc4 identical
2026-09-29T21:38:27.9658539Z .rela.dyn                        8d14dff8e6d62627 8d14dff8e6d62627 identical
2026-09-29T21:38:27.9658961Z .rela.plt                        5f62dada442988ed 74961d8d482c2795 differs
2026-09-29T21:38:27.9659320Z .rodata                          0bc6ec939d9d7100 0bc6ec939d9d7100 identical
2026-09-29T21:38:27.9659676Z .tdata                           fef02424157f106b fef02424157f106b identical
2026-09-29T21:38:27.9660043Z .text                            fdb1fa6d24192cf7 cc28a7d2dc40962b DIFFERS (gate)
2026-09-29T21:38:27.9660365Z CODE DIFFERS: stop before timing
2026-09-29T21:38:27.9660575Z {
2026-09-29T21:38:27.9660767Z  "base": "234ea15861d2f37b1b55c6251281a49021864441",
2026-09-29T21:38:27.9661022Z  "plain_exit": 0,
2026-09-29T21:38:27.9661204Z  "held_pgo_exit": 1
2026-09-29T21:38:27.9661372Z }
2026-09-29T21:38:27.9661521Z plain build: exit 0
2026-09-29T21:38:27.9661718Z held-profile pgo+lto build: exit 1
2026-09-29T21:38:27.9661881Z 
2026-09-29T21:38:27.9719697Z ##[error]Process completed with exit code 1.
2026-09-29T21:38:27.9802115Z ##[group]Run actions/upload-artifact@v4
2026-09-29T21:38:27.9802393Z with:
2026-09-29T21:38:27.9802580Z   name: benchmark-linux-arm64
2026-09-29T21:38:27.9802978Z   path: bench_ci_*.md
bench_ci_*.json
bench_native_*.md
bench_native_*.json
identity-*.txt

2026-09-29T21:38:27.9803367Z   if-no-files-found: ignore
2026-09-29T21:38:27.9803576Z   compression-level: 6
2026-09-29T21:38:27.9803765Z   overwrite: false
2026-09-29T21:38:27.9803951Z   include-hidden-files: false
2026-09-29T21:38:27.9804373Z env:
2026-09-29T21:38:27.9804605Z   pythonLocation: /opt/hostedtoolcache/Python/3.12.14/arm64
2026-09-29T21:38:27.9805004Z   PKG_CONFIG_PATH: /opt/hostedtoolcache/Python/3.12.14/arm64/lib/pkgconfig
2026-09-29T21:38:27.9805413Z   Python_ROOT_DIR: /opt/hostedtoolcache/Python/3.12.14/arm64
2026-09-29T21:38:27.9805768Z   Python2_ROOT_DIR: /opt/hostedtoolcache/Python/3.12.14/arm64
2026-09-29T21:38:27.9806127Z   Python3_ROOT_DIR: /opt/hostedtoolcache/Python/3.12.14/arm64
2026-09-29T21:38:27.9806546Z   LD_LIBRARY_PATH: /opt/hostedtoolcache/Python/3.12.14/arm64/lib
2026-09-29T21:38:27.9806847Z ##[endgroup]
2026-09-29T21:38:28.1210275Z (node:19561) [DEP0040] DeprecationWarning: The `punycode` module is deprecated. Please use a userland alternative instead.
2026-09-29T21:38:28.1210949Z (Use `node --trace-deprecation ...` to show where the warning was created)
2026-09-29T21:38:28.1306353Z With the provided path, there will be 4 files uploaded
2026-09-29T21:38:28.1309982Z Artifact name is valid!
2026-09-29T21:38:28.1310755Z Root directory input is valid!
2026-09-29T21:38:28.3506764Z Beginning upload of artifact content to blob storage
2026-09-29T21:38:28.3786031Z (node:19561) [DEP0169] DeprecationWarning: `url.parse()` behavior is not standardized and prone to errors that have security implications. Use the WHATWG URL API instead. CVEs are not issued for `url.parse()` vulnerabilities.
2026-09-29T21:38:28.5202708Z Uploaded bytes 65942
2026-09-29T21:38:28.5582064Z Finished uploading artifact content to blob storage!
2026-09-29T21:38:28.5582829Z SHA256 digest of uploaded artifact zip is 5d7da1735923944e0339728eb4fcc4e82229f2e46c563243a976b054f917fcff
2026-09-29T21:38:28.5584312Z Finalizing artifact upload
2026-09-29T21:38:28.7689203Z Artifact benchmark-linux-arm64.zip successfully finalized. Artifact ID 11063568996
2026-09-29T21:38:28.7689988Z Artifact benchmark-linux-arm64 has been successfully uploaded! Final size is 65942 bytes. Artifact ID is 11063568996
2026-09-29T21:38:28.7705540Z Artifact download URL: https://github.com/PrimeLab-Foundation/strata/actions/runs/36632472320/artifacts/11063568996
2026-09-29T21:38:28.7963977Z Post job cleanup.
2026-09-29T21:38:28.8693351Z [command]/usr/bin/git version
2026-09-29T21:38:28.8712156Z git version 2.55.0
2026-09-29T21:38:28.8745750Z Temporarily overriding HOME='/home/runner/work/_temp/27b5fbdd-6919-4c78-9404-af6941c0298a' before making global git config changes
2026-09-29T21:38:28.8746576Z Adding repository directory to the temporary git global config as a safe directory
2026-09-29T21:38:28.8760464Z [command]/usr/bin/git config --global --add safe.directory /home/runner/work/strata/strata
2026-09-29T21:38:28.8788449Z [command]/usr/bin/git config --local --name-only --get-regexp core\.sshCommand
2026-09-29T21:38:28.8817450Z [command]/usr/bin/git submodule foreach --recursive sh -c "git config --local --name-only --get-regexp 'core\.sshCommand' && git config --local --unset-all 'core.sshCommand' || :"
2026-09-29T21:38:28.9032661Z [command]/usr/bin/git config --local --name-only --get-regexp http\.https\:\/\/github\.com\/\.extraheader
2026-09-29T21:38:28.9053820Z http.https://github.com/.extraheader
2026-09-29T21:38:28.9075177Z [command]/usr/bin/git config --local --unset-all http.https://github.com/.extraheader
2026-09-29T21:38:28.9102394Z [command]/usr/bin/git submodule foreach --recursive sh -c "git config --local --name-only --get-regexp 'http\.https\:\/\/github\.com\/\.extraheader' && git config --local --unset-all 'http.https://github.com/.extraheader' || :"
2026-09-29T21:38:28.9305860Z [command]/usr/bin/git config --local --name-only --get-regexp ^includeIf\.gitdir:
2026-09-29T21:38:28.9340469Z [command]/usr/bin/git submodule foreach --recursive git config --local --show-origin --name-only --get-regexp remote.origin.url
2026-09-29T21:38:28.9697989Z Cleaning up orphan processes
2026-09-29T21:38:29.0047752Z ##[warning]Node.js 20 is deprecated. The following actions target Node.js 20 but are being forced to run on Node.js 24: actions/checkout@v4, actions/setup-python@v5, actions/upload-artifact@v4. For more information see: https://github.blog/changelog/2025-09-19-deprecation-of-node-20-on-github-actions-runners/
