2026-09-29T21:19:23.1459556Z Current runner version: '2.337.0'
2026-09-29T21:19:23.1484494Z ##[group]Runner Image Provisioner
2026-09-29T21:19:23.1485475Z Hosted Compute Agent
2026-09-29T21:19:23.1486208Z Version: 20260828.587
2026-09-29T21:19:23.1486850Z Commit: abac92662cab4cc7352de4f9f9d2e2419aad9c29
2026-09-29T21:19:23.1487635Z Build Date: 2026-08-28T16:44:25Z
2026-09-29T21:19:23.1488311Z Worker ID: {34f328c8-4f75-48fc-b3c0-9d826c246418}
2026-09-29T21:19:23.1489126Z Azure Region: westus
2026-09-29T21:19:23.1489745Z ##[endgroup]
2026-09-29T21:19:23.1491336Z ##[group]Operating System
2026-09-29T21:19:23.1492063Z Ubuntu
2026-09-29T21:19:23.1492586Z 24.04.5
2026-09-29T21:19:23.1493109Z LTS
2026-09-29T21:19:23.1493937Z ##[endgroup]
2026-09-29T21:19:23.1494498Z ##[group]Runner Image
2026-09-29T21:19:23.1495460Z Image: ubuntu-24.04
2026-09-29T21:19:23.1496152Z Version: 20260920.314.1
2026-09-29T21:19:23.1497520Z Included Software: https://github.com/actions/runner-images/blob/ubuntu24/20260920.314/images/ubuntu/Ubuntu2404-Readme.md
2026-09-29T21:19:23.1499092Z Image Release: https://github.com/actions/runner-images/releases/tag/ubuntu24%2F20260920.314
2026-09-29T21:19:23.1500106Z ##[endgroup]
2026-09-29T21:19:23.1501351Z ##[group]GITHUB_TOKEN Permissions
2026-09-29T21:19:23.1503943Z Contents: read
2026-09-29T21:19:23.1504683Z Metadata: read
2026-09-29T21:19:23.1505290Z Packages: read
2026-09-29T21:19:23.1505945Z ##[endgroup]
2026-09-29T21:19:23.1508149Z Secret source: Actions
2026-09-29T21:19:23.1509195Z Cache mode: write
2026-09-29T21:19:23.1510125Z Prepare workflow directory
2026-09-29T21:19:23.2039971Z Prepare all required actions
2026-09-29T21:19:23.2089046Z Getting action download info
2026-09-29T21:19:23.5826603Z Download action repository 'actions/checkout@v4' (SHA:11d5960a326750d5838078e36cf38b85af677262)
2026-09-29T21:19:23.6790488Z Download action repository 'actions/setup-python@v5' (SHA:a26af69be951a213d495a4c3e4e4022e16d87065)
2026-09-29T21:19:23.7590468Z Download action repository 'actions/upload-artifact@v4' (SHA:ea165f8d65b6e75b540449e92b4886f43607fa02)
2026-09-29T21:19:23.9611808Z Complete job name: supportability (linux-x86_64)
2026-09-29T21:19:24.0365396Z ##[group]Run actions/checkout@v4
2026-09-29T21:19:24.0366287Z with:
2026-09-29T21:19:24.0366721Z   fetch-depth: 0
2026-09-29T21:19:24.0367213Z   repository: PrimeLab-Foundation/strata
2026-09-29T21:19:24.0371052Z   token: ***
2026-09-29T21:19:24.0371483Z   ssh-strict: true
2026-09-29T21:19:24.0371919Z   ssh-user: git
2026-09-29T21:19:24.0372363Z   persist-credentials: true
2026-09-29T21:19:24.0372847Z   clean: true
2026-09-29T21:19:24.0373287Z   sparse-checkout-cone-mode: true
2026-09-29T21:19:24.0374018Z   fetch-tags: false
2026-09-29T21:19:24.0374463Z   show-progress: true
2026-09-29T21:19:24.0374909Z   lfs: false
2026-09-29T21:19:24.0375316Z   submodules: false
2026-09-29T21:19:24.0375764Z   set-safe-directory: true
2026-09-29T21:19:24.0376275Z   allow-unsafe-pr-checkout: false
2026-09-29T21:19:24.0377103Z env:
2026-09-29T21:19:24.0377516Z   ARCHFLAGS: 
2026-09-29T21:19:24.0377956Z ##[endgroup]
2026-09-29T21:19:24.1464304Z Syncing repository: PrimeLab-Foundation/strata
2026-09-29T21:19:24.1467779Z ##[group]Getting Git version info
2026-09-29T21:19:24.1469042Z Working directory is '/home/runner/work/strata/strata'
2026-09-29T21:19:24.1470861Z [command]/usr/bin/git version
2026-09-29T21:19:24.1558055Z git version 2.55.0
2026-09-29T21:19:24.1615553Z ##[endgroup]
2026-09-29T21:19:24.1636207Z Temporarily overriding HOME='/home/runner/work/_temp/175be0f3-c815-4758-aa10-54e3d8f4e544' before making global git config changes
2026-09-29T21:19:24.1639016Z Adding repository directory to the temporary git global config as a safe directory
2026-09-29T21:19:24.1641761Z [command]/usr/bin/git config --global --add safe.directory /home/runner/work/strata/strata
2026-09-29T21:19:24.1707250Z Deleting the contents of '/home/runner/work/strata/strata'
2026-09-29T21:19:24.1713006Z ##[group]Initializing the repository
2026-09-29T21:19:24.1718033Z [command]/usr/bin/git init /home/runner/work/strata/strata
2026-09-29T21:19:24.1826429Z hint: Using 'master' as the name for the initial branch. This default branch name
2026-09-29T21:19:24.1828358Z hint: will change to "main" in Git 3.0. To configure the initial branch name
2026-09-29T21:19:24.1830224Z hint: to use in all of your new repositories, which will suppress this warning,
2026-09-29T21:19:24.1831420Z hint: call:
2026-09-29T21:19:24.1832050Z hint:
2026-09-29T21:19:24.1832835Z hint: 	git config --global init.defaultBranch <name>
2026-09-29T21:19:24.1834100Z hint:
2026-09-29T21:19:24.1835024Z hint: Names commonly chosen instead of 'master' are 'main', 'trunk' and
2026-09-29T21:19:24.1836561Z hint: 'development'. The just-created branch can be renamed via this command:
2026-09-29T21:19:24.1837768Z hint:
2026-09-29T21:19:24.1838412Z hint: 	git branch -m <name>
2026-09-29T21:19:24.1839154Z hint:
2026-09-29T21:19:24.1841231Z hint: Disable this message with "git config set advice.defaultBranchName false"
2026-09-29T21:19:24.1842834Z Initialized empty Git repository in /home/runner/work/strata/strata/.git/
2026-09-29T21:19:24.1846149Z [command]/usr/bin/git remote add origin https://github.com/PrimeLab-Foundation/strata
2026-09-29T21:19:24.1890730Z ##[endgroup]
2026-09-29T21:19:24.1892081Z ##[group]Disabling automatic garbage collection
2026-09-29T21:19:24.1896121Z [command]/usr/bin/git config --local gc.auto 0
2026-09-29T21:19:24.1928578Z ##[endgroup]
2026-09-29T21:19:24.1929927Z ##[group]Setting up auth
2026-09-29T21:19:24.1936462Z [command]/usr/bin/git config --local --name-only --get-regexp core\.sshCommand
2026-09-29T21:19:24.1972527Z [command]/usr/bin/git submodule foreach --recursive sh -c "git config --local --name-only --get-regexp 'core\.sshCommand' && git config --local --unset-all 'core.sshCommand' || :"
2026-09-29T21:19:24.2448416Z [command]/usr/bin/git config --local --name-only --get-regexp http\.https\:\/\/github\.com\/\.extraheader
2026-09-29T21:19:24.2495217Z [command]/usr/bin/git submodule foreach --recursive sh -c "git config --local --name-only --get-regexp 'http\.https\:\/\/github\.com\/\.extraheader' && git config --local --unset-all 'http.https://github.com/.extraheader' || :"
2026-09-29T21:19:24.2771315Z [command]/usr/bin/git config --local --name-only --get-regexp ^includeIf\.gitdir:
2026-09-29T21:19:24.2799730Z [command]/usr/bin/git submodule foreach --recursive git config --local --show-origin --name-only --get-regexp remote.origin.url
2026-09-29T21:19:24.3036625Z [command]/usr/bin/git config --local http.https://github.com/.extraheader AUTHORIZATION: basic ***
2026-09-29T21:19:24.3079323Z ##[endgroup]
2026-09-29T21:19:24.3080257Z ##[group]Fetching the repository
2026-09-29T21:19:24.3089758Z [command]/usr/bin/git -c protocol.version=2 fetch --prune --no-recurse-submodules origin +refs/heads/*:refs/remotes/origin/* +refs/tags/*:refs/tags/*
2026-09-29T21:19:26.6090564Z From https://github.com/PrimeLab-Foundation/strata
2026-09-29T21:19:26.6115595Z  * [new branch]      exp/ab-historic-base        -> origin/exp/ab-historic-base
2026-09-29T21:19:26.6144834Z  * [new branch]      exp/cold-entry              -> origin/exp/cold-entry
2026-09-29T21:19:26.6155113Z  * [new branch]      exp/cold-slot-interleave    -> origin/exp/cold-slot-interleave
2026-09-29T21:19:26.6156458Z  * [new branch]      exp/cross-sample            -> origin/exp/cross-sample
2026-09-29T21:19:26.6158131Z  * [new branch]      exp/emit-n2                 -> origin/exp/emit-n2
2026-09-29T21:19:26.6159812Z  * [new branch]      exp/m12-ab-arm              -> origin/exp/m12-ab-arm
2026-09-29T21:19:26.6161710Z  * [new branch]      exp/m12-base-pin            -> origin/exp/m12-base-pin
2026-09-29T21:19:26.6163768Z  * [new branch]      exp/m12-base-pin2           -> origin/exp/m12-base-pin2
2026-09-29T21:19:26.6166468Z  * [new branch]      exp/m12-default-hook        -> origin/exp/m12-default-hook
2026-09-29T21:19:26.6168725Z  * [new branch]      exp/m12-default-hook-2      -> origin/exp/m12-default-hook-2
2026-09-29T21:19:26.6170959Z  * [new branch]      exp/m12-source-ab           -> origin/exp/m12-source-ab
2026-09-29T21:19:26.6173917Z  * [new branch]      exp/m12b-ab-arm             -> origin/exp/m12b-ab-arm
2026-09-29T21:19:26.6176099Z  * [new branch]      exp/m12b-dumps-with-default -> origin/exp/m12b-dumps-with-default
2026-09-29T21:19:26.6177526Z  * [new branch]      exp/m13-adapters            -> origin/exp/m13-adapters
2026-09-29T21:19:26.6178771Z  * [new branch]      exp/m15-ab-arm              -> origin/exp/m15-ab-arm
2026-09-29T21:19:26.6179873Z  * [new branch]      exp/main-repair             -> origin/exp/main-repair
2026-09-29T21:19:26.6180959Z  * [new branch]      exp/native-gap              -> origin/exp/native-gap
2026-09-29T21:19:26.6182095Z  * [new branch]      exp/native-types            -> origin/exp/native-types
2026-09-29T21:19:26.6183255Z  * [new branch]      exp/p0-integration          -> origin/exp/p0-integration
2026-09-29T21:19:26.6186159Z  * [new branch]      exp/p0p6-integration        -> origin/exp/p0p6-integration
2026-09-29T21:19:26.6188124Z  * [new branch]      exp/p23-b1                  -> origin/exp/p23-b1
2026-09-29T21:19:26.6190049Z  * [new branch]      exp/p23-b1-tests            -> origin/exp/p23-b1-tests
2026-09-29T21:19:26.6191850Z  * [new branch]      exp/p23-general-tables      -> origin/exp/p23-general-tables
2026-09-29T21:19:26.6193887Z  * [new branch]      exp/p23-tests-only          -> origin/exp/p23-tests-only
2026-09-29T21:19:26.6195986Z  * [new branch]      exp/p24-open-cost           -> origin/exp/p24-open-cost
2026-09-29T21:19:26.6197256Z  * [new branch]      exp/p24-tests-only          -> origin/exp/p24-tests-only
2026-09-29T21:19:26.6198411Z  * [new branch]      exp/p26-tests-arm           -> origin/exp/p26-tests-arm
2026-09-29T21:19:26.6199518Z  * [new branch]      exp/p26-win-abi             -> origin/exp/p26-win-abi
2026-09-29T21:19:26.6200803Z  * [new branch]      exp/p6-acceptance2          -> origin/exp/p6-acceptance2
2026-09-29T21:19:26.6202113Z  * [new branch]      exp/p6-windows-ab           -> origin/exp/p6-windows-ab
2026-09-29T21:19:26.6203191Z  * [new branch]      exp/p6-x86-ab               -> origin/exp/p6-x86-ab
2026-09-29T21:19:26.6204839Z  * [new branch]      exp/p6-x86-regs             -> origin/exp/p6-x86-regs
2026-09-29T21:19:26.6205974Z  * [new branch]      exp/p6p7-integration        -> origin/exp/p6p7-integration
2026-09-29T21:19:26.6207398Z  * [new branch]      exp/p7-x86-nofp             -> origin/exp/p7-x86-nofp
2026-09-29T21:19:26.6209176Z  * [new branch]      exp/p7b-tests-only          -> origin/exp/p7b-tests-only
2026-09-29T21:19:26.6210265Z  * [new branch]      exp/p8-b1                   -> origin/exp/p8-b1
2026-09-29T21:19:26.6211219Z  * [new branch]      exp/p8-b12                  -> origin/exp/p8-b12
2026-09-29T21:19:26.6212163Z  * [new branch]      exp/p8-b2                   -> origin/exp/p8-b2
2026-09-29T21:19:26.6213193Z  * [new branch]      exp/p9-fused-dicts          -> origin/exp/p9-fused-dicts
2026-09-29T21:19:26.6214654Z  * [new branch]      exp/p9-probe-flag           -> origin/exp/p9-probe-flag
2026-09-29T21:19:26.6215850Z  * [new branch]      exp/p9-probe-placement      -> origin/exp/p9-probe-placement
2026-09-29T21:19:26.6217016Z  * [new branch]      exp/pin-discovery-ab        -> origin/exp/pin-discovery-ab
2026-09-29T21:19:26.6218183Z  * [new branch]      exp/pin-discovery-test      -> origin/exp/pin-discovery-test
2026-09-29T21:19:26.6219236Z  * [new branch]      exp/t1-ab                   -> origin/exp/t1-ab
2026-09-29T21:19:26.6220808Z  * [new branch]      exp/t1-private-cache-leak   -> origin/exp/t1-private-cache-leak
2026-09-29T21:19:26.6222992Z  * [new branch]      exp/t1-source-ab            -> origin/exp/t1-source-ab
2026-09-29T21:19:26.6225291Z  * [new branch]      exp/t1-tests-only           -> origin/exp/t1-tests-only
2026-09-29T21:19:26.6227290Z  * [new branch]      exp/t2-evidence-gates       -> origin/exp/t2-evidence-gates
2026-09-29T21:19:26.6229378Z  * [new branch]      exp/t3-ab-estimator         -> origin/exp/t3-ab-estimator
2026-09-29T21:19:26.6231469Z  * [new branch]      exp/win-mixed-probe         -> origin/exp/win-mixed-probe
2026-09-29T21:19:26.6234118Z  * [new branch]      exp/win-rawwalk-check       -> origin/exp/win-rawwalk-check
2026-09-29T21:19:26.6236083Z  * [new branch]      main                        -> origin/main
2026-09-29T21:19:26.6237801Z  * [new branch]      work/benchmark-lead         -> origin/work/benchmark-lead
2026-09-29T21:19:26.6239655Z  * [new branch]      work/september-7-plan       -> origin/work/september-7-plan
2026-09-29T21:19:26.6241310Z  * [new tag]         archive/exp/audit-tests     -> archive/exp/audit-tests
2026-09-29T21:19:26.6242886Z  * [new tag]         archive/exp/cursor          -> archive/exp/cursor
2026-09-29T21:19:26.6244777Z  * [new tag]         archive/exp/cursor2         -> archive/exp/cursor2
2026-09-29T21:19:26.6246520Z  * [new tag]         archive/exp/digitchain      -> archive/exp/digitchain
2026-09-29T21:19:26.6248293Z  * [new tag]         archive/exp/dump-flat-macos -> archive/exp/dump-flat-macos
2026-09-29T21:19:26.6249963Z  * [new tag]         archive/exp/dumps-n2        -> archive/exp/dumps-n2
2026-09-29T21:19:26.6251585Z  * [new tag]         archive/exp/e26-p2-profile  -> archive/exp/e26-p2-profile
2026-09-29T21:19:26.6253817Z  * [new tag]         archive/exp/fix1-reentrant-mutation -> archive/exp/fix1-reentrant-mutation
2026-09-29T21:19:26.6256193Z  * [new tag]         archive/exp/fix1-reentrant-mutation-v2 -> archive/exp/fix1-reentrant-mutation-v2
2026-09-29T21:19:26.6257733Z  * [new tag]         archive/exp/fix1-reentrant-mutation-v3 -> archive/exp/fix1-reentrant-mutation-v3
2026-09-29T21:19:26.6259238Z  * [new tag]         archive/exp/fix1-reentrant-mutation-v4 -> archive/exp/fix1-reentrant-mutation-v4
2026-09-29T21:19:26.6260538Z  * [new tag]         archive/exp/fix2-surrogate-key -> archive/exp/fix2-surrogate-key
2026-09-29T21:19:26.6261629Z  * [new tag]         archive/exp/p0-controls     -> archive/exp/p0-controls
2026-09-29T21:19:26.6262831Z  * [new tag]         archive/exp/p1-attribution  -> archive/exp/p1-attribution
2026-09-29T21:19:26.6265656Z  * [new tag]         archive/exp/shrink-cold-instruction-footprint -> archive/exp/shrink-cold-instruction-footprint
2026-09-29T21:19:26.6267387Z  * [new tag]         archive/exp/shrink-write-stack-frames -> archive/exp/shrink-write-stack-frames
2026-09-29T21:19:26.6268630Z  * [new tag]         archive/exp/terminator      -> archive/exp/terminator
2026-09-29T21:19:26.6270054Z  * [new tag]         archive/exp/width-flat-format-int64-above-1e4 -> archive/exp/width-flat-format-int64-above-1e4
2026-09-29T21:19:26.6271482Z  * [new tag]         archive/main-from-scratch-v1 -> archive/main-from-scratch-v1
2026-09-29T21:19:26.6272486Z  * [new tag]         archive/main-v2             -> archive/main-v2
2026-09-29T21:19:26.6273715Z  * [new tag]         archive/main-v2-0.1         -> archive/main-v2-0.1
2026-09-29T21:19:26.6274959Z  * [new tag]         archive/main-v2-long-run-do-nothing -> archive/main-v2-long-run-do-nothing
2026-09-29T21:19:26.6276177Z  * [new tag]         archive/main-v2-prompt-1    -> archive/main-v2-prompt-1
2026-09-29T21:19:26.6277248Z  * [new tag]         archive/main-v2-prompt-2    -> archive/main-v2-prompt-2
2026-09-29T21:19:26.6278297Z  * [new tag]         archive/main-v2-prompt-3    -> archive/main-v2-prompt-3
2026-09-29T21:19:26.6279345Z  * [new tag]         archive/main-v2-prompt-4    -> archive/main-v2-prompt-4
2026-09-29T21:19:26.6281491Z [command]/usr/bin/git branch --list --remote origin/exp/native-gap
2026-09-29T21:19:26.6282324Z   origin/exp/native-gap
2026-09-29T21:19:26.6283916Z [command]/usr/bin/git rev-parse refs/remotes/origin/exp/native-gap
2026-09-29T21:19:26.6284880Z bc6d9ba83ad33f6b9e2f3b35d87b07d0b4dcc11e
2026-09-29T21:19:26.6366137Z ##[endgroup]
2026-09-29T21:19:26.6367914Z ##[group]Determining the checkout info
2026-09-29T21:19:26.6369359Z ##[endgroup]
2026-09-29T21:19:26.6370232Z [command]/usr/bin/git sparse-checkout disable
2026-09-29T21:19:26.6373186Z [command]/usr/bin/git config --local --unset-all extensions.worktreeConfig
2026-09-29T21:19:26.6377294Z ##[group]Checking out the ref
2026-09-29T21:19:26.6379196Z [command]/usr/bin/git checkout --progress --force -B exp/native-gap refs/remotes/origin/exp/native-gap
2026-09-29T21:19:26.8386755Z Switched to a new branch 'exp/native-gap'
2026-09-29T21:19:26.8396145Z branch 'exp/native-gap' set up to track 'origin/exp/native-gap'.
2026-09-29T21:19:26.8418819Z ##[endgroup]
2026-09-29T21:19:26.8466685Z [command]/usr/bin/git log -1 --format=%H
2026-09-29T21:19:26.8495491Z bc6d9ba83ad33f6b9e2f3b35d87b07d0b4dcc11e
2026-09-29T21:19:26.8832715Z ##[group]Run actions/setup-python@v5
2026-09-29T21:19:26.8834220Z with:
2026-09-29T21:19:26.8834961Z   python-version: 3.12
2026-09-29T21:19:26.8835804Z   check-latest: false
2026-09-29T21:19:26.8845098Z   token: ***
2026-09-29T21:19:26.8845879Z   update-environment: true
2026-09-29T21:19:26.8846807Z   allow-prereleases: false
2026-09-29T21:19:26.8847702Z   freethreaded: false
2026-09-29T21:19:26.8848490Z env:
2026-09-29T21:19:26.8849148Z   ARCHFLAGS: 
2026-09-29T21:19:26.8849890Z ##[endgroup]
2026-09-29T21:19:27.0270484Z ##[group]Installed versions
2026-09-29T21:19:27.0378436Z (node:2230) [DEP0040] DeprecationWarning: The `punycode` module is deprecated. Please use a userland alternative instead.
2026-09-29T21:19:27.0382200Z (Use `node --trace-deprecation ...` to show where the warning was created)
2026-09-29T21:19:27.0384071Z Successfully set up CPython (3.12.14)
2026-09-29T21:19:27.0385841Z ##[endgroup]
2026-09-29T21:19:27.0636420Z ##[group]Run sudo apt-get update
2026-09-29T21:19:27.0637556Z sudo apt-get update
2026-09-29T21:19:27.0638614Z sudo apt-get install -y clang llvm cmake
2026-09-29T21:19:27.1024557Z shell: /usr/bin/bash -e {0}
2026-09-29T21:19:27.1025782Z env:
2026-09-29T21:19:27.1026464Z   ARCHFLAGS: 
2026-09-29T21:19:27.1027412Z   pythonLocation: /opt/hostedtoolcache/Python/3.12.14/x64
2026-09-29T21:19:27.1029061Z   PKG_CONFIG_PATH: /opt/hostedtoolcache/Python/3.12.14/x64/lib/pkgconfig
2026-09-29T21:19:27.1030871Z   Python_ROOT_DIR: /opt/hostedtoolcache/Python/3.12.14/x64
2026-09-29T21:19:27.1032341Z   Python2_ROOT_DIR: /opt/hostedtoolcache/Python/3.12.14/x64
2026-09-29T21:19:27.1034103Z   Python3_ROOT_DIR: /opt/hostedtoolcache/Python/3.12.14/x64
2026-09-29T21:19:27.1035587Z   LD_LIBRARY_PATH: /opt/hostedtoolcache/Python/3.12.14/x64/lib
2026-09-29T21:19:27.1036779Z ##[endgroup]
2026-09-29T21:19:27.1945699Z Get:1 file:/etc/apt/apt-mirrors.txt Mirrorlist [144 B]
2026-09-29T21:19:27.2167848Z Hit:2 http://azure.archive.ubuntu.com/ubuntu noble InRelease
2026-09-29T21:19:27.2173186Z Get:6 https://packages.microsoft.com/ubuntu/24.04/prod noble InRelease [3600 B]
2026-09-29T21:19:27.2182586Z Get:3 http://azure.archive.ubuntu.com/ubuntu noble-updates InRelease [126 kB]
2026-09-29T21:19:27.2226383Z Get:4 http://azure.archive.ubuntu.com/ubuntu noble-backports InRelease [126 kB]
2026-09-29T21:19:27.2250378Z Get:5 http://azure.archive.ubuntu.com/ubuntu noble-security InRelease [126 kB]
2026-09-29T21:19:27.3589915Z Get:7 https://packages.microsoft.com/ubuntu/24.04/prod noble/main arm64 Packages [454 kB]
2026-09-29T21:19:27.3757213Z Get:8 https://packages.microsoft.com/ubuntu/24.04/prod noble/main amd64 Packages [503 kB]
2026-09-29T21:19:27.4132391Z Get:9 http://azure.archive.ubuntu.com/ubuntu noble-updates/main amd64 Packages [1319 kB]
2026-09-29T21:19:27.4207607Z Get:10 http://azure.archive.ubuntu.com/ubuntu noble-updates/main Translation-en [299 kB]
2026-09-29T21:19:27.4218984Z Get:11 http://azure.archive.ubuntu.com/ubuntu noble-updates/main amd64 Components [181 kB]
2026-09-29T21:19:27.4255673Z Get:12 http://azure.archive.ubuntu.com/ubuntu noble-updates/universe amd64 Packages [1698 kB]
2026-09-29T21:19:27.4316130Z Get:13 http://azure.archive.ubuntu.com/ubuntu noble-updates/universe Translation-en [340 kB]
2026-09-29T21:19:27.4338125Z Get:14 http://azure.archive.ubuntu.com/ubuntu noble-updates/universe amd64 Components [388 kB]
2026-09-29T21:19:27.4364289Z Get:15 http://azure.archive.ubuntu.com/ubuntu noble-updates/restricted amd64 Packages [1654 kB]
2026-09-29T21:19:27.4454110Z Get:16 http://azure.archive.ubuntu.com/ubuntu noble-updates/restricted Translation-en [377 kB]
2026-09-29T21:19:27.4480293Z Get:17 http://azure.archive.ubuntu.com/ubuntu noble-updates/multiverse amd64 Components [940 B]
2026-09-29T21:19:27.4767955Z Get:18 http://azure.archive.ubuntu.com/ubuntu noble-backports/main amd64 Packages [40.6 kB]
2026-09-29T21:19:27.5226736Z Get:19 http://azure.archive.ubuntu.com/ubuntu noble-backports/main amd64 Components [5788 B]
2026-09-29T21:19:27.5231779Z Get:20 http://azure.archive.ubuntu.com/ubuntu noble-backports/universe amd64 Packages [31.0 kB]
2026-09-29T21:19:27.5240268Z Get:21 http://azure.archive.ubuntu.com/ubuntu noble-backports/universe Translation-en [18.6 kB]
2026-09-29T21:19:27.5249433Z Get:22 http://azure.archive.ubuntu.com/ubuntu noble-backports/universe amd64 Components [12.6 kB]
2026-09-29T21:19:27.5301085Z Get:23 http://azure.archive.ubuntu.com/ubuntu noble-security/main amd64 Packages [1063 kB]
2026-09-29T21:19:27.5355260Z Get:24 http://azure.archive.ubuntu.com/ubuntu noble-security/main Translation-en [220 kB]
2026-09-29T21:19:27.5370580Z Get:25 http://azure.archive.ubuntu.com/ubuntu noble-security/main amd64 Components [46.3 kB]
2026-09-29T21:19:27.5382812Z Get:26 http://azure.archive.ubuntu.com/ubuntu noble-security/universe amd64 Packages [1216 kB]
2026-09-29T21:19:27.5435459Z Get:27 http://azure.archive.ubuntu.com/ubuntu noble-security/universe Translation-en [244 kB]
2026-09-29T21:19:27.5451503Z Get:28 http://azure.archive.ubuntu.com/ubuntu noble-security/universe amd64 Components [76.3 kB]
2026-09-29T21:19:27.5465437Z Get:29 http://azure.archive.ubuntu.com/ubuntu noble-security/restricted amd64 Packages [1559 kB]
2026-09-29T21:19:27.5535311Z Get:30 http://azure.archive.ubuntu.com/ubuntu noble-security/restricted Translation-en [359 kB]
2026-09-29T21:19:31.8303270Z Fetched 12.5 MB in 1s (9054 kB/s)
2026-09-29T21:19:32.6983109Z Reading package lists...
2026-09-29T21:19:32.7344073Z Reading package lists...
2026-09-29T21:19:32.9892234Z Building dependency tree...
2026-09-29T21:19:32.9904715Z Reading state information...
2026-09-29T21:19:33.1638140Z The following additional packages will be installed:
2026-09-29T21:19:33.1646031Z   cmake-data libjsoncpp25 librhash0 llvm-runtime
2026-09-29T21:19:33.1652233Z Suggested packages:
2026-09-29T21:19:33.1652799Z   cmake-doc cmake-format elpa-cmake-mode ninja-build
2026-09-29T21:19:33.6149139Z The following NEW packages will be installed:
2026-09-29T21:19:33.6159789Z   clang cmake cmake-data libjsoncpp25 librhash0 llvm llvm-runtime
2026-09-29T21:19:33.6722147Z 0 upgraded, 7 newly installed, 0 to remove and 42 not upgraded.
2026-09-29T21:19:33.6723066Z Need to get 13.6 MB of archives.
2026-09-29T21:19:33.6724177Z After this operation, 49.2 MB of additional disk space will be used.
2026-09-29T21:19:33.6725104Z Get:1 file:/etc/apt/apt-mirrors.txt Mirrorlist [144 B]
2026-09-29T21:19:33.7466432Z Get:2 http://azure.archive.ubuntu.com/ubuntu noble/universe amd64 clang amd64 1:18.0-59~exp2 [5846 B]
2026-09-29T21:19:33.8351463Z Get:3 http://azure.archive.ubuntu.com/ubuntu noble/main amd64 libjsoncpp25 amd64 1.9.5-6build1 [82.8 kB]
2026-09-29T21:19:33.8959842Z Get:4 http://azure.archive.ubuntu.com/ubuntu noble/main amd64 librhash0 amd64 1.4.3-3build1 [129 kB]
2026-09-29T21:19:33.9574249Z Get:5 http://azure.archive.ubuntu.com/ubuntu noble/main amd64 cmake-data all 3.28.3-1build7 [2155 kB]
2026-09-29T21:19:34.0412773Z Get:6 http://azure.archive.ubuntu.com/ubuntu noble/main amd64 cmake amd64 3.28.3-1build7 [11.2 MB]
2026-09-29T21:19:34.3467994Z Get:7 http://azure.archive.ubuntu.com/ubuntu noble/universe amd64 llvm-runtime amd64 1:18.0-59~exp2 [5496 B]
2026-09-29T21:19:34.4073564Z Get:8 http://azure.archive.ubuntu.com/ubuntu noble/universe amd64 llvm amd64 1:18.0-59~exp2 [4146 B]
2026-09-29T21:19:34.6609256Z Fetched 13.6 MB in 1s (18.2 MB/s)
2026-09-29T21:19:34.6871447Z Selecting previously unselected package clang.
2026-09-29T21:19:34.7137599Z (Reading database ... 
2026-09-29T21:19:34.7138215Z (Reading database ... 5%
2026-09-29T21:19:34.7139508Z (Reading database ... 10%
2026-09-29T21:19:34.7140041Z (Reading database ... 15%
2026-09-29T21:19:34.7140665Z (Reading database ... 20%
2026-09-29T21:19:34.7141078Z (Reading database ... 25%
2026-09-29T21:19:34.7141457Z (Reading database ... 30%
2026-09-29T21:19:34.7141760Z (Reading database ... 35%
2026-09-29T21:19:34.7142186Z (Reading database ... 40%
2026-09-29T21:19:34.7142478Z (Reading database ... 45%
2026-09-29T21:19:34.7142787Z (Reading database ... 50%
2026-09-29T21:19:34.7192087Z (Reading database ... 55%
2026-09-29T21:19:34.7732368Z (Reading database ... 60%
2026-09-29T21:19:34.9667911Z (Reading database ... 65%
2026-09-29T21:19:35.1188746Z (Reading database ... 70%
2026-09-29T21:19:35.3208383Z (Reading database ... 75%
2026-09-29T21:19:35.4736729Z (Reading database ... 80%
2026-09-29T21:19:35.6224287Z (Reading database ... 85%
2026-09-29T21:19:35.7832075Z (Reading database ... 90%
2026-09-29T21:19:35.9229156Z (Reading database ... 95%
2026-09-29T21:19:35.9229657Z (Reading database ... 100%
2026-09-29T21:19:35.9230327Z (Reading database ... 202190 files and directories currently installed.)
2026-09-29T21:19:35.9278453Z Preparing to unpack .../0-clang_1%3a18.0-59~exp2_amd64.deb ...
2026-09-29T21:19:35.9334584Z Unpacking clang (1:18.0-59~exp2) ...
2026-09-29T21:19:35.9573023Z Selecting previously unselected package libjsoncpp25:amd64.
2026-09-29T21:19:35.9700234Z Preparing to unpack .../1-libjsoncpp25_1.9.5-6build1_amd64.deb ...
2026-09-29T21:19:35.9718823Z Unpacking libjsoncpp25:amd64 (1.9.5-6build1) ...
2026-09-29T21:19:35.9955735Z Selecting previously unselected package librhash0:amd64.
2026-09-29T21:19:36.0084710Z Preparing to unpack .../2-librhash0_1.4.3-3build1_amd64.deb ...
2026-09-29T21:19:36.0101835Z Unpacking librhash0:amd64 (1.4.3-3build1) ...
2026-09-29T21:19:36.0330233Z Selecting previously unselected package cmake-data.
2026-09-29T21:19:36.0459145Z Preparing to unpack .../3-cmake-data_3.28.3-1build7_all.deb ...
2026-09-29T21:19:36.0528683Z Unpacking cmake-data (3.28.3-1build7) ...
2026-09-29T21:19:36.5994153Z Selecting previously unselected package cmake.
2026-09-29T21:19:36.6135167Z Preparing to unpack .../4-cmake_3.28.3-1build7_amd64.deb ...
2026-09-29T21:19:36.6145964Z Unpacking cmake (3.28.3-1build7) ...
2026-09-29T21:19:36.7670519Z Selecting previously unselected package llvm-runtime:amd64.
2026-09-29T21:19:36.7798112Z Preparing to unpack .../5-llvm-runtime_1%3a18.0-59~exp2_amd64.deb ...
2026-09-29T21:19:36.7806629Z Unpacking llvm-runtime:amd64 (1:18.0-59~exp2) ...
2026-09-29T21:19:36.8011711Z Selecting previously unselected package llvm.
2026-09-29T21:19:36.8144049Z Preparing to unpack .../6-llvm_1%3a18.0-59~exp2_amd64.deb ...
2026-09-29T21:19:36.8199272Z Unpacking llvm (1:18.0-59~exp2) ...
2026-09-29T21:19:36.8705777Z Setting up clang (1:18.0-59~exp2) ...
2026-09-29T21:19:36.8926302Z Setting up llvm-runtime:amd64 (1:18.0-59~exp2) ...
2026-09-29T21:19:36.8953235Z Setting up libjsoncpp25:amd64 (1.9.5-6build1) ...
2026-09-29T21:19:36.8978465Z Setting up llvm (1:18.0-59~exp2) ...
2026-09-29T21:19:36.9005120Z Setting up librhash0:amd64 (1.4.3-3build1) ...
2026-09-29T21:19:36.9029667Z Setting up cmake-data (3.28.3-1build7) ...
2026-09-29T21:19:36.9100864Z Setting up cmake (3.28.3-1build7) ...
2026-09-29T21:19:36.9128799Z Processing triggers for man-db (2.12.0-4build2) ...
2026-09-29T21:19:36.9149244Z Not building database; man-db/auto-update is not 'true'.
2026-09-29T21:19:36.9163590Z Processing triggers for libc-bin (2.39-0ubuntu8.9) ...
2026-09-29T21:19:37.5889359Z 
2026-09-29T21:19:37.5889949Z Running kernel seems to be up-to-date.
2026-09-29T21:19:37.5890286Z 
2026-09-29T21:19:37.5890434Z No services need to be restarted.
2026-09-29T21:19:37.5890653Z 
2026-09-29T21:19:37.5890909Z No containers need to be restarted.
2026-09-29T21:19:37.5891313Z 
2026-09-29T21:19:37.5891600Z No user sessions are running outdated binaries.
2026-09-29T21:19:37.5892138Z 
2026-09-29T21:19:37.5892597Z No VM guests are running outdated hypervisor (qemu) binaries on this host.
2026-09-29T21:19:38.5455846Z ##[group]Run make install-bench
2026-09-29T21:19:38.5456177Z make install-bench
2026-09-29T21:19:38.5528932Z shell: /usr/bin/bash -e {0}
2026-09-29T21:19:38.5529201Z env:
2026-09-29T21:19:38.5529401Z   ARCHFLAGS: 
2026-09-29T21:19:38.5529692Z   pythonLocation: /opt/hostedtoolcache/Python/3.12.14/x64
2026-09-29T21:19:38.5530159Z   PKG_CONFIG_PATH: /opt/hostedtoolcache/Python/3.12.14/x64/lib/pkgconfig
2026-09-29T21:19:38.5530613Z   Python_ROOT_DIR: /opt/hostedtoolcache/Python/3.12.14/x64
2026-09-29T21:19:38.5531015Z   Python2_ROOT_DIR: /opt/hostedtoolcache/Python/3.12.14/x64
2026-09-29T21:19:38.5531422Z   Python3_ROOT_DIR: /opt/hostedtoolcache/Python/3.12.14/x64
2026-09-29T21:19:38.5531832Z   LD_LIBRARY_PATH: /opt/hostedtoolcache/Python/3.12.14/x64/lib
2026-09-29T21:19:38.5532170Z   CC: clang
2026-09-29T21:19:38.5532361Z   CXX: clang++
2026-09-29T21:19:38.5532566Z ##[endgroup]
2026-09-29T21:19:38.5650420Z python3 -m venv .venv
2026-09-29T21:19:41.4344518Z .venv/bin/python -m pip install -U pip setuptools wheel
2026-09-29T21:19:41.8155153Z Requirement already satisfied: pip in ./.venv/lib/python3.12/site-packages (25.0.1)
2026-09-29T21:19:41.9100689Z Collecting pip
2026-09-29T21:19:41.9417161Z   Downloading pip-26.2.1-py3-none-any.whl.metadata (4.6 kB)
2026-09-29T21:19:42.0845559Z Collecting setuptools
2026-09-29T21:19:42.0882968Z   Downloading setuptools-84.0.0-py3-none-any.whl.metadata (6.6 kB)
2026-09-29T21:19:42.1262008Z Collecting wheel
2026-09-29T21:19:42.1296697Z   Downloading wheel-0.48.0-py3-none-any.whl.metadata (2.3 kB)
2026-09-29T21:19:42.1574268Z Collecting packaging>=24.0 (from wheel)
2026-09-29T21:19:42.1606047Z   Downloading packaging-26.3-py3-none-any.whl.metadata (3.5 kB)
2026-09-29T21:19:42.1680726Z Downloading pip-26.2.1-py3-none-any.whl (1.8 MB)
2026-09-29T21:19:42.1966556Z    ━━━━━━━━━━━━━━━━━━━━━━━━━━━━━━━━━━━━━━━━ 1.8/1.8 MB 80.4 MB/s eta 0:00:00
2026-09-29T21:19:42.2007484Z Downloading setuptools-84.0.0-py3-none-any.whl (818 kB)
2026-09-29T21:19:42.2096652Z    ━━━━━━━━━━━━━━━━━━━━━━━━━━━━━━━━━━━━━━━ 818.2/818.2 kB 107.0 MB/s eta 0:00:00
2026-09-29T21:19:42.2129751Z Downloading wheel-0.48.0-py3-none-any.whl (33 kB)
2026-09-29T21:19:42.2182308Z Downloading packaging-26.3-py3-none-any.whl (129 kB)
2026-09-29T21:19:42.2471074Z Installing collected packages: setuptools, pip, packaging, wheel
2026-09-29T21:19:42.7307496Z   Attempting uninstall: pip
2026-09-29T21:19:42.7330945Z     Found existing installation: pip 25.0.1
2026-09-29T21:19:42.7706293Z     Uninstalling pip-25.0.1:
2026-09-29T21:19:42.7766148Z       Successfully uninstalled pip-25.0.1
2026-09-29T21:19:43.7773615Z Successfully installed packaging-26.3 pip-26.2.1 setuptools-84.0.0 wheel-0.48.0
2026-09-29T21:19:43.9698893Z .venv/bin/python -m pip install -e '.[dev,bench]'
2026-09-29T21:19:44.3047161Z Obtaining file:///home/runner/work/strata/strata
2026-09-29T21:19:44.3068761Z   Installing build dependencies: started
2026-09-29T21:19:46.9204314Z   Installing build dependencies: finished with status 'done'
2026-09-29T21:19:46.9210614Z   Checking if build backend supports build_editable: started
2026-09-29T21:19:47.2520201Z   Checking if build backend supports build_editable: finished with status 'done'
2026-09-29T21:19:47.2528567Z   Getting requirements to build editable: started
2026-09-29T21:19:47.6669930Z   Getting requirements to build editable: finished with status 'done'
2026-09-29T21:19:47.6680805Z   Preparing editable metadata (pyproject.toml): started
2026-09-29T21:19:47.9193082Z   Preparing editable metadata (pyproject.toml): finished with status 'done'
2026-09-29T21:19:48.0566275Z Collecting cmake>=3.20 (from strata==2026.8.10)
2026-09-29T21:19:48.0583628Z   Using cached cmake-4.4.3-py3-none-manylinux2014_x86_64.manylinux_2_17_x86_64.whl.metadata (7.0 kB)
2026-09-29T21:19:48.0785563Z Collecting pytest>=7 (from strata==2026.8.10)
2026-09-29T21:19:48.0800785Z   Using cached pytest-9.1.1-py3-none-any.whl.metadata (7.6 kB)
2026-09-29T21:19:48.1955113Z Collecting pytest-cov>=4 (from strata==2026.8.10)
2026-09-29T21:19:48.2711877Z   Downloading pytest_cov-7.1.0-py3-none-any.whl.metadata (32 kB)
2026-09-29T21:19:48.7174534Z Collecting ruff>=0.5 (from strata==2026.8.10)
2026-09-29T21:19:48.7284771Z   Downloading ruff-0.16.9-py3-none-manylinux_2_17_x86_64.manylinux2014_x86_64.whl.metadata (20 kB)
2026-09-29T21:19:48.7751936Z Collecting pre-commit>=3.5 (from strata==2026.8.10)
2026-09-29T21:19:48.7857730Z   Downloading pre_commit-4.6.2-py2.py3-none-any.whl.metadata (1.2 kB)
2026-09-29T21:19:48.8601363Z Collecting clang-format<22,>=21 (from strata==2026.8.10)
2026-09-29T21:19:48.8721081Z   Downloading clang_format-21.1.8-py2.py3-none-manylinux_2_27_x86_64.manylinux_2_28_x86_64.whl.metadata (4.7 kB)
2026-09-29T21:19:49.1296030Z Collecting orjson (from strata==2026.8.10)
2026-09-29T21:19:49.1398942Z   Downloading orjson-3.12.0-cp312-cp312-manylinux_2_17_x86_64.manylinux2014_x86_64.whl.metadata (41 kB)
2026-09-29T21:19:49.2382265Z Collecting msgspec (from strata==2026.8.10)
2026-09-29T21:19:49.2487188Z   Downloading msgspec-0.22.0-cp312-cp312-manylinux2014_x86_64.manylinux_2_17_x86_64.manylinux_2_28_x86_64.whl.metadata (6.0 kB)
2026-09-29T21:19:49.3350853Z Collecting ujson (from strata==2026.8.10)
2026-09-29T21:19:49.3460829Z   Downloading ujson-6.0.0-cp312-cp312-manylinux_2_24_x86_64.manylinux_2_28_x86_64.whl.metadata (10.0 kB)
2026-09-29T21:19:49.4186968Z Collecting pysimdjson (from strata==2026.8.10)
2026-09-29T21:19:49.4304524Z   Downloading pysimdjson-7.0.2-cp312-cp312-manylinux_2_17_x86_64.manylinux2014_x86_64.whl.metadata (1.1 kB)
2026-09-29T21:19:49.4594079Z Collecting jmespath (from strata==2026.8.10)
2026-09-29T21:19:49.4697579Z   Downloading jmespath-1.1.0-py3-none-any.whl.metadata (7.6 kB)
2026-09-29T21:19:49.4981579Z Collecting jsonpath-ng (from strata==2026.8.10)
2026-09-29T21:19:49.5096019Z   Downloading jsonpath_ng-1.8.0-py3-none-any.whl.metadata (18 kB)
2026-09-29T21:19:49.5920867Z Collecting psutil>=5 (from strata==2026.8.10)
2026-09-29T21:19:49.6028255Z   Downloading psutil-7.2.2-cp36-abi3-manylinux2010_x86_64.manylinux_2_12_x86_64.manylinux_2_28_x86_64.whl.metadata (22 kB)
2026-09-29T21:19:49.6376905Z Collecting cfgv>=2.0.0 (from pre-commit>=3.5->strata==2026.8.10)
2026-09-29T21:19:49.6475679Z   Downloading cfgv-3.5.0-py2.py3-none-any.whl.metadata (8.9 kB)
2026-09-29T21:19:49.6981772Z Collecting identify>=1.0.0 (from pre-commit>=3.5->strata==2026.8.10)
2026-09-29T21:19:49.7085165Z   Downloading identify-2.6.20-py2.py3-none-any.whl.metadata (4.4 kB)
2026-09-29T21:19:49.7405466Z Collecting nodeenv>=0.11.1 (from pre-commit>=3.5->strata==2026.8.10)
2026-09-29T21:19:49.7510909Z   Downloading nodeenv-1.11.0-py2.py3-none-any.whl.metadata (40 kB)
2026-09-29T21:19:49.8097889Z Collecting pyyaml>=5.1 (from pre-commit>=3.5->strata==2026.8.10)
2026-09-29T21:19:49.8206933Z   Downloading pyyaml-6.0.3-cp312-cp312-manylinux2014_x86_64.manylinux_2_17_x86_64.manylinux_2_28_x86_64.whl.metadata (2.4 kB)
2026-09-29T21:19:49.8780081Z Collecting virtualenv>=20.10.0 (from pre-commit>=3.5->strata==2026.8.10)
2026-09-29T21:19:49.8889104Z   Downloading virtualenv-21.14.0-py3-none-any.whl.metadata (4.1 kB)
2026-09-29T21:19:49.8987486Z Collecting iniconfig>=1.0.1 (from pytest>=7->strata==2026.8.10)
2026-09-29T21:19:49.9000995Z   Using cached iniconfig-2.3.0-py3-none-any.whl.metadata (2.5 kB)
2026-09-29T21:19:49.9020195Z Requirement already satisfied: packaging>=22 in ./.venv/lib/python3.12/site-packages (from pytest>=7->strata==2026.8.10) (26.3)
2026-09-29T21:19:49.9065436Z Collecting pluggy<2,>=1.5 (from pytest>=7->strata==2026.8.10)
2026-09-29T21:19:49.9078548Z   Using cached pluggy-1.6.0-py3-none-any.whl.metadata (4.8 kB)
2026-09-29T21:19:49.9193197Z Collecting pygments>=2.7.2 (from pytest>=7->strata==2026.8.10)
2026-09-29T21:19:49.9206316Z   Using cached pygments-2.21.0-py3-none-any.whl.metadata (2.5 kB)
2026-09-29T21:19:50.3537163Z Collecting coverage>=7.10.6 (from coverage[toml]>=7.10.6->pytest-cov>=4->strata==2026.8.10)
2026-09-29T21:19:50.3640180Z   Downloading coverage-7.16.2-cp312-cp312-manylinux1_x86_64.manylinux_2_28_x86_64.manylinux_2_5_x86_64.whl.metadata (8.2 kB)
2026-09-29T21:19:50.3967939Z Collecting distlib<1,>=0.3.7 (from virtualenv>=20.10.0->pre-commit>=3.5->strata==2026.8.10)
2026-09-29T21:19:50.4068771Z   Downloading distlib-0.4.3-py2.py3-none-any.whl.metadata (5.3 kB)
2026-09-29T21:19:50.4549399Z Collecting filelock<5,>=3.24.2 (from virtualenv>=20.10.0->pre-commit>=3.5->strata==2026.8.10)
2026-09-29T21:19:50.4651681Z   Downloading filelock-4.0.6-py3-none-any.whl.metadata (2.0 kB)
2026-09-29T21:19:50.5127197Z Collecting platformdirs<5,>=3.9.1 (from virtualenv>=20.10.0->pre-commit>=3.5->strata==2026.8.10)
2026-09-29T21:19:50.5231103Z   Downloading platformdirs-4.12.2-py3-none-any.whl.metadata (5.5 kB)
2026-09-29T21:19:50.5516148Z Collecting python-discovery>=1.6 (from virtualenv>=20.10.0->pre-commit>=3.5->strata==2026.8.10)
2026-09-29T21:19:50.5613872Z   Downloading python_discovery-1.6.1-py3-none-any.whl.metadata (5.1 kB)
2026-09-29T21:19:50.5819292Z Downloading clang_format-21.1.8-py2.py3-none-manylinux_2_27_x86_64.manylinux_2_28_x86_64.whl (1.8 MB)
2026-09-29T21:19:50.7395883Z    ━━━━━━━━━━━━━━━━━━━━━━━━━━━━━━━━━━━━━━━━ 1.8/1.8 MB 12.7 MB/s  0:00:00
2026-09-29T21:19:50.7409652Z Using cached cmake-4.4.3-py3-none-manylinux2014_x86_64.manylinux_2_17_x86_64.whl (30.2 MB)
2026-09-29T21:19:50.7630692Z Downloading pre_commit-4.6.2-py2.py3-none-any.whl (226 kB)
2026-09-29T21:19:50.7864663Z Downloading cfgv-3.5.0-py2.py3-none-any.whl (7.4 kB)
2026-09-29T21:19:50.7982549Z Downloading identify-2.6.20-py2.py3-none-any.whl (99 kB)
2026-09-29T21:19:50.8138362Z Downloading nodeenv-1.11.0-py2.py3-none-any.whl (34 kB)
2026-09-29T21:19:50.8260283Z Downloading psutil-7.2.2-cp36-abi3-manylinux2010_x86_64.manylinux_2_12_x86_64.manylinux_2_28_x86_64.whl (155 kB)
2026-09-29T21:19:50.8342652Z Using cached pytest-9.1.1-py3-none-any.whl (386 kB)
2026-09-29T21:19:50.8356224Z Using cached pluggy-1.6.0-py3-none-any.whl (20 kB)
2026-09-29T21:19:50.8367845Z Using cached iniconfig-2.3.0-py3-none-any.whl (7.5 kB)
2026-09-29T21:19:50.8379624Z Using cached pygments-2.21.0-py3-none-any.whl (1.3 MB)
2026-09-29T21:19:50.8485892Z Downloading pytest_cov-7.1.0-py3-none-any.whl (22 kB)
2026-09-29T21:19:50.8607713Z Downloading coverage-7.16.2-cp312-cp312-manylinux1_x86_64.manylinux_2_28_x86_64.manylinux_2_5_x86_64.whl (258 kB)
2026-09-29T21:19:50.8840671Z Downloading pyyaml-6.0.3-cp312-cp312-manylinux2014_x86_64.manylinux_2_17_x86_64.manylinux_2_28_x86_64.whl (807 kB)
2026-09-29T21:19:50.9282676Z    ━━━━━━━━━━━━━━━━━━━━━━━━━━━━━━━━━━━━━━━━ 807.9/807.9 kB 17.6 MB/s  0:00:00
2026-09-29T21:19:50.9383142Z Downloading ruff-0.16.9-py3-none-manylinux_2_17_x86_64.manylinux2014_x86_64.whl (10.4 MB)
2026-09-29T21:19:51.1608331Z    ━━━━━━━━━━━━━━━━━━━━━━━━━━━━━━━━━━━━━━━━ 10.4/10.4 MB 47.9 MB/s  0:00:00
2026-09-29T21:19:51.1713531Z Downloading virtualenv-21.14.0-py3-none-any.whl (5.5 MB)
2026-09-29T21:19:51.2334824Z    ━━━━━━━━━━━━━━━━━━━━━━━━━━━━━━━━━━━━━━━━ 5.5/5.5 MB 90.2 MB/s  0:00:00
2026-09-29T21:19:51.2436933Z Downloading distlib-0.4.3-py2.py3-none-any.whl (470 kB)
2026-09-29T21:19:51.2579816Z Downloading filelock-4.0.6-py3-none-any.whl (109 kB)
2026-09-29T21:19:51.2700404Z Downloading platformdirs-4.12.2-py3-none-any.whl (32 kB)
2026-09-29T21:19:51.2819236Z Downloading python_discovery-1.6.1-py3-none-any.whl (38 kB)
2026-09-29T21:19:51.2937780Z Downloading jmespath-1.1.0-py3-none-any.whl (20 kB)
2026-09-29T21:19:51.3054563Z Downloading jsonpath_ng-1.8.0-py3-none-any.whl (67 kB)
2026-09-29T21:19:51.3182639Z Downloading msgspec-0.22.0-cp312-cp312-manylinux2014_x86_64.manylinux_2_17_x86_64.manylinux_2_28_x86_64.whl (230 kB)
2026-09-29T21:19:51.3319864Z Downloading orjson-3.12.0-cp312-cp312-manylinux_2_17_x86_64.manylinux2014_x86_64.whl (131 kB)
2026-09-29T21:19:51.3448751Z Downloading pysimdjson-7.0.2-cp312-cp312-manylinux_2_17_x86_64.manylinux2014_x86_64.whl (3.2 MB)
2026-09-29T21:19:51.3761258Z    ━━━━━━━━━━━━━━━━━━━━━━━━━━━━━━━━━━━━━━━━ 3.2/3.2 MB 109.3 MB/s  0:00:00
2026-09-29T21:19:51.3876487Z Downloading ujson-6.0.0-cp312-cp312-manylinux_2_24_x86_64.manylinux_2_28_x86_64.whl (56 kB)
2026-09-29T21:19:51.5153149Z Building wheels for collected packages: strata
2026-09-29T21:19:51.5162153Z   Building editable for strata (pyproject.toml): started
2026-09-29T21:20:52.0921750Z   Building editable for strata (pyproject.toml): still running...
2026-09-29T21:21:52.5050845Z   Building editable for strata (pyproject.toml): still running...
2026-09-29T21:22:53.3916289Z   Building editable for strata (pyproject.toml): still running...
2026-09-29T21:23:53.4495732Z   Building editable for strata (pyproject.toml): still running...
2026-09-29T21:23:53.5241662Z   Building editable for strata (pyproject.toml): finished with status 'done'
2026-09-29T21:23:53.5248996Z   Created wheel for strata: filename=strata-2026.8.10-0.editable-cp312-cp312-linux_x86_64.whl size=4445 sha256=c978443e4f420d8810c943b636e62dfd3b86da32c359ccba8537bfee325c5874
2026-09-29T21:23:53.5250525Z   Stored in directory: /tmp/pip-ephem-wheel-cache-m0had5eq/wheels/ab/73/9c/71109b0f5a731622820d2f6d25f1f3cfd677e39fdd3b3110b6
2026-09-29T21:23:53.5270227Z Successfully built strata
2026-09-29T21:23:53.6066520Z Installing collected packages: jsonpath-ng, distlib, clang-format, ujson, strata, ruff, pyyaml, pysimdjson, pygments, psutil, pluggy, platformdirs, orjson, nodeenv, msgspec, jmespath, iniconfig, identify, filelock, coverage, cmake, cfgv, python-discovery, pytest, virtualenv, pytest-cov, pre-commit
2026-09-29T21:23:56.4881779Z 
2026-09-29T21:23:56.4912180Z Successfully installed cfgv-3.5.0 clang-format-21.1.8 cmake-4.4.3 coverage-7.16.2 distlib-0.4.3 filelock-4.0.6 identify-2.6.20 iniconfig-2.3.0 jmespath-1.1.0 jsonpath-ng-1.8.0 msgspec-0.22.0 nodeenv-1.11.0 orjson-3.12.0 platformdirs-4.12.2 pluggy-1.6.0 pre-commit-4.6.2 psutil-7.2.2 pygments-2.21.0 pysimdjson-7.0.2 pytest-9.1.1 pytest-cov-7.1.0 python-discovery-1.6.1 pyyaml-6.0.3 ruff-0.16.9 strata-2026.8.10 ujson-6.0.0 virtualenv-21.14.0
2026-09-29T21:23:57.0555386Z ##[group]Run make pgo
2026-09-29T21:23:57.0555657Z make pgo
2026-09-29T21:23:57.0622735Z shell: /usr/bin/bash -e {0}
2026-09-29T21:23:57.0623017Z env:
2026-09-29T21:23:57.0623208Z   ARCHFLAGS: 
2026-09-29T21:23:57.0623643Z   pythonLocation: /opt/hostedtoolcache/Python/3.12.14/x64
2026-09-29T21:23:57.0624110Z   PKG_CONFIG_PATH: /opt/hostedtoolcache/Python/3.12.14/x64/lib/pkgconfig
2026-09-29T21:23:57.0624578Z   Python_ROOT_DIR: /opt/hostedtoolcache/Python/3.12.14/x64
2026-09-29T21:23:57.0624989Z   Python2_ROOT_DIR: /opt/hostedtoolcache/Python/3.12.14/x64
2026-09-29T21:23:57.0625398Z   Python3_ROOT_DIR: /opt/hostedtoolcache/Python/3.12.14/x64
2026-09-29T21:23:57.0625810Z   LD_LIBRARY_PATH: /opt/hostedtoolcache/Python/3.12.14/x64/lib
2026-09-29T21:23:57.0626164Z   PYTHON: python
2026-09-29T21:23:57.0626369Z   CC: clang
2026-09-29T21:23:57.0626557Z   CXX: clang++
2026-09-29T21:23:57.0626761Z ##[endgroup]
2026-09-29T21:23:57.0962598Z ==> PGO: compiler is clang
2026-09-29T21:23:57.0989195Z ==> PGO phase 1: instrumented build
2026-09-29T21:23:57.4271774Z Obtaining file:///home/runner/work/strata/strata
2026-09-29T21:23:57.4295163Z   Installing build dependencies: started
2026-09-29T21:23:59.2744355Z   Installing build dependencies: finished with status 'done'
2026-09-29T21:23:59.2750175Z   Checking if build backend supports build_editable: started
2026-09-29T21:23:59.5741098Z   Checking if build backend supports build_editable: finished with status 'done'
2026-09-29T21:23:59.5750052Z   Getting requirements to build editable: started
2026-09-29T21:23:59.9693033Z   Getting requirements to build editable: finished with status 'done'
2026-09-29T21:23:59.9702081Z   Preparing editable metadata (pyproject.toml): started
2026-09-29T21:24:00.2194462Z   Preparing editable metadata (pyproject.toml): finished with status 'done'
2026-09-29T21:24:00.2251873Z Building wheels for collected packages: strata
2026-09-29T21:24:00.2259853Z   Building editable for strata (pyproject.toml): started
2026-09-29T21:25:00.8462167Z   Building editable for strata (pyproject.toml): still running...
2026-09-29T21:25:06.2731321Z   Building editable for strata (pyproject.toml): finished with status 'done'
2026-09-29T21:25:06.2740394Z   Created wheel for strata: filename=strata-2026.8.10-0.editable-cp312-cp312-linux_x86_64.whl size=4445 sha256=f9247641a1903dcbfda7ac3478b609716c2ab86f0b1dd0738616b032086809bb
2026-09-29T21:25:06.2742018Z   Stored in directory: /tmp/pip-ephem-wheel-cache-qv4d6mz4/wheels/ab/73/9c/71109b0f5a731622820d2f6d25f1f3cfd677e39fdd3b3110b6
2026-09-29T21:25:06.2769899Z Successfully built strata
2026-09-29T21:25:06.2885090Z Installing collected packages: strata
2026-09-29T21:25:06.2886596Z   Attempting uninstall: strata
2026-09-29T21:25:06.2907649Z     Found existing installation: strata 2026.8.10
2026-09-29T21:25:06.2925000Z     Uninstalling strata-2026.8.10:
2026-09-29T21:25:06.3215775Z       Successfully uninstalled strata-2026.8.10
2026-09-29T21:25:06.3313455Z Successfully installed strata-2026.8.10
2026-09-29T21:25:06.8573022Z ==> PGO: the hook image must carry no profile
2026-09-29T21:25:06.9129244Z + strata._dumps_hook is unprofiled: _dumps_hook.cpython-312-x86_64-linux-gnu.so.build.json records no profile or profile flag,
2026-09-29T21:25:06.9130183Z   and the image links no profile runtime
2026-09-29T21:25:06.9200204Z ==> PGO: generating training data
2026-09-29T21:25:07.3912052Z   build/pgo/train.json (10.0 MB)
2026-09-29T21:25:07.3912902Z   build/pgo/train.ndjson (10.0 MB)
2026-09-29T21:25:07.3972188Z ==> PGO: running the training workload
2026-09-29T21:25:07.6528394Z PGO training workload
2026-09-29T21:25:07.6528919Z   corpus: 4001 records, 10.0 MB
2026-09-29T21:25:07.6529359Z [1/7] loads
2026-09-29T21:25:07.6529618Z   loads(str): 1x in 0.05s
2026-09-29T21:25:07.7378911Z   loads(bytes): 1x in 0.05s
2026-09-29T21:25:07.7777146Z   loads(sample): 5x in 0.01s
2026-09-29T21:25:07.8171212Z   loads(cursor): 5x in 0.01s
2026-09-29T21:25:07.8541513Z   loads(iterator): 3x in 0.01s
2026-09-29T21:25:07.9099196Z [2/7] dumps
2026-09-29T21:25:07.9099543Z   dumps(str): 1x in 0.02s
2026-09-29T21:25:07.9714684Z   dumps(bytes): 3x in 0.03s
2026-09-29T21:25:08.0069031Z   dumps(sample, bytes): 5x in 0.00s
2026-09-29T21:25:08.0481226Z   dumps(sample): 5x in 0.00s
2026-09-29T21:25:08.0803914Z   dumps(parsed sample, bytes): 2x in 0.00s
2026-09-29T21:25:08.1607584Z [3/7] load
2026-09-29T21:25:08.1607969Z   load(json): 1x in 0.05s
2026-09-29T21:25:08.2442572Z   load(ndjson): 1x in 0.06s
2026-09-29T21:25:08.3332507Z   load(ndjson, iterator): 1x in 0.06s
2026-09-29T21:25:08.3688347Z [4/7] dump
2026-09-29T21:25:08.3688985Z   dump(json): 3x in 0.00s
2026-09-29T21:25:08.4019254Z [5/7] query
2026-09-29T21:25:08.4019749Z   query $[0].name: 3x in 0.00s
2026-09-29T21:25:08.4314710Z   query $[*].id: 3x in 0.00s
2026-09-29T21:25:08.4617945Z   query $[*].items[*].sku: 3x in 0.00s
2026-09-29T21:25:08.4925017Z   query $..leaf: 3x in 0.00s
2026-09-29T21:25:08.5236468Z   query $[0:50].score: 3x in 0.00s
2026-09-29T21:25:08.5549819Z   query $[?(@.id > 100)].name: 3x in 0.00s
2026-09-29T21:25:08.5836661Z   query $[?(@.id <= 500)]: 3x in 0.00s
2026-09-29T21:25:08.6130008Z   query $[?(@.name == 'alpha')]: 3x in 0.00s
2026-09-29T21:25:08.6450078Z   query $[?(@.name != 'alpha')].id: 3x in 0.00s
2026-09-29T21:25:08.6724759Z   query $[?(@['id'] >= 0)].name: 3x in 0.00s
2026-09-29T21:25:08.7021562Z   query $[*].nested.child: 3x in 0.00s
2026-09-29T21:25:08.7320943Z   query $[*].tags[0]: 3x in 0.00s
2026-09-29T21:25:08.7593048Z   query $.*: 3x in 0.00s
2026-09-29T21:25:08.7894314Z   query(compiled): 5x in 0.00s
2026-09-29T21:25:08.8355991Z [6/7] search
2026-09-29T21:25:08.8356443Z   search json $[*].id: 1x in 0.02s
2026-09-29T21:25:08.9234659Z   search ndjson $[*].id: 1x in 0.06s
2026-09-29T21:25:09.0100455Z   search json $..leaf: 1x in 0.06s
2026-09-29T21:25:09.1032295Z   search ndjson $..leaf: 1x in 0.06s
2026-09-29T21:25:09.1864567Z   search json $[?(@.id > 100)].name: 1x in 0.05s
2026-09-29T21:25:09.2703566Z   search ndjson $[?(@.id > 100)].name: 1x in 0.06s
2026-09-29T21:25:09.3018236Z [7/7] folder mode
2026-09-29T21:25:09.3018718Z   dump(split_by): 1x in 0.00s
2026-09-29T21:25:09.3312915Z   load(folder): 1x in 0.00s
2026-09-29T21:25:09.3557549Z   search(folder): 1x in 0.00s
2026-09-29T21:25:09.3844234Z PGO training workload complete
2026-09-29T21:25:09.3933175Z ==> PGO: gate tests on the instrumented build
2026-09-29T21:25:09.4271590Z + /home/runner/work/strata/strata/.venv/bin/cmake -S . -B build/cmake -DCMAKE_BUILD_TYPE=Release
2026-09-29T21:25:09.5899369Z -- Configuring done (0.0s)
2026-09-29T21:25:09.6454948Z -- Generating done (0.1s)
2026-09-29T21:25:09.6459908Z -- Build files have been written to: /home/runner/work/strata/strata/build/cmake
2026-09-29T21:25:09.6474760Z + /home/runner/work/strata/strata/.venv/bin/cmake --build build/cmake --config Release
2026-09-29T21:25:09.8050872Z gmake[1]: Entering directory '/home/runner/work/strata/strata/build/cmake'
2026-09-29T21:25:09.8125252Z gmake[2]: Entering directory '/home/runner/work/strata/strata/build/cmake'
2026-09-29T21:25:09.8138271Z gmake[3]: Entering directory '/home/runner/work/strata/strata/build/cmake'
2026-09-29T21:25:09.8264306Z gmake[3]: Leaving directory '/home/runner/work/strata/strata/build/cmake'
2026-09-29T21:25:09.8307890Z gmake[3]: Entering directory '/home/runner/work/strata/strata/build/cmake'
2026-09-29T21:25:09.8338486Z [  0%] Linking CXX executable smoke_tests
2026-09-29T21:25:09.8991871Z gmake[3]: Leaving directory '/home/runner/work/strata/strata/build/cmake'
2026-09-29T21:25:09.9027856Z [  6%] Built target smoke_tests
2026-09-29T21:25:09.9046099Z gmake[3]: Entering directory '/home/runner/work/strata/strata/build/cmake'
2026-09-29T21:25:09.9171464Z gmake[3]: Leaving directory '/home/runner/work/strata/strata/build/cmake'
2026-09-29T21:25:09.9215675Z gmake[3]: Entering directory '/home/runner/work/strata/strata/build/cmake'
2026-09-29T21:25:09.9246146Z [  7%] Linking CXX executable json_core_tests
2026-09-29T21:25:09.9926360Z gmake[3]: Leaving directory '/home/runner/work/strata/strata/build/cmake'
2026-09-29T21:25:09.9964329Z [ 13%] Built target json_core_tests
2026-09-29T21:25:09.9984094Z gmake[3]: Entering directory '/home/runner/work/strata/strata/build/cmake'
2026-09-29T21:25:10.0115614Z gmake[3]: Leaving directory '/home/runner/work/strata/strata/build/cmake'
2026-09-29T21:25:10.0161430Z gmake[3]: Entering directory '/home/runner/work/strata/strata/build/cmake'
2026-09-29T21:25:10.0193145Z [ 13%] Linking CXX executable json_parse_tests
2026-09-29T21:25:10.0878292Z gmake[3]: Leaving directory '/home/runner/work/strata/strata/build/cmake'
2026-09-29T21:25:10.0915057Z [ 19%] Built target json_parse_tests
2026-09-29T21:25:10.0933292Z gmake[3]: Entering directory '/home/runner/work/strata/strata/build/cmake'
2026-09-29T21:25:10.1061339Z gmake[3]: Leaving directory '/home/runner/work/strata/strata/build/cmake'
2026-09-29T21:25:10.1105720Z gmake[3]: Entering directory '/home/runner/work/strata/strata/build/cmake'
2026-09-29T21:25:10.1138190Z [ 20%] Linking CXX executable fast_parse_tests
2026-09-29T21:25:10.1806109Z gmake[3]: Leaving directory '/home/runner/work/strata/strata/build/cmake'
2026-09-29T21:25:10.1843929Z [ 25%] Built target fast_parse_tests
2026-09-29T21:25:10.1862403Z gmake[3]: Entering directory '/home/runner/work/strata/strata/build/cmake'
2026-09-29T21:25:10.1991995Z gmake[3]: Leaving directory '/home/runner/work/strata/strata/build/cmake'
2026-09-29T21:25:10.2036753Z gmake[3]: Entering directory '/home/runner/work/strata/strata/build/cmake'
2026-09-29T21:25:10.2069202Z [ 26%] Linking CXX executable value_cursor_tests
2026-09-29T21:25:10.2743533Z gmake[3]: Leaving directory '/home/runner/work/strata/strata/build/cmake'
2026-09-29T21:25:10.2780746Z [ 32%] Built target value_cursor_tests
2026-09-29T21:25:10.2799167Z gmake[3]: Entering directory '/home/runner/work/strata/strata/build/cmake'
2026-09-29T21:25:10.2929608Z gmake[3]: Leaving directory '/home/runner/work/strata/strata/build/cmake'
2026-09-29T21:25:10.2974407Z gmake[3]: Entering directory '/home/runner/work/strata/strata/build/cmake'
2026-09-29T21:25:10.3006839Z [ 32%] Linking CXX executable json_serialize_tests
2026-09-29T21:25:10.3687519Z gmake[3]: Leaving directory '/home/runner/work/strata/strata/build/cmake'
2026-09-29T21:25:10.3725774Z [ 38%] Built target json_serialize_tests
2026-09-29T21:25:10.3744909Z gmake[3]: Entering directory '/home/runner/work/strata/strata/build/cmake'
2026-09-29T21:25:10.3877411Z gmake[3]: Leaving directory '/home/runner/work/strata/strata/build/cmake'
2026-09-29T21:25:10.3922757Z gmake[3]: Entering directory '/home/runner/work/strata/strata/build/cmake'
2026-09-29T21:25:10.3955825Z [ 39%] Linking CXX executable float_precision_tests
2026-09-29T21:25:10.4637664Z gmake[3]: Leaving directory '/home/runner/work/strata/strata/build/cmake'
2026-09-29T21:25:10.4675324Z [ 44%] Built target float_precision_tests
2026-09-29T21:25:10.4693875Z gmake[3]: Entering directory '/home/runner/work/strata/strata/build/cmake'
2026-09-29T21:25:10.4826073Z gmake[3]: Leaving directory '/home/runner/work/strata/strata/build/cmake'
2026-09-29T21:25:10.4870950Z gmake[3]: Entering directory '/home/runner/work/strata/strata/build/cmake'
2026-09-29T21:25:10.4902873Z [ 45%] Linking CXX executable json_cursor_tests
2026-09-29T21:25:10.5569170Z gmake[3]: Leaving directory '/home/runner/work/strata/strata/build/cmake'
2026-09-29T21:25:10.5608522Z [ 50%] Built target json_cursor_tests
2026-09-29T21:25:10.5627368Z gmake[3]: Entering directory '/home/runner/work/strata/strata/build/cmake'
2026-09-29T21:25:10.5778977Z gmake[3]: Leaving directory '/home/runner/work/strata/strata/build/cmake'
2026-09-29T21:25:10.5834138Z gmake[3]: Entering directory '/home/runner/work/strata/strata/build/cmake'
2026-09-29T21:25:10.5873883Z [ 51%] Linking CXX executable ndjson_tests
2026-09-29T21:25:10.6542562Z gmake[3]: Leaving directory '/home/runner/work/strata/strata/build/cmake'
2026-09-29T21:25:10.6581403Z [ 56%] Built target ndjson_tests
2026-09-29T21:25:10.6600824Z gmake[3]: Entering directory '/home/runner/work/strata/strata/build/cmake'
2026-09-29T21:25:10.6734366Z gmake[3]: Leaving directory '/home/runner/work/strata/strata/build/cmake'
2026-09-29T21:25:10.6780845Z gmake[3]: Entering directory '/home/runner/work/strata/strata/build/cmake'
2026-09-29T21:25:10.6814213Z [ 57%] Linking CXX executable jsonpath_tests
2026-09-29T21:25:10.7477461Z gmake[3]: Leaving directory '/home/runner/work/strata/strata/build/cmake'
2026-09-29T21:25:10.7516985Z [ 63%] Built target jsonpath_tests
2026-09-29T21:25:10.7535818Z gmake[3]: Entering directory '/home/runner/work/strata/strata/build/cmake'
2026-09-29T21:25:10.7664162Z gmake[3]: Leaving directory '/home/runner/work/strata/strata/build/cmake'
2026-09-29T21:25:10.7709320Z gmake[3]: Entering directory '/home/runner/work/strata/strata/build/cmake'
2026-09-29T21:25:10.7742420Z [ 63%] Linking CXX executable jsonpath_stream_tests
2026-09-29T21:25:10.8382612Z gmake[3]: Leaving directory '/home/runner/work/strata/strata/build/cmake'
2026-09-29T21:25:10.8419343Z [ 69%] Built target jsonpath_stream_tests
2026-09-29T21:25:10.8437761Z gmake[3]: Entering directory '/home/runner/work/strata/strata/build/cmake'
2026-09-29T21:25:10.8568773Z gmake[3]: Leaving directory '/home/runner/work/strata/strata/build/cmake'
2026-09-29T21:25:10.8614669Z gmake[3]: Entering directory '/home/runner/work/strata/strata/build/cmake'
2026-09-29T21:25:10.8647436Z [ 69%] Linking CXX executable scan_tests
2026-09-29T21:25:10.9311105Z gmake[3]: Leaving directory '/home/runner/work/strata/strata/build/cmake'
2026-09-29T21:25:10.9348792Z [ 75%] Built target scan_tests
2026-09-29T21:25:10.9367516Z gmake[3]: Entering directory '/home/runner/work/strata/strata/build/cmake'
2026-09-29T21:25:10.9500613Z gmake[3]: Leaving directory '/home/runner/work/strata/strata/build/cmake'
2026-09-29T21:25:10.9546278Z gmake[3]: Entering directory '/home/runner/work/strata/strata/build/cmake'
2026-09-29T21:25:10.9579527Z [ 75%] Linking CXX executable temporal_tests
2026-09-29T21:25:11.0252630Z gmake[3]: Leaving directory '/home/runner/work/strata/strata/build/cmake'
2026-09-29T21:25:11.0289489Z [ 81%] Built target temporal_tests
2026-09-29T21:25:11.0307780Z gmake[3]: Entering directory '/home/runner/work/strata/strata/build/cmake'
2026-09-29T21:25:11.0437676Z gmake[3]: Leaving directory '/home/runner/work/strata/strata/build/cmake'
2026-09-29T21:25:11.0482387Z gmake[3]: Entering directory '/home/runner/work/strata/strata/build/cmake'
2026-09-29T21:25:11.0515076Z [ 81%] Linking CXX executable folder_tests
2026-09-29T21:25:11.1184008Z gmake[3]: Leaving directory '/home/runner/work/strata/strata/build/cmake'
2026-09-29T21:25:11.1221487Z [ 87%] Built target folder_tests
2026-09-29T21:25:11.1239313Z gmake[3]: Entering directory '/home/runner/work/strata/strata/build/cmake'
2026-09-29T21:25:11.1369487Z gmake[3]: Leaving directory '/home/runner/work/strata/strata/build/cmake'
2026-09-29T21:25:11.1414179Z gmake[3]: Entering directory '/home/runner/work/strata/strata/build/cmake'
2026-09-29T21:25:11.1445776Z [ 87%] Linking CXX executable fuzz_corpus_tests
2026-09-29T21:25:11.2107998Z gmake[3]: Leaving directory '/home/runner/work/strata/strata/build/cmake'
2026-09-29T21:25:11.2146883Z [ 93%] Built target fuzz_corpus_tests
2026-09-29T21:25:11.2165543Z gmake[3]: Entering directory '/home/runner/work/strata/strata/build/cmake'
2026-09-29T21:25:11.2293973Z gmake[3]: Leaving directory '/home/runner/work/strata/strata/build/cmake'
2026-09-29T21:25:11.2338269Z gmake[3]: Entering directory '/home/runner/work/strata/strata/build/cmake'
2026-09-29T21:25:11.2371919Z [ 94%] Linking CXX executable stress_deep_tests
2026-09-29T21:25:11.3052346Z gmake[3]: Leaving directory '/home/runner/work/strata/strata/build/cmake'
2026-09-29T21:25:11.3091449Z [100%] Built target stress_deep_tests
2026-09-29T21:25:11.3096900Z gmake[2]: Leaving directory '/home/runner/work/strata/strata/build/cmake'
2026-09-29T21:25:11.3152550Z gmake[1]: Leaving directory '/home/runner/work/strata/strata/build/cmake'
2026-09-29T21:25:11.3164800Z + /home/runner/work/strata/strata/.venv/bin/ctest --test-dir build/cmake --build-config Release --output-on-failure --no-tests=error
2026-09-29T21:25:11.4752317Z Test project /home/runner/work/strata/strata/build/cmake
2026-09-29T21:25:11.4758770Z       Start  1: smoke_tests
2026-09-29T21:25:11.4777728Z  1/16 Test  #1: smoke_tests ......................   Passed    0.00 sec
2026-09-29T21:25:11.4779686Z       Start  2: json_core_tests
2026-09-29T21:25:11.4796712Z  2/16 Test  #2: json_core_tests ..................   Passed    0.00 sec
2026-09-29T21:25:11.4798113Z       Start  3: json_parse_tests
2026-09-29T21:25:11.4814825Z  3/16 Test  #3: json_parse_tests .................   Passed    0.00 sec
2026-09-29T21:25:11.4816256Z       Start  4: fast_parse_tests
2026-09-29T21:25:11.5537496Z  4/16 Test  #4: fast_parse_tests .................   Passed    0.07 sec
2026-09-29T21:25:11.5539615Z       Start  5: value_cursor_tests
2026-09-29T21:25:11.5617102Z  5/16 Test  #5: value_cursor_tests ...............   Passed    0.01 sec
2026-09-29T21:25:11.5618481Z       Start  6: json_serialize_tests
2026-09-29T21:25:11.5637657Z  6/16 Test  #6: json_serialize_tests .............   Passed    0.00 sec
2026-09-29T21:25:11.5639072Z       Start  7: float_precision_tests
2026-09-29T21:25:14.6550395Z  7/16 Test  #7: float_precision_tests ............   Passed    3.09 sec
2026-09-29T21:25:14.6551728Z       Start  8: json_cursor_tests
2026-09-29T21:25:14.6573483Z  8/16 Test  #8: json_cursor_tests ................   Passed    0.00 sec
2026-09-29T21:25:14.6576477Z       Start  9: ndjson_tests
2026-09-29T21:25:14.6629330Z  9/16 Test  #9: ndjson_tests .....................   Passed    0.01 sec
2026-09-29T21:25:14.6630724Z       Start 10: jsonpath_tests
2026-09-29T21:25:14.6649365Z 10/16 Test #10: jsonpath_tests ...................   Passed    0.00 sec
2026-09-29T21:25:14.6650647Z       Start 11: jsonpath_stream_tests
2026-09-29T21:25:14.6672332Z 11/16 Test #11: jsonpath_stream_tests ............   Passed    0.00 sec
2026-09-29T21:25:14.6673723Z       Start 12: scan_tests
2026-09-29T21:25:14.6854210Z 12/16 Test #12: scan_tests .......................   Passed    0.02 sec
2026-09-29T21:25:14.6855302Z       Start 13: temporal_tests
2026-09-29T21:25:14.7043524Z 13/16 Test #13: temporal_tests ...................   Passed    0.02 sec
2026-09-29T21:25:14.7046664Z       Start 14: folder_tests
2026-09-29T21:25:14.7103706Z 14/16 Test #14: folder_tests .....................   Passed    0.01 sec
2026-09-29T21:25:14.7105081Z       Start 15: fuzz_corpus_tests
2026-09-29T21:25:14.7150182Z 15/16 Test #15: fuzz_corpus_tests ................   Passed    0.00 sec
2026-09-29T21:25:14.7151491Z       Start 16: stress_deep_tests
2026-09-29T21:25:14.7187392Z 16/16 Test #16: stress_deep_tests ................   Passed    0.00 sec
2026-09-29T21:25:14.7192455Z 
2026-09-29T21:25:14.7192650Z 100% tests passed out of 16
2026-09-29T21:25:14.7192927Z 
2026-09-29T21:25:14.7193103Z Total Test time (real) =   3.24 sec
2026-09-29T21:25:14.7650236Z + pytest tests/py tests/unit --ignore=tests/unit/native_types --ignore=tests/py/native_types --basetemp=/tmp/pytest-of-runner/t6g9tbjx
2026-09-29T21:25:15.4495033Z ============================= test session starts ==============================
2026-09-29T21:25:15.4496301Z platform linux -- Python 3.12.14, pytest-9.1.1, pluggy-1.6.0
2026-09-29T21:25:15.4497215Z rootdir: /home/runner/work/strata/strata
2026-09-29T21:25:15.4497735Z configfile: pyproject.toml
2026-09-29T21:25:15.4498211Z plugins: platformdirs-4.12.2, cov-7.1.0
2026-09-29T21:25:15.4498700Z collected 3183 items
2026-09-29T21:25:15.4498937Z 
2026-09-29T21:25:15.4714237Z tests/py/test_dumps_brace_fold.py .........                              [  0%]
2026-09-29T21:25:15.5104168Z tests/py/test_dumps_cycles_fused.py .................................... [  1%]
2026-09-29T21:25:15.5693946Z ....................................................                     [  3%]
2026-09-29T21:25:15.8649929Z tests/py/test_dumps_general_tables.py ............................       [  3%]
2026-09-29T21:25:16.3911764Z tests/py/test_dumps_with_default.py .................................... [  5%]
2026-09-29T21:25:16.7121151Z .............................ss                                          [  6%]
2026-09-29T21:25:16.7495807Z tests/py/test_dumps_with_default_contract.py ........................... [  6%]
2026-09-29T21:25:16.8518534Z ........................................................................ [  9%]
2026-09-29T21:25:16.9560505Z ........................................................................ [ 11%]
2026-09-29T21:25:17.0123487Z ..........................                                               [ 12%]
2026-09-29T21:25:17.0167732Z tests/py/test_fused_verification.py ..                                   [ 12%]
2026-09-29T21:25:17.0507054Z tests/py/test_json_parity.py ........................................... [ 13%]
2026-09-29T21:25:17.1061484Z ........................................................................ [ 15%]
2026-09-29T21:25:17.1621474Z ........................................................................ [ 18%]
2026-09-29T21:25:17.2159556Z ........................................................................ [ 20%]
2026-09-29T21:25:17.2692491Z ........................................................................ [ 22%]
2026-09-29T21:25:17.3212028Z ........................................................................ [ 24%]
2026-09-29T21:25:17.3734525Z ........................................................................ [ 27%]
2026-09-29T21:25:17.4257206Z ........................................................................ [ 29%]
2026-09-29T21:25:17.4771750Z ........................................................................ [ 31%]
2026-09-29T21:25:17.5309702Z ........................................................................ [ 33%]
2026-09-29T21:25:17.5826187Z ........................................................................ [ 36%]
2026-09-29T21:25:17.6342057Z ........................................................................ [ 38%]
2026-09-29T21:25:17.6856389Z ........................................................................ [ 40%]
2026-09-29T21:25:17.7364892Z ........................................................................ [ 43%]
2026-09-29T21:25:17.7872618Z ........................................................................ [ 45%]
2026-09-29T21:25:17.8380702Z ........................................................................ [ 47%]
2026-09-29T21:25:17.8930551Z ........................................................................ [ 49%]
2026-09-29T21:25:17.9208556Z .................................                                        [ 50%]
2026-09-29T21:25:17.9658980Z tests/py/test_path_dispatch.py ................................          [ 51%]
2026-09-29T21:25:17.9679076Z tests/py/test_py_tests_basetemp.py ..                                    [ 51%]
2026-09-29T21:25:17.9700798Z tests/py/test_smoke.py ...                                               [ 52%]
2026-09-29T21:25:18.4011988Z tests/unit/test_ab_analysis.py ......................................    [ 53%]
2026-09-29T21:25:18.4160065Z tests/unit/test_build_manifest.py ...........                            [ 53%]
2026-09-29T21:25:18.4294275Z tests/unit/test_canonical_builds.py ....                                 [ 53%]
2026-09-29T21:25:18.6430746Z tests/unit/test_ci_fetch.py ........................                     [ 54%]
2026-09-29T21:25:18.7401778Z tests/unit/test_ci_summary.py .......................                    [ 55%]
2026-09-29T21:25:18.7603174Z tests/unit/test_config.py ...........................                    [ 56%]
2026-09-29T21:25:18.7793876Z tests/unit/test_core_purity.py ....                                      [ 56%]
2026-09-29T21:25:18.7915746Z tests/unit/test_cross_sample.py ......                                   [ 56%]
2026-09-29T21:25:18.8484088Z tests/unit/test_dumps.py ............................................... [ 57%]
2026-09-29T21:25:18.8642714Z ..........                                                               [ 58%]
2026-09-29T21:25:18.8849331Z tests/unit/test_dumps_brace_fold.py .........                            [ 58%]
2026-09-29T21:25:19.1120721Z tests/unit/test_dumps_cold_start.py ....                                 [ 58%]
2026-09-29T21:25:19.1450821Z tests/unit/test_dumps_contract.py ...................................... [ 59%]
2026-09-29T21:25:19.2077531Z .............................................................            [ 61%]
2026-09-29T21:25:19.2433286Z tests/unit/test_dumps_cycles_fused.py .................................. [ 62%]
2026-09-29T21:25:19.3046395Z ......................................................                   [ 64%]
2026-09-29T21:25:19.6349102Z tests/unit/test_dumps_general_tables.py ............................     [ 65%]
2026-09-29T21:25:20.1716454Z tests/unit/test_dumps_latch.py ............................              [ 66%]
2026-09-29T21:25:20.2657192Z tests/unit/test_dumps_private_cache.py ................................  [ 67%]
2026-09-29T21:25:21.1463914Z tests/unit/test_dumps_reentrancy.py .................................... [ 68%]
2026-09-29T21:25:22.6131801Z ......................................................................   [ 70%]
2026-09-29T21:25:23.4743266Z tests/unit/test_dumps_reentrancy_review.py ............................. [ 71%]
2026-09-29T21:25:23.6656899Z ..                                                                       [ 71%]
2026-09-29T21:25:23.7183804Z tests/unit/test_dumps_schema_failure.py ...........................      [ 72%]
2026-09-29T21:25:24.2951350Z tests/unit/test_dumps_user_step_counter.py ..........................    [ 73%]
2026-09-29T21:25:24.3248703Z tests/unit/test_dumps_with_default.py .................................. [ 74%]
2026-09-29T21:25:24.3859392Z ........................................................................ [ 76%]
2026-09-29T21:25:24.5313873Z .........................................................                [ 78%]
2026-09-29T21:25:24.5545008Z tests/unit/test_dumps_with_default_state.py ............................ [ 79%]
2026-09-29T21:25:24.6499151Z ........................................................................ [ 81%]
2026-09-29T21:25:24.7974876Z ..............                                                           [ 81%]
2026-09-29T21:25:24.8748978Z tests/unit/test_folder.py .............................................. [ 83%]
2026-09-29T21:25:24.9558568Z .........................................                                [ 84%]
2026-09-29T21:25:24.9601893Z tests/unit/test_fused_verification.py ..                                 [ 84%]
2026-09-29T21:25:25.0149646Z tests/unit/test_hook_build_scope.py ...............................      [ 85%]
2026-09-29T21:25:25.1456541Z tests/unit/test_json_cursor.py ...........................               [ 86%]
2026-09-29T21:25:25.1770302Z tests/unit/test_jsonpath.py ............................................ [ 87%]
2026-09-29T21:25:25.3121503Z .......................................................................  [ 90%]
2026-09-29T21:25:25.4063793Z tests/unit/test_load_dump.py ........................................... [ 91%]
2026-09-29T21:25:25.4069606Z                                                                          [ 91%]
2026-09-29T21:25:25.4425446Z tests/unit/test_loads.py ............................................... [ 92%]
2026-09-29T21:25:25.5413200Z ........................................................................ [ 95%]
2026-09-29T21:25:26.6408184Z ................                                                         [ 95%]
2026-09-29T21:25:26.6474197Z tests/unit/test_native_interleaved_profile.py ...                        [ 95%]
2026-09-29T21:25:26.7408529Z tests/unit/test_nested_container_probe.py ....                           [ 95%]
2026-09-29T21:25:26.8042118Z tests/unit/test_path_dispatch.py ................................        [ 96%]
2026-09-29T21:25:26.8466660Z tests/unit/test_provenance.py ..................                         [ 97%]
2026-09-29T21:25:26.9063067Z tests/unit/test_regression_check.py ..........................           [ 98%]
2026-09-29T21:25:27.0353732Z tests/unit/test_search_stream.py .................                       [ 98%]
2026-09-29T21:25:27.0363570Z tests/unit/test_string_identity_probe.py .                               [ 98%]
2026-09-29T21:25:27.1193547Z tests/unit/test_supplementary.py .............                           [ 99%]
2026-09-29T21:25:27.1802664Z tests/unit/test_supportability_check.py ....................             [ 99%]
2026-09-29T21:25:27.2782915Z tests/unit/test_version.py ....                                          [100%]
2026-09-29T21:25:27.2783782Z 
2026-09-29T21:25:27.2784075Z ======================= 3181 passed, 2 skipped in 12.22s =======================
2026-09-29T21:25:27.4880266Z ==> PGO: merging 17 raw profiles
2026-09-29T21:25:27.7641823Z ==> PGO phase 2: optimized build (profile + LTO)
2026-09-29T21:25:28.0867025Z Obtaining file:///home/runner/work/strata/strata
2026-09-29T21:25:28.0888292Z   Installing build dependencies: started
2026-09-29T21:25:29.9258903Z   Installing build dependencies: finished with status 'done'
2026-09-29T21:25:29.9265596Z   Checking if build backend supports build_editable: started
2026-09-29T21:25:30.2242678Z   Checking if build backend supports build_editable: finished with status 'done'
2026-09-29T21:25:30.2251221Z   Getting requirements to build editable: started
2026-09-29T21:25:30.6250712Z   Getting requirements to build editable: finished with status 'done'
2026-09-29T21:25:30.6260382Z   Preparing editable metadata (pyproject.toml): started
2026-09-29T21:25:30.8804560Z   Preparing editable metadata (pyproject.toml): finished with status 'done'
2026-09-29T21:25:30.8862402Z Building wheels for collected packages: strata
2026-09-29T21:25:30.8870699Z   Building editable for strata (pyproject.toml): started
2026-09-29T21:26:31.3427629Z   Building editable for strata (pyproject.toml): still running...
2026-09-29T21:26:51.9751541Z   Building editable for strata (pyproject.toml): finished with status 'done'
2026-09-29T21:26:51.9768657Z   Created wheel for strata: filename=strata-2026.8.10-0.editable-cp312-cp312-linux_x86_64.whl size=4445 sha256=cc79faca8c6298eec671cb3a8ec92239e469641e1502bf69cfce5fb34e7804a2
2026-09-29T21:26:51.9771211Z   Stored in directory: /tmp/pip-ephem-wheel-cache-8kgf95tm/wheels/ab/73/9c/71109b0f5a731622820d2f6d25f1f3cfd677e39fdd3b3110b6
2026-09-29T21:26:51.9796789Z Successfully built strata
2026-09-29T21:26:51.9910667Z Installing collected packages: strata
2026-09-29T21:26:51.9911859Z   Attempting uninstall: strata
2026-09-29T21:26:51.9932881Z     Found existing installation: strata 2026.8.10
2026-09-29T21:26:51.9950252Z     Uninstalling strata-2026.8.10:
2026-09-29T21:26:52.0229354Z       Successfully uninstalled strata-2026.8.10
2026-09-29T21:26:52.0322983Z Successfully installed strata-2026.8.10
2026-09-29T21:26:52.6044638Z ==> PGO: the hook image must carry no profile
2026-09-29T21:26:52.6574942Z + strata._dumps_hook is unprofiled: _dumps_hook.cpython-312-x86_64-linux-gnu.so.build.json records no profile or profile flag,
2026-09-29T21:26:52.6575986Z   and the image links no profile runtime
2026-09-29T21:26:52.6645497Z ==> PGO: gate tests on the optimized build
2026-09-29T21:26:52.6992455Z + /home/runner/work/strata/strata/.venv/bin/cmake -S . -B build/cmake -DCMAKE_BUILD_TYPE=Release
2026-09-29T21:26:52.8641159Z -- Configuring done (0.0s)
2026-09-29T21:26:52.9213937Z -- Generating done (0.1s)
2026-09-29T21:26:52.9219418Z -- Build files have been written to: /home/runner/work/strata/strata/build/cmake
2026-09-29T21:26:52.9235837Z + /home/runner/work/strata/strata/.venv/bin/cmake --build build/cmake --config Release
2026-09-29T21:26:53.0831054Z gmake[1]: Entering directory '/home/runner/work/strata/strata/build/cmake'
2026-09-29T21:26:53.0911765Z gmake[2]: Entering directory '/home/runner/work/strata/strata/build/cmake'
2026-09-29T21:26:53.0924586Z gmake[3]: Entering directory '/home/runner/work/strata/strata/build/cmake'
2026-09-29T21:26:53.1052241Z gmake[3]: Leaving directory '/home/runner/work/strata/strata/build/cmake'
2026-09-29T21:26:53.1097017Z gmake[3]: Entering directory '/home/runner/work/strata/strata/build/cmake'
2026-09-29T21:26:53.1129025Z [  0%] Linking CXX executable smoke_tests
2026-09-29T21:26:53.1819342Z gmake[3]: Leaving directory '/home/runner/work/strata/strata/build/cmake'
2026-09-29T21:26:53.1856014Z [  6%] Built target smoke_tests
2026-09-29T21:26:53.1874547Z gmake[3]: Entering directory '/home/runner/work/strata/strata/build/cmake'
2026-09-29T21:26:53.2003979Z gmake[3]: Leaving directory '/home/runner/work/strata/strata/build/cmake'
2026-09-29T21:26:53.2049381Z gmake[3]: Entering directory '/home/runner/work/strata/strata/build/cmake'
2026-09-29T21:26:53.2083822Z [  7%] Linking CXX executable json_core_tests
2026-09-29T21:26:53.2766678Z gmake[3]: Leaving directory '/home/runner/work/strata/strata/build/cmake'
2026-09-29T21:26:53.2804447Z [ 13%] Built target json_core_tests
2026-09-29T21:26:53.2824393Z gmake[3]: Entering directory '/home/runner/work/strata/strata/build/cmake'
2026-09-29T21:26:53.2958533Z gmake[3]: Leaving directory '/home/runner/work/strata/strata/build/cmake'
2026-09-29T21:26:53.3005074Z gmake[3]: Entering directory '/home/runner/work/strata/strata/build/cmake'
2026-09-29T21:26:53.3038521Z [ 13%] Linking CXX executable json_parse_tests
2026-09-29T21:26:53.3720316Z gmake[3]: Leaving directory '/home/runner/work/strata/strata/build/cmake'
2026-09-29T21:26:53.3758683Z [ 19%] Built target json_parse_tests
2026-09-29T21:26:53.3776835Z gmake[3]: Entering directory '/home/runner/work/strata/strata/build/cmake'
2026-09-29T21:26:53.3909921Z gmake[3]: Leaving directory '/home/runner/work/strata/strata/build/cmake'
2026-09-29T21:26:53.3954641Z gmake[3]: Entering directory '/home/runner/work/strata/strata/build/cmake'
2026-09-29T21:26:53.3987385Z [ 20%] Linking CXX executable fast_parse_tests
2026-09-29T21:26:53.4667229Z gmake[3]: Leaving directory '/home/runner/work/strata/strata/build/cmake'
2026-09-29T21:26:53.4704718Z [ 25%] Built target fast_parse_tests
2026-09-29T21:26:53.4724335Z gmake[3]: Entering directory '/home/runner/work/strata/strata/build/cmake'
2026-09-29T21:26:53.4856669Z gmake[3]: Leaving directory '/home/runner/work/strata/strata/build/cmake'
2026-09-29T21:26:53.4902252Z gmake[3]: Entering directory '/home/runner/work/strata/strata/build/cmake'
2026-09-29T21:26:53.4935850Z [ 26%] Linking CXX executable value_cursor_tests
2026-09-29T21:26:53.5627260Z gmake[3]: Leaving directory '/home/runner/work/strata/strata/build/cmake'
2026-09-29T21:26:53.5664662Z [ 32%] Built target value_cursor_tests
2026-09-29T21:26:53.5683277Z gmake[3]: Entering directory '/home/runner/work/strata/strata/build/cmake'
2026-09-29T21:26:53.5829054Z gmake[3]: Leaving directory '/home/runner/work/strata/strata/build/cmake'
2026-09-29T21:26:53.5874104Z gmake[3]: Entering directory '/home/runner/work/strata/strata/build/cmake'
2026-09-29T21:26:53.5907183Z [ 32%] Linking CXX executable json_serialize_tests
2026-09-29T21:26:53.6580003Z gmake[3]: Leaving directory '/home/runner/work/strata/strata/build/cmake'
2026-09-29T21:26:53.6617439Z [ 38%] Built target json_serialize_tests
2026-09-29T21:26:53.6636557Z gmake[3]: Entering directory '/home/runner/work/strata/strata/build/cmake'
2026-09-29T21:26:53.6766749Z gmake[3]: Leaving directory '/home/runner/work/strata/strata/build/cmake'
2026-09-29T21:26:53.6812416Z gmake[3]: Entering directory '/home/runner/work/strata/strata/build/cmake'
2026-09-29T21:26:53.6845879Z [ 39%] Linking CXX executable float_precision_tests
2026-09-29T21:26:53.7531538Z gmake[3]: Leaving directory '/home/runner/work/strata/strata/build/cmake'
2026-09-29T21:26:53.7568993Z [ 44%] Built target float_precision_tests
2026-09-29T21:26:53.7588266Z gmake[3]: Entering directory '/home/runner/work/strata/strata/build/cmake'
2026-09-29T21:26:53.7773545Z gmake[3]: Leaving directory '/home/runner/work/strata/strata/build/cmake'
2026-09-29T21:26:53.7775118Z gmake[3]: Entering directory '/home/runner/work/strata/strata/build/cmake'
2026-09-29T21:26:53.7806083Z [ 45%] Linking CXX executable json_cursor_tests
2026-09-29T21:26:53.8481479Z gmake[3]: Leaving directory '/home/runner/work/strata/strata/build/cmake'
2026-09-29T21:26:53.8517820Z [ 50%] Built target json_cursor_tests
2026-09-29T21:26:53.8536501Z gmake[3]: Entering directory '/home/runner/work/strata/strata/build/cmake'
2026-09-29T21:26:53.8666316Z gmake[3]: Leaving directory '/home/runner/work/strata/strata/build/cmake'
2026-09-29T21:26:53.8711150Z gmake[3]: Entering directory '/home/runner/work/strata/strata/build/cmake'
2026-09-29T21:26:53.8744809Z [ 51%] Linking CXX executable ndjson_tests
2026-09-29T21:26:53.9407274Z gmake[3]: Leaving directory '/home/runner/work/strata/strata/build/cmake'
2026-09-29T21:26:53.9444587Z [ 56%] Built target ndjson_tests
2026-09-29T21:26:53.9464152Z gmake[3]: Entering directory '/home/runner/work/strata/strata/build/cmake'
2026-09-29T21:26:53.9603252Z gmake[3]: Leaving directory '/home/runner/work/strata/strata/build/cmake'
2026-09-29T21:26:53.9649174Z gmake[3]: Entering directory '/home/runner/work/strata/strata/build/cmake'
2026-09-29T21:26:53.9683175Z [ 57%] Linking CXX executable jsonpath_tests
2026-09-29T21:26:54.0369732Z gmake[3]: Leaving directory '/home/runner/work/strata/strata/build/cmake'
2026-09-29T21:26:54.0407740Z [ 63%] Built target jsonpath_tests
2026-09-29T21:26:54.0426780Z gmake[3]: Entering directory '/home/runner/work/strata/strata/build/cmake'
2026-09-29T21:26:54.0556016Z gmake[3]: Leaving directory '/home/runner/work/strata/strata/build/cmake'
2026-09-29T21:26:54.0602152Z gmake[3]: Entering directory '/home/runner/work/strata/strata/build/cmake'
2026-09-29T21:26:54.0635831Z [ 63%] Linking CXX executable jsonpath_stream_tests
2026-09-29T21:26:54.1313132Z gmake[3]: Leaving directory '/home/runner/work/strata/strata/build/cmake'
2026-09-29T21:26:54.1350660Z [ 69%] Built target jsonpath_stream_tests
2026-09-29T21:26:54.1369327Z gmake[3]: Entering directory '/home/runner/work/strata/strata/build/cmake'
2026-09-29T21:26:54.1499907Z gmake[3]: Leaving directory '/home/runner/work/strata/strata/build/cmake'
2026-09-29T21:26:54.1544464Z gmake[3]: Entering directory '/home/runner/work/strata/strata/build/cmake'
2026-09-29T21:26:54.1577235Z [ 69%] Linking CXX executable scan_tests
2026-09-29T21:26:54.2247883Z gmake[3]: Leaving directory '/home/runner/work/strata/strata/build/cmake'
2026-09-29T21:26:54.2286381Z [ 75%] Built target scan_tests
2026-09-29T21:26:54.2305908Z gmake[3]: Entering directory '/home/runner/work/strata/strata/build/cmake'
2026-09-29T21:26:54.2437584Z gmake[3]: Leaving directory '/home/runner/work/strata/strata/build/cmake'
2026-09-29T21:26:54.2483007Z gmake[3]: Entering directory '/home/runner/work/strata/strata/build/cmake'
2026-09-29T21:26:54.2516162Z [ 75%] Linking CXX executable temporal_tests
2026-09-29T21:26:54.3190338Z gmake[3]: Leaving directory '/home/runner/work/strata/strata/build/cmake'
2026-09-29T21:26:54.3228456Z [ 81%] Built target temporal_tests
2026-09-29T21:26:54.3248289Z gmake[3]: Entering directory '/home/runner/work/strata/strata/build/cmake'
2026-09-29T21:26:54.3382198Z gmake[3]: Leaving directory '/home/runner/work/strata/strata/build/cmake'
2026-09-29T21:26:54.3428620Z gmake[3]: Entering directory '/home/runner/work/strata/strata/build/cmake'
2026-09-29T21:26:54.3462378Z [ 81%] Linking CXX executable folder_tests
2026-09-29T21:26:54.4148631Z gmake[3]: Leaving directory '/home/runner/work/strata/strata/build/cmake'
2026-09-29T21:26:54.4186892Z [ 87%] Built target folder_tests
2026-09-29T21:26:54.4205879Z gmake[3]: Entering directory '/home/runner/work/strata/strata/build/cmake'
2026-09-29T21:26:54.4339514Z gmake[3]: Leaving directory '/home/runner/work/strata/strata/build/cmake'
2026-09-29T21:26:54.4386317Z gmake[3]: Entering directory '/home/runner/work/strata/strata/build/cmake'
2026-09-29T21:26:54.4419957Z [ 87%] Linking CXX executable fuzz_corpus_tests
2026-09-29T21:26:54.5106875Z gmake[3]: Leaving directory '/home/runner/work/strata/strata/build/cmake'
2026-09-29T21:26:54.5144542Z [ 93%] Built target fuzz_corpus_tests
2026-09-29T21:26:54.5163860Z gmake[3]: Entering directory '/home/runner/work/strata/strata/build/cmake'
2026-09-29T21:26:54.5295260Z gmake[3]: Leaving directory '/home/runner/work/strata/strata/build/cmake'
2026-09-29T21:26:54.5341239Z gmake[3]: Entering directory '/home/runner/work/strata/strata/build/cmake'
2026-09-29T21:26:54.5376257Z [ 94%] Linking CXX executable stress_deep_tests
2026-09-29T21:26:54.6052688Z gmake[3]: Leaving directory '/home/runner/work/strata/strata/build/cmake'
2026-09-29T21:26:54.6092010Z [100%] Built target stress_deep_tests
2026-09-29T21:26:54.6097028Z gmake[2]: Leaving directory '/home/runner/work/strata/strata/build/cmake'
2026-09-29T21:26:54.6155293Z gmake[1]: Leaving directory '/home/runner/work/strata/strata/build/cmake'
2026-09-29T21:26:54.6166483Z + /home/runner/work/strata/strata/.venv/bin/ctest --test-dir build/cmake --build-config Release --output-on-failure --no-tests=error
2026-09-29T21:26:54.7730862Z Test project /home/runner/work/strata/strata/build/cmake
2026-09-29T21:26:54.7737241Z       Start  1: smoke_tests
2026-09-29T21:26:54.7756173Z  1/16 Test  #1: smoke_tests ......................   Passed    0.00 sec
2026-09-29T21:26:54.7758090Z       Start  2: json_core_tests
2026-09-29T21:26:54.7775388Z  2/16 Test  #2: json_core_tests ..................   Passed    0.00 sec
2026-09-29T21:26:54.7776888Z       Start  3: json_parse_tests
2026-09-29T21:26:54.7793952Z  3/16 Test  #3: json_parse_tests .................   Passed    0.00 sec
2026-09-29T21:26:54.7795658Z       Start  4: fast_parse_tests
2026-09-29T21:26:54.8512590Z  4/16 Test  #4: fast_parse_tests .................   Passed    0.07 sec
2026-09-29T21:26:54.8514839Z       Start  5: value_cursor_tests
2026-09-29T21:26:54.8594446Z  5/16 Test  #5: value_cursor_tests ...............   Passed    0.01 sec
2026-09-29T21:26:54.8595867Z       Start  6: json_serialize_tests
2026-09-29T21:26:54.8615782Z  6/16 Test  #6: json_serialize_tests .............   Passed    0.00 sec
2026-09-29T21:26:54.8617240Z       Start  7: float_precision_tests
2026-09-29T21:26:57.9406275Z  7/16 Test  #7: float_precision_tests ............   Passed    3.08 sec
2026-09-29T21:26:57.9407880Z       Start  8: json_cursor_tests
2026-09-29T21:26:57.9429781Z  8/16 Test  #8: json_cursor_tests ................   Passed    0.00 sec
2026-09-29T21:26:57.9431169Z       Start  9: ndjson_tests
2026-09-29T21:26:57.9482588Z  9/16 Test  #9: ndjson_tests .....................   Passed    0.00 sec
2026-09-29T21:26:57.9484494Z       Start 10: jsonpath_tests
2026-09-29T21:26:57.9502319Z 10/16 Test #10: jsonpath_tests ...................   Passed    0.00 sec
2026-09-29T21:26:57.9503726Z       Start 11: jsonpath_stream_tests
2026-09-29T21:26:57.9525560Z 11/16 Test #11: jsonpath_stream_tests ............   Passed    0.00 sec
2026-09-29T21:26:57.9526932Z       Start 12: scan_tests
2026-09-29T21:26:57.9713076Z 12/16 Test #12: scan_tests .......................   Passed    0.02 sec
2026-09-29T21:26:57.9715907Z       Start 13: temporal_tests
2026-09-29T21:26:57.9900319Z 13/16 Test #13: temporal_tests ...................   Passed    0.02 sec
2026-09-29T21:26:57.9901726Z       Start 14: folder_tests
2026-09-29T21:26:57.9952147Z 14/16 Test #14: folder_tests .....................   Passed    0.00 sec
2026-09-29T21:26:57.9953908Z       Start 15: fuzz_corpus_tests
2026-09-29T21:26:57.9998750Z 15/16 Test #15: fuzz_corpus_tests ................   Passed    0.00 sec
2026-09-29T21:26:58.0000657Z       Start 16: stress_deep_tests
2026-09-29T21:26:58.0036063Z 16/16 Test #16: stress_deep_tests ................   Passed    0.00 sec
2026-09-29T21:26:58.0041704Z 
2026-09-29T21:26:58.0042073Z 100% tests passed out of 16
2026-09-29T21:26:58.0042446Z 
2026-09-29T21:26:58.0042615Z Total Test time (real) =   3.23 sec
2026-09-29T21:26:58.0497996Z + pytest tests/py tests/unit --basetemp=/tmp/pytest-of-runner/j7ua9e3d
2026-09-29T21:26:58.8861330Z ============================= test session starts ==============================
2026-09-29T21:26:58.8861990Z platform linux -- Python 3.12.14, pytest-9.1.1, pluggy-1.6.0
2026-09-29T21:26:58.8862521Z rootdir: /home/runner/work/strata/strata
2026-09-29T21:26:58.8865620Z configfile: pyproject.toml
2026-09-29T21:26:58.8866148Z plugins: platformdirs-4.12.2, cov-7.1.0
2026-09-29T21:26:58.8866632Z collected 3923 items
2026-09-29T21:26:58.8866925Z 
2026-09-29T21:26:58.9051949Z tests/py/native_types/test_native_dump.py ..............                 [  0%]
2026-09-29T21:26:59.0105291Z tests/py/native_types/test_native_fast_paths.py ........ssssssssss...... [  0%]
2026-09-29T21:26:59.2945257Z .............................                                            [  1%]
2026-09-29T21:26:59.3639752Z tests/py/native_types/test_native_import.py ...                          [  1%]
2026-09-29T21:26:59.4142723Z tests/py/native_types/test_native_opt_out.py ........................... [  2%]
2026-09-29T21:26:59.4148659Z                                                                          [  2%]
2026-09-29T21:26:59.5211611Z tests/py/native_types/test_native_oracle.py .........                    [  2%]
2026-09-29T21:27:00.3008521Z tests/py/native_types/test_native_reentrancy.py ........................ [  3%]
2026-09-29T21:27:01.8972165Z ..................................................                       [  4%]
2026-09-29T21:27:01.9412298Z tests/py/native_types/test_parse_types.py .............................. [  5%]
2026-09-29T21:27:02.5047427Z ............................................................             [  6%]
2026-09-29T21:27:02.5256584Z tests/py/test_dumps_brace_fold.py .........                              [  7%]
2026-09-29T21:27:02.5658015Z tests/py/test_dumps_cycles_fused.py .................................... [  8%]
2026-09-29T21:27:02.6261855Z ....................................................                     [  9%]
2026-09-29T21:27:03.0163823Z tests/py/test_dumps_general_tables.py ............................       [ 10%]
2026-09-29T21:27:04.0041233Z tests/py/test_dumps_with_default.py .................................... [ 10%]
2026-09-29T21:27:04.6374338Z .............................ss                                          [ 11%]
2026-09-29T21:27:04.6748502Z tests/py/test_dumps_with_default_contract.py ........................... [ 12%]
2026-09-29T21:27:04.7797130Z ........................................................................ [ 14%]
2026-09-29T21:27:04.8879967Z ........................................................................ [ 16%]
2026-09-29T21:27:04.9445298Z ..........................                                               [ 16%]
2026-09-29T21:27:04.9487750Z tests/py/test_fused_verification.py ..                                   [ 16%]
2026-09-29T21:27:04.9834582Z tests/py/test_json_parity.py ........................................... [ 17%]
2026-09-29T21:27:05.0398204Z ........................................................................ [ 19%]
2026-09-29T21:27:05.0947380Z ........................................................................ [ 21%]
2026-09-29T21:27:05.1483810Z ........................................................................ [ 23%]
2026-09-29T21:27:05.2029082Z ........................................................................ [ 25%]
2026-09-29T21:27:05.2586785Z ........................................................................ [ 27%]
2026-09-29T21:27:05.3147763Z ........................................................................ [ 28%]
2026-09-29T21:27:05.3700146Z ........................................................................ [ 30%]
2026-09-29T21:27:05.4248754Z ........................................................................ [ 32%]
2026-09-29T21:27:05.4814828Z ........................................................................ [ 34%]
2026-09-29T21:27:05.5363209Z ........................................................................ [ 36%]
2026-09-29T21:27:05.5912640Z ........................................................................ [ 38%]
2026-09-29T21:27:05.6460101Z ........................................................................ [ 39%]
2026-09-29T21:27:05.7002406Z ........................................................................ [ 41%]
2026-09-29T21:27:05.7543975Z ........................................................................ [ 43%]
2026-09-29T21:27:05.8087839Z ........................................................................ [ 45%]
2026-09-29T21:27:05.8631291Z ........................................................................ [ 47%]
2026-09-29T21:27:05.8924771Z .................................                                        [ 48%]
2026-09-29T21:27:05.9410513Z tests/py/test_path_dispatch.py ................................          [ 48%]
2026-09-29T21:27:05.9432073Z tests/py/test_py_tests_basetemp.py ..                                    [ 49%]
2026-09-29T21:27:05.9456082Z tests/py/test_smoke.py ...                                               [ 49%]
2026-09-29T21:27:05.9719702Z tests/unit/native_types/test_build_sources.py .......                    [ 49%]
2026-09-29T21:27:06.1310382Z tests/unit/native_types/test_hook_import_gating.py .......               [ 49%]
2026-09-29T21:27:06.2111678Z tests/unit/native_types/test_hook_profile_build.py ..............        [ 49%]
2026-09-29T21:27:06.2239926Z tests/unit/native_types/test_native_benchmark_agreement.py ...........   [ 50%]
2026-09-29T21:27:06.3459540Z tests/unit/native_types/test_native_benchmark_dataset.py .....           [ 50%]
2026-09-29T21:27:06.3514282Z tests/unit/native_types/test_native_benchmark_rows.py .......            [ 50%]
2026-09-29T21:27:06.3688463Z tests/unit/native_types/test_native_ci_fetch.py ....                     [ 50%]
2026-09-29T21:27:06.3827041Z tests/unit/native_types/test_native_ci_summary.py .....                  [ 50%]
2026-09-29T21:27:06.4381065Z tests/unit/native_types/test_native_flag.py ..........................s. [ 51%]
2026-09-29T21:27:06.4825119Z ..                                                                       [ 51%]
2026-09-29T21:27:06.4983172Z tests/unit/native_types/test_native_identity_ab.py .......               [ 51%]
2026-09-29T21:27:06.5243820Z tests/unit/native_types/test_native_opt_out.py ......................... [ 52%]
2026-09-29T21:27:06.5977306Z ........................................................................ [ 54%]
2026-09-29T21:27:06.6449810Z ..................................................                       [ 55%]
2026-09-29T21:27:06.6645274Z tests/unit/native_types/test_parse_contract.py ......................... [ 55%]
2026-09-29T21:27:06.7427488Z .................................................                        [ 57%]
2026-09-29T21:27:06.7594506Z tests/unit/native_types/test_serializer_contract.py .................... [ 57%]
2026-09-29T21:27:07.2689318Z ........................................................................ [ 59%]
2026-09-29T21:27:07.3209781Z ................................................                         [ 60%]
2026-09-29T21:27:07.3796360Z tests/unit/native_types/test_training_scope.py ............              [ 61%]
2026-09-29T21:27:07.8434520Z tests/unit/test_ab_analysis.py ......................................    [ 62%]
2026-09-29T21:27:07.8589354Z tests/unit/test_build_manifest.py ...........                            [ 62%]
2026-09-29T21:27:07.8737056Z tests/unit/test_canonical_builds.py ....                                 [ 62%]
2026-09-29T21:27:08.0975422Z tests/unit/test_ci_fetch.py ........................                     [ 63%]
2026-09-29T21:27:08.2014936Z tests/unit/test_ci_summary.py .......................                    [ 63%]
2026-09-29T21:27:08.2230151Z tests/unit/test_config.py ...........................                    [ 64%]
2026-09-29T21:27:08.2420255Z tests/unit/test_core_purity.py ....                                      [ 64%]
2026-09-29T21:27:08.2558445Z tests/unit/test_cross_sample.py ......                                   [ 64%]
2026-09-29T21:27:08.3159671Z tests/unit/test_dumps.py ............................................... [ 65%]
2026-09-29T21:27:08.3317180Z ..........                                                               [ 66%]
2026-09-29T21:27:08.3519839Z tests/unit/test_dumps_brace_fold.py .........                            [ 66%]
2026-09-29T21:27:08.5805509Z tests/unit/test_dumps_cold_start.py ....                                 [ 66%]
2026-09-29T21:27:08.6154599Z tests/unit/test_dumps_contract.py ...................................... [ 67%]
2026-09-29T21:27:08.6793187Z .............................................................            [ 68%]
2026-09-29T21:27:08.7167139Z tests/unit/test_dumps_cycles_fused.py .................................. [ 69%]
2026-09-29T21:27:08.7794378Z ......................................................                   [ 71%]
2026-09-29T21:27:09.4520756Z tests/unit/test_dumps_general_tables.py ............................     [ 71%]
2026-09-29T21:27:10.6304376Z tests/unit/test_dumps_latch.py ............................              [ 72%]
2026-09-29T21:27:10.7784686Z tests/unit/test_dumps_private_cache.py ................................  [ 73%]
2026-09-29T21:27:12.5958604Z tests/unit/test_dumps_reentrancy.py .................................... [ 74%]
2026-09-29T21:27:15.7550924Z ......................................................................   [ 76%]
2026-09-29T21:27:17.8014308Z tests/unit/test_dumps_reentrancy_review.py ............................. [ 76%]
2026-09-29T21:27:18.2665984Z ..                                                                       [ 76%]
2026-09-29T21:27:18.3456394Z tests/unit/test_dumps_schema_failure.py ...........................      [ 77%]
2026-09-29T21:27:19.6097024Z tests/unit/test_dumps_user_step_counter.py ..........................    [ 78%]
2026-09-29T21:27:19.6425187Z tests/unit/test_dumps_with_default.py .................................. [ 79%]
2026-09-29T21:27:19.7085093Z ........................................................................ [ 80%]
2026-09-29T21:27:19.8566418Z .........................................................                [ 82%]
2026-09-29T21:27:19.8821352Z tests/unit/test_dumps_with_default_state.py ............................ [ 83%]
2026-09-29T21:27:19.9835363Z ........................................................................ [ 84%]
2026-09-29T21:27:20.1331907Z ..............                                                           [ 85%]
2026-09-29T21:27:20.2204605Z tests/unit/test_folder.py .............................................. [ 86%]
2026-09-29T21:27:20.3096823Z .........................................                                [ 87%]
2026-09-29T21:27:20.3139403Z tests/unit/test_fused_verification.py ..                                 [ 87%]
2026-09-29T21:27:20.3723925Z tests/unit/test_hook_build_scope.py ...............................      [ 88%]
2026-09-29T21:27:20.6034562Z tests/unit/test_json_cursor.py ...........................               [ 89%]
2026-09-29T21:27:20.6380981Z tests/unit/test_jsonpath.py ............................................ [ 90%]
2026-09-29T21:27:20.8115979Z .......................................................................  [ 91%]
2026-09-29T21:27:20.9151188Z tests/unit/test_load_dump.py ........................................... [ 93%]
2026-09-29T21:27:20.9157432Z                                                                          [ 93%]
2026-09-29T21:27:20.9534381Z tests/unit/test_loads.py ............................................... [ 94%]
2026-09-29T21:27:21.0535920Z ........................................................................ [ 96%]
2026-09-29T21:27:22.2761024Z ................                                                         [ 96%]
2026-09-29T21:27:22.2829394Z tests/unit/test_native_interleaved_profile.py ...                        [ 96%]
2026-09-29T21:27:22.3964766Z tests/unit/test_nested_container_probe.py ....                           [ 96%]
2026-09-29T21:27:22.4637761Z tests/unit/test_path_dispatch.py ................................        [ 97%]
2026-09-29T21:27:22.5090169Z tests/unit/test_provenance.py ..................                         [ 97%]
2026-09-29T21:27:22.5709051Z tests/unit/test_regression_check.py ..........................           [ 98%]
2026-09-29T21:27:22.6944955Z tests/unit/test_search_stream.py .................                       [ 99%]
2026-09-29T21:27:22.6955879Z tests/unit/test_string_identity_probe.py .                               [ 99%]
2026-09-29T21:27:22.7803145Z tests/unit/test_supplementary.py .............                           [ 99%]
2026-09-29T21:27:22.8450609Z tests/unit/test_supportability_check.py ....................             [ 99%]
2026-09-29T21:27:22.9881909Z tests/unit/test_version.py ....                                          [100%]
2026-09-29T21:27:22.9882668Z 
2026-09-29T21:27:22.9883120Z ====================== 3910 passed, 13 skipped in 24.63s =======================
2026-09-29T21:27:23.4244771Z ==> PGO phase 3a: instrumented hook
2026-09-29T21:27:23.7622473Z Obtaining file:///home/runner/work/strata/strata
2026-09-29T21:27:23.7646201Z   Installing build dependencies: started
2026-09-29T21:27:25.6280299Z   Installing build dependencies: finished with status 'done'
2026-09-29T21:27:25.6286721Z   Checking if build backend supports build_editable: started
2026-09-29T21:27:25.9331140Z   Checking if build backend supports build_editable: finished with status 'done'
2026-09-29T21:27:25.9340009Z   Getting requirements to build editable: started
2026-09-29T21:27:26.3387316Z   Getting requirements to build editable: finished with status 'done'
2026-09-29T21:27:26.3397335Z   Preparing editable metadata (pyproject.toml): started
2026-09-29T21:27:26.5982952Z   Preparing editable metadata (pyproject.toml): finished with status 'done'
2026-09-29T21:27:26.6043683Z Building wheels for collected packages: strata
2026-09-29T21:27:26.6052100Z   Building editable for strata (pyproject.toml): started
2026-09-29T21:28:20.0864873Z   Building editable for strata (pyproject.toml): finished with status 'done'
2026-09-29T21:28:20.0872831Z   Created wheel for strata: filename=strata-2026.8.10-0.editable-cp312-cp312-linux_x86_64.whl size=4445 sha256=976fc1d4682114467d285dd79c19a321e9026f0a2fdf659c24ea87941fc108d6
2026-09-29T21:28:20.0874856Z   Stored in directory: /tmp/pip-ephem-wheel-cache-b47uypjq/wheels/ab/73/9c/71109b0f5a731622820d2f6d25f1f3cfd677e39fdd3b3110b6
2026-09-29T21:28:20.0901505Z Successfully built strata
2026-09-29T21:28:20.1014280Z Installing collected packages: strata
2026-09-29T21:28:20.1016145Z   Attempting uninstall: strata
2026-09-29T21:28:20.1036906Z     Found existing installation: strata 2026.8.10
2026-09-29T21:28:20.1054693Z     Uninstalling strata-2026.8.10:
2026-09-29T21:28:20.1334109Z       Successfully uninstalled strata-2026.8.10
2026-09-29T21:28:20.1429955Z Successfully installed strata-2026.8.10
2026-09-29T21:28:20.6878744Z ==> PGO: the hook's native training workload
2026-09-29T21:28:21.5614750Z ==> PGO phase 3b: the hook against its own profile (+ LTO)
2026-09-29T21:28:21.8933531Z Obtaining file:///home/runner/work/strata/strata
2026-09-29T21:28:21.8955497Z   Installing build dependencies: started
2026-09-29T21:28:23.7358289Z   Installing build dependencies: finished with status 'done'
2026-09-29T21:28:23.7364373Z   Checking if build backend supports build_editable: started
2026-09-29T21:28:24.0416863Z   Checking if build backend supports build_editable: finished with status 'done'
2026-09-29T21:28:24.0425625Z   Getting requirements to build editable: started
2026-09-29T21:28:24.4446262Z   Getting requirements to build editable: finished with status 'done'
2026-09-29T21:28:24.4457184Z   Preparing editable metadata (pyproject.toml): started
2026-09-29T21:28:24.7034171Z   Preparing editable metadata (pyproject.toml): finished with status 'done'
2026-09-29T21:28:24.7091421Z Building wheels for collected packages: strata
2026-09-29T21:28:24.7099697Z   Building editable for strata (pyproject.toml): started
2026-09-29T21:29:15.0078945Z   Building editable for strata (pyproject.toml): finished with status 'done'
2026-09-29T21:29:15.0087519Z   Created wheel for strata: filename=strata-2026.8.10-0.editable-cp312-cp312-linux_x86_64.whl size=4445 sha256=6bd2ccf747805d92122652dbbb4ff3633f8ea2c1d84ae4f82a4eab07b0944685
2026-09-29T21:29:15.0089637Z   Stored in directory: /tmp/pip-ephem-wheel-cache-w7xr6wij/wheels/ab/73/9c/71109b0f5a731622820d2f6d25f1f3cfd677e39fdd3b3110b6
2026-09-29T21:29:15.0115830Z Successfully built strata
2026-09-29T21:29:15.0227472Z Installing collected packages: strata
2026-09-29T21:29:15.0228773Z   Attempting uninstall: strata
2026-09-29T21:29:15.0249619Z     Found existing installation: strata 2026.8.10
2026-09-29T21:29:15.0267577Z     Uninstalling strata-2026.8.10:
2026-09-29T21:29:15.0547681Z       Successfully uninstalled strata-2026.8.10
2026-09-29T21:29:15.0666730Z Successfully installed strata-2026.8.10
2026-09-29T21:29:15.6481342Z ==> PGO: _strata unchanged, the hook on its own profile alone
2026-09-29T21:29:15.7346429Z + strata._dumps_hook is built against hook.profdata alone and links no profile runtime
2026-09-29T21:29:15.7976954Z + strata._strata is built against strata.profdata alone and links no profile runtime
2026-09-29T21:29:15.8047054Z ==> PGO: gate tests on the optimized hook
2026-09-29T21:29:15.8397497Z + /home/runner/work/strata/strata/.venv/bin/cmake -S . -B build/cmake -DCMAKE_BUILD_TYPE=Release
2026-09-29T21:29:16.0035162Z -- Configuring done (0.0s)
2026-09-29T21:29:16.0605723Z -- Generating done (0.1s)
2026-09-29T21:29:16.0610901Z -- Build files have been written to: /home/runner/work/strata/strata/build/cmake
2026-09-29T21:29:16.0626546Z + /home/runner/work/strata/strata/.venv/bin/cmake --build build/cmake --config Release
2026-09-29T21:29:16.2215093Z gmake[1]: Entering directory '/home/runner/work/strata/strata/build/cmake'
2026-09-29T21:29:16.2294737Z gmake[2]: Entering directory '/home/runner/work/strata/strata/build/cmake'
2026-09-29T21:29:16.2307858Z gmake[3]: Entering directory '/home/runner/work/strata/strata/build/cmake'
2026-09-29T21:29:16.2441846Z gmake[3]: Leaving directory '/home/runner/work/strata/strata/build/cmake'
2026-09-29T21:29:16.2486787Z gmake[3]: Entering directory '/home/runner/work/strata/strata/build/cmake'
2026-09-29T21:29:16.2520086Z [  0%] Linking CXX executable smoke_tests
2026-09-29T21:29:16.3187473Z gmake[3]: Leaving directory '/home/runner/work/strata/strata/build/cmake'
2026-09-29T21:29:16.3224118Z [  6%] Built target smoke_tests
2026-09-29T21:29:16.3242741Z gmake[3]: Entering directory '/home/runner/work/strata/strata/build/cmake'
2026-09-29T21:29:16.3371132Z gmake[3]: Leaving directory '/home/runner/work/strata/strata/build/cmake'
2026-09-29T21:29:16.3415996Z gmake[3]: Entering directory '/home/runner/work/strata/strata/build/cmake'
2026-09-29T21:29:16.3449245Z [  7%] Linking CXX executable json_core_tests
2026-09-29T21:29:16.4130512Z gmake[3]: Leaving directory '/home/runner/work/strata/strata/build/cmake'
2026-09-29T21:29:16.4168350Z [ 13%] Built target json_core_tests
2026-09-29T21:29:16.4186937Z gmake[3]: Entering directory '/home/runner/work/strata/strata/build/cmake'
2026-09-29T21:29:16.4318157Z gmake[3]: Leaving directory '/home/runner/work/strata/strata/build/cmake'
2026-09-29T21:29:16.4362768Z gmake[3]: Entering directory '/home/runner/work/strata/strata/build/cmake'
2026-09-29T21:29:16.4396315Z [ 13%] Linking CXX executable json_parse_tests
2026-09-29T21:29:16.5074582Z gmake[3]: Leaving directory '/home/runner/work/strata/strata/build/cmake'
2026-09-29T21:29:16.5110784Z [ 19%] Built target json_parse_tests
2026-09-29T21:29:16.5129094Z gmake[3]: Entering directory '/home/runner/work/strata/strata/build/cmake'
2026-09-29T21:29:16.5259708Z gmake[3]: Leaving directory '/home/runner/work/strata/strata/build/cmake'
2026-09-29T21:29:16.5304272Z gmake[3]: Entering directory '/home/runner/work/strata/strata/build/cmake'
2026-09-29T21:29:16.5337790Z [ 20%] Linking CXX executable fast_parse_tests
2026-09-29T21:29:16.6016698Z gmake[3]: Leaving directory '/home/runner/work/strata/strata/build/cmake'
2026-09-29T21:29:16.6053806Z [ 25%] Built target fast_parse_tests
2026-09-29T21:29:16.6072446Z gmake[3]: Entering directory '/home/runner/work/strata/strata/build/cmake'
2026-09-29T21:29:16.6204060Z gmake[3]: Leaving directory '/home/runner/work/strata/strata/build/cmake'
2026-09-29T21:29:16.6248501Z gmake[3]: Entering directory '/home/runner/work/strata/strata/build/cmake'
2026-09-29T21:29:16.6282618Z [ 26%] Linking CXX executable value_cursor_tests
2026-09-29T21:29:16.6954013Z gmake[3]: Leaving directory '/home/runner/work/strata/strata/build/cmake'
2026-09-29T21:29:16.6991028Z [ 32%] Built target value_cursor_tests
2026-09-29T21:29:16.7009337Z gmake[3]: Entering directory '/home/runner/work/strata/strata/build/cmake'
2026-09-29T21:29:16.7138847Z gmake[3]: Leaving directory '/home/runner/work/strata/strata/build/cmake'
2026-09-29T21:29:16.7183758Z gmake[3]: Entering directory '/home/runner/work/strata/strata/build/cmake'
2026-09-29T21:29:16.7216206Z [ 32%] Linking CXX executable json_serialize_tests
2026-09-29T21:29:16.7876903Z gmake[3]: Leaving directory '/home/runner/work/strata/strata/build/cmake'
2026-09-29T21:29:16.7913579Z [ 38%] Built target json_serialize_tests
2026-09-29T21:29:16.7931884Z gmake[3]: Entering directory '/home/runner/work/strata/strata/build/cmake'
2026-09-29T21:29:16.8061662Z gmake[3]: Leaving directory '/home/runner/work/strata/strata/build/cmake'
2026-09-29T21:29:16.8106454Z gmake[3]: Entering directory '/home/runner/work/strata/strata/build/cmake'
2026-09-29T21:29:16.8139171Z [ 39%] Linking CXX executable float_precision_tests
2026-09-29T21:29:16.8814030Z gmake[3]: Leaving directory '/home/runner/work/strata/strata/build/cmake'
2026-09-29T21:29:16.8851410Z [ 44%] Built target float_precision_tests
2026-09-29T21:29:16.8869840Z gmake[3]: Entering directory '/home/runner/work/strata/strata/build/cmake'
2026-09-29T21:29:16.9002042Z gmake[3]: Leaving directory '/home/runner/work/strata/strata/build/cmake'
2026-09-29T21:29:16.9047727Z gmake[3]: Entering directory '/home/runner/work/strata/strata/build/cmake'
2026-09-29T21:29:16.9081456Z [ 45%] Linking CXX executable json_cursor_tests
2026-09-29T21:29:16.9741690Z gmake[3]: Leaving directory '/home/runner/work/strata/strata/build/cmake'
2026-09-29T21:29:16.9780858Z [ 50%] Built target json_cursor_tests
2026-09-29T21:29:16.9799839Z gmake[3]: Entering directory '/home/runner/work/strata/strata/build/cmake'
2026-09-29T21:29:16.9929845Z gmake[3]: Leaving directory '/home/runner/work/strata/strata/build/cmake'
2026-09-29T21:29:16.9974586Z gmake[3]: Entering directory '/home/runner/work/strata/strata/build/cmake'
2026-09-29T21:29:17.0007368Z [ 51%] Linking CXX executable ndjson_tests
2026-09-29T21:29:17.0673484Z gmake[3]: Leaving directory '/home/runner/work/strata/strata/build/cmake'
2026-09-29T21:29:17.0710987Z [ 56%] Built target ndjson_tests
2026-09-29T21:29:17.0729931Z gmake[3]: Entering directory '/home/runner/work/strata/strata/build/cmake'
2026-09-29T21:29:17.0860280Z gmake[3]: Leaving directory '/home/runner/work/strata/strata/build/cmake'
2026-09-29T21:29:17.0905213Z gmake[3]: Entering directory '/home/runner/work/strata/strata/build/cmake'
2026-09-29T21:29:17.0937471Z [ 57%] Linking CXX executable jsonpath_tests
2026-09-29T21:29:17.1610101Z gmake[3]: Leaving directory '/home/runner/work/strata/strata/build/cmake'
2026-09-29T21:29:17.1648325Z [ 63%] Built target jsonpath_tests
2026-09-29T21:29:17.1668054Z gmake[3]: Entering directory '/home/runner/work/strata/strata/build/cmake'
2026-09-29T21:29:17.1922134Z gmake[3]: Leaving directory '/home/runner/work/strata/strata/build/cmake'
2026-09-29T21:29:17.1968184Z gmake[3]: Entering directory '/home/runner/work/strata/strata/build/cmake'
2026-09-29T21:29:17.2001978Z [ 63%] Linking CXX executable jsonpath_stream_tests
2026-09-29T21:29:17.2685010Z gmake[3]: Leaving directory '/home/runner/work/strata/strata/build/cmake'
2026-09-29T21:29:17.2722155Z [ 69%] Built target jsonpath_stream_tests
2026-09-29T21:29:17.2740979Z gmake[3]: Entering directory '/home/runner/work/strata/strata/build/cmake'
2026-09-29T21:29:17.2869008Z gmake[3]: Leaving directory '/home/runner/work/strata/strata/build/cmake'
2026-09-29T21:29:17.2914525Z gmake[3]: Entering directory '/home/runner/work/strata/strata/build/cmake'
2026-09-29T21:29:17.2948512Z [ 69%] Linking CXX executable scan_tests
2026-09-29T21:29:17.3620986Z gmake[3]: Leaving directory '/home/runner/work/strata/strata/build/cmake'
2026-09-29T21:29:17.3658413Z [ 75%] Built target scan_tests
2026-09-29T21:29:17.3678236Z gmake[3]: Entering directory '/home/runner/work/strata/strata/build/cmake'
2026-09-29T21:29:17.3811130Z gmake[3]: Leaving directory '/home/runner/work/strata/strata/build/cmake'
2026-09-29T21:29:17.3857634Z gmake[3]: Entering directory '/home/runner/work/strata/strata/build/cmake'
2026-09-29T21:29:17.3891708Z [ 75%] Linking CXX executable temporal_tests
2026-09-29T21:29:17.4559597Z gmake[3]: Leaving directory '/home/runner/work/strata/strata/build/cmake'
2026-09-29T21:29:17.4597905Z [ 81%] Built target temporal_tests
2026-09-29T21:29:17.4617731Z gmake[3]: Entering directory '/home/runner/work/strata/strata/build/cmake'
2026-09-29T21:29:17.4749153Z gmake[3]: Leaving directory '/home/runner/work/strata/strata/build/cmake'
2026-09-29T21:29:17.4794530Z gmake[3]: Entering directory '/home/runner/work/strata/strata/build/cmake'
2026-09-29T21:29:17.4827030Z [ 81%] Linking CXX executable folder_tests
2026-09-29T21:29:17.5501656Z gmake[3]: Leaving directory '/home/runner/work/strata/strata/build/cmake'
2026-09-29T21:29:17.5538943Z [ 87%] Built target folder_tests
2026-09-29T21:29:17.5558509Z gmake[3]: Entering directory '/home/runner/work/strata/strata/build/cmake'
2026-09-29T21:29:17.5690615Z gmake[3]: Leaving directory '/home/runner/work/strata/strata/build/cmake'
2026-09-29T21:29:17.5736398Z gmake[3]: Entering directory '/home/runner/work/strata/strata/build/cmake'
2026-09-29T21:29:17.5769718Z [ 87%] Linking CXX executable fuzz_corpus_tests
2026-09-29T21:29:17.6444582Z gmake[3]: Leaving directory '/home/runner/work/strata/strata/build/cmake'
2026-09-29T21:29:17.6481496Z [ 93%] Built target fuzz_corpus_tests
2026-09-29T21:29:17.6500004Z gmake[3]: Entering directory '/home/runner/work/strata/strata/build/cmake'
2026-09-29T21:29:17.6629966Z gmake[3]: Leaving directory '/home/runner/work/strata/strata/build/cmake'
2026-09-29T21:29:17.6676132Z gmake[3]: Entering directory '/home/runner/work/strata/strata/build/cmake'
2026-09-29T21:29:17.6709940Z [ 94%] Linking CXX executable stress_deep_tests
2026-09-29T21:29:17.7390107Z gmake[3]: Leaving directory '/home/runner/work/strata/strata/build/cmake'
2026-09-29T21:29:17.7429014Z [100%] Built target stress_deep_tests
2026-09-29T21:29:17.7434547Z gmake[2]: Leaving directory '/home/runner/work/strata/strata/build/cmake'
2026-09-29T21:29:17.7491045Z gmake[1]: Leaving directory '/home/runner/work/strata/strata/build/cmake'
2026-09-29T21:29:17.7502080Z + /home/runner/work/strata/strata/.venv/bin/ctest --test-dir build/cmake --build-config Release --output-on-failure --no-tests=error
2026-09-29T21:29:17.9078434Z Test project /home/runner/work/strata/strata/build/cmake
2026-09-29T21:29:17.9084641Z       Start  1: smoke_tests
2026-09-29T21:29:17.9103710Z  1/16 Test  #1: smoke_tests ......................   Passed    0.00 sec
2026-09-29T21:29:17.9105792Z       Start  2: json_core_tests
2026-09-29T21:29:17.9122507Z  2/16 Test  #2: json_core_tests ..................   Passed    0.00 sec
2026-09-29T21:29:17.9124383Z       Start  3: json_parse_tests
2026-09-29T21:29:17.9141155Z  3/16 Test  #3: json_parse_tests .................   Passed    0.00 sec
2026-09-29T21:29:17.9142884Z       Start  4: fast_parse_tests
2026-09-29T21:29:17.9855899Z  4/16 Test  #4: fast_parse_tests .................   Passed    0.07 sec
2026-09-29T21:29:17.9857714Z       Start  5: value_cursor_tests
2026-09-29T21:29:17.9938662Z  5/16 Test  #5: value_cursor_tests ...............   Passed    0.01 sec
2026-09-29T21:29:17.9939992Z       Start  6: json_serialize_tests
2026-09-29T21:29:17.9962455Z  6/16 Test  #6: json_serialize_tests .............   Passed    0.00 sec
2026-09-29T21:29:17.9964128Z       Start  7: float_precision_tests
2026-09-29T21:29:21.0800460Z  7/16 Test  #7: float_precision_tests ............   Passed    3.08 sec
2026-09-29T21:29:21.0802581Z       Start  8: json_cursor_tests
2026-09-29T21:29:21.0824156Z  8/16 Test  #8: json_cursor_tests ................   Passed    0.00 sec
2026-09-29T21:29:21.0825635Z       Start  9: ndjson_tests
2026-09-29T21:29:21.0875424Z  9/16 Test  #9: ndjson_tests .....................   Passed    0.00 sec
2026-09-29T21:29:21.0876916Z       Start 10: jsonpath_tests
2026-09-29T21:29:21.0893869Z 10/16 Test #10: jsonpath_tests ...................   Passed    0.00 sec
2026-09-29T21:29:21.0896629Z       Start 11: jsonpath_stream_tests
2026-09-29T21:29:21.0917118Z 11/16 Test #11: jsonpath_stream_tests ............   Passed    0.00 sec
2026-09-29T21:29:21.0918363Z       Start 12: scan_tests
2026-09-29T21:29:21.1097908Z 12/16 Test #12: scan_tests .......................   Passed    0.02 sec
2026-09-29T21:29:21.1099321Z       Start 13: temporal_tests
2026-09-29T21:29:21.1266145Z 13/16 Test #13: temporal_tests ...................   Passed    0.02 sec
2026-09-29T21:29:21.1267736Z       Start 14: folder_tests
2026-09-29T21:29:21.1312594Z 14/16 Test #14: folder_tests .....................   Passed    0.00 sec
2026-09-29T21:29:21.1314325Z       Start 15: fuzz_corpus_tests
2026-09-29T21:29:21.1356236Z 15/16 Test #15: fuzz_corpus_tests ................   Passed    0.00 sec
2026-09-29T21:29:21.1357640Z       Start 16: stress_deep_tests
2026-09-29T21:29:21.1391003Z 16/16 Test #16: stress_deep_tests ................   Passed    0.00 sec
2026-09-29T21:29:21.1396137Z 
2026-09-29T21:29:21.1396550Z 100% tests passed out of 16
2026-09-29T21:29:21.1396829Z 
2026-09-29T21:29:21.1396963Z Total Test time (real) =   3.23 sec
2026-09-29T21:29:21.1844255Z + pytest tests/py tests/unit --basetemp=/tmp/pytest-of-runner/55xgjh1s
2026-09-29T21:29:22.0046880Z ============================= test session starts ==============================
2026-09-29T21:29:22.0047666Z platform linux -- Python 3.12.14, pytest-9.1.1, pluggy-1.6.0
2026-09-29T21:29:22.0048314Z rootdir: /home/runner/work/strata/strata
2026-09-29T21:29:22.0048839Z configfile: pyproject.toml
2026-09-29T21:29:22.0049323Z plugins: platformdirs-4.12.2, cov-7.1.0
2026-09-29T21:29:22.0049851Z collected 3923 items
2026-09-29T21:29:22.0050079Z 
2026-09-29T21:29:22.0238711Z tests/py/native_types/test_native_dump.py ..............                 [  0%]
2026-09-29T21:29:22.1297840Z tests/py/native_types/test_native_fast_paths.py ........ssssssssss...... [  0%]
2026-09-29T21:29:22.4114404Z .............................                                            [  1%]
2026-09-29T21:29:22.4804382Z tests/py/native_types/test_native_import.py ...                          [  1%]
2026-09-29T21:29:22.5305465Z tests/py/native_types/test_native_opt_out.py ........................... [  2%]
2026-09-29T21:29:22.5311429Z                                                                          [  2%]
2026-09-29T21:29:22.6373071Z tests/py/native_types/test_native_oracle.py .........                    [  2%]
2026-09-29T21:29:23.3839139Z tests/py/native_types/test_native_reentrancy.py ........................ [  3%]
2026-09-29T21:29:24.9636470Z ..................................................                       [  4%]
2026-09-29T21:29:25.0072050Z tests/py/native_types/test_parse_types.py .............................. [  5%]
2026-09-29T21:29:25.5815418Z ............................................................             [  6%]
2026-09-29T21:29:25.6024635Z tests/py/test_dumps_brace_fold.py .........                              [  7%]
2026-09-29T21:29:25.6420872Z tests/py/test_dumps_cycles_fused.py .................................... [  8%]
2026-09-29T21:29:25.7013859Z ....................................................                     [  9%]
2026-09-29T21:29:26.1508000Z tests/py/test_dumps_general_tables.py ............................       [ 10%]
2026-09-29T21:29:27.1635894Z tests/py/test_dumps_with_default.py .................................... [ 10%]
2026-09-29T21:29:27.7650930Z .............................ss                                          [ 11%]
2026-09-29T21:29:27.8021044Z tests/py/test_dumps_with_default_contract.py ........................... [ 12%]
2026-09-29T21:29:27.9055099Z ........................................................................ [ 14%]
2026-09-29T21:29:28.0091249Z ........................................................................ [ 16%]
2026-09-29T21:29:28.0646917Z ..........................                                               [ 16%]
2026-09-29T21:29:28.0691801Z tests/py/test_fused_verification.py ..                                   [ 16%]
2026-09-29T21:29:28.1024957Z tests/py/test_json_parity.py ........................................... [ 17%]
2026-09-29T21:29:28.1601102Z ........................................................................ [ 19%]
2026-09-29T21:29:28.2164930Z ........................................................................ [ 21%]
2026-09-29T21:29:28.2725075Z ........................................................................ [ 23%]
2026-09-29T21:29:28.3288248Z ........................................................................ [ 25%]
2026-09-29T21:29:28.3842737Z ........................................................................ [ 27%]
2026-09-29T21:29:28.4400259Z ........................................................................ [ 28%]
2026-09-29T21:29:28.4948284Z ........................................................................ [ 30%]
2026-09-29T21:29:28.5502021Z ........................................................................ [ 32%]
2026-09-29T21:29:28.6067794Z ........................................................................ [ 34%]
2026-09-29T21:29:28.6621645Z ........................................................................ [ 36%]
2026-09-29T21:29:28.7170266Z ........................................................................ [ 38%]
2026-09-29T21:29:28.7722345Z ........................................................................ [ 39%]
2026-09-29T21:29:28.8301197Z ........................................................................ [ 41%]
2026-09-29T21:29:28.8811432Z ........................................................................ [ 43%]
2026-09-29T21:29:28.9323915Z ........................................................................ [ 45%]
2026-09-29T21:29:28.9845092Z ........................................................................ [ 47%]
2026-09-29T21:29:29.0125932Z .................................                                        [ 48%]
2026-09-29T21:29:29.0605114Z tests/py/test_path_dispatch.py ................................          [ 48%]
2026-09-29T21:29:29.0625667Z tests/py/test_py_tests_basetemp.py ..                                    [ 49%]
2026-09-29T21:29:29.0648348Z tests/py/test_smoke.py ...                                               [ 49%]
2026-09-29T21:29:29.0916750Z tests/unit/native_types/test_build_sources.py .......                    [ 49%]
2026-09-29T21:29:29.2475514Z tests/unit/native_types/test_hook_import_gating.py .......               [ 49%]
2026-09-29T21:29:29.3289476Z tests/unit/native_types/test_hook_profile_build.py ..............        [ 49%]
2026-09-29T21:29:29.3412614Z tests/unit/native_types/test_native_benchmark_agreement.py ...........   [ 50%]
2026-09-29T21:29:29.4624670Z tests/unit/native_types/test_native_benchmark_dataset.py .....           [ 50%]
2026-09-29T21:29:29.4677184Z tests/unit/native_types/test_native_benchmark_rows.py .......            [ 50%]
2026-09-29T21:29:29.4850372Z tests/unit/native_types/test_native_ci_fetch.py ....                     [ 50%]
2026-09-29T21:29:29.4987628Z tests/unit/native_types/test_native_ci_summary.py .....                  [ 50%]
2026-09-29T21:29:29.5528140Z tests/unit/native_types/test_native_flag.py ..........................s. [ 51%]
2026-09-29T21:29:29.5974273Z ..                                                                       [ 51%]
2026-09-29T21:29:29.6129850Z tests/unit/native_types/test_native_identity_ab.py .......               [ 51%]
2026-09-29T21:29:29.6389464Z tests/unit/native_types/test_native_opt_out.py ......................... [ 52%]
2026-09-29T21:29:29.7096293Z ........................................................................ [ 54%]
2026-09-29T21:29:29.7566818Z ..................................................                       [ 55%]
2026-09-29T21:29:29.7761325Z tests/unit/native_types/test_parse_contract.py ......................... [ 55%]
2026-09-29T21:29:29.8548268Z .................................................                        [ 57%]
2026-09-29T21:29:29.8710279Z tests/unit/native_types/test_serializer_contract.py .................... [ 57%]
2026-09-29T21:29:30.3750347Z ........................................................................ [ 59%]
2026-09-29T21:29:30.4250778Z ................................................                         [ 60%]
2026-09-29T21:29:30.4826928Z tests/unit/native_types/test_training_scope.py ............              [ 61%]
2026-09-29T21:29:30.9386147Z tests/unit/test_ab_analysis.py ......................................    [ 62%]
2026-09-29T21:29:30.9539719Z tests/unit/test_build_manifest.py ...........                            [ 62%]
2026-09-29T21:29:30.9678813Z tests/unit/test_canonical_builds.py ....                                 [ 62%]
2026-09-29T21:29:31.1880770Z tests/unit/test_ci_fetch.py ........................                     [ 63%]
2026-09-29T21:29:31.2911217Z tests/unit/test_ci_summary.py .......................                    [ 63%]
2026-09-29T21:29:31.3138085Z tests/unit/test_config.py ...........................                    [ 64%]
2026-09-29T21:29:31.3331492Z tests/unit/test_core_purity.py ....                                      [ 64%]
2026-09-29T21:29:31.3469689Z tests/unit/test_cross_sample.py ......                                   [ 64%]
2026-09-29T21:29:31.4053886Z tests/unit/test_dumps.py ............................................... [ 65%]
2026-09-29T21:29:31.4209793Z ..........                                                               [ 66%]
2026-09-29T21:29:31.4411086Z tests/unit/test_dumps_brace_fold.py .........                            [ 66%]
2026-09-29T21:29:31.6680498Z tests/unit/test_dumps_cold_start.py ....                                 [ 66%]
2026-09-29T21:29:31.7030837Z tests/unit/test_dumps_contract.py ...................................... [ 67%]
2026-09-29T21:29:31.7671366Z .............................................................            [ 68%]
2026-09-29T21:29:31.8051425Z tests/unit/test_dumps_cycles_fused.py .................................. [ 69%]
2026-09-29T21:29:31.8692160Z ......................................................                   [ 71%]
2026-09-29T21:29:32.5198918Z tests/unit/test_dumps_general_tables.py ............................     [ 71%]
2026-09-29T21:29:33.7032127Z tests/unit/test_dumps_latch.py ............................              [ 72%]
2026-09-29T21:29:33.8413815Z tests/unit/test_dumps_private_cache.py ................................  [ 73%]
2026-09-29T21:29:35.4799468Z tests/unit/test_dumps_reentrancy.py .................................... [ 74%]
2026-09-29T21:29:38.3460724Z ......................................................................   [ 76%]
2026-09-29T21:29:40.1581770Z tests/unit/test_dumps_reentrancy_review.py ............................. [ 76%]
2026-09-29T21:29:40.5908419Z ..                                                                       [ 76%]
2026-09-29T21:29:40.6689679Z tests/unit/test_dumps_schema_failure.py ...........................      [ 77%]
2026-09-29T21:29:41.8354756Z tests/unit/test_dumps_user_step_counter.py ..........................    [ 78%]
2026-09-29T21:29:41.8668800Z tests/unit/test_dumps_with_default.py .................................. [ 79%]
2026-09-29T21:29:41.9312621Z ........................................................................ [ 80%]
2026-09-29T21:29:42.0797795Z .........................................................                [ 82%]
2026-09-29T21:29:42.1044318Z tests/unit/test_dumps_with_default_state.py ............................ [ 83%]
2026-09-29T21:29:42.2016311Z ........................................................................ [ 84%]
2026-09-29T21:29:42.3519152Z ..............                                                           [ 85%]
2026-09-29T21:29:42.4375633Z tests/unit/test_folder.py .............................................. [ 86%]
2026-09-29T21:29:42.5249304Z .........................................                                [ 87%]
2026-09-29T21:29:42.5291706Z tests/unit/test_fused_verification.py ..                                 [ 87%]
2026-09-29T21:29:42.5858557Z tests/unit/test_hook_build_scope.py ...............................      [ 88%]
2026-09-29T21:29:42.8015060Z tests/unit/test_json_cursor.py ...........................               [ 89%]
2026-09-29T21:29:42.8343668Z tests/unit/test_jsonpath.py ............................................ [ 90%]
2026-09-29T21:29:43.0007311Z .......................................................................  [ 91%]
2026-09-29T21:29:43.1030686Z tests/unit/test_load_dump.py ........................................... [ 93%]
2026-09-29T21:29:43.1037077Z                                                                          [ 93%]
2026-09-29T21:29:43.1405341Z tests/unit/test_loads.py ............................................... [ 94%]
2026-09-29T21:29:43.2379960Z ........................................................................ [ 96%]
2026-09-29T21:29:44.4655840Z ................                                                         [ 96%]
2026-09-29T21:29:44.4723331Z tests/unit/test_native_interleaved_profile.py ...                        [ 96%]
2026-09-29T21:29:44.5926702Z tests/unit/test_nested_container_probe.py ....                           [ 96%]
2026-09-29T21:29:44.6592663Z tests/unit/test_path_dispatch.py ................................        [ 97%]
2026-09-29T21:29:44.7039971Z tests/unit/test_provenance.py ..................                         [ 97%]
2026-09-29T21:29:44.7661560Z tests/unit/test_regression_check.py ..........................           [ 98%]
2026-09-29T21:29:44.8938053Z tests/unit/test_search_stream.py .................                       [ 99%]
2026-09-29T21:29:44.8948609Z tests/unit/test_string_identity_probe.py .                               [ 99%]
2026-09-29T21:29:44.9796108Z tests/unit/test_supplementary.py .............                           [ 99%]
2026-09-29T21:29:45.0438202Z tests/unit/test_supportability_check.py ....................             [ 99%]
2026-09-29T21:29:45.1933049Z tests/unit/test_version.py ....                                          [100%]
2026-09-29T21:29:45.1934291Z 
2026-09-29T21:29:45.1934637Z ====================== 3910 passed, 13 skipped in 23.70s =======================
2026-09-29T21:29:45.5536427Z ==> PGO: generating benchmark data
2026-09-29T21:29:45.5555181Z make[1]: Entering directory '/home/runner/work/strata/strata'
2026-09-29T21:29:45.5556141Z PYTHONPATH=. .venv/bin/python -m benchmarks.data.generate_bench_data --out-dir benchmarks/data/generated/small  --num-users 1000 --max-orders 10 --max-items 5  --records 500
2026-09-29T21:29:45.8798051Z   benchmarks/data/generated/small/users.json  (1680 KB)
2026-09-29T21:29:45.8798688Z   benchmarks/data/generated/small/users.ndjson  (1679 KB)
2026-09-29T21:29:45.8799151Z   benchmarks/data/generated/small/flat.json  (209 KB)
2026-09-29T21:29:45.8799585Z   benchmarks/data/generated/small/nested.json  (148 KB)
2026-09-29T21:29:45.8800063Z   benchmarks/data/generated/small/wide_arrays.json  (1218 KB)
2026-09-29T21:29:45.8800518Z   benchmarks/data/generated/small/mixed.json  (34 KB)
2026-09-29T21:29:45.8868031Z PYTHONPATH=. .venv/bin/python -m benchmarks.data.generate_bench_data --out-dir benchmarks/data/generated/medium --num-users 2000 --max-orders 20 --max-items 10 --records 2000
2026-09-29T21:29:47.4631867Z   benchmarks/data/generated/medium/users.json  (9883 KB)
2026-09-29T21:29:47.4632563Z   benchmarks/data/generated/medium/users.ndjson  (9881 KB)
2026-09-29T21:29:47.4633180Z   benchmarks/data/generated/medium/flat.json  (836 KB)
2026-09-29T21:29:47.4634047Z   benchmarks/data/generated/medium/nested.json  (594 KB)
2026-09-29T21:29:47.4635120Z   benchmarks/data/generated/medium/wide_arrays.json  (4874 KB)
2026-09-29T21:29:47.4635877Z   benchmarks/data/generated/medium/mixed.json  (138 KB)
2026-09-29T21:29:47.4710374Z PYTHONPATH=. .venv/bin/python -m benchmarks.data.generate_bench_data --out-dir benchmarks/data/generated/large  --num-users 4000 --max-orders 40 --max-items 20 --records 5000
2026-09-29T21:29:56.6015643Z   benchmarks/data/generated/large/users.json  (68083 KB)
2026-09-29T21:29:56.6016362Z   benchmarks/data/generated/large/users.ndjson  (68079 KB)
2026-09-29T21:29:56.6016967Z   benchmarks/data/generated/large/flat.json  (2092 KB)
2026-09-29T21:29:56.6017562Z   benchmarks/data/generated/large/nested.json  (1488 KB)
2026-09-29T21:29:56.6018198Z   benchmarks/data/generated/large/wide_arrays.json  (12185 KB)
2026-09-29T21:29:56.6018804Z   benchmarks/data/generated/large/mixed.json  (347 KB)
2026-09-29T21:29:56.6130416Z make[1]: Leaving directory '/home/runner/work/strata/strata'
2026-09-29T21:29:56.6134173Z ==> PGO: verification benchmarks
2026-09-29T21:30:19.3227629Z wrote build/pgo/bench_results_pgo.md
2026-09-29T21:30:19.3406002Z ==> PGO complete
2026-09-29T21:30:19.3406497Z     profile: /home/runner/work/strata/strata/build/pgo/strata.profdata
2026-09-29T21:30:19.3407083Z     results: build/pgo/bench_results_pgo.md
2026-09-29T21:30:19.3407511Z     The installed extension is now the PGO+LTO build.
2026-09-29T21:30:19.3447612Z ##[group]Run PYTHONPATH=. .venv/bin/python -m benchmarks.data.generate_bench_data \
2026-09-29T21:30:19.3448252Z PYTHONPATH=. .venv/bin/python -m benchmarks.data.generate_bench_data \
2026-09-29T21:30:19.3448713Z   --out-dir benchmarks/data/generated/small \
2026-09-29T21:30:19.3449117Z   --num-users 1000 --max-orders 10 --max-items 5 --records 500
2026-09-29T21:30:19.3515842Z shell: /usr/bin/bash -e {0}
2026-09-29T21:30:19.3516102Z env:
2026-09-29T21:30:19.3516296Z   ARCHFLAGS: 
2026-09-29T21:30:19.3516591Z   pythonLocation: /opt/hostedtoolcache/Python/3.12.14/x64
2026-09-29T21:30:19.3517055Z   PKG_CONFIG_PATH: /opt/hostedtoolcache/Python/3.12.14/x64/lib/pkgconfig
2026-09-29T21:30:19.3517509Z   Python_ROOT_DIR: /opt/hostedtoolcache/Python/3.12.14/x64
2026-09-29T21:30:19.3517912Z   Python2_ROOT_DIR: /opt/hostedtoolcache/Python/3.12.14/x64
2026-09-29T21:30:19.3518503Z   Python3_ROOT_DIR: /opt/hostedtoolcache/Python/3.12.14/x64
2026-09-29T21:30:19.3518946Z   LD_LIBRARY_PATH: /opt/hostedtoolcache/Python/3.12.14/x64/lib
2026-09-29T21:30:19.3519294Z ##[endgroup]
2026-09-29T21:30:19.6900242Z   benchmarks/data/generated/small/users.json  (1680 KB)
2026-09-29T21:30:19.6901233Z   benchmarks/data/generated/small/users.ndjson  (1679 KB)
2026-09-29T21:30:19.6902122Z   benchmarks/data/generated/small/flat.json  (209 KB)
2026-09-29T21:30:19.6902972Z   benchmarks/data/generated/small/nested.json  (148 KB)
2026-09-29T21:30:19.6904254Z   benchmarks/data/generated/small/wide_arrays.json  (1218 KB)
2026-09-29T21:30:19.6905038Z   benchmarks/data/generated/small/mixed.json  (34 KB)
2026-09-29T21:30:19.7021184Z ##[group]Run PYTHONPATH=. .venv/bin/python -m benchmarks.bench_main \
2026-09-29T21:30:19.7021721Z PYTHONPATH=. .venv/bin/python -m benchmarks.bench_main \
2026-09-29T21:30:19.7022090Z   --name "ci-linux-x86_64" \
2026-09-29T21:30:19.7022377Z   --repeat 10 --warmup 2 \
2026-09-29T21:30:19.7022711Z   --dataset benchmarks/data/generated/small/users.json \
2026-09-29T21:30:19.7023133Z   --dataset benchmarks/data/generated/small/users.ndjson \
2026-09-29T21:30:19.7023842Z   --dataset benchmarks/data/generated/small/flat.json \
2026-09-29T21:30:19.7024249Z   --dataset benchmarks/data/generated/small/nested.json \
2026-09-29T21:30:19.7024669Z   --dataset benchmarks/data/generated/small/wide_arrays.json \
2026-09-29T21:30:19.7025094Z   --dataset benchmarks/data/generated/small/mixed.json \
2026-09-29T21:30:19.7025447Z   --output "bench_ci_linux-x86_64.md"
2026-09-29T21:30:19.7090230Z shell: /usr/bin/bash -e {0}
2026-09-29T21:30:19.7090486Z env:
2026-09-29T21:30:19.7090675Z   ARCHFLAGS: 
2026-09-29T21:30:19.7090955Z   pythonLocation: /opt/hostedtoolcache/Python/3.12.14/x64
2026-09-29T21:30:19.7091402Z   PKG_CONFIG_PATH: /opt/hostedtoolcache/Python/3.12.14/x64/lib/pkgconfig
2026-09-29T21:30:19.7091851Z   Python_ROOT_DIR: /opt/hostedtoolcache/Python/3.12.14/x64
2026-09-29T21:30:19.7092248Z   Python2_ROOT_DIR: /opt/hostedtoolcache/Python/3.12.14/x64
2026-09-29T21:30:19.7092635Z   Python3_ROOT_DIR: /opt/hostedtoolcache/Python/3.12.14/x64
2026-09-29T21:30:19.7093022Z   LD_LIBRARY_PATH: /opt/hostedtoolcache/Python/3.12.14/x64/lib
2026-09-29T21:30:19.7093578Z   PGO_MODE: use
2026-09-29T21:30:19.7093788Z   STRATA_ENABLE_LTO: 1
2026-09-29T21:30:19.7094001Z ##[endgroup]
2026-09-29T21:30:47.1902164Z wrote bench_ci_linux-x86_64.md
2026-09-29T21:30:47.2137610Z ##[group]Run PYTHONPATH=. .venv/bin/python -m benchmarks.supportability_check \
2026-09-29T21:30:47.2138682Z PYTHONPATH=. .venv/bin/python -m benchmarks.supportability_check \
2026-09-29T21:30:47.2139427Z   "bench_ci_linux-x86_64.md"
2026-09-29T21:30:47.2219552Z shell: /usr/bin/bash -e {0}
2026-09-29T21:30:47.2219894Z env:
2026-09-29T21:30:47.2220083Z   ARCHFLAGS: 
2026-09-29T21:30:47.2220378Z   pythonLocation: /opt/hostedtoolcache/Python/3.12.14/x64
2026-09-29T21:30:47.2220831Z   PKG_CONFIG_PATH: /opt/hostedtoolcache/Python/3.12.14/x64/lib/pkgconfig
2026-09-29T21:30:47.2221269Z   Python_ROOT_DIR: /opt/hostedtoolcache/Python/3.12.14/x64
2026-09-29T21:30:47.2221650Z   Python2_ROOT_DIR: /opt/hostedtoolcache/Python/3.12.14/x64
2026-09-29T21:30:47.2222031Z   Python3_ROOT_DIR: /opt/hostedtoolcache/Python/3.12.14/x64
2026-09-29T21:30:47.2222416Z   LD_LIBRARY_PATH: /opt/hostedtoolcache/Python/3.12.14/x64/lib
2026-09-29T21:30:47.2222736Z ##[endgroup]
2026-09-29T21:30:47.3185764Z supportability: bench_ci_linux-x86_64.md: 27/27 declared rows, no problems; 27 rows within 3.0x, no ERROR rows
2026-09-29T21:30:47.3347437Z ##[group]Run PYTHONPATH=. .venv/bin/python -m benchmarks.native_v1 \
2026-09-29T21:30:47.3348377Z PYTHONPATH=. .venv/bin/python -m benchmarks.native_v1 \
2026-09-29T21:30:47.3349155Z   --data benchmarks/data/generated --tiers small \
2026-09-29T21:30:47.3350058Z   --repeat 30 --warmup 2 \
2026-09-29T21:30:47.3350648Z   --output "bench_native_linux-x86_64.md"
2026-09-29T21:30:47.3446467Z shell: /usr/bin/bash -e {0}
2026-09-29T21:30:47.3446889Z env:
2026-09-29T21:30:47.3447224Z   ARCHFLAGS: 
2026-09-29T21:30:47.3447720Z   pythonLocation: /opt/hostedtoolcache/Python/3.12.14/x64
2026-09-29T21:30:47.3448533Z   PKG_CONFIG_PATH: /opt/hostedtoolcache/Python/3.12.14/x64/lib/pkgconfig
2026-09-29T21:30:47.3449336Z   Python_ROOT_DIR: /opt/hostedtoolcache/Python/3.12.14/x64
2026-09-29T21:30:47.3450063Z   Python2_ROOT_DIR: /opt/hostedtoolcache/Python/3.12.14/x64
2026-09-29T21:30:47.3450847Z   Python3_ROOT_DIR: /opt/hostedtoolcache/Python/3.12.14/x64
2026-09-29T21:30:47.3451655Z   LD_LIBRARY_PATH: /opt/hostedtoolcache/Python/3.12.14/x64/lib
2026-09-29T21:30:47.3452280Z   PGO_MODE: use
2026-09-29T21:30:47.3452649Z   STRATA_ENABLE_LTO: 1
2026-09-29T21:30:47.3453037Z ##[endgroup]
2026-09-29T21:30:49.2071400Z native-v1: 2/2 declared rows, 1 extra
2026-09-29T21:30:49.2072010Z native-v1: 1/1 declared rows, 2 extra
2026-09-29T21:30:49.2072498Z native-v1: 1/1 declared rows, 2 extra
2026-09-29T21:30:49.2261392Z ##[group]Run PYTHONPATH=. .venv/bin/python scripts/identity_ab.py \
2026-09-29T21:30:49.2262300Z PYTHONPATH=. .venv/bin/python scripts/identity_ab.py \
2026-09-29T21:30:49.2263060Z   --base "234ea15861d2f37b1b55c6251281a49021864441" \
2026-09-29T21:30:49.2264045Z   --arm-dir "/home/runner/work/_temp/identity-arm" \
2026-09-29T21:30:49.2264684Z   --out "identity-linux-x86_64"
2026-09-29T21:30:49.2265393Z cp "identity-linux-x86_64/identity.txt" "identity-linux-x86_64.txt"
2026-09-29T21:30:49.2353517Z shell: /usr/bin/bash -e {0}
2026-09-29T21:30:49.2353823Z env:
2026-09-29T21:30:49.2354016Z   ARCHFLAGS: 
2026-09-29T21:30:49.2354304Z   pythonLocation: /opt/hostedtoolcache/Python/3.12.14/x64
2026-09-29T21:30:49.2354804Z   PKG_CONFIG_PATH: /opt/hostedtoolcache/Python/3.12.14/x64/lib/pkgconfig
2026-09-29T21:30:49.2355281Z   Python_ROOT_DIR: /opt/hostedtoolcache/Python/3.12.14/x64
2026-09-29T21:30:49.2355716Z   Python2_ROOT_DIR: /opt/hostedtoolcache/Python/3.12.14/x64
2026-09-29T21:30:49.2356132Z   Python3_ROOT_DIR: /opt/hostedtoolcache/Python/3.12.14/x64
2026-09-29T21:30:49.2356540Z   LD_LIBRARY_PATH: /opt/hostedtoolcache/Python/3.12.14/x64/lib
2026-09-29T21:30:49.2356885Z ##[endgroup]
2026-09-29T21:30:49.2835975Z + git worktree add --force --detach /home/runner/work/_temp/identity-arm 234ea15861d2f37b1b55c6251281a49021864441
2026-09-29T21:30:49.2857314Z Preparing worktree (detached HEAD 234ea15)
2026-09-29T21:30:49.4693300Z HEAD is now at 234ea15 Merge M13: framework adapters, reconciled with native precedence
2026-09-29T21:30:49.4716987Z + make install-bench
2026-09-29T21:30:49.4737021Z python3 -m venv .venv
2026-09-29T21:30:51.9718431Z .venv/bin/python -m pip install -U pip setuptools wheel
2026-09-29T21:30:52.3467119Z Requirement already satisfied: pip in ./.venv/lib/python3.12/site-packages (25.0.1)
2026-09-29T21:30:52.4043754Z Collecting pip
2026-09-29T21:30:52.4057487Z   Using cached pip-26.2.1-py3-none-any.whl.metadata (4.6 kB)
2026-09-29T21:30:52.5160311Z Collecting setuptools
2026-09-29T21:30:52.5173154Z   Using cached setuptools-84.0.0-py3-none-any.whl.metadata (6.6 kB)
2026-09-29T21:30:52.5428622Z Collecting wheel
2026-09-29T21:30:52.5440167Z   Using cached wheel-0.48.0-py3-none-any.whl.metadata (2.3 kB)
2026-09-29T21:30:52.5597879Z Collecting packaging>=24.0 (from wheel)
2026-09-29T21:30:52.5609609Z   Using cached packaging-26.3-py3-none-any.whl.metadata (3.5 kB)
2026-09-29T21:30:52.5642164Z Using cached pip-26.2.1-py3-none-any.whl (1.8 MB)
2026-09-29T21:30:52.5659959Z Using cached setuptools-84.0.0-py3-none-any.whl (818 kB)
2026-09-29T21:30:52.5674620Z Using cached wheel-0.48.0-py3-none-any.whl (33 kB)
2026-09-29T21:30:52.5685920Z Using cached packaging-26.3-py3-none-any.whl (129 kB)
2026-09-29T21:30:52.5945629Z Installing collected packages: setuptools, pip, packaging, wheel
2026-09-29T21:30:53.0646471Z   Attempting uninstall: pip
2026-09-29T21:30:53.0670963Z     Found existing installation: pip 25.0.1
2026-09-29T21:30:53.1035768Z     Uninstalling pip-25.0.1:
2026-09-29T21:30:53.1093825Z       Successfully uninstalled pip-25.0.1
2026-09-29T21:30:54.0847824Z Successfully installed packaging-26.3 pip-26.2.1 setuptools-84.0.0 wheel-0.48.0
2026-09-29T21:30:54.2652458Z .venv/bin/python -m pip install -e '.[dev,bench]'
2026-09-29T21:30:54.5825591Z Obtaining file:///home/runner/work/_temp/identity-arm
2026-09-29T21:30:54.5846777Z   Installing build dependencies: started
2026-09-29T21:30:56.5642310Z   Installing build dependencies: finished with status 'done'
2026-09-29T21:30:56.5649328Z   Checking if build backend supports build_editable: started
2026-09-29T21:30:56.8587209Z   Checking if build backend supports build_editable: finished with status 'done'
2026-09-29T21:30:56.8596070Z   Getting requirements to build editable: started
2026-09-29T21:30:57.2344072Z   Getting requirements to build editable: finished with status 'done'
2026-09-29T21:30:57.2353665Z   Preparing editable metadata (pyproject.toml): started
2026-09-29T21:30:57.4708966Z   Preparing editable metadata (pyproject.toml): finished with status 'done'
2026-09-29T21:30:57.5761046Z Collecting cmake>=3.20 (from strata==2026.8.10)
2026-09-29T21:30:57.5777269Z   Using cached cmake-4.4.3-py3-none-manylinux2014_x86_64.manylinux_2_17_x86_64.whl.metadata (7.0 kB)
2026-09-29T21:30:57.5972378Z Collecting pytest>=7 (from strata==2026.8.10)
2026-09-29T21:30:57.5984979Z   Using cached pytest-9.1.1-py3-none-any.whl.metadata (7.6 kB)
2026-09-29T21:30:57.6830371Z Collecting pytest-cov>=4 (from strata==2026.8.10)
2026-09-29T21:30:57.6843384Z   Using cached pytest_cov-7.1.0-py3-none-any.whl.metadata (32 kB)
2026-09-29T21:30:58.0134973Z Collecting ruff>=0.5 (from strata==2026.8.10)
2026-09-29T21:30:58.0150563Z   Using cached ruff-0.16.9-py3-none-manylinux_2_17_x86_64.manylinux2014_x86_64.whl.metadata (20 kB)
2026-09-29T21:30:58.0510322Z Collecting pre-commit>=3.5 (from strata==2026.8.10)
2026-09-29T21:30:58.0514310Z   Using cached pre_commit-4.6.2-py2.py3-none-any.whl.metadata (1.2 kB)
2026-09-29T21:30:58.1151548Z Collecting clang-format<22,>=21 (from strata==2026.8.10)
2026-09-29T21:30:58.1165871Z   Using cached clang_format-21.1.8-py2.py3-none-manylinux_2_27_x86_64.manylinux_2_28_x86_64.whl.metadata (4.7 kB)
2026-09-29T21:30:58.3453180Z Collecting orjson (from strata==2026.8.10)
2026-09-29T21:30:58.3467360Z   Using cached orjson-3.12.0-cp312-cp312-manylinux_2_17_x86_64.manylinux2014_x86_64.whl.metadata (41 kB)
2026-09-29T21:30:58.4254454Z Collecting msgspec (from strata==2026.8.10)
2026-09-29T21:30:58.4268918Z   Using cached msgspec-0.22.0-cp312-cp312-manylinux2014_x86_64.manylinux_2_17_x86_64.manylinux_2_28_x86_64.whl.metadata (6.0 kB)
2026-09-29T21:30:58.5005162Z Collecting ujson (from strata==2026.8.10)
2026-09-29T21:30:58.5018791Z   Using cached ujson-6.0.0-cp312-cp312-manylinux_2_24_x86_64.manylinux_2_28_x86_64.whl.metadata (10.0 kB)
2026-09-29T21:30:58.5519494Z Collecting pysimdjson (from strata==2026.8.10)
2026-09-29T21:30:58.5533991Z   Using cached pysimdjson-7.0.2-cp312-cp312-manylinux_2_17_x86_64.manylinux2014_x86_64.whl.metadata (1.1 kB)
2026-09-29T21:30:58.5725457Z Collecting jmespath (from strata==2026.8.10)
2026-09-29T21:30:58.5738023Z   Using cached jmespath-1.1.0-py3-none-any.whl.metadata (7.6 kB)
2026-09-29T21:30:58.5942133Z Collecting jsonpath-ng (from strata==2026.8.10)
2026-09-29T21:30:58.5954768Z   Using cached jsonpath_ng-1.8.0-py3-none-any.whl.metadata (18 kB)
2026-09-29T21:30:58.6649878Z Collecting psutil>=5 (from strata==2026.8.10)
2026-09-29T21:30:58.6664465Z   Using cached psutil-7.2.2-cp36-abi3-manylinux2010_x86_64.manylinux_2_12_x86_64.manylinux_2_28_x86_64.whl.metadata (22 kB)
2026-09-29T21:30:58.6938581Z Collecting cfgv>=2.0.0 (from pre-commit>=3.5->strata==2026.8.10)
2026-09-29T21:30:58.6951007Z   Using cached cfgv-3.5.0-py2.py3-none-any.whl.metadata (8.9 kB)
2026-09-29T21:30:58.7347028Z Collecting identify>=1.0.0 (from pre-commit>=3.5->strata==2026.8.10)
2026-09-29T21:30:58.7360450Z   Using cached identify-2.6.20-py2.py3-none-any.whl.metadata (4.4 kB)
2026-09-29T21:30:58.7572707Z Collecting nodeenv>=0.11.1 (from pre-commit>=3.5->strata==2026.8.10)
2026-09-29T21:30:58.7586121Z   Using cached nodeenv-1.11.0-py2.py3-none-any.whl.metadata (40 kB)
2026-09-29T21:30:58.8019842Z Collecting pyyaml>=5.1 (from pre-commit>=3.5->strata==2026.8.10)
2026-09-29T21:30:58.8034004Z   Using cached pyyaml-6.0.3-cp312-cp312-manylinux2014_x86_64.manylinux_2_17_x86_64.manylinux_2_28_x86_64.whl.metadata (2.4 kB)
2026-09-29T21:30:58.8478684Z Collecting virtualenv>=20.10.0 (from pre-commit>=3.5->strata==2026.8.10)
2026-09-29T21:30:58.8492132Z   Using cached virtualenv-21.14.0-py3-none-any.whl.metadata (4.1 kB)
2026-09-29T21:30:58.8560913Z Collecting iniconfig>=1.0.1 (from pytest>=7->strata==2026.8.10)
2026-09-29T21:30:58.8573133Z   Using cached iniconfig-2.3.0-py3-none-any.whl.metadata (2.5 kB)
2026-09-29T21:30:58.8591136Z Requirement already satisfied: packaging>=22 in ./.venv/lib/python3.12/site-packages (from pytest>=7->strata==2026.8.10) (26.3)
2026-09-29T21:30:58.8633944Z Collecting pluggy<2,>=1.5 (from pytest>=7->strata==2026.8.10)
2026-09-29T21:30:58.8646362Z   Using cached pluggy-1.6.0-py3-none-any.whl.metadata (4.8 kB)
2026-09-29T21:30:58.8756770Z Collecting pygments>=2.7.2 (from pytest>=7->strata==2026.8.10)
2026-09-29T21:30:58.8768999Z   Using cached pygments-2.21.0-py3-none-any.whl.metadata (2.5 kB)
2026-09-29T21:30:59.2882067Z Collecting coverage>=7.10.6 (from coverage[toml]>=7.10.6->pytest-cov>=4->strata==2026.8.10)
2026-09-29T21:30:59.2897092Z   Using cached coverage-7.16.2-cp312-cp312-manylinux1_x86_64.manylinux_2_28_x86_64.manylinux_2_5_x86_64.whl.metadata (8.2 kB)
2026-09-29T21:30:59.3122101Z Collecting distlib<1,>=0.3.7 (from virtualenv>=20.10.0->pre-commit>=3.5->strata==2026.8.10)
2026-09-29T21:30:59.3134188Z   Using cached distlib-0.4.3-py2.py3-none-any.whl.metadata (5.3 kB)
2026-09-29T21:30:59.3413385Z Collecting filelock<5,>=3.24.2 (from virtualenv>=20.10.0->pre-commit>=3.5->strata==2026.8.10)
2026-09-29T21:30:59.3425622Z   Using cached filelock-4.0.6-py3-none-any.whl.metadata (2.0 kB)
2026-09-29T21:30:59.3683300Z Collecting platformdirs<5,>=3.9.1 (from virtualenv>=20.10.0->pre-commit>=3.5->strata==2026.8.10)
2026-09-29T21:30:59.3695506Z   Using cached platformdirs-4.12.2-py3-none-any.whl.metadata (5.5 kB)
2026-09-29T21:30:59.3888044Z Collecting python-discovery>=1.6 (from virtualenv>=20.10.0->pre-commit>=3.5->strata==2026.8.10)
2026-09-29T21:30:59.3900037Z   Using cached python_discovery-1.6.1-py3-none-any.whl.metadata (5.1 kB)
2026-09-29T21:30:59.3991295Z Using cached clang_format-21.1.8-py2.py3-none-manylinux_2_27_x86_64.manylinux_2_28_x86_64.whl (1.8 MB)
2026-09-29T21:30:59.4009452Z Using cached cmake-4.4.3-py3-none-manylinux2014_x86_64.manylinux_2_17_x86_64.whl (30.2 MB)
2026-09-29T21:30:59.4134576Z Using cached pre_commit-4.6.2-py2.py3-none-any.whl (226 kB)
2026-09-29T21:30:59.4145907Z Using cached cfgv-3.5.0-py2.py3-none-any.whl (7.4 kB)
2026-09-29T21:30:59.4157323Z Using cached identify-2.6.20-py2.py3-none-any.whl (99 kB)
2026-09-29T21:30:59.4169157Z Using cached nodeenv-1.11.0-py2.py3-none-any.whl (34 kB)
2026-09-29T21:30:59.4181059Z Using cached psutil-7.2.2-cp36-abi3-manylinux2010_x86_64.manylinux_2_12_x86_64.manylinux_2_28_x86_64.whl (155 kB)
2026-09-29T21:30:59.4192440Z Using cached pytest-9.1.1-py3-none-any.whl (386 kB)
2026-09-29T21:30:59.4205209Z Using cached pluggy-1.6.0-py3-none-any.whl (20 kB)
2026-09-29T21:30:59.4216540Z Using cached iniconfig-2.3.0-py3-none-any.whl (7.5 kB)
2026-09-29T21:30:59.4227855Z Using cached pygments-2.21.0-py3-none-any.whl (1.3 MB)
2026-09-29T21:30:59.4243595Z Using cached pytest_cov-7.1.0-py3-none-any.whl (22 kB)
2026-09-29T21:30:59.4255613Z Using cached coverage-7.16.2-cp312-cp312-manylinux1_x86_64.manylinux_2_28_x86_64.manylinux_2_5_x86_64.whl (258 kB)
2026-09-29T21:30:59.4267946Z Using cached pyyaml-6.0.3-cp312-cp312-manylinux2014_x86_64.manylinux_2_17_x86_64.manylinux_2_28_x86_64.whl (807 kB)
2026-09-29T21:30:59.4282486Z Using cached ruff-0.16.9-py3-none-manylinux_2_17_x86_64.manylinux2014_x86_64.whl (10.4 MB)
2026-09-29T21:30:59.4332934Z Using cached virtualenv-21.14.0-py3-none-any.whl (5.5 MB)
2026-09-29T21:30:59.4363571Z Using cached distlib-0.4.3-py2.py3-none-any.whl (470 kB)
2026-09-29T21:30:59.4376763Z Using cached filelock-4.0.6-py3-none-any.whl (109 kB)
2026-09-29T21:30:59.4388610Z Using cached platformdirs-4.12.2-py3-none-any.whl (32 kB)
2026-09-29T21:30:59.4400127Z Using cached python_discovery-1.6.1-py3-none-any.whl (38 kB)
2026-09-29T21:30:59.4411539Z Using cached jmespath-1.1.0-py3-none-any.whl (20 kB)
2026-09-29T21:30:59.4422984Z Using cached jsonpath_ng-1.8.0-py3-none-any.whl (67 kB)
2026-09-29T21:30:59.4435330Z Using cached msgspec-0.22.0-cp312-cp312-manylinux2014_x86_64.manylinux_2_17_x86_64.manylinux_2_28_x86_64.whl (230 kB)
2026-09-29T21:30:59.4447352Z Using cached orjson-3.12.0-cp312-cp312-manylinux_2_17_x86_64.manylinux2014_x86_64.whl (131 kB)
2026-09-29T21:30:59.4458960Z Using cached pysimdjson-7.0.2-cp312-cp312-manylinux_2_17_x86_64.manylinux2014_x86_64.whl (3.2 MB)
2026-09-29T21:30:59.4481638Z Using cached ujson-6.0.0-cp312-cp312-manylinux_2_24_x86_64.manylinux_2_28_x86_64.whl (56 kB)
2026-09-29T21:30:59.5735029Z Building wheels for collected packages: strata
2026-09-29T21:30:59.5742426Z   Building editable for strata (pyproject.toml): started
2026-09-29T21:31:59.7565842Z   Building editable for strata (pyproject.toml): still running...
2026-09-29T21:32:59.8822630Z   Building editable for strata (pyproject.toml): still running...
2026-09-29T21:34:01.1807906Z   Building editable for strata (pyproject.toml): still running...
2026-09-29T21:34:40.2328231Z   Building editable for strata (pyproject.toml): finished with status 'done'
2026-09-29T21:34:40.2335366Z   Created wheel for strata: filename=strata-2026.8.10-0.editable-cp312-cp312-linux_x86_64.whl size=4457 sha256=35c57169f49eba13925ff419732baaed1f646ee8c40ab5c97f2122f16717894f
2026-09-29T21:34:40.2337156Z   Stored in directory: /tmp/pip-ephem-wheel-cache-n8s0v5bh/wheels/4b/14/de/c01d5c98e482dba508ed0b80beaf37c3b37034de18f4d8fbd4
2026-09-29T21:34:40.2356974Z Successfully built strata
2026-09-29T21:34:40.3141724Z Installing collected packages: jsonpath-ng, distlib, clang-format, ujson, strata, ruff, pyyaml, pysimdjson, pygments, psutil, pluggy, platformdirs, orjson, nodeenv, msgspec, jmespath, iniconfig, identify, filelock, coverage, cmake, cfgv, python-discovery, pytest, virtualenv, pytest-cov, pre-commit
2026-09-29T21:34:43.1414235Z 
2026-09-29T21:34:43.1444794Z Successfully installed cfgv-3.5.0 clang-format-21.1.8 cmake-4.4.3 coverage-7.16.2 distlib-0.4.3 filelock-4.0.6 identify-2.6.20 iniconfig-2.3.0 jmespath-1.1.0 jsonpath-ng-1.8.0 msgspec-0.22.0 nodeenv-1.11.0 orjson-3.12.0 platformdirs-4.12.2 pluggy-1.6.0 pre-commit-4.6.2 psutil-7.2.2 pygments-2.21.0 pysimdjson-7.0.2 pytest-9.1.1 pytest-cov-7.1.0 python-discovery-1.6.1 pyyaml-6.0.3 ruff-0.16.9 strata-2026.8.10 ujson-6.0.0 virtualenv-21.14.0
2026-09-29T21:34:43.6810662Z + make pgo
2026-09-29T21:34:43.7049176Z ==> PGO: compiler is clang
2026-09-29T21:34:43.7073695Z ==> PGO phase 1: instrumented build
2026-09-29T21:34:44.0232729Z Obtaining file:///home/runner/work/_temp/identity-arm
2026-09-29T21:34:44.0253138Z   Installing build dependencies: started
2026-09-29T21:34:45.8138662Z   Installing build dependencies: finished with status 'done'
2026-09-29T21:34:45.8145256Z   Checking if build backend supports build_editable: started
2026-09-29T21:34:46.1017927Z   Checking if build backend supports build_editable: finished with status 'done'
2026-09-29T21:34:46.1025868Z   Getting requirements to build editable: started
2026-09-29T21:34:46.4854802Z   Getting requirements to build editable: finished with status 'done'
2026-09-29T21:34:46.4864781Z   Preparing editable metadata (pyproject.toml): started
2026-09-29T21:34:46.7255592Z   Preparing editable metadata (pyproject.toml): finished with status 'done'
2026-09-29T21:34:46.7313664Z Building wheels for collected packages: strata
2026-09-29T21:34:46.7321370Z   Building editable for strata (pyproject.toml): started
2026-09-29T21:35:46.8552587Z   Building editable for strata (pyproject.toml): still running...
2026-09-29T21:35:50.4066009Z   Building editable for strata (pyproject.toml): finished with status 'done'
2026-09-29T21:35:50.4074341Z   Created wheel for strata: filename=strata-2026.8.10-0.editable-cp312-cp312-linux_x86_64.whl size=4457 sha256=f80e0e6d86ef77ddf31ed6d75a78cc7ecd25ab29ac9ff826568f5ac79635d866
2026-09-29T21:35:50.4075993Z   Stored in directory: /tmp/pip-ephem-wheel-cache-ul8anf09/wheels/4b/14/de/c01d5c98e482dba508ed0b80beaf37c3b37034de18f4d8fbd4
2026-09-29T21:35:50.4101814Z Successfully built strata
2026-09-29T21:35:50.4211022Z Installing collected packages: strata
2026-09-29T21:35:50.4212862Z   Attempting uninstall: strata
2026-09-29T21:35:50.4234517Z     Found existing installation: strata 2026.8.10
2026-09-29T21:35:50.4251344Z     Uninstalling strata-2026.8.10:
2026-09-29T21:35:50.4552288Z       Successfully uninstalled strata-2026.8.10
2026-09-29T21:35:50.4665575Z Successfully installed strata-2026.8.10
2026-09-29T21:35:50.9985507Z ==> PGO: the hook image must carry no profile
2026-09-29T21:35:51.0525103Z + strata._dumps_hook is unprofiled: _dumps_hook.cpython-312-x86_64-linux-gnu.so.build.json records no profile or profile flag,
2026-09-29T21:35:51.0526195Z   and the image links no profile runtime
2026-09-29T21:35:51.0590690Z ==> PGO: generating training data
2026-09-29T21:35:51.5277841Z   build/pgo/train.json (10.0 MB)
2026-09-29T21:35:51.5279012Z   build/pgo/train.ndjson (10.0 MB)
2026-09-29T21:35:51.5336244Z ==> PGO: running the training workload
2026-09-29T21:35:51.7844006Z PGO training workload
2026-09-29T21:35:51.7844562Z   corpus: 4001 records, 10.0 MB
2026-09-29T21:35:51.7845055Z [1/7] loads
2026-09-29T21:35:51.7845441Z   loads(str): 1x in 0.05s
2026-09-29T21:35:51.8617511Z   loads(bytes): 1x in 0.05s
2026-09-29T21:35:51.9006427Z   loads(sample): 5x in 0.01s
2026-09-29T21:35:51.9354621Z   loads(cursor): 5x in 0.01s
2026-09-29T21:35:51.9627701Z   loads(iterator): 3x in 0.01s
2026-09-29T21:35:52.0052440Z [2/7] dumps
2026-09-29T21:35:52.0052996Z   dumps(str): 1x in 0.02s
2026-09-29T21:35:52.0647677Z   dumps(bytes): 3x in 0.03s
2026-09-29T21:35:52.0935539Z   dumps(sample, bytes): 5x in 0.00s
2026-09-29T21:35:52.1182369Z   dumps(sample): 5x in 0.00s
2026-09-29T21:35:52.1421864Z   dumps(parsed sample, bytes): 2x in 0.00s
2026-09-29T21:35:52.2141978Z [3/7] load
2026-09-29T21:35:52.2142383Z   load(json): 1x in 0.05s
2026-09-29T21:35:52.2967898Z   load(ndjson): 1x in 0.06s
2026-09-29T21:35:52.3804873Z   load(ndjson, iterator): 1x in 0.06s
2026-09-29T21:35:52.4090351Z [4/7] dump
2026-09-29T21:35:52.4090891Z   dump(json): 3x in 0.00s
2026-09-29T21:35:52.4303431Z [5/7] query
2026-09-29T21:35:52.4304215Z   query $[0].name: 3x in 0.00s
2026-09-29T21:35:52.4528368Z   query $[*].id: 3x in 0.00s
2026-09-29T21:35:52.4744585Z   query $[*].items[*].sku: 3x in 0.00s
2026-09-29T21:35:52.4963157Z   query $..leaf: 3x in 0.00s
2026-09-29T21:35:52.5178952Z   query $[0:50].score: 3x in 0.00s
2026-09-29T21:35:52.5406168Z   query $[?(@.id > 100)].name: 3x in 0.00s
2026-09-29T21:35:52.5629848Z   query $[?(@.id <= 500)]: 3x in 0.00s
2026-09-29T21:35:52.5856528Z   query $[?(@.name == 'alpha')]: 3x in 0.00s
2026-09-29T21:35:52.6086985Z   query $[?(@.name != 'alpha')].id: 3x in 0.00s
2026-09-29T21:35:52.6308138Z   query $[?(@['id'] >= 0)].name: 3x in 0.00s
2026-09-29T21:35:52.6534004Z   query $[*].nested.child: 3x in 0.00s
2026-09-29T21:35:52.6748886Z   query $[*].tags[0]: 3x in 0.00s
2026-09-29T21:35:52.6954169Z   query $.*: 3x in 0.00s
2026-09-29T21:35:52.7166238Z   query(compiled): 5x in 0.00s
2026-09-29T21:35:52.7552414Z [6/7] search
2026-09-29T21:35:52.7552795Z   search json $[*].id: 1x in 0.02s
2026-09-29T21:35:52.8361046Z   search ndjson $[*].id: 1x in 0.06s
2026-09-29T21:35:52.9166379Z   search json $..leaf: 1x in 0.06s
2026-09-29T21:35:53.0004258Z   search ndjson $..leaf: 1x in 0.06s
2026-09-29T21:35:53.0802975Z   search json $[?(@.id > 100)].name: 1x in 0.05s
2026-09-29T21:35:53.1617906Z   search ndjson $[?(@.id > 100)].name: 1x in 0.06s
2026-09-29T21:35:53.1873193Z [7/7] folder mode
2026-09-29T21:35:53.1874068Z   dump(split_by): 1x in 0.00s
2026-09-29T21:35:53.2106432Z   load(folder): 1x in 0.00s
2026-09-29T21:35:53.2321869Z   search(folder): 1x in 0.00s
2026-09-29T21:35:53.2578985Z PGO training workload complete
2026-09-29T21:35:53.2669335Z ==> PGO: gate tests on the instrumented build
2026-09-29T21:35:53.3007143Z + /home/runner/work/_temp/identity-arm/.venv/bin/cmake -S . -B build/cmake -DCMAKE_BUILD_TYPE=Release
2026-09-29T21:35:53.4611326Z -- Configuring done (0.0s)
2026-09-29T21:35:53.5174224Z -- Generating done (0.1s)
2026-09-29T21:35:53.5179198Z -- Build files have been written to: /home/runner/work/_temp/identity-arm/build/cmake
2026-09-29T21:35:53.5192884Z + /home/runner/work/_temp/identity-arm/.venv/bin/cmake --build build/cmake --config Release
2026-09-29T21:35:53.6753604Z gmake[1]: Entering directory '/home/runner/work/_temp/identity-arm/build/cmake'
2026-09-29T21:35:53.6827930Z gmake[2]: Entering directory '/home/runner/work/_temp/identity-arm/build/cmake'
2026-09-29T21:35:53.6841193Z gmake[3]: Entering directory '/home/runner/work/_temp/identity-arm/build/cmake'
2026-09-29T21:35:53.6962924Z gmake[3]: Leaving directory '/home/runner/work/_temp/identity-arm/build/cmake'
2026-09-29T21:35:53.7005151Z gmake[3]: Entering directory '/home/runner/work/_temp/identity-arm/build/cmake'
2026-09-29T21:35:53.7033967Z [  0%] Linking CXX executable smoke_tests
2026-09-29T21:35:53.7670410Z gmake[3]: Leaving directory '/home/runner/work/_temp/identity-arm/build/cmake'
2026-09-29T21:35:53.7707223Z [  6%] Built target smoke_tests
2026-09-29T21:35:53.7726103Z gmake[3]: Entering directory '/home/runner/work/_temp/identity-arm/build/cmake'
2026-09-29T21:35:53.7850483Z gmake[3]: Leaving directory '/home/runner/work/_temp/identity-arm/build/cmake'
2026-09-29T21:35:53.7893831Z gmake[3]: Entering directory '/home/runner/work/_temp/identity-arm/build/cmake'
2026-09-29T21:35:53.7922623Z [  7%] Linking CXX executable json_core_tests
2026-09-29T21:35:53.8563551Z gmake[3]: Leaving directory '/home/runner/work/_temp/identity-arm/build/cmake'
2026-09-29T21:35:53.8599907Z [ 13%] Built target json_core_tests
2026-09-29T21:35:53.8618202Z gmake[3]: Entering directory '/home/runner/work/_temp/identity-arm/build/cmake'
2026-09-29T21:35:53.8745212Z gmake[3]: Leaving directory '/home/runner/work/_temp/identity-arm/build/cmake'
2026-09-29T21:35:53.8788327Z gmake[3]: Entering directory '/home/runner/work/_temp/identity-arm/build/cmake'
2026-09-29T21:35:53.8818535Z [ 13%] Linking CXX executable json_parse_tests
2026-09-29T21:35:53.9464968Z gmake[3]: Leaving directory '/home/runner/work/_temp/identity-arm/build/cmake'
2026-09-29T21:35:53.9502523Z [ 19%] Built target json_parse_tests
2026-09-29T21:35:53.9520522Z gmake[3]: Entering directory '/home/runner/work/_temp/identity-arm/build/cmake'
2026-09-29T21:35:53.9647059Z gmake[3]: Leaving directory '/home/runner/work/_temp/identity-arm/build/cmake'
2026-09-29T21:35:53.9691441Z gmake[3]: Entering directory '/home/runner/work/_temp/identity-arm/build/cmake'
2026-09-29T21:35:53.9721079Z [ 20%] Linking CXX executable fast_parse_tests
2026-09-29T21:35:54.0364535Z gmake[3]: Leaving directory '/home/runner/work/_temp/identity-arm/build/cmake'
2026-09-29T21:35:54.0401888Z [ 25%] Built target fast_parse_tests
2026-09-29T21:35:54.0420309Z gmake[3]: Entering directory '/home/runner/work/_temp/identity-arm/build/cmake'
2026-09-29T21:35:54.0546177Z gmake[3]: Leaving directory '/home/runner/work/_temp/identity-arm/build/cmake'
2026-09-29T21:35:54.0590403Z gmake[3]: Entering directory '/home/runner/work/_temp/identity-arm/build/cmake'
2026-09-29T21:35:54.0621054Z [ 26%] Linking CXX executable value_cursor_tests
2026-09-29T21:35:54.1266854Z gmake[3]: Leaving directory '/home/runner/work/_temp/identity-arm/build/cmake'
2026-09-29T21:35:54.1303208Z [ 32%] Built target value_cursor_tests
2026-09-29T21:35:54.1321594Z gmake[3]: Entering directory '/home/runner/work/_temp/identity-arm/build/cmake'
2026-09-29T21:35:54.1447938Z gmake[3]: Leaving directory '/home/runner/work/_temp/identity-arm/build/cmake'
2026-09-29T21:35:54.1491625Z gmake[3]: Entering directory '/home/runner/work/_temp/identity-arm/build/cmake'
2026-09-29T21:35:54.1521289Z [ 32%] Linking CXX executable json_serialize_tests
2026-09-29T21:35:54.2160384Z gmake[3]: Leaving directory '/home/runner/work/_temp/identity-arm/build/cmake'
2026-09-29T21:35:54.2197087Z [ 38%] Built target json_serialize_tests
2026-09-29T21:35:54.2215541Z gmake[3]: Entering directory '/home/runner/work/_temp/identity-arm/build/cmake'
2026-09-29T21:35:54.2345026Z gmake[3]: Leaving directory '/home/runner/work/_temp/identity-arm/build/cmake'
2026-09-29T21:35:54.2388602Z gmake[3]: Entering directory '/home/runner/work/_temp/identity-arm/build/cmake'
2026-09-29T21:35:54.2419342Z [ 39%] Linking CXX executable float_precision_tests
2026-09-29T21:35:54.3059822Z gmake[3]: Leaving directory '/home/runner/work/_temp/identity-arm/build/cmake'
2026-09-29T21:35:54.3098120Z [ 44%] Built target float_precision_tests
2026-09-29T21:35:54.3116698Z gmake[3]: Entering directory '/home/runner/work/_temp/identity-arm/build/cmake'
2026-09-29T21:35:54.3245368Z gmake[3]: Leaving directory '/home/runner/work/_temp/identity-arm/build/cmake'
2026-09-29T21:35:54.3289662Z gmake[3]: Entering directory '/home/runner/work/_temp/identity-arm/build/cmake'
2026-09-29T21:35:54.3321286Z [ 45%] Linking CXX executable json_cursor_tests
2026-09-29T21:35:54.3949052Z gmake[3]: Leaving directory '/home/runner/work/_temp/identity-arm/build/cmake'
2026-09-29T21:35:54.3986021Z [ 50%] Built target json_cursor_tests
2026-09-29T21:35:54.4004926Z gmake[3]: Entering directory '/home/runner/work/_temp/identity-arm/build/cmake'
2026-09-29T21:35:54.4128762Z gmake[3]: Leaving directory '/home/runner/work/_temp/identity-arm/build/cmake'
2026-09-29T21:35:54.4171348Z gmake[3]: Entering directory '/home/runner/work/_temp/identity-arm/build/cmake'
2026-09-29T21:35:54.4199752Z [ 51%] Linking CXX executable ndjson_tests
2026-09-29T21:35:54.4828649Z gmake[3]: Leaving directory '/home/runner/work/_temp/identity-arm/build/cmake'
2026-09-29T21:35:54.4865142Z [ 56%] Built target ndjson_tests
2026-09-29T21:35:54.4883748Z gmake[3]: Entering directory '/home/runner/work/_temp/identity-arm/build/cmake'
2026-09-29T21:35:54.5011020Z gmake[3]: Leaving directory '/home/runner/work/_temp/identity-arm/build/cmake'
2026-09-29T21:35:54.5053776Z gmake[3]: Entering directory '/home/runner/work/_temp/identity-arm/build/cmake'
2026-09-29T21:35:54.5081621Z [ 57%] Linking CXX executable jsonpath_tests
2026-09-29T21:35:54.5725814Z gmake[3]: Leaving directory '/home/runner/work/_temp/identity-arm/build/cmake'
2026-09-29T21:35:54.5762094Z [ 63%] Built target jsonpath_tests
2026-09-29T21:35:54.5780691Z gmake[3]: Entering directory '/home/runner/work/_temp/identity-arm/build/cmake'
2026-09-29T21:35:54.5904867Z gmake[3]: Leaving directory '/home/runner/work/_temp/identity-arm/build/cmake'
2026-09-29T21:35:54.5948604Z gmake[3]: Entering directory '/home/runner/work/_temp/identity-arm/build/cmake'
2026-09-29T21:35:54.5976834Z [ 63%] Linking CXX executable jsonpath_stream_tests
2026-09-29T21:35:54.6624261Z gmake[3]: Leaving directory '/home/runner/work/_temp/identity-arm/build/cmake'
2026-09-29T21:35:54.6660358Z [ 69%] Built target jsonpath_stream_tests
2026-09-29T21:35:54.6678646Z gmake[3]: Entering directory '/home/runner/work/_temp/identity-arm/build/cmake'
2026-09-29T21:35:54.6802713Z gmake[3]: Leaving directory '/home/runner/work/_temp/identity-arm/build/cmake'
2026-09-29T21:35:54.6845995Z gmake[3]: Entering directory '/home/runner/work/_temp/identity-arm/build/cmake'
2026-09-29T21:35:54.6875330Z [ 69%] Linking CXX executable scan_tests
2026-09-29T21:35:54.7492996Z gmake[3]: Leaving directory '/home/runner/work/_temp/identity-arm/build/cmake'
2026-09-29T21:35:54.7528719Z [ 75%] Built target scan_tests
2026-09-29T21:35:54.7547131Z gmake[3]: Entering directory '/home/runner/work/_temp/identity-arm/build/cmake'
2026-09-29T21:35:54.7673975Z gmake[3]: Leaving directory '/home/runner/work/_temp/identity-arm/build/cmake'
2026-09-29T21:35:54.7718127Z gmake[3]: Entering directory '/home/runner/work/_temp/identity-arm/build/cmake'
2026-09-29T21:35:54.7746036Z [ 75%] Linking CXX executable temporal_tests
2026-09-29T21:35:54.8376951Z gmake[3]: Leaving directory '/home/runner/work/_temp/identity-arm/build/cmake'
2026-09-29T21:35:54.8412488Z [ 81%] Built target temporal_tests
2026-09-29T21:35:54.8431358Z gmake[3]: Entering directory '/home/runner/work/_temp/identity-arm/build/cmake'
2026-09-29T21:35:54.8557939Z gmake[3]: Leaving directory '/home/runner/work/_temp/identity-arm/build/cmake'
2026-09-29T21:35:54.8601212Z gmake[3]: Entering directory '/home/runner/work/_temp/identity-arm/build/cmake'
2026-09-29T21:35:54.8629888Z [ 81%] Linking CXX executable folder_tests
2026-09-29T21:35:54.9258447Z gmake[3]: Leaving directory '/home/runner/work/_temp/identity-arm/build/cmake'
2026-09-29T21:35:54.9294038Z [ 87%] Built target folder_tests
2026-09-29T21:35:54.9311856Z gmake[3]: Entering directory '/home/runner/work/_temp/identity-arm/build/cmake'
2026-09-29T21:35:54.9438239Z gmake[3]: Leaving directory '/home/runner/work/_temp/identity-arm/build/cmake'
2026-09-29T21:35:54.9480951Z gmake[3]: Entering directory '/home/runner/work/_temp/identity-arm/build/cmake'
2026-09-29T21:35:54.9508579Z [ 87%] Linking CXX executable fuzz_corpus_tests
2026-09-29T21:35:55.0140108Z gmake[3]: Leaving directory '/home/runner/work/_temp/identity-arm/build/cmake'
2026-09-29T21:35:55.0176432Z [ 93%] Built target fuzz_corpus_tests
2026-09-29T21:35:55.0194767Z gmake[3]: Entering directory '/home/runner/work/_temp/identity-arm/build/cmake'
2026-09-29T21:35:55.0318986Z gmake[3]: Leaving directory '/home/runner/work/_temp/identity-arm/build/cmake'
2026-09-29T21:35:55.0361442Z gmake[3]: Entering directory '/home/runner/work/_temp/identity-arm/build/cmake'
2026-09-29T21:35:55.0389465Z [ 94%] Linking CXX executable stress_deep_tests
2026-09-29T21:35:55.1016627Z gmake[3]: Leaving directory '/home/runner/work/_temp/identity-arm/build/cmake'
2026-09-29T21:35:55.1052749Z [100%] Built target stress_deep_tests
2026-09-29T21:35:55.1057853Z gmake[2]: Leaving directory '/home/runner/work/_temp/identity-arm/build/cmake'
2026-09-29T21:35:55.1110445Z gmake[1]: Leaving directory '/home/runner/work/_temp/identity-arm/build/cmake'
2026-09-29T21:35:55.1121257Z + /home/runner/work/_temp/identity-arm/.venv/bin/ctest --test-dir build/cmake --build-config Release --output-on-failure --no-tests=error
2026-09-29T21:35:55.2644257Z Test project /home/runner/work/_temp/identity-arm/build/cmake
2026-09-29T21:35:55.2650711Z       Start  1: smoke_tests
2026-09-29T21:35:55.2668522Z  1/16 Test  #1: smoke_tests ......................   Passed    0.00 sec
2026-09-29T21:35:55.2670448Z       Start  2: json_core_tests
2026-09-29T21:35:55.2686542Z  2/16 Test  #2: json_core_tests ..................   Passed    0.00 sec
2026-09-29T21:35:55.2687930Z       Start  3: json_parse_tests
2026-09-29T21:35:55.2704491Z  3/16 Test  #3: json_parse_tests .................   Passed    0.00 sec
2026-09-29T21:35:55.2705809Z       Start  4: fast_parse_tests
2026-09-29T21:35:55.3421940Z  4/16 Test  #4: fast_parse_tests .................   Passed    0.07 sec
2026-09-29T21:35:55.3424058Z       Start  5: value_cursor_tests
2026-09-29T21:35:55.3499701Z  5/16 Test  #5: value_cursor_tests ...............   Passed    0.01 sec
2026-09-29T21:35:55.3501111Z       Start  6: json_serialize_tests
2026-09-29T21:35:55.3517965Z  6/16 Test  #6: json_serialize_tests .............   Passed    0.00 sec
2026-09-29T21:35:55.3519355Z       Start  7: float_precision_tests
2026-09-29T21:35:58.4325525Z  7/16 Test  #7: float_precision_tests ............   Passed    3.08 sec
2026-09-29T21:35:58.4327355Z       Start  8: json_cursor_tests
2026-09-29T21:35:58.4348299Z  8/16 Test  #8: json_cursor_tests ................   Passed    0.00 sec
2026-09-29T21:35:58.4349977Z       Start  9: ndjson_tests
2026-09-29T21:35:58.4398055Z  9/16 Test  #9: ndjson_tests .....................   Passed    0.00 sec
2026-09-29T21:35:58.4399580Z       Start 10: jsonpath_tests
2026-09-29T21:35:58.4415976Z 10/16 Test #10: jsonpath_tests ...................   Passed    0.00 sec
2026-09-29T21:35:58.4417676Z       Start 11: jsonpath_stream_tests
2026-09-29T21:35:58.4437721Z 11/16 Test #11: jsonpath_stream_tests ............   Passed    0.00 sec
2026-09-29T21:35:58.4439076Z       Start 12: scan_tests
2026-09-29T21:35:58.4616669Z 12/16 Test #12: scan_tests .......................   Passed    0.02 sec
2026-09-29T21:35:58.4618057Z       Start 13: temporal_tests
2026-09-29T21:35:58.4634057Z 13/16 Test #13: temporal_tests ...................   Passed    0.00 sec
2026-09-29T21:35:58.4635468Z       Start 14: folder_tests
2026-09-29T21:35:58.4678176Z 14/16 Test #14: folder_tests .....................   Passed    0.00 sec
2026-09-29T21:35:58.4679493Z       Start 15: fuzz_corpus_tests
2026-09-29T21:35:58.4719817Z 15/16 Test #15: fuzz_corpus_tests ................   Passed    0.00 sec
2026-09-29T21:35:58.4721446Z       Start 16: stress_deep_tests
2026-09-29T21:35:58.4753883Z 16/16 Test #16: stress_deep_tests ................   Passed    0.00 sec
2026-09-29T21:35:58.4758794Z 
2026-09-29T21:35:58.4759229Z 100% tests passed out of 16
2026-09-29T21:35:58.4759510Z 
2026-09-29T21:35:58.4759683Z Total Test time (real) =   3.21 sec
2026-09-29T21:35:58.5215033Z + pytest tests/py tests/unit --ignore=tests/unit/native_types --ignore=tests/py/native_types --basetemp=/tmp/pytest-of-runner/r78clre6
2026-09-29T21:35:59.1757410Z ============================= test session starts ==============================
2026-09-29T21:35:59.1758436Z platform linux -- Python 3.12.14, pytest-9.1.1, pluggy-1.6.0
2026-09-29T21:35:59.1759039Z rootdir: /home/runner/work/_temp/identity-arm
2026-09-29T21:35:59.1759587Z configfile: pyproject.toml
2026-09-29T21:35:59.1760041Z plugins: platformdirs-4.12.2, cov-7.1.0
2026-09-29T21:35:59.1760448Z collected 3183 items
2026-09-29T21:35:59.1760648Z 
2026-09-29T21:35:59.1970302Z tests/py/test_dumps_brace_fold.py .........                              [  0%]
2026-09-29T21:35:59.2360938Z tests/py/test_dumps_cycles_fused.py .................................... [  1%]
2026-09-29T21:35:59.2937953Z ....................................................                     [  3%]
2026-09-29T21:35:59.5070546Z tests/py/test_dumps_general_tables.py ............................       [  3%]
2026-09-29T21:35:59.9258693Z tests/py/test_dumps_with_default.py .................................... [  5%]
2026-09-29T21:36:00.1935389Z .............................ss                                          [  6%]
2026-09-29T21:36:00.2299940Z tests/py/test_dumps_with_default_contract.py ........................... [  6%]
2026-09-29T21:36:00.3325368Z ........................................................................ [  9%]
2026-09-29T21:36:00.4370246Z ........................................................................ [ 11%]
2026-09-29T21:36:00.4928504Z ..........................                                               [ 12%]
2026-09-29T21:36:00.4973516Z tests/py/test_fused_verification.py ..                                   [ 12%]
2026-09-29T21:36:00.5317369Z tests/py/test_json_parity.py ........................................... [ 13%]
2026-09-29T21:36:00.5883232Z ........................................................................ [ 15%]
2026-09-29T21:36:00.6451746Z ........................................................................ [ 18%]
2026-09-29T21:36:00.7016482Z ........................................................................ [ 20%]
2026-09-29T21:36:00.7577853Z ........................................................................ [ 22%]
2026-09-29T21:36:00.8136007Z ........................................................................ [ 24%]
2026-09-29T21:36:00.8669735Z ........................................................................ [ 27%]
2026-09-29T21:36:00.9195892Z ........................................................................ [ 29%]
2026-09-29T21:36:00.9719485Z ........................................................................ [ 31%]
2026-09-29T21:36:01.0253094Z ........................................................................ [ 33%]
2026-09-29T21:36:01.0779420Z ........................................................................ [ 36%]
2026-09-29T21:36:01.1299486Z ........................................................................ [ 38%]
2026-09-29T21:36:01.1817151Z ........................................................................ [ 40%]
2026-09-29T21:36:01.2331982Z ........................................................................ [ 43%]
2026-09-29T21:36:01.2844674Z ........................................................................ [ 45%]
2026-09-29T21:36:01.3363232Z ........................................................................ [ 47%]
2026-09-29T21:36:01.3883687Z ........................................................................ [ 49%]
2026-09-29T21:36:01.4163546Z .................................                                        [ 50%]
2026-09-29T21:36:01.4610873Z tests/py/test_path_dispatch.py ................................          [ 51%]
2026-09-29T21:36:01.4631620Z tests/py/test_py_tests_basetemp.py ..                                    [ 51%]
2026-09-29T21:36:01.4653861Z tests/py/test_smoke.py ...                                               [ 52%]
2026-09-29T21:36:01.8998261Z tests/unit/test_ab_analysis.py ......................................    [ 53%]
2026-09-29T21:36:01.9147921Z tests/unit/test_build_manifest.py ...........                            [ 53%]
2026-09-29T21:36:01.9283729Z tests/unit/test_canonical_builds.py ....                                 [ 53%]
2026-09-29T21:36:02.1430089Z tests/unit/test_ci_fetch.py ........................                     [ 54%]
2026-09-29T21:36:02.2407331Z tests/unit/test_ci_summary.py .......................                    [ 55%]
2026-09-29T21:36:02.2611298Z tests/unit/test_config.py ...........................                    [ 56%]
2026-09-29T21:36:02.2800305Z tests/unit/test_core_purity.py ....                                      [ 56%]
2026-09-29T21:36:02.2923297Z tests/unit/test_cross_sample.py ......                                   [ 56%]
2026-09-29T21:36:02.3494597Z tests/unit/test_dumps.py ............................................... [ 57%]
2026-09-29T21:36:02.3655446Z ..........                                                               [ 58%]
2026-09-29T21:36:02.3858608Z tests/unit/test_dumps_brace_fold.py .........                            [ 58%]
2026-09-29T21:36:02.6062982Z tests/unit/test_dumps_cold_start.py ....                                 [ 58%]
2026-09-29T21:36:02.6396467Z tests/unit/test_dumps_contract.py ...................................... [ 59%]
2026-09-29T21:36:02.7037330Z .............................................................            [ 61%]
2026-09-29T21:36:02.7395918Z tests/unit/test_dumps_cycles_fused.py .................................. [ 62%]
2026-09-29T21:36:02.7990523Z ......................................................                   [ 64%]
2026-09-29T21:36:03.0712467Z tests/unit/test_dumps_general_tables.py ............................     [ 65%]
2026-09-29T21:36:03.4838408Z tests/unit/test_dumps_latch.py ............................              [ 66%]
2026-09-29T21:36:03.5687762Z tests/unit/test_dumps_private_cache.py ................................  [ 67%]
2026-09-29T21:36:04.2474166Z tests/unit/test_dumps_reentrancy.py .................................... [ 68%]
2026-09-29T21:36:05.2990499Z ......................................................................   [ 70%]
2026-09-29T21:36:06.0143905Z tests/unit/test_dumps_reentrancy_review.py ............................. [ 71%]
2026-09-29T21:36:06.2048955Z ..                                                                       [ 71%]
2026-09-29T21:36:06.2598609Z tests/unit/test_dumps_schema_failure.py ...........................      [ 72%]
2026-09-29T21:36:06.8426151Z tests/unit/test_dumps_user_step_counter.py ..........................    [ 73%]
2026-09-29T21:36:06.8723641Z tests/unit/test_dumps_with_default.py .................................. [ 74%]
2026-09-29T21:36:06.9333803Z ........................................................................ [ 76%]
2026-09-29T21:36:07.0756759Z .........................................................                [ 78%]
2026-09-29T21:36:07.0986661Z tests/unit/test_dumps_with_default_state.py ............................ [ 79%]
2026-09-29T21:36:07.1925929Z ........................................................................ [ 81%]
2026-09-29T21:36:07.3394308Z ..............                                                           [ 81%]
2026-09-29T21:36:07.4146484Z tests/unit/test_folder.py .............................................. [ 83%]
2026-09-29T21:36:07.4936087Z .........................................                                [ 84%]
2026-09-29T21:36:07.4977819Z tests/unit/test_fused_verification.py ..                                 [ 84%]
2026-09-29T21:36:07.5491710Z tests/unit/test_hook_build_scope.py ...............................      [ 85%]
2026-09-29T21:36:07.6650283Z tests/unit/test_json_cursor.py ...........................               [ 86%]
2026-09-29T21:36:07.6957242Z tests/unit/test_jsonpath.py ............................................ [ 87%]
2026-09-29T21:36:07.8264773Z .......................................................................  [ 90%]
2026-09-29T21:36:07.9197910Z tests/unit/test_load_dump.py ........................................... [ 91%]
2026-09-29T21:36:07.9204023Z                                                                          [ 91%]
2026-09-29T21:36:07.9552295Z tests/unit/test_loads.py ............................................... [ 92%]
2026-09-29T21:36:08.0502374Z ........................................................................ [ 95%]
2026-09-29T21:36:09.1341263Z ................                                                         [ 95%]
2026-09-29T21:36:09.1402383Z tests/unit/test_native_interleaved_profile.py ...                        [ 95%]
2026-09-29T21:36:09.2248928Z tests/unit/test_nested_container_probe.py ....                           [ 95%]
2026-09-29T21:36:09.2840399Z tests/unit/test_path_dispatch.py ................................        [ 96%]
2026-09-29T21:36:09.3247055Z tests/unit/test_provenance.py ..................                         [ 97%]
2026-09-29T21:36:09.3825095Z tests/unit/test_regression_check.py ..........................           [ 98%]
2026-09-29T21:36:09.5070757Z tests/unit/test_search_stream.py .................                       [ 98%]
2026-09-29T21:36:09.5080692Z tests/unit/test_string_identity_probe.py .                               [ 98%]
2026-09-29T21:36:09.5876178Z tests/unit/test_supplementary.py .............                           [ 99%]
2026-09-29T21:36:09.6468421Z tests/unit/test_supportability_check.py ....................             [ 99%]
2026-09-29T21:36:09.7287461Z tests/unit/test_version.py ....                                          [100%]
2026-09-29T21:36:09.7287996Z 
2026-09-29T21:36:09.7288292Z ======================= 3181 passed, 2 skipped in 10.94s =======================
2026-09-29T21:36:09.9048458Z ==> PGO: merging 17 raw profiles
2026-09-29T21:36:10.0008409Z ==> PGO phase 2: optimized build (profile + LTO)
2026-09-29T21:36:10.3240830Z Obtaining file:///home/runner/work/_temp/identity-arm
2026-09-29T21:36:10.3261233Z   Installing build dependencies: started
2026-09-29T21:36:12.1504641Z   Installing build dependencies: finished with status 'done'
2026-09-29T21:36:12.1510935Z   Checking if build backend supports build_editable: started
2026-09-29T21:36:12.4488729Z   Checking if build backend supports build_editable: finished with status 'done'
2026-09-29T21:36:12.4497753Z   Getting requirements to build editable: started
2026-09-29T21:36:12.8461118Z   Getting requirements to build editable: finished with status 'done'
2026-09-29T21:36:12.8470957Z   Preparing editable metadata (pyproject.toml): started
2026-09-29T21:36:13.0948089Z   Preparing editable metadata (pyproject.toml): finished with status 'done'
2026-09-29T21:36:13.1007047Z Building wheels for collected packages: strata
2026-09-29T21:36:13.1015036Z   Building editable for strata (pyproject.toml): started
2026-09-29T21:37:13.1266675Z   Building editable for strata (pyproject.toml): still running...
2026-09-29T21:37:26.2400785Z   Building editable for strata (pyproject.toml): finished with status 'done'
2026-09-29T21:37:26.2408951Z   Created wheel for strata: filename=strata-2026.8.10-0.editable-cp312-cp312-linux_x86_64.whl size=4457 sha256=bc94d5910d9d245ef812eb8481be381f3a8905da934676743b822c3d6d60b233
2026-09-29T21:37:26.2410709Z   Stored in directory: /tmp/pip-ephem-wheel-cache-t867wcvj/wheels/4b/14/de/c01d5c98e482dba508ed0b80beaf37c3b37034de18f4d8fbd4
2026-09-29T21:37:26.2436905Z Successfully built strata
2026-09-29T21:37:26.2546146Z Installing collected packages: strata
2026-09-29T21:37:26.2547782Z   Attempting uninstall: strata
2026-09-29T21:37:26.2569914Z     Found existing installation: strata 2026.8.10
2026-09-29T21:37:26.2587533Z     Uninstalling strata-2026.8.10:
2026-09-29T21:37:26.2863855Z       Successfully uninstalled strata-2026.8.10
2026-09-29T21:37:26.2998540Z Successfully installed strata-2026.8.10
2026-09-29T21:37:26.8687837Z ==> PGO: the hook image must carry no profile
2026-09-29T21:37:26.9198997Z + strata._dumps_hook is unprofiled: _dumps_hook.cpython-312-x86_64-linux-gnu.so.build.json records no profile or profile flag,
2026-09-29T21:37:26.9199837Z   and the image links no profile runtime
2026-09-29T21:37:26.9265748Z ==> PGO: gate tests on the optimized build
2026-09-29T21:37:26.9607945Z + /home/runner/work/_temp/identity-arm/.venv/bin/cmake -S . -B build/cmake -DCMAKE_BUILD_TYPE=Release
2026-09-29T21:37:27.1252261Z -- Configuring done (0.0s)
2026-09-29T21:37:27.1808975Z -- Generating done (0.1s)
2026-09-29T21:37:27.1814109Z -- Build files have been written to: /home/runner/work/_temp/identity-arm/build/cmake
2026-09-29T21:37:27.1828909Z + /home/runner/work/_temp/identity-arm/.venv/bin/cmake --build build/cmake --config Release
2026-09-29T21:37:27.3438085Z gmake[1]: Entering directory '/home/runner/work/_temp/identity-arm/build/cmake'
2026-09-29T21:37:27.3513644Z gmake[2]: Entering directory '/home/runner/work/_temp/identity-arm/build/cmake'
2026-09-29T21:37:27.3527050Z gmake[3]: Entering directory '/home/runner/work/_temp/identity-arm/build/cmake'
2026-09-29T21:37:27.3653869Z gmake[3]: Leaving directory '/home/runner/work/_temp/identity-arm/build/cmake'
2026-09-29T21:37:27.3698550Z gmake[3]: Entering directory '/home/runner/work/_temp/identity-arm/build/cmake'
2026-09-29T21:37:27.3730151Z [  0%] Linking CXX executable smoke_tests
2026-09-29T21:37:27.4389300Z gmake[3]: Leaving directory '/home/runner/work/_temp/identity-arm/build/cmake'
2026-09-29T21:37:27.4426492Z [  6%] Built target smoke_tests
2026-09-29T21:37:27.4445399Z gmake[3]: Entering directory '/home/runner/work/_temp/identity-arm/build/cmake'
2026-09-29T21:37:27.4571846Z gmake[3]: Leaving directory '/home/runner/work/_temp/identity-arm/build/cmake'
2026-09-29T21:37:27.4615819Z gmake[3]: Entering directory '/home/runner/work/_temp/identity-arm/build/cmake'
2026-09-29T21:37:27.4646775Z [  7%] Linking CXX executable json_core_tests
2026-09-29T21:37:27.5313190Z gmake[3]: Leaving directory '/home/runner/work/_temp/identity-arm/build/cmake'
2026-09-29T21:37:27.5352189Z [ 13%] Built target json_core_tests
2026-09-29T21:37:27.5371199Z gmake[3]: Entering directory '/home/runner/work/_temp/identity-arm/build/cmake'
2026-09-29T21:37:27.5500713Z gmake[3]: Leaving directory '/home/runner/work/_temp/identity-arm/build/cmake'
2026-09-29T21:37:27.5545165Z gmake[3]: Entering directory '/home/runner/work/_temp/identity-arm/build/cmake'
2026-09-29T21:37:27.5576559Z [ 13%] Linking CXX executable json_parse_tests
2026-09-29T21:37:27.6248741Z gmake[3]: Leaving directory '/home/runner/work/_temp/identity-arm/build/cmake'
2026-09-29T21:37:27.6286213Z [ 19%] Built target json_parse_tests
2026-09-29T21:37:27.6304628Z gmake[3]: Entering directory '/home/runner/work/_temp/identity-arm/build/cmake'
2026-09-29T21:37:27.6434136Z gmake[3]: Leaving directory '/home/runner/work/_temp/identity-arm/build/cmake'
2026-09-29T21:37:27.6478439Z gmake[3]: Entering directory '/home/runner/work/_temp/identity-arm/build/cmake'
2026-09-29T21:37:27.6510327Z [ 20%] Linking CXX executable fast_parse_tests
2026-09-29T21:37:27.7171303Z gmake[3]: Leaving directory '/home/runner/work/_temp/identity-arm/build/cmake'
2026-09-29T21:37:27.7208348Z [ 25%] Built target fast_parse_tests
2026-09-29T21:37:27.7227258Z gmake[3]: Entering directory '/home/runner/work/_temp/identity-arm/build/cmake'
2026-09-29T21:37:27.7354721Z gmake[3]: Leaving directory '/home/runner/work/_temp/identity-arm/build/cmake'
2026-09-29T21:37:27.7398704Z gmake[3]: Entering directory '/home/runner/work/_temp/identity-arm/build/cmake'
2026-09-29T21:37:27.7430504Z [ 26%] Linking CXX executable value_cursor_tests
2026-09-29T21:37:27.8094587Z gmake[3]: Leaving directory '/home/runner/work/_temp/identity-arm/build/cmake'
2026-09-29T21:37:27.8132318Z [ 32%] Built target value_cursor_tests
2026-09-29T21:37:27.8151387Z gmake[3]: Entering directory '/home/runner/work/_temp/identity-arm/build/cmake'
2026-09-29T21:37:27.8280259Z gmake[3]: Leaving directory '/home/runner/work/_temp/identity-arm/build/cmake'
2026-09-29T21:37:27.8324240Z gmake[3]: Entering directory '/home/runner/work/_temp/identity-arm/build/cmake'
2026-09-29T21:37:27.8354463Z [ 32%] Linking CXX executable json_serialize_tests
2026-09-29T21:37:27.9015101Z gmake[3]: Leaving directory '/home/runner/work/_temp/identity-arm/build/cmake'
2026-09-29T21:37:27.9051840Z [ 38%] Built target json_serialize_tests
2026-09-29T21:37:27.9070483Z gmake[3]: Entering directory '/home/runner/work/_temp/identity-arm/build/cmake'
2026-09-29T21:37:27.9199572Z gmake[3]: Leaving directory '/home/runner/work/_temp/identity-arm/build/cmake'
2026-09-29T21:37:27.9244198Z gmake[3]: Entering directory '/home/runner/work/_temp/identity-arm/build/cmake'
2026-09-29T21:37:27.9276941Z [ 39%] Linking CXX executable float_precision_tests
2026-09-29T21:37:27.9970577Z gmake[3]: Leaving directory '/home/runner/work/_temp/identity-arm/build/cmake'
2026-09-29T21:37:28.0008585Z [ 44%] Built target float_precision_tests
2026-09-29T21:37:28.0031302Z gmake[3]: Entering directory '/home/runner/work/_temp/identity-arm/build/cmake'
2026-09-29T21:37:28.0219680Z gmake[3]: Leaving directory '/home/runner/work/_temp/identity-arm/build/cmake'
2026-09-29T21:37:28.0265160Z gmake[3]: Entering directory '/home/runner/work/_temp/identity-arm/build/cmake'
2026-09-29T21:37:28.0298597Z [ 45%] Linking CXX executable json_cursor_tests
2026-09-29T21:37:28.0964846Z gmake[3]: Leaving directory '/home/runner/work/_temp/identity-arm/build/cmake'
2026-09-29T21:37:28.1001995Z [ 50%] Built target json_cursor_tests
2026-09-29T21:37:28.1020533Z gmake[3]: Entering directory '/home/runner/work/_temp/identity-arm/build/cmake'
2026-09-29T21:37:28.1147236Z gmake[3]: Leaving directory '/home/runner/work/_temp/identity-arm/build/cmake'
2026-09-29T21:37:28.1190846Z gmake[3]: Entering directory '/home/runner/work/_temp/identity-arm/build/cmake'
2026-09-29T21:37:28.1224234Z [ 51%] Linking CXX executable ndjson_tests
2026-09-29T21:37:28.1896392Z gmake[3]: Leaving directory '/home/runner/work/_temp/identity-arm/build/cmake'
2026-09-29T21:37:28.1934251Z [ 56%] Built target ndjson_tests
2026-09-29T21:37:28.1952611Z gmake[3]: Entering directory '/home/runner/work/_temp/identity-arm/build/cmake'
2026-09-29T21:37:28.2081393Z gmake[3]: Leaving directory '/home/runner/work/_temp/identity-arm/build/cmake'
2026-09-29T21:37:28.2125080Z gmake[3]: Entering directory '/home/runner/work/_temp/identity-arm/build/cmake'
2026-09-29T21:37:28.2155690Z [ 57%] Linking CXX executable jsonpath_tests
2026-09-29T21:37:28.2786457Z gmake[3]: Leaving directory '/home/runner/work/_temp/identity-arm/build/cmake'
2026-09-29T21:37:28.2823841Z [ 63%] Built target jsonpath_tests
2026-09-29T21:37:28.2842270Z gmake[3]: Entering directory '/home/runner/work/_temp/identity-arm/build/cmake'
2026-09-29T21:37:28.2969535Z gmake[3]: Leaving directory '/home/runner/work/_temp/identity-arm/build/cmake'
2026-09-29T21:37:28.3012559Z gmake[3]: Entering directory '/home/runner/work/_temp/identity-arm/build/cmake'
2026-09-29T21:37:28.3042276Z [ 63%] Linking CXX executable jsonpath_stream_tests
2026-09-29T21:37:28.3686984Z gmake[3]: Leaving directory '/home/runner/work/_temp/identity-arm/build/cmake'
2026-09-29T21:37:28.3724547Z [ 69%] Built target jsonpath_stream_tests
2026-09-29T21:37:28.3743018Z gmake[3]: Entering directory '/home/runner/work/_temp/identity-arm/build/cmake'
2026-09-29T21:37:28.3870236Z gmake[3]: Leaving directory '/home/runner/work/_temp/identity-arm/build/cmake'
2026-09-29T21:37:28.3912801Z gmake[3]: Entering directory '/home/runner/work/_temp/identity-arm/build/cmake'
2026-09-29T21:37:28.3944004Z [ 69%] Linking CXX executable scan_tests
2026-09-29T21:37:28.4586308Z gmake[3]: Leaving directory '/home/runner/work/_temp/identity-arm/build/cmake'
2026-09-29T21:37:28.4622706Z [ 75%] Built target scan_tests
2026-09-29T21:37:28.4641127Z gmake[3]: Entering directory '/home/runner/work/_temp/identity-arm/build/cmake'
2026-09-29T21:37:28.4772096Z gmake[3]: Leaving directory '/home/runner/work/_temp/identity-arm/build/cmake'
2026-09-29T21:37:28.4816874Z gmake[3]: Entering directory '/home/runner/work/_temp/identity-arm/build/cmake'
2026-09-29T21:37:28.4848577Z [ 75%] Linking CXX executable temporal_tests
2026-09-29T21:37:28.5501832Z gmake[3]: Leaving directory '/home/runner/work/_temp/identity-arm/build/cmake'
2026-09-29T21:37:28.5539084Z [ 81%] Built target temporal_tests
2026-09-29T21:37:28.5557161Z gmake[3]: Entering directory '/home/runner/work/_temp/identity-arm/build/cmake'
2026-09-29T21:37:28.5688778Z gmake[3]: Leaving directory '/home/runner/work/_temp/identity-arm/build/cmake'
2026-09-29T21:37:28.5733633Z gmake[3]: Entering directory '/home/runner/work/_temp/identity-arm/build/cmake'
2026-09-29T21:37:28.5766196Z [ 81%] Linking CXX executable folder_tests
2026-09-29T21:37:28.6448756Z gmake[3]: Leaving directory '/home/runner/work/_temp/identity-arm/build/cmake'
2026-09-29T21:37:28.6485509Z [ 87%] Built target folder_tests
2026-09-29T21:37:28.6503867Z gmake[3]: Entering directory '/home/runner/work/_temp/identity-arm/build/cmake'
2026-09-29T21:37:28.6634901Z gmake[3]: Leaving directory '/home/runner/work/_temp/identity-arm/build/cmake'
2026-09-29T21:37:28.6679151Z gmake[3]: Entering directory '/home/runner/work/_temp/identity-arm/build/cmake'
2026-09-29T21:37:28.6710642Z [ 87%] Linking CXX executable fuzz_corpus_tests
2026-09-29T21:37:28.7361321Z gmake[3]: Leaving directory '/home/runner/work/_temp/identity-arm/build/cmake'
2026-09-29T21:37:28.7398873Z [ 93%] Built target fuzz_corpus_tests
2026-09-29T21:37:28.7418342Z gmake[3]: Entering directory '/home/runner/work/_temp/identity-arm/build/cmake'
2026-09-29T21:37:28.7546872Z gmake[3]: Leaving directory '/home/runner/work/_temp/identity-arm/build/cmake'
2026-09-29T21:37:28.7591219Z gmake[3]: Entering directory '/home/runner/work/_temp/identity-arm/build/cmake'
2026-09-29T21:37:28.7624920Z [ 94%] Linking CXX executable stress_deep_tests
2026-09-29T21:37:28.8271935Z gmake[3]: Leaving directory '/home/runner/work/_temp/identity-arm/build/cmake'
2026-09-29T21:37:28.8310421Z [100%] Built target stress_deep_tests
2026-09-29T21:37:28.8315583Z gmake[2]: Leaving directory '/home/runner/work/_temp/identity-arm/build/cmake'
2026-09-29T21:37:28.8370004Z gmake[1]: Leaving directory '/home/runner/work/_temp/identity-arm/build/cmake'
2026-09-29T21:37:28.8381336Z + /home/runner/work/_temp/identity-arm/.venv/bin/ctest --test-dir build/cmake --build-config Release --output-on-failure --no-tests=error
2026-09-29T21:37:28.9939897Z Test project /home/runner/work/_temp/identity-arm/build/cmake
2026-09-29T21:37:28.9947179Z       Start  1: smoke_tests
2026-09-29T21:37:28.9965653Z  1/16 Test  #1: smoke_tests ......................   Passed    0.00 sec
2026-09-29T21:37:28.9967964Z       Start  2: json_core_tests
2026-09-29T21:37:28.9984853Z  2/16 Test  #2: json_core_tests ..................   Passed    0.00 sec
2026-09-29T21:37:28.9986401Z       Start  3: json_parse_tests
2026-09-29T21:37:29.0003205Z  3/16 Test  #3: json_parse_tests .................   Passed    0.00 sec
2026-09-29T21:37:29.0004888Z       Start  4: fast_parse_tests
2026-09-29T21:37:29.0733235Z  4/16 Test  #4: fast_parse_tests .................   Passed    0.07 sec
2026-09-29T21:37:29.0735300Z       Start  5: value_cursor_tests
2026-09-29T21:37:29.0813222Z  5/16 Test  #5: value_cursor_tests ...............   Passed    0.01 sec
2026-09-29T21:37:29.0815149Z       Start  6: json_serialize_tests
2026-09-29T21:37:29.0833607Z  6/16 Test  #6: json_serialize_tests .............   Passed    0.00 sec
2026-09-29T21:37:29.0835285Z       Start  7: float_precision_tests
2026-09-29T21:37:32.1556790Z  7/16 Test  #7: float_precision_tests ............   Passed    3.07 sec
2026-09-29T21:37:32.1558913Z       Start  8: json_cursor_tests
2026-09-29T21:37:32.1580938Z  8/16 Test  #8: json_cursor_tests ................   Passed    0.00 sec
2026-09-29T21:37:32.1582621Z       Start  9: ndjson_tests
2026-09-29T21:37:32.1632397Z  9/16 Test  #9: ndjson_tests .....................   Passed    0.00 sec
2026-09-29T21:37:32.1634491Z       Start 10: jsonpath_tests
2026-09-29T21:37:32.1651336Z 10/16 Test #10: jsonpath_tests ...................   Passed    0.00 sec
2026-09-29T21:37:32.1652600Z       Start 11: jsonpath_stream_tests
2026-09-29T21:37:32.1674633Z 11/16 Test #11: jsonpath_stream_tests ............   Passed    0.00 sec
2026-09-29T21:37:32.1675842Z       Start 12: scan_tests
2026-09-29T21:37:32.1857427Z 12/16 Test #12: scan_tests .......................   Passed    0.02 sec
2026-09-29T21:37:32.1858634Z       Start 13: temporal_tests
2026-09-29T21:37:32.1877278Z 13/16 Test #13: temporal_tests ...................   Passed    0.00 sec
2026-09-29T21:37:32.1878468Z       Start 14: folder_tests
2026-09-29T21:37:32.1923217Z 14/16 Test #14: folder_tests .....................   Passed    0.00 sec
2026-09-29T21:37:32.1924652Z       Start 15: fuzz_corpus_tests
2026-09-29T21:37:32.1966769Z 15/16 Test #15: fuzz_corpus_tests ................   Passed    0.00 sec
2026-09-29T21:37:32.1968332Z       Start 16: stress_deep_tests
2026-09-29T21:37:32.2001800Z 16/16 Test #16: stress_deep_tests ................   Passed    0.00 sec
2026-09-29T21:37:32.2007245Z 
2026-09-29T21:37:32.2007522Z 100% tests passed out of 16
2026-09-29T21:37:32.2007852Z 
2026-09-29T21:37:32.2008032Z Total Test time (real) =   3.21 sec
2026-09-29T21:37:32.2458223Z + pytest tests/py tests/unit --basetemp=/tmp/pytest-of-runner/me6u4fu0
2026-09-29T21:37:33.0406432Z ============================= test session starts ==============================
2026-09-29T21:37:33.0407250Z platform linux -- Python 3.12.14, pytest-9.1.1, pluggy-1.6.0
2026-09-29T21:37:33.0408011Z rootdir: /home/runner/work/_temp/identity-arm
2026-09-29T21:37:33.0408554Z configfile: pyproject.toml
2026-09-29T21:37:33.0409037Z plugins: platformdirs-4.12.2, cov-7.1.0
2026-09-29T21:37:33.0409549Z collected 3848 items
2026-09-29T21:37:33.0409790Z 
2026-09-29T21:37:33.0595746Z tests/py/native_types/test_native_dump.py ..............                 [  0%]
2026-09-29T21:37:33.1621749Z tests/py/native_types/test_native_fast_paths.py ........ssssssssss..     [  0%]
2026-09-29T21:37:33.2299106Z tests/py/native_types/test_native_import.py ...                          [  0%]
2026-09-29T21:37:33.2807450Z tests/py/native_types/test_native_opt_out.py ........................... [  1%]
2026-09-29T21:37:33.2814138Z                                                                          [  1%]
2026-09-29T21:37:33.3913066Z tests/py/native_types/test_native_oracle.py .........                    [  1%]
2026-09-29T21:37:33.8379513Z tests/py/native_types/test_native_reentrancy.py ........................ [  2%]
2026-09-29T21:37:34.8614907Z ..................................................                       [  3%]
2026-09-29T21:37:34.9058764Z tests/py/native_types/test_parse_types.py .............................. [  4%]
2026-09-29T21:37:35.3034651Z ............................................................             [  6%]
2026-09-29T21:37:35.3236000Z tests/py/test_dumps_brace_fold.py .........                              [  6%]
2026-09-29T21:37:35.3627400Z tests/py/test_dumps_cycles_fused.py .................................... [  7%]
2026-09-29T21:37:35.4222727Z ....................................................                     [  8%]
2026-09-29T21:37:35.6983765Z tests/py/test_dumps_general_tables.py ............................       [  9%]
2026-09-29T21:37:36.2953864Z tests/py/test_dumps_with_default.py .................................... [ 10%]
2026-09-29T21:37:36.6763655Z .............................ss                                          [ 11%]
2026-09-29T21:37:36.7125806Z tests/py/test_dumps_with_default_contract.py ........................... [ 11%]
2026-09-29T21:37:36.8157674Z ........................................................................ [ 13%]
2026-09-29T21:37:36.9212880Z ........................................................................ [ 15%]
2026-09-29T21:37:36.9771011Z ..........................                                               [ 16%]
2026-09-29T21:37:36.9814603Z tests/py/test_fused_verification.py ..                                   [ 16%]
2026-09-29T21:37:37.0153112Z tests/py/test_json_parity.py ........................................... [ 17%]
2026-09-29T21:37:37.0709915Z ........................................................................ [ 19%]
2026-09-29T21:37:37.1269875Z ........................................................................ [ 21%]
2026-09-29T21:37:37.1826019Z ........................................................................ [ 23%]
2026-09-29T21:37:37.2380639Z ........................................................................ [ 24%]
2026-09-29T21:37:37.2932672Z ........................................................................ [ 26%]
2026-09-29T21:37:37.3485308Z ........................................................................ [ 28%]
2026-09-29T21:37:37.4030108Z ........................................................................ [ 30%]
2026-09-29T21:37:37.4571971Z ........................................................................ [ 32%]
2026-09-29T21:37:37.5119906Z ........................................................................ [ 34%]
2026-09-29T21:37:37.5637452Z ........................................................................ [ 36%]
2026-09-29T21:37:37.6153453Z ........................................................................ [ 38%]
2026-09-29T21:37:37.6668453Z ........................................................................ [ 39%]
2026-09-29T21:37:37.7173705Z ........................................................................ [ 41%]
2026-09-29T21:37:37.7680543Z ........................................................................ [ 43%]
2026-09-29T21:37:37.8194193Z ........................................................................ [ 45%]
2026-09-29T21:37:37.8705255Z ........................................................................ [ 47%]
2026-09-29T21:37:37.8986854Z .................................                                        [ 48%]
2026-09-29T21:37:37.9464359Z tests/py/test_path_dispatch.py ................................          [ 49%]
2026-09-29T21:37:37.9485140Z tests/py/test_py_tests_basetemp.py ..                                    [ 49%]
2026-09-29T21:37:37.9508889Z tests/py/test_smoke.py ...                                               [ 49%]
2026-09-29T21:37:37.9748241Z tests/unit/native_types/test_build_sources.py .......                    [ 49%]
2026-09-29T21:37:38.1298819Z tests/unit/native_types/test_hook_import_gating.py .......               [ 49%]
2026-09-29T21:37:38.1421225Z tests/unit/native_types/test_native_benchmark_agreement.py ...........   [ 49%]
2026-09-29T21:37:38.2611982Z tests/unit/native_types/test_native_benchmark_dataset.py .....           [ 49%]
2026-09-29T21:37:38.2665692Z tests/unit/native_types/test_native_benchmark_rows.py .......            [ 50%]
2026-09-29T21:37:38.2838142Z tests/unit/native_types/test_native_ci_fetch.py ....                     [ 50%]
2026-09-29T21:37:38.2972214Z tests/unit/native_types/test_native_ci_summary.py .....                  [ 50%]
2026-09-29T21:37:38.3497940Z tests/unit/native_types/test_native_flag.py ..........................s. [ 51%]
2026-09-29T21:37:38.3913724Z ..                                                                       [ 51%]
2026-09-29T21:37:38.4066869Z tests/unit/native_types/test_native_identity_ab.py .......               [ 51%]
2026-09-29T21:37:38.4318759Z tests/unit/native_types/test_native_opt_out.py ......................... [ 52%]
2026-09-29T21:37:38.5026781Z ........................................................................ [ 53%]
2026-09-29T21:37:38.5488777Z ..................................................                       [ 55%]
2026-09-29T21:37:38.5669940Z tests/unit/native_types/test_parse_contract.py ......................... [ 55%]
2026-09-29T21:37:38.6415542Z .................................................                        [ 57%]
2026-09-29T21:37:38.6571672Z tests/unit/native_types/test_serializer_contract.py .................... [ 57%]
2026-09-29T21:37:39.1566816Z ........................................................................ [ 59%]
2026-09-29T21:37:39.1757666Z ....................                                                     [ 60%]
2026-09-29T21:37:39.2262249Z tests/unit/native_types/test_training_scope.py ............              [ 60%]
2026-09-29T21:37:39.6766505Z tests/unit/test_ab_analysis.py ......................................    [ 61%]
2026-09-29T21:37:39.6919377Z tests/unit/test_build_manifest.py ...........                            [ 61%]
2026-09-29T21:37:39.7059370Z tests/unit/test_canonical_builds.py ....                                 [ 61%]
2026-09-29T21:37:39.9230649Z tests/unit/test_ci_fetch.py ........................                     [ 62%]
2026-09-29T21:37:40.0238896Z tests/unit/test_ci_summary.py .......................                    [ 62%]
2026-09-29T21:37:40.0449681Z tests/unit/test_config.py ...........................                    [ 63%]
2026-09-29T21:37:40.0638571Z tests/unit/test_core_purity.py ....                                      [ 63%]
2026-09-29T21:37:40.0773256Z tests/unit/test_cross_sample.py ......                                   [ 63%]
2026-09-29T21:37:40.1370938Z tests/unit/test_dumps.py ............................................... [ 65%]
2026-09-29T21:37:40.1529574Z ..........                                                               [ 65%]
2026-09-29T21:37:40.1732451Z tests/unit/test_dumps_brace_fold.py .........                            [ 65%]
2026-09-29T21:37:40.3957135Z tests/unit/test_dumps_cold_start.py ....                                 [ 65%]
2026-09-29T21:37:40.4314338Z tests/unit/test_dumps_contract.py ...................................... [ 66%]
2026-09-29T21:37:40.4940140Z .............................................................            [ 68%]
2026-09-29T21:37:40.5306211Z tests/unit/test_dumps_cycles_fused.py .................................. [ 69%]
2026-09-29T21:37:40.5944693Z ......................................................                   [ 70%]
2026-09-29T21:37:41.0166610Z tests/unit/test_dumps_general_tables.py ............................     [ 71%]
2026-09-29T21:37:41.6878583Z tests/unit/test_dumps_latch.py ............................              [ 72%]
2026-09-29T21:37:41.7888812Z tests/unit/test_dumps_private_cache.py ................................  [ 72%]
2026-09-29T21:37:42.7523718Z tests/unit/test_dumps_reentrancy.py .................................... [ 73%]
2026-09-29T21:37:44.3864727Z ......................................................................   [ 75%]
2026-09-29T21:37:45.6279042Z tests/unit/test_dumps_reentrancy_review.py ............................. [ 76%]
2026-09-29T21:37:45.8485198Z ..                                                                       [ 76%]
2026-09-29T21:37:45.9091954Z tests/unit/test_dumps_schema_failure.py ...........................      [ 77%]
2026-09-29T21:37:46.6038305Z tests/unit/test_dumps_user_step_counter.py ..........................    [ 77%]
2026-09-29T21:37:46.6349495Z tests/unit/test_dumps_with_default.py .................................. [ 78%]
2026-09-29T21:37:46.6990516Z ........................................................................ [ 80%]
2026-09-29T21:37:46.8458913Z .........................................................                [ 82%]
2026-09-29T21:37:46.8701035Z tests/unit/test_dumps_with_default_state.py ............................ [ 82%]
2026-09-29T21:37:46.9681932Z ........................................................................ [ 84%]
2026-09-29T21:37:47.1102142Z ..............                                                           [ 84%]
2026-09-29T21:37:47.1932617Z tests/unit/test_folder.py .............................................. [ 86%]
2026-09-29T21:37:47.2783136Z .........................................                                [ 87%]
2026-09-29T21:37:47.2824334Z tests/unit/test_fused_verification.py ..                                 [ 87%]
2026-09-29T21:37:47.3361159Z tests/unit/test_hook_build_scope.py ...............................      [ 88%]
2026-09-29T21:37:47.4766157Z tests/unit/test_json_cursor.py ...........................               [ 88%]
2026-09-29T21:37:47.5089980Z tests/unit/test_jsonpath.py ............................................ [ 89%]
2026-09-29T21:37:47.6608644Z .......................................................................  [ 91%]
2026-09-29T21:37:47.7604656Z tests/unit/test_load_dump.py ........................................... [ 92%]
2026-09-29T21:37:47.7610506Z                                                                          [ 92%]
2026-09-29T21:37:47.7980933Z tests/unit/test_loads.py ............................................... [ 94%]
2026-09-29T21:37:47.8947149Z ........................................................................ [ 95%]
2026-09-29T21:37:49.0189313Z ................                                                         [ 96%]
2026-09-29T21:37:49.0256036Z tests/unit/test_native_interleaved_profile.py ...                        [ 96%]
2026-09-29T21:37:49.1237555Z tests/unit/test_nested_container_probe.py ....                           [ 96%]
2026-09-29T21:37:49.1898331Z tests/unit/test_path_dispatch.py ................................        [ 97%]
2026-09-29T21:37:49.2337153Z tests/unit/test_provenance.py ..................                         [ 97%]
2026-09-29T21:37:49.2941870Z tests/unit/test_regression_check.py ..........................           [ 98%]
2026-09-29T21:37:49.4232981Z tests/unit/test_search_stream.py .................                       [ 99%]
2026-09-29T21:37:49.4244004Z tests/unit/test_string_identity_probe.py .                               [ 99%]
2026-09-29T21:37:49.5058498Z tests/unit/test_supplementary.py .............                           [ 99%]
2026-09-29T21:37:49.5691488Z tests/unit/test_supportability_check.py ....................             [ 99%]
2026-09-29T21:37:49.6666822Z tests/unit/test_version.py ....                                          [100%]
2026-09-29T21:37:49.6667402Z 
2026-09-29T21:37:49.6667703Z ====================== 3835 passed, 13 skipped in 17.16s =======================
2026-09-29T21:37:49.8887066Z ==> PGO: generating benchmark data
2026-09-29T21:37:49.8912030Z make[1]: Entering directory '/home/runner/work/_temp/identity-arm'
2026-09-29T21:37:49.8914012Z PYTHONPATH=. .venv/bin/python -m benchmarks.data.generate_bench_data --out-dir benchmarks/data/generated/small  --num-users 1000 --max-orders 10 --max-items 5  --records 500
2026-09-29T21:37:50.2220132Z   benchmarks/data/generated/small/users.json  (1680 KB)
2026-09-29T21:37:50.2220692Z   benchmarks/data/generated/small/users.ndjson  (1679 KB)
2026-09-29T21:37:50.2221166Z   benchmarks/data/generated/small/flat.json  (209 KB)
2026-09-29T21:37:50.2221622Z   benchmarks/data/generated/small/nested.json  (148 KB)
2026-09-29T21:37:50.2222105Z   benchmarks/data/generated/small/wide_arrays.json  (1218 KB)
2026-09-29T21:37:50.2222904Z   benchmarks/data/generated/small/mixed.json  (34 KB)
2026-09-29T21:37:50.2290676Z PYTHONPATH=. .venv/bin/python -m benchmarks.data.generate_bench_data --out-dir benchmarks/data/generated/medium --num-users 2000 --max-orders 20 --max-items 10 --records 2000
2026-09-29T21:37:51.7765614Z   benchmarks/data/generated/medium/users.json  (9883 KB)
2026-09-29T21:37:51.7766317Z   benchmarks/data/generated/medium/users.ndjson  (9881 KB)
2026-09-29T21:37:51.7766909Z   benchmarks/data/generated/medium/flat.json  (836 KB)
2026-09-29T21:37:51.7767512Z   benchmarks/data/generated/medium/nested.json  (594 KB)
2026-09-29T21:37:51.7768134Z   benchmarks/data/generated/medium/wide_arrays.json  (4874 KB)
2026-09-29T21:37:51.7768754Z   benchmarks/data/generated/medium/mixed.json  (138 KB)
2026-09-29T21:37:51.7844786Z PYTHONPATH=. .venv/bin/python -m benchmarks.data.generate_bench_data --out-dir benchmarks/data/generated/large  --num-users 4000 --max-orders 40 --max-items 20 --records 5000
2026-09-29T21:38:00.9319328Z   benchmarks/data/generated/large/users.json  (68083 KB)
2026-09-29T21:38:00.9320563Z   benchmarks/data/generated/large/users.ndjson  (68079 KB)
2026-09-29T21:38:00.9321199Z   benchmarks/data/generated/large/flat.json  (2092 KB)
2026-09-29T21:38:00.9321784Z   benchmarks/data/generated/large/nested.json  (1488 KB)
2026-09-29T21:38:00.9322408Z   benchmarks/data/generated/large/wide_arrays.json  (12185 KB)
2026-09-29T21:38:00.9323017Z   benchmarks/data/generated/large/mixed.json  (347 KB)
2026-09-29T21:38:00.9431677Z make[1]: Leaving directory '/home/runner/work/_temp/identity-arm'
2026-09-29T21:38:00.9434801Z ==> PGO: verification benchmarks
2026-09-29T21:38:24.2072598Z wrote build/pgo/bench_results_pgo.md
2026-09-29T21:38:24.2250084Z ==> PGO complete
2026-09-29T21:38:24.2250561Z     profile: /home/runner/work/_temp/identity-arm/build/pgo/strata.profdata
2026-09-29T21:38:24.2251023Z     results: build/pgo/bench_results_pgo.md
2026-09-29T21:38:24.2251360Z     The installed extension is now the PGO+LTO build.
2026-09-29T21:38:24.2274797Z + git worktree remove --force /home/runner/work/_temp/identity-arm
2026-09-29T21:38:25.1631734Z + git worktree prune
2026-09-29T21:38:25.1648678Z + git worktree add --force --detach /home/runner/work/_temp/identity-arm HEAD
2026-09-29T21:38:25.1662875Z Preparing worktree (detached HEAD bc6d9ba)
2026-09-29T21:38:25.3601414Z HEAD is now at bc6d9ba Keep the field cache's refresh out of the profiled hit path
2026-09-29T21:38:25.3626929Z + make install-bench
2026-09-29T21:38:25.3647076Z python3 -m venv .venv
2026-09-29T21:38:27.8431002Z .venv/bin/python -m pip install -U pip setuptools wheel
2026-09-29T21:38:28.2166974Z Requirement already satisfied: pip in ./.venv/lib/python3.12/site-packages (25.0.1)
2026-09-29T21:38:28.2972734Z Collecting pip
2026-09-29T21:38:28.2986632Z   Using cached pip-26.2.1-py3-none-any.whl.metadata (4.6 kB)
2026-09-29T21:38:28.4178763Z Collecting setuptools
2026-09-29T21:38:28.4192053Z   Using cached setuptools-84.0.0-py3-none-any.whl.metadata (6.6 kB)
2026-09-29T21:38:28.4536207Z Collecting wheel
2026-09-29T21:38:28.4548613Z   Using cached wheel-0.48.0-py3-none-any.whl.metadata (2.3 kB)
2026-09-29T21:38:28.4795955Z Collecting packaging>=24.0 (from wheel)
2026-09-29T21:38:28.4808412Z   Using cached packaging-26.3-py3-none-any.whl.metadata (3.5 kB)
2026-09-29T21:38:28.4840781Z Using cached pip-26.2.1-py3-none-any.whl (1.8 MB)
2026-09-29T21:38:28.4858791Z Using cached setuptools-84.0.0-py3-none-any.whl (818 kB)
2026-09-29T21:38:28.4873176Z Using cached wheel-0.48.0-py3-none-any.whl (33 kB)
2026-09-29T21:38:28.4885550Z Using cached packaging-26.3-py3-none-any.whl (129 kB)
2026-09-29T21:38:28.5139816Z Installing collected packages: setuptools, pip, packaging, wheel
2026-09-29T21:38:28.9899948Z   Attempting uninstall: pip
2026-09-29T21:38:28.9924800Z     Found existing installation: pip 25.0.1
2026-09-29T21:38:29.0284655Z     Uninstalling pip-25.0.1:
2026-09-29T21:38:29.0342642Z       Successfully uninstalled pip-25.0.1
2026-09-29T21:38:30.0114776Z Successfully installed packaging-26.3 pip-26.2.1 setuptools-84.0.0 wheel-0.48.0
2026-09-29T21:38:30.0874216Z .venv/bin/python -m pip install -e '.[dev,bench]'
2026-09-29T21:38:30.4101271Z Obtaining file:///home/runner/work/_temp/identity-arm
2026-09-29T21:38:30.4122859Z   Installing build dependencies: started
2026-09-29T21:38:32.2143120Z   Installing build dependencies: finished with status 'done'
2026-09-29T21:38:32.2149078Z   Checking if build backend supports build_editable: started
2026-09-29T21:38:32.5076047Z   Checking if build backend supports build_editable: finished with status 'done'
2026-09-29T21:38:32.5083887Z   Getting requirements to build editable: started
2026-09-29T21:38:32.8869699Z   Getting requirements to build editable: finished with status 'done'
2026-09-29T21:38:32.8878452Z   Preparing editable metadata (pyproject.toml): started
2026-09-29T21:38:33.1264250Z   Preparing editable metadata (pyproject.toml): finished with status 'done'
2026-09-29T21:38:33.2331449Z Collecting cmake>=3.20 (from strata==2026.8.10)
2026-09-29T21:38:33.2348195Z   Using cached cmake-4.4.3-py3-none-manylinux2014_x86_64.manylinux_2_17_x86_64.whl.metadata (7.0 kB)
2026-09-29T21:38:33.2536878Z Collecting pytest>=7 (from strata==2026.8.10)
2026-09-29T21:38:33.2549434Z   Using cached pytest-9.1.1-py3-none-any.whl.metadata (7.6 kB)
2026-09-29T21:38:33.2636999Z Collecting pytest-cov>=4 (from strata==2026.8.10)
2026-09-29T21:38:33.2648985Z   Using cached pytest_cov-7.1.0-py3-none-any.whl.metadata (32 kB)
2026-09-29T21:38:33.5804075Z Collecting ruff>=0.5 (from strata==2026.8.10)
2026-09-29T21:38:33.5818725Z   Using cached ruff-0.16.9-py3-none-manylinux_2_17_x86_64.manylinux2014_x86_64.whl.metadata (20 kB)
2026-09-29T21:38:33.6020858Z Collecting pre-commit>=3.5 (from strata==2026.8.10)
2026-09-29T21:38:33.6034103Z   Using cached pre_commit-4.6.2-py2.py3-none-any.whl.metadata (1.2 kB)
2026-09-29T21:38:33.6522155Z Collecting clang-format<22,>=21 (from strata==2026.8.10)
2026-09-29T21:38:33.6536379Z   Using cached clang_format-21.1.8-py2.py3-none-manylinux_2_27_x86_64.manylinux_2_28_x86_64.whl.metadata (4.7 kB)
2026-09-29T21:38:33.8662862Z Collecting orjson (from strata==2026.8.10)
2026-09-29T21:38:33.8677744Z   Using cached orjson-3.12.0-cp312-cp312-manylinux_2_17_x86_64.manylinux2014_x86_64.whl.metadata (41 kB)
2026-09-29T21:38:33.9336671Z Collecting msgspec (from strata==2026.8.10)
2026-09-29T21:38:33.9351100Z   Using cached msgspec-0.22.0-cp312-cp312-manylinux2014_x86_64.manylinux_2_17_x86_64.manylinux_2_28_x86_64.whl.metadata (6.0 kB)
2026-09-29T21:38:33.9963645Z Collecting ujson (from strata==2026.8.10)
2026-09-29T21:38:33.9978679Z   Using cached ujson-6.0.0-cp312-cp312-manylinux_2_24_x86_64.manylinux_2_28_x86_64.whl.metadata (10.0 kB)
2026-09-29T21:38:34.0328740Z Collecting pysimdjson (from strata==2026.8.10)
2026-09-29T21:38:34.0342345Z   Using cached pysimdjson-7.0.2-cp312-cp312-manylinux_2_17_x86_64.manylinux2014_x86_64.whl.metadata (1.1 kB)
2026-09-29T21:38:34.0394887Z Collecting jmespath (from strata==2026.8.10)
2026-09-29T21:38:34.0408720Z   Using cached jmespath-1.1.0-py3-none-any.whl.metadata (7.6 kB)
2026-09-29T21:38:34.0458488Z Collecting jsonpath-ng (from strata==2026.8.10)
2026-09-29T21:38:34.0470327Z   Using cached jsonpath_ng-1.8.0-py3-none-any.whl.metadata (18 kB)
2026-09-29T21:38:34.1020865Z Collecting psutil>=5 (from strata==2026.8.10)
2026-09-29T21:38:34.1035324Z   Using cached psutil-7.2.2-cp36-abi3-manylinux2010_x86_64.manylinux_2_12_x86_64.manylinux_2_28_x86_64.whl.metadata (22 kB)
2026-09-29T21:38:34.1137988Z Collecting cfgv>=2.0.0 (from pre-commit>=3.5->strata==2026.8.10)
2026-09-29T21:38:34.1150368Z   Using cached cfgv-3.5.0-py2.py3-none-any.whl.metadata (8.9 kB)
2026-09-29T21:38:34.1403235Z Collecting identify>=1.0.0 (from pre-commit>=3.5->strata==2026.8.10)
2026-09-29T21:38:34.1417032Z   Using cached identify-2.6.20-py2.py3-none-any.whl.metadata (4.4 kB)
2026-09-29T21:38:34.1489570Z Collecting nodeenv>=0.11.1 (from pre-commit>=3.5->strata==2026.8.10)
2026-09-29T21:38:34.1501975Z   Using cached nodeenv-1.11.0-py2.py3-none-any.whl.metadata (40 kB)
2026-09-29T21:38:34.1802193Z Collecting pyyaml>=5.1 (from pre-commit>=3.5->strata==2026.8.10)
2026-09-29T21:38:34.1816808Z   Using cached pyyaml-6.0.3-cp312-cp312-manylinux2014_x86_64.manylinux_2_17_x86_64.manylinux_2_28_x86_64.whl.metadata (2.4 kB)
2026-09-29T21:38:34.2124785Z Collecting virtualenv>=20.10.0 (from pre-commit>=3.5->strata==2026.8.10)
2026-09-29T21:38:34.2138870Z   Using cached virtualenv-21.14.0-py3-none-any.whl.metadata (4.1 kB)
2026-09-29T21:38:34.2210225Z Collecting iniconfig>=1.0.1 (from pytest>=7->strata==2026.8.10)
2026-09-29T21:38:34.2222879Z   Using cached iniconfig-2.3.0-py3-none-any.whl.metadata (2.5 kB)
2026-09-29T21:38:34.2241307Z Requirement already satisfied: packaging>=22 in ./.venv/lib/python3.12/site-packages (from pytest>=7->strata==2026.8.10) (26.3)
2026-09-29T21:38:34.2284259Z Collecting pluggy<2,>=1.5 (from pytest>=7->strata==2026.8.10)
2026-09-29T21:38:34.2296315Z   Using cached pluggy-1.6.0-py3-none-any.whl.metadata (4.8 kB)
2026-09-29T21:38:34.2406007Z Collecting pygments>=2.7.2 (from pytest>=7->strata==2026.8.10)
2026-09-29T21:38:34.2418804Z   Using cached pygments-2.21.0-py3-none-any.whl.metadata (2.5 kB)
2026-09-29T21:38:34.6400123Z Collecting coverage>=7.10.6 (from coverage[toml]>=7.10.6->pytest-cov>=4->strata==2026.8.10)
2026-09-29T21:38:34.6414294Z   Using cached coverage-7.16.2-cp312-cp312-manylinux1_x86_64.manylinux_2_28_x86_64.manylinux_2_5_x86_64.whl.metadata (8.2 kB)
2026-09-29T21:38:34.6503249Z Collecting distlib<1,>=0.3.7 (from virtualenv>=20.10.0->pre-commit>=3.5->strata==2026.8.10)
2026-09-29T21:38:34.6515536Z   Using cached distlib-0.4.3-py2.py3-none-any.whl.metadata (5.3 kB)
2026-09-29T21:38:34.6653192Z Collecting filelock<5,>=3.24.2 (from virtualenv>=20.10.0->pre-commit>=3.5->strata==2026.8.10)
2026-09-29T21:38:34.6665690Z   Using cached filelock-4.0.6-py3-none-any.whl.metadata (2.0 kB)
2026-09-29T21:38:34.6784475Z Collecting platformdirs<5,>=3.9.1 (from virtualenv>=20.10.0->pre-commit>=3.5->strata==2026.8.10)
2026-09-29T21:38:34.6796810Z   Using cached platformdirs-4.12.2-py3-none-any.whl.metadata (5.5 kB)
2026-09-29T21:38:34.6848418Z Collecting python-discovery>=1.6 (from virtualenv>=20.10.0->pre-commit>=3.5->strata==2026.8.10)
2026-09-29T21:38:34.6860553Z   Using cached python_discovery-1.6.1-py3-none-any.whl.metadata (5.1 kB)
2026-09-29T21:38:34.6950847Z Using cached clang_format-21.1.8-py2.py3-none-manylinux_2_27_x86_64.manylinux_2_28_x86_64.whl (1.8 MB)
2026-09-29T21:38:34.6969710Z Using cached cmake-4.4.3-py3-none-manylinux2014_x86_64.manylinux_2_17_x86_64.whl (30.2 MB)
2026-09-29T21:38:34.7096484Z Using cached pre_commit-4.6.2-py2.py3-none-any.whl (226 kB)
2026-09-29T21:38:34.7108226Z Using cached cfgv-3.5.0-py2.py3-none-any.whl (7.4 kB)
2026-09-29T21:38:34.7120128Z Using cached identify-2.6.20-py2.py3-none-any.whl (99 kB)
2026-09-29T21:38:34.7132093Z Using cached nodeenv-1.11.0-py2.py3-none-any.whl (34 kB)
2026-09-29T21:38:34.7144406Z Using cached psutil-7.2.2-cp36-abi3-manylinux2010_x86_64.manylinux_2_12_x86_64.manylinux_2_28_x86_64.whl (155 kB)
2026-09-29T21:38:34.7156433Z Using cached pytest-9.1.1-py3-none-any.whl (386 kB)
2026-09-29T21:38:34.7169261Z Using cached pluggy-1.6.0-py3-none-any.whl (20 kB)
2026-09-29T21:38:34.7180822Z Using cached iniconfig-2.3.0-py3-none-any.whl (7.5 kB)
2026-09-29T21:38:34.7192518Z Using cached pygments-2.21.0-py3-none-any.whl (1.3 MB)
2026-09-29T21:38:34.7208529Z Using cached pytest_cov-7.1.0-py3-none-any.whl (22 kB)
2026-09-29T21:38:34.7220892Z Using cached coverage-7.16.2-cp312-cp312-manylinux1_x86_64.manylinux_2_28_x86_64.manylinux_2_5_x86_64.whl (258 kB)
2026-09-29T21:38:34.7234003Z Using cached pyyaml-6.0.3-cp312-cp312-manylinux2014_x86_64.manylinux_2_17_x86_64.manylinux_2_28_x86_64.whl (807 kB)
2026-09-29T21:38:34.7248599Z Using cached ruff-0.16.9-py3-none-manylinux_2_17_x86_64.manylinux2014_x86_64.whl (10.4 MB)
2026-09-29T21:38:34.7301375Z Using cached virtualenv-21.14.0-py3-none-any.whl (5.5 MB)
2026-09-29T21:38:34.7332842Z Using cached distlib-0.4.3-py2.py3-none-any.whl (470 kB)
2026-09-29T21:38:34.7346339Z Using cached filelock-4.0.6-py3-none-any.whl (109 kB)
2026-09-29T21:38:34.7358489Z Using cached platformdirs-4.12.2-py3-none-any.whl (32 kB)
2026-09-29T21:38:34.7370267Z Using cached python_discovery-1.6.1-py3-none-any.whl (38 kB)
2026-09-29T21:38:34.7381991Z Using cached jmespath-1.1.0-py3-none-any.whl (20 kB)
2026-09-29T21:38:34.7393713Z Using cached jsonpath_ng-1.8.0-py3-none-any.whl (67 kB)
2026-09-29T21:38:34.7406242Z Using cached msgspec-0.22.0-cp312-cp312-manylinux2014_x86_64.manylinux_2_17_x86_64.manylinux_2_28_x86_64.whl (230 kB)
2026-09-29T21:38:34.7418630Z Using cached orjson-3.12.0-cp312-cp312-manylinux_2_17_x86_64.manylinux2014_x86_64.whl (131 kB)
2026-09-29T21:38:34.7430985Z Using cached pysimdjson-7.0.2-cp312-cp312-manylinux_2_17_x86_64.manylinux2014_x86_64.whl (3.2 MB)
2026-09-29T21:38:34.7453681Z Using cached ujson-6.0.0-cp312-cp312-manylinux_2_24_x86_64.manylinux_2_28_x86_64.whl (56 kB)
2026-09-29T21:38:34.8714785Z Building wheels for collected packages: strata
2026-09-29T21:38:34.8722833Z   Building editable for strata (pyproject.toml): started
2026-09-29T21:39:35.4758250Z   Building editable for strata (pyproject.toml): still running...
2026-09-29T21:40:35.5924528Z   Building editable for strata (pyproject.toml): still running...
2026-09-29T21:41:35.7421107Z   Building editable for strata (pyproject.toml): still running...
2026-09-29T21:42:22.2164806Z   Building editable for strata (pyproject.toml): finished with status 'done'
2026-09-29T21:42:22.2172800Z   Created wheel for strata: filename=strata-2026.8.10-0.editable-cp312-cp312-linux_x86_64.whl size=4457 sha256=7fe56d6df8311361217d4eca1bfa80bafd5a28d1388df263c9592a8cc3d54479
2026-09-29T21:42:22.2175101Z   Stored in directory: /tmp/pip-ephem-wheel-cache-_35jp5uc/wheels/4b/14/de/c01d5c98e482dba508ed0b80beaf37c3b37034de18f4d8fbd4
2026-09-29T21:42:22.2195137Z Successfully built strata
2026-09-29T21:42:22.2988965Z Installing collected packages: jsonpath-ng, distlib, clang-format, ujson, strata, ruff, pyyaml, pysimdjson, pygments, psutil, pluggy, platformdirs, orjson, nodeenv, msgspec, jmespath, iniconfig, identify, filelock, coverage, cmake, cfgv, python-discovery, pytest, virtualenv, pytest-cov, pre-commit
2026-09-29T21:42:25.1711220Z 
2026-09-29T21:42:25.1742105Z Successfully installed cfgv-3.5.0 clang-format-21.1.8 cmake-4.4.3 coverage-7.16.2 distlib-0.4.3 filelock-4.0.6 identify-2.6.20 iniconfig-2.3.0 jmespath-1.1.0 jsonpath-ng-1.8.0 msgspec-0.22.0 nodeenv-1.11.0 orjson-3.12.0 platformdirs-4.12.2 pluggy-1.6.0 pre-commit-4.6.2 psutil-7.2.2 pygments-2.21.0 pysimdjson-7.0.2 pytest-9.1.1 pytest-cov-7.1.0 python-discovery-1.6.1 pyyaml-6.0.3 ruff-0.16.9 strata-2026.8.10 ujson-6.0.0 virtualenv-21.14.0
2026-09-29T21:42:25.7871458Z + /home/runner/work/_temp/identity-arm/.venv/bin/python -m pip install --force-reinstall --no-deps -e .
2026-09-29T21:42:26.1174330Z Obtaining file:///home/runner/work/_temp/identity-arm
2026-09-29T21:42:26.1196994Z   Installing build dependencies: started
2026-09-29T21:42:28.1389880Z   Installing build dependencies: finished with status 'done'
2026-09-29T21:42:28.1396543Z   Checking if build backend supports build_editable: started
2026-09-29T21:42:28.4339108Z   Checking if build backend supports build_editable: finished with status 'done'
2026-09-29T21:42:28.4346765Z   Getting requirements to build editable: started
2026-09-29T21:42:28.8288982Z   Getting requirements to build editable: finished with status 'done'
2026-09-29T21:42:28.8297828Z   Preparing editable metadata (pyproject.toml): started
2026-09-29T21:42:29.0800879Z   Preparing editable metadata (pyproject.toml): finished with status 'done'
2026-09-29T21:42:29.0859288Z Building wheels for collected packages: strata
2026-09-29T21:42:29.0867414Z   Building editable for strata (pyproject.toml): started
2026-09-29T21:43:29.1100743Z   Building editable for strata (pyproject.toml): still running...
2026-09-29T21:43:42.5366134Z   Building editable for strata (pyproject.toml): finished with status 'done'
2026-09-29T21:43:42.5375008Z   Created wheel for strata: filename=strata-2026.8.10-0.editable-cp312-cp312-linux_x86_64.whl size=4457 sha256=2f0977290d617012d297d035ecf3a9b9960605184285c394ddbbed999cc2c092
2026-09-29T21:43:42.5376596Z   Stored in directory: /tmp/pip-ephem-wheel-cache-sd4xo1s3/wheels/4b/14/de/c01d5c98e482dba508ed0b80beaf37c3b37034de18f4d8fbd4
2026-09-29T21:43:42.5402458Z Successfully built strata
2026-09-29T21:43:42.5512887Z Installing collected packages: strata
2026-09-29T21:43:42.5514708Z   Attempting uninstall: strata
2026-09-29T21:43:42.5536781Z     Found existing installation: strata 2026.8.10
2026-09-29T21:43:42.5553705Z     Uninstalling strata-2026.8.10:
2026-09-29T21:43:42.5839806Z       Successfully uninstalled strata-2026.8.10
2026-09-29T21:43:42.5935532Z Successfully installed strata-2026.8.10
2026-09-29T21:43:43.1058406Z + git worktree remove --force /home/runner/work/_temp/identity-arm
2026-09-29T21:43:43.9514050Z .data                            bd50dc5e25736bd3 bd50dc5e25736bd3 identical
2026-09-29T21:43:43.9515214Z .data.rel.ro                     1904dc04cd3b932f 1904dc04cd3b932f identical
2026-09-29T21:43:43.9516392Z .dynamic                         1036dfd7c565f7a3 1036dfd7c565f7a3 identical
2026-09-29T21:43:43.9517286Z .dynstr                          a8ee2aa255d8c693 a8ee2aa255d8c693 identical
2026-09-29T21:43:43.9518123Z .dynsym                          249bb9fb5c51b583 249bb9fb5c51b583 identical
2026-09-29T21:43:43.9518914Z .eh_frame                        8070fd9662ea918a 8070fd9662ea918a identical
2026-09-29T21:43:43.9519730Z .eh_frame_hdr                    b5f8180c0bcc2089 b5f8180c0bcc2089 identical
2026-09-29T21:43:43.9520553Z .fini                            6a4f3e5efc7c1f7e 6a4f3e5efc7c1f7e identical
2026-09-29T21:43:43.9521349Z .fini_array                      d139819605ef0f55 d139819605ef0f55 identical
2026-09-29T21:43:43.9522188Z .gcc_except_table                c052e711c22f4f5f c052e711c22f4f5f identical
2026-09-29T21:43:43.9523033Z .gnu.hash                        74bf2d00237d924a 74bf2d00237d924a identical
2026-09-29T21:43:43.9524038Z .gnu.version                     333a783136bc6ecb 333a783136bc6ecb identical
2026-09-29T21:43:43.9524951Z .gnu.version_r                   165d0bca64f698fc 165d0bca64f698fc identical
2026-09-29T21:43:43.9525860Z .got                             5c55c8f4db4010ba 5c55c8f4db4010ba identical
2026-09-29T21:43:43.9526501Z .got.plt                         665244663a49db0d 665244663a49db0d identical
2026-09-29T21:43:43.9535603Z .init                            72e37d64267cba72 72e37d64267cba72 identical
2026-09-29T21:43:43.9536367Z .init_array                      2749b4fe66549358 2749b4fe66549358 identical
2026-09-29T21:43:43.9537083Z .note.gnu.build-id               a9fb48f044105d9b a1c0a3e3f888e39c differs
2026-09-29T21:43:43.9537836Z .plt                             31de8cd64d0df582 31de8cd64d0df582 identical
2026-09-29T21:43:43.9538460Z .plt.got                         af48a305271440ef af48a305271440ef identical
2026-09-29T21:43:43.9539129Z .rela.dyn                        cc931081f5dcaf3c cc931081f5dcaf3c identical
2026-09-29T21:43:43.9539779Z .rela.plt                        1ce4d7d913622c75 1ce4d7d913622c75 identical
2026-09-29T21:43:43.9540470Z .rodata                          8a43c1f2a3a8948a 8a43c1f2a3a8948a identical
2026-09-29T21:43:43.9541117Z .tdata                           fef02424157f106b fef02424157f106b identical
2026-09-29T21:43:43.9541774Z .text                            7037891ecdb50711 7037891ecdb50711 identical
2026-09-29T21:43:43.9542237Z CODE IDENTICAL
2026-09-29T21:43:43.9542532Z .data                            30fa3215fbb5b8b0 30fa3215fbb5b8b0 identical
2026-09-29T21:43:43.9542980Z .data.rel.ro                     77f7c0dac1c9db2b 77f7c0dac1c9db2b identical
2026-09-29T21:43:43.9543824Z .dynamic                         d6d100a58961987f d6d100a58961987f identical
2026-09-29T21:43:43.9544282Z .dynstr                          4d9713484a90058e 4d9713484a90058e identical
2026-09-29T21:43:43.9544723Z .dynsym                          4be534f9ef45c713 4be534f9ef45c713 identical
2026-09-29T21:43:43.9545389Z .eh_frame                        3290478cdef97e63 3290478cdef97e63 identical
2026-09-29T21:43:43.9545848Z .eh_frame_hdr                    ef4af9c9abdf0e17 ef4af9c9abdf0e17 identical
2026-09-29T21:43:43.9546314Z .fini                            6a4f3e5efc7c1f7e 6a4f3e5efc7c1f7e identical
2026-09-29T21:43:43.9546764Z .fini_array                      c29b9ffca06c6ecb c29b9ffca06c6ecb identical
2026-09-29T21:43:43.9547240Z .gcc_except_table                936a1ee8401808eb 936a1ee8401808eb identical
2026-09-29T21:43:43.9547718Z .gnu.hash                        d6a3d95996df5df9 d6a3d95996df5df9 identical
2026-09-29T21:43:43.9548163Z .gnu.version                     633068e1c75b1142 633068e1c75b1142 identical
2026-09-29T21:43:43.9548616Z .gnu.version_r                   7796889a3af8c8a2 7796889a3af8c8a2 identical
2026-09-29T21:43:43.9549049Z .got                             71818ecc26433c32 71818ecc26433c32 identical
2026-09-29T21:43:43.9549442Z .got.plt                         e5dc0ece494681a3 e5dc0ece494681a3 identical
2026-09-29T21:43:43.9549952Z .init                            f802af80d0689c20 f802af80d0689c20 identical
2026-09-29T21:43:43.9550354Z .init_array                      5bf56e3ffde05ae8 5bf56e3ffde05ae8 identical
2026-09-29T21:43:43.9550787Z .note.gnu.build-id               dcdd2d9732c874ef f0f57aa3a9ac1db8 differs
2026-09-29T21:43:43.9551202Z .plt                             c002070c92a7f790 c002070c92a7f790 identical
2026-09-29T21:43:43.9551594Z .plt.got                         ae84e5ab37b90500 ae84e5ab37b90500 identical
2026-09-29T21:43:43.9551982Z .rela.dyn                        e85bef6ce72116b2 e85bef6ce72116b2 identical
2026-09-29T21:43:43.9552379Z .rela.plt                        df3140cfa8a90739 df3140cfa8a90739 identical
2026-09-29T21:43:43.9552765Z .rodata                          7200ebff6e0ac825 7200ebff6e0ac825 identical
2026-09-29T21:43:43.9553139Z .tdata                           fef02424157f106b fef02424157f106b identical
2026-09-29T21:43:43.9553773Z .text                            dea73725226891a7 dea73725226891a7 identical
2026-09-29T21:43:43.9554097Z CODE IDENTICAL
2026-09-29T21:43:43.9554297Z {
2026-09-29T21:43:43.9554522Z  "base": "234ea15861d2f37b1b55c6251281a49021864441",
2026-09-29T21:43:43.9554816Z  "plain_exit": 0,
2026-09-29T21:43:43.9555023Z  "held_pgo_exit": 0
2026-09-29T21:43:43.9555220Z }
2026-09-29T21:43:43.9555399Z plain build: exit 0
2026-09-29T21:43:43.9555623Z held-profile pgo+lto build: exit 0
2026-09-29T21:43:43.9555803Z 
2026-09-29T21:43:43.9663286Z ##[group]Run actions/upload-artifact@v4
2026-09-29T21:43:43.9663820Z with:
2026-09-29T21:43:43.9664043Z   name: benchmark-linux-x86_64
2026-09-29T21:43:43.9664453Z   path: bench_ci_*.md
bench_ci_*.json
bench_native_*.md
bench_native_*.json
identity-*.txt

2026-09-29T21:43:43.9664890Z   if-no-files-found: ignore
2026-09-29T21:43:43.9665134Z   compression-level: 6
2026-09-29T21:43:43.9665348Z   overwrite: false
2026-09-29T21:43:43.9665561Z   include-hidden-files: false
2026-09-29T21:43:43.9665800Z env:
2026-09-29T21:43:43.9665980Z   ARCHFLAGS: 
2026-09-29T21:43:43.9666245Z   pythonLocation: /opt/hostedtoolcache/Python/3.12.14/x64
2026-09-29T21:43:43.9666681Z   PKG_CONFIG_PATH: /opt/hostedtoolcache/Python/3.12.14/x64/lib/pkgconfig
2026-09-29T21:43:43.9667116Z   Python_ROOT_DIR: /opt/hostedtoolcache/Python/3.12.14/x64
2026-09-29T21:43:43.9667488Z   Python2_ROOT_DIR: /opt/hostedtoolcache/Python/3.12.14/x64
2026-09-29T21:43:43.9667917Z   Python3_ROOT_DIR: /opt/hostedtoolcache/Python/3.12.14/x64
2026-09-29T21:43:43.9668300Z   LD_LIBRARY_PATH: /opt/hostedtoolcache/Python/3.12.14/x64/lib
2026-09-29T21:43:43.9668625Z ##[endgroup]
2026-09-29T21:43:44.1388623Z (node:19546) [DEP0040] DeprecationWarning: The `punycode` module is deprecated. Please use a userland alternative instead.
2026-09-29T21:43:44.1389365Z (Use `node --trace-deprecation ...` to show where the warning was created)
2026-09-29T21:43:44.1492307Z With the provided path, there will be 5 files uploaded
2026-09-29T21:43:44.1498757Z Artifact name is valid!
2026-09-29T21:43:44.1499309Z Root directory input is valid!
2026-09-29T21:43:44.5364880Z Beginning upload of artifact content to blob storage
2026-09-29T21:43:44.5709573Z (node:19546) [DEP0169] DeprecationWarning: `url.parse()` behavior is not standardized and prone to errors that have security implications. Use the WHATWG URL API instead. CVEs are not issued for `url.parse()` vulnerabilities.
2026-09-29T21:43:44.9478331Z Uploaded bytes 66899
2026-09-29T21:43:45.0189006Z Finished uploading artifact content to blob storage!
2026-09-29T21:43:45.0190238Z SHA256 digest of uploaded artifact zip is 3435c208a94aaabeb762330d81285829e07fb411aaf29d01bc3ffce62300f438
2026-09-29T21:43:45.0197101Z Finalizing artifact upload
2026-09-29T21:43:45.2759559Z Artifact benchmark-linux-x86_64.zip successfully finalized. Artifact ID 11063818919
2026-09-29T21:43:45.2760710Z Artifact benchmark-linux-x86_64 has been successfully uploaded! Final size is 66899 bytes. Artifact ID is 11063818919
2026-09-29T21:43:45.2767941Z Artifact download URL: https://github.com/PrimeLab-Foundation/strata/actions/runs/36632472320/artifacts/11063818919
2026-09-29T21:43:45.2939808Z Post job cleanup.
2026-09-29T21:43:45.4161637Z (node:19558) [DEP0040] DeprecationWarning: The `punycode` module is deprecated. Please use a userland alternative instead.
2026-09-29T21:43:45.4162991Z (Use `node --trace-deprecation ...` to show where the warning was created)
2026-09-29T21:43:45.4365151Z Post job cleanup.
2026-09-29T21:43:45.5283914Z [command]/usr/bin/git version
2026-09-29T21:43:45.5332848Z git version 2.55.0
2026-09-29T21:43:45.5379964Z Temporarily overriding HOME='/home/runner/work/_temp/2eb62a73-e265-4100-948e-837b756b6493' before making global git config changes
2026-09-29T21:43:45.5381499Z Adding repository directory to the temporary git global config as a safe directory
2026-09-29T21:43:45.5386716Z [command]/usr/bin/git config --global --add safe.directory /home/runner/work/strata/strata
2026-09-29T21:43:45.5431478Z [command]/usr/bin/git config --local --name-only --get-regexp core\.sshCommand
2026-09-29T21:43:45.5469096Z [command]/usr/bin/git submodule foreach --recursive sh -c "git config --local --name-only --get-regexp 'core\.sshCommand' && git config --local --unset-all 'core.sshCommand' || :"
2026-09-29T21:43:45.5738801Z [command]/usr/bin/git config --local --name-only --get-regexp http\.https\:\/\/github\.com\/\.extraheader
2026-09-29T21:43:45.5768967Z http.https://github.com/.extraheader
2026-09-29T21:43:45.5781011Z [command]/usr/bin/git config --local --unset-all http.https://github.com/.extraheader
2026-09-29T21:43:45.5825118Z [command]/usr/bin/git submodule foreach --recursive sh -c "git config --local --name-only --get-regexp 'http\.https\:\/\/github\.com\/\.extraheader' && git config --local --unset-all 'http.https://github.com/.extraheader' || :"
2026-09-29T21:43:45.6191991Z [command]/usr/bin/git config --local --name-only --get-regexp ^includeIf\.gitdir:
2026-09-29T21:43:45.6273162Z [command]/usr/bin/git submodule foreach --recursive git config --local --show-origin --name-only --get-regexp remote.origin.url
2026-09-29T21:43:45.6726082Z Cleaning up orphan processes
2026-09-29T21:43:45.7081117Z ##[warning]Node.js 20 is deprecated. The following actions target Node.js 20 but are being forced to run on Node.js 24: actions/checkout@v4, actions/setup-python@v5, actions/upload-artifact@v4. For more information see: https://github.blog/changelog/2025-09-19-deprecation-of-node-20-on-github-actions-runners/
