PYTHONPATH=. .venv/bin/python benchmarks/ab_rows.py \
		--build A=/Users/borysbardysh/PycharmProjects/PrimeLabFoundation/strata/build/evidence/M15/armA/_strata.cpython-314-darwin.so --build B=/Users/borysbardysh/PycharmProjects/PrimeLabFoundation/strata/build/evidence/M15/armA2/_strata.cpython-314-darwin.so \
		--target /Users/borysbardysh/worktrees/strata/main-pgo/python/strata/_strata.cpython-314-darwin.so \
		--out /Users/borysbardysh/PycharmProjects/PrimeLabFoundation/strata/build/evidence/M15/attr/full/aa_full.tsv --row small:users:dumps --row small:users:loads --row small:users:load --row small:users:dump --row small:flat:dumps --row small:flat:loads --row small:flat:load --row small:flat:dump --row small:nested:dumps --row small:nested:loads --row small:nested:load --row small:nested:dump --row small:wide_arrays:dumps --row small:wide_arrays:loads --row small:wide_arrays:load --row small:wide_arrays:dump --row small:mixed:dumps --row small:mixed:loads --row small:mixed:load --row small:mixed:dump --row small:users:ndload --row medium:users:dumps --row medium:flat:dumps --row medium:nested:dumps --row medium:wide_arrays:dumps --row medium:mixed:dumps --blocks 6 --repeat 60
# target   /Users/borysbardysh/worktrees/strata/main-pgo/python/strata/_strata.cpython-314-darwin.so
# build A  /Users/borysbardysh/PycharmProjects/PrimeLabFoundation/strata/build/evidence/M15/armA/_strata.cpython-314-darwin.so  md5=1609bb3e318d8f9e2c552fa4675795f2
# build B  /Users/borysbardysh/PycharmProjects/PrimeLabFoundation/strata/build/evidence/M15/armA2/_strata.cpython-314-darwin.so  md5=800e32c62dc8a5c05de7912d938268eb
# order    ABBAABBAABBAABBAABBAABBAA (25 launches)
# rows     small:users:dumps small:users:loads small:users:load small:users:dump small:flat:dumps small:flat:loads small:flat:load small:flat:dump small:nested:dumps small:nested:loads small:nested:load small:nested:dump small:wide_arrays:dumps small:wide_arrays:loads small:wide_arrays:load small:wide_arrays:dump small:mixed:dumps small:mixed:loads small:mixed:load small:mixed:dump small:users:ndload medium:users:dumps medium:flat:dumps medium:nested:dumps medium:wide_arrays:dumps medium:mixed:dumps  repeat=60
# launch 00 build=A md5=1609bb3e318d8f9e2c552fa4675795f2
# L00 build=A extension=/Users/borysbardysh/worktrees/strata/main-pgo/python/strata/_strata.cpython-314-darwin.so md5=1609bb3e318d8f9e2c552fa4675795f2 load=2.42,3.14,3.61 cpus=10 t=01:40:37
# launch 01 build=B md5=800e32c62dc8a5c05de7912d938268eb
# L01 build=B extension=/Users/borysbardysh/worktrees/strata/main-pgo/python/strata/_strata.cpython-314-darwin.so md5=800e32c62dc8a5c05de7912d938268eb load=2.57,3.11,3.59 cpus=10 t=01:41:02
# launch 02 build=B md5=800e32c62dc8a5c05de7912d938268eb
# L02 build=B extension=/Users/borysbardysh/worktrees/strata/main-pgo/python/strata/_strata.cpython-314-darwin.so md5=800e32c62dc8a5c05de7912d938268eb load=2.90,3.15,3.58 cpus=10 t=01:41:27
# launch 03 build=A md5=1609bb3e318d8f9e2c552fa4675795f2
# L03 build=A extension=/Users/borysbardysh/worktrees/strata/main-pgo/python/strata/_strata.cpython-314-darwin.so md5=1609bb3e318d8f9e2c552fa4675795f2 load=2.70,3.09,3.55 cpus=10 t=01:41:51
# launch 04 build=A md5=1609bb3e318d8f9e2c552fa4675795f2
# L04 build=A extension=/Users/borysbardysh/worktrees/strata/main-pgo/python/strata/_strata.cpython-314-darwin.so md5=1609bb3e318d8f9e2c552fa4675795f2 load=2.88,3.10,3.54 cpus=10 t=01:42:16
# launch 05 build=B md5=800e32c62dc8a5c05de7912d938268eb
# L05 build=B extension=/Users/borysbardysh/worktrees/strata/main-pgo/python/strata/_strata.cpython-314-darwin.so md5=800e32c62dc8a5c05de7912d938268eb load=2.75,3.04,3.51 cpus=10 t=01:42:41
# launch 06 build=B md5=800e32c62dc8a5c05de7912d938268eb
# L06 build=B extension=/Users/borysbardysh/worktrees/strata/main-pgo/python/strata/_strata.cpython-314-darwin.so md5=800e32c62dc8a5c05de7912d938268eb load=3.60,3.24,3.56 cpus=10 t=01:43:06
# launch 07 build=A md5=1609bb3e318d8f9e2c552fa4675795f2
# L07 build=A extension=/Users/borysbardysh/worktrees/strata/main-pgo/python/strata/_strata.cpython-314-darwin.so md5=1609bb3e318d8f9e2c552fa4675795f2 load=3.21,3.17,3.53 cpus=10 t=01:43:31
# launch 08 build=A md5=1609bb3e318d8f9e2c552fa4675795f2
# L08 build=A extension=/Users/borysbardysh/worktrees/strata/main-pgo/python/strata/_strata.cpython-314-darwin.so md5=1609bb3e318d8f9e2c552fa4675795f2 load=3.59,3.28,3.56 cpus=10 t=01:43:57
# launch 09 build=B md5=800e32c62dc8a5c05de7912d938268eb
# L09 build=B extension=/Users/borysbardysh/worktrees/strata/main-pgo/python/strata/_strata.cpython-314-darwin.so md5=800e32c62dc8a5c05de7912d938268eb load=3.67,3.32,3.56 cpus=10 t=01:44:24
# launch 10 build=B md5=800e32c62dc8a5c05de7912d938268eb
# L10 build=B extension=/Users/borysbardysh/worktrees/strata/main-pgo/python/strata/_strata.cpython-314-darwin.so md5=800e32c62dc8a5c05de7912d938268eb load=4.42,3.52,3.63 cpus=10 t=01:44:51
# launch 11 build=A md5=1609bb3e318d8f9e2c552fa4675795f2
# L11 build=A extension=/Users/borysbardysh/worktrees/strata/main-pgo/python/strata/_strata.cpython-314-darwin.so md5=1609bb3e318d8f9e2c552fa4675795f2 load=4.27,3.57,3.64 cpus=10 t=01:45:16
# launch 12 build=A md5=1609bb3e318d8f9e2c552fa4675795f2
# L12 build=A extension=/Users/borysbardysh/worktrees/strata/main-pgo/python/strata/_strata.cpython-314-darwin.so md5=1609bb3e318d8f9e2c552fa4675795f2 load=5.33,3.96,3.78 cpus=10 t=01:45:42
# launch 13 build=B md5=800e32c62dc8a5c05de7912d938268eb
# L13 build=B extension=/Users/borysbardysh/worktrees/strata/main-pgo/python/strata/_strata.cpython-314-darwin.so md5=800e32c62dc8a5c05de7912d938268eb load=4.32,3.83,3.74 cpus=10 t=01:46:09
# launch 14 build=B md5=800e32c62dc8a5c05de7912d938268eb
# L14 build=B extension=/Users/borysbardysh/worktrees/strata/main-pgo/python/strata/_strata.cpython-314-darwin.so md5=800e32c62dc8a5c05de7912d938268eb load=3.66,3.72,3.70 cpus=10 t=01:46:34
# launch 15 build=A md5=1609bb3e318d8f9e2c552fa4675795f2
# L15 build=A extension=/Users/borysbardysh/worktrees/strata/main-pgo/python/strata/_strata.cpython-314-darwin.so md5=1609bb3e318d8f9e2c552fa4675795f2 load=4.04,3.81,3.74 cpus=10 t=01:47:00
# launch 16 build=A md5=1609bb3e318d8f9e2c552fa4675795f2
# L16 build=A extension=/Users/borysbardysh/worktrees/strata/main-pgo/python/strata/_strata.cpython-314-darwin.so md5=1609bb3e318d8f9e2c552fa4675795f2 load=4.21,3.88,3.76 cpus=10 t=01:47:26
# launch 17 build=B md5=800e32c62dc8a5c05de7912d938268eb
# L17 build=B extension=/Users/borysbardysh/worktrees/strata/main-pgo/python/strata/_strata.cpython-314-darwin.so md5=800e32c62dc8a5c05de7912d938268eb load=3.97,3.85,3.76 cpus=10 t=01:47:52
# launch 18 build=B md5=800e32c62dc8a5c05de7912d938268eb
# L18 build=B extension=/Users/borysbardysh/worktrees/strata/main-pgo/python/strata/_strata.cpython-314-darwin.so md5=800e32c62dc8a5c05de7912d938268eb load=4.25,3.94,3.79 cpus=10 t=01:48:19
# launch 19 build=A md5=1609bb3e318d8f9e2c552fa4675795f2
# L19 build=A extension=/Users/borysbardysh/worktrees/strata/main-pgo/python/strata/_strata.cpython-314-darwin.so md5=1609bb3e318d8f9e2c552fa4675795f2 load=3.54,3.80,3.74 cpus=10 t=01:48:46
# launch 20 build=A md5=1609bb3e318d8f9e2c552fa4675795f2
# L20 build=A extension=/Users/borysbardysh/worktrees/strata/main-pgo/python/strata/_strata.cpython-314-darwin.so md5=1609bb3e318d8f9e2c552fa4675795f2 load=3.31,3.72,3.72 cpus=10 t=01:49:12
# launch 21 build=B md5=800e32c62dc8a5c05de7912d938268eb
# L21 build=B extension=/Users/borysbardysh/worktrees/strata/main-pgo/python/strata/_strata.cpython-314-darwin.so md5=800e32c62dc8a5c05de7912d938268eb load=3.30,3.68,3.70 cpus=10 t=01:49:39
# launch 22 build=B md5=800e32c62dc8a5c05de7912d938268eb
# L22 build=B extension=/Users/borysbardysh/worktrees/strata/main-pgo/python/strata/_strata.cpython-314-darwin.so md5=800e32c62dc8a5c05de7912d938268eb load=2.80,3.53,3.65 cpus=10 t=01:50:05
# launch 23 build=A md5=1609bb3e318d8f9e2c552fa4675795f2
# L23 build=A extension=/Users/borysbardysh/worktrees/strata/main-pgo/python/strata/_strata.cpython-314-darwin.so md5=1609bb3e318d8f9e2c552fa4675795f2 load=2.68,3.45,3.61 cpus=10 t=01:50:31
# launch 24 build=A md5=1609bb3e318d8f9e2c552fa4675795f2
# L24 build=A extension=/Users/borysbardysh/worktrees/strata/main-pgo/python/strata/_strata.cpython-314-darwin.so md5=1609bb3e318d8f9e2c552fa4675795f2 load=3.81,3.63,3.67 cpus=10 t=01:50:58
# wrote /Users/borysbardysh/PycharmProjects/PrimeLabFoundation/strata/build/evidence/M15/attr/full/aa_full.tsv (25 of 25 launches)
# restored /Users/borysbardysh/worktrees/strata/main-pgo/python/strata/_strata.cpython-314-darwin.so to md5=800e32c62dc8a5c05de7912d938268eb
== launch medians (ms)
row/engine                    L00:A       L01:B       L02:B       L03:A       L04:A       L05:B       L06:B       L07:A       L08:A       L09:B       L10:B       L11:A       L12:A       L13:B       L14:B       L15:A       L16:A       L17:B       L18:B       L19:A       L20:A       L21:B       L22:B       L23:A       L24:A       
md-flat-dumps orjson-bytes    0.9318     0.9348     0.9294     0.9190     0.9273     0.9424     0.9336     0.9214     0.9346     0.9380     0.9343     0.9101     0.9204     0.9231     0.9161     0.9281     0.9143     0.9140     0.9266     0.9089     0.9361     0.9273     0.9202     0.9328     0.9358     
md-flat-dumps orjson-dump     -          -          -          -          -          -          -          -          -          -          -          -          -          -          -          -          -          -          -          -          -          -          -          -          -          
md-flat-dumps orjson-load     -          -          -          -          -          -          -          -          -          -          -          -          -          -          -          -          -          -          -          -          -          -          -          -          -          
md-flat-dumps orjson-loads    -          -          -          -          -          -          -          -          -          -          -          -          -          -          -          -          -          -          -          -          -          -          -          -          -          
md-flat-dumps orjson-ndload   -          -          -          -          -          -          -          -          -          -          -          -          -          -          -          -          -          -          -          -          -          -          -          -          -          
md-flat-dumps strata-bytes    0.7479     0.7484     0.7447     0.7413     0.7443     0.7492     0.7533     0.7355     0.7499     0.7468     0.7491     0.7259     0.7355     0.7317     0.7365     0.7465     0.7332     0.7361     0.7488     0.7260     0.7499     0.7449     0.7347     0.7461     0.7507     
md-flat-dumps strata-dump     -          -          -          -          -          -          -          -          -          -          -          -          -          -          -          -          -          -          -          -          -          -          -          -          -          
md-flat-dumps strata-load     -          -          -          -          -          -          -          -          -          -          -          -          -          -          -          -          -          -          -          -          -          -          -          -          -          
md-flat-dumps strata-loads    -          -          -          -          -          -          -          -          -          -          -          -          -          -          -          -          -          -          -          -          -          -          -          -          -          
md-flat-dumps strata-ndload   -          -          -          -          -          -          -          -          -          -          -          -          -          -          -          -          -          -          -          -          -          -          -          -          -          
md-flat-dumps strata-str      0.8101     0.8118     0.8075     0.8060     0.8086     0.8218     0.8226     0.8055     0.8217     0.8149     0.8328     0.7939     0.8027     0.8067     0.8081     0.8213     0.7996     0.8015     0.8139     0.7919     0.8210     0.8197     0.7983     0.8203     0.8217     
md-mixed-dumps orjson-bytes   0.1457     0.1467     0.1464     0.1450     0.1457     0.1465     0.1511     0.1431     0.1450     0.1456     0.1442     0.1450     0.1437     0.1414     0.1420     0.1438     0.1424     0.1497     0.1478     0.1420     0.1445     0.1474     0.1431     0.1445     0.1589     
md-mixed-dumps orjson-dump    -          -          -          -          -          -          -          -          -          -          -          -          -          -          -          -          -          -          -          -          -          -          -          -          -          
md-mixed-dumps orjson-load    -          -          -          -          -          -          -          -          -          -          -          -          -          -          -          -          -          -          -          -          -          -          -          -          -          
md-mixed-dumps orjson-loads   -          -          -          -          -          -          -          -          -          -          -          -          -          -          -          -          -          -          -          -          -          -          -          -          -          
md-mixed-dumps orjson-ndload  -          -          -          -          -          -          -          -          -          -          -          -          -          -          -          -          -          -          -          -          -          -          -          -          -          
md-mixed-dumps strata-bytes   0.1133     0.1135     0.1135     0.1136     0.1135     0.1136     0.1160     0.1114     0.1133     0.1137     0.1118     0.1125     0.1119     0.1109     0.1114     0.1118     0.1113     0.1165     0.1149     0.1113     0.1126     0.1143     0.1113     0.1127     0.1237     
md-mixed-dumps strata-dump    -          -          -          -          -          -          -          -          -          -          -          -          -          -          -          -          -          -          -          -          -          -          -          -          -          
md-mixed-dumps strata-load    -          -          -          -          -          -          -          -          -          -          -          -          -          -          -          -          -          -          -          -          -          -          -          -          -          
md-mixed-dumps strata-loads   -          -          -          -          -          -          -          -          -          -          -          -          -          -          -          -          -          -          -          -          -          -          -          -          -          
md-mixed-dumps strata-ndload  -          -          -          -          -          -          -          -          -          -          -          -          -          -          -          -          -          -          -          -          -          -          -          -          -          
md-mixed-dumps strata-str     0.1253     0.1264     0.1255     0.1248     0.1260     0.1251     0.1318     0.1221     0.1244     0.1243     0.1225     0.1262     0.1216     0.1208     0.1216     0.1229     0.1213     0.1282     0.1270     0.1217     0.1241     0.1270     0.1217     0.1250     0.1398     
md-nested-dumps orjson-bytes  0.7891     0.7953     0.8004     0.7953     0.8032     0.8023     0.7946     0.7791     0.8026     0.8122     0.7788     0.7750     0.7949     0.7751     0.7770     0.7775     0.7813     0.7809     0.7980     0.7786     0.8110     0.8084     0.7736     0.8154     0.8015     
md-nested-dumps orjson-dump   -          -          -          -          -          -          -          -          -          -          -          -          -          -          -          -          -          -          -          -          -          -          -          -          -          
md-nested-dumps orjson-load   -          -          -          -          -          -          -          -          -          -          -          -          -          -          -          -          -          -          -          -          -          -          -          -          -          
md-nested-dumps orjson-loads  -          -          -          -          -          -          -          -          -          -          -          -          -          -          -          -          -          -          -          -          -          -          -          -          -          
md-nested-dumps orjson-ndload -          -          -          -          -          -          -          -          -          -          -          -          -          -          -          -          -          -          -          -          -          -          -          -          -          
md-nested-dumps strata-bytes  0.4601     0.4611     0.4596     0.4613     0.4567     0.4666     0.4649     0.4467     0.4631     0.4728     0.4538     0.4478     0.4635     0.4471     0.4462     0.4476     0.4495     0.4500     0.4623     0.4468     0.4754     0.4665     0.4473     0.4660     0.4642     
md-nested-dumps strata-dump   -          -          -          -          -          -          -          -          -          -          -          -          -          -          -          -          -          -          -          -          -          -          -          -          -          
md-nested-dumps strata-load   -          -          -          -          -          -          -          -          -          -          -          -          -          -          -          -          -          -          -          -          -          -          -          -          -          
md-nested-dumps strata-loads  -          -          -          -          -          -          -          -          -          -          -          -          -          -          -          -          -          -          -          -          -          -          -          -          -          
md-nested-dumps strata-ndload -          -          -          -          -          -          -          -          -          -          -          -          -          -          -          -          -          -          -          -          -          -          -          -          -          
md-nested-dumps strata-str    0.5164     0.5159     0.5161     0.5210     0.5039     0.5195     0.5198     0.5026     0.5275     0.5338     0.5050     0.4990     0.5178     0.5010     0.5008     0.5017     0.5038     0.5022     0.5230     0.4985     0.5355     0.5210     0.5019     0.5298     0.5179     
md-users-dumps orjson-bytes   13.4207    13.3752    13.4204    13.3402    13.3904    13.3376    13.4477    13.1345    13.6183    13.4993    13.2110    13.4097    13.2068    13.2039    13.2258    13.2476    13.4148    13.5368    13.4945    13.4484    13.5034    13.5471    13.3172    14.4919    13.4399    
md-users-dumps orjson-dump    -          -          -          -          -          -          -          -          -          -          -          -          -          -          -          -          -          -          -          -          -          -          -          -          -          
md-users-dumps orjson-load    -          -          -          -          -          -          -          -          -          -          -          -          -          -          -          -          -          -          -          -          -          -          -          -          -          
md-users-dumps orjson-loads   -          -          -          -          -          -          -          -          -          -          -          -          -          -          -          -          -          -          -          -          -          -          -          -          -          
md-users-dumps orjson-ndload  -          -          -          -          -          -          -          -          -          -          -          -          -          -          -          -          -          -          -          -          -          -          -          -          -          
md-users-dumps strata-bytes   8.2272     8.1758     8.1727     8.1926     8.1802     8.1703     8.2121     8.0515     8.3242     8.2146     8.0241     8.1555     8.1145     8.0629     8.0401     8.0658     8.0637     8.2796     8.1460     8.1845     8.3370     8.2754     8.0804     8.3767     8.1656     
md-users-dumps strata-dump    -          -          -          -          -          -          -          -          -          -          -          -          -          -          -          -          -          -          -          -          -          -          -          -          -          
md-users-dumps strata-load    -          -          -          -          -          -          -          -          -          -          -          -          -          -          -          -          -          -          -          -          -          -          -          -          -          
md-users-dumps strata-loads   -          -          -          -          -          -          -          -          -          -          -          -          -          -          -          -          -          -          -          -          -          -          -          -          -          
md-users-dumps strata-ndload  -          -          -          -          -          -          -          -          -          -          -          -          -          -          -          -          -          -          -          -          -          -          -          -          -          
md-users-dumps strata-str     9.1354     9.1256     9.0860     9.0287     9.0577     9.0635     9.1175     8.9086     9.2511     9.1117     8.9242     9.0951     8.9684     8.9165     8.9384     8.9571     8.9633     9.1486     9.0282     9.1005     9.2318     9.1270     8.9482     9.7644     9.0306     
md-wide_arrays-dumps orjson-bytes5.3539     5.3550     5.3936     5.3625     5.4434     5.3660     5.6131     5.5650     5.5910     5.6317     5.4980     5.5221     5.4132     5.4761     5.4341     5.5725     5.5333     5.5242     5.4383     5.4698     5.6435     5.5483     5.6392     5.4820     5.7707     
md-wide_arrays-dumps orjson-dump-          -          -          -          -          -          -          -          -          -          -          -          -          -          -          -          -          -          -          -          -          -          -          -          -          
md-wide_arrays-dumps orjson-load-          -          -          -          -          -          -          -          -          -          -          -          -          -          -          -          -          -          -          -          -          -          -          -          -          
md-wide_arrays-dumps orjson-loads-          -          -          -          -          -          -          -          -          -          -          -          -          -          -          -          -          -          -          -          -          -          -          -          -          
md-wide_arrays-dumps orjson-ndload-          -          -          -          -          -          -          -          -          -          -          -          -          -          -          -          -          -          -          -          -          -          -          -          -          
md-wide_arrays-dumps strata-bytes3.8161     3.8037     3.8640     3.8002     3.8181     3.8300     3.9051     3.8559     3.8900     3.8520     3.8195     3.8278     3.7906     3.7820     3.7746     3.8335     3.8266     3.8018     3.8104     3.8140     3.8540     3.8596     3.8640     3.8663     3.9560     
md-wide_arrays-dumps strata-dump-          -          -          -          -          -          -          -          -          -          -          -          -          -          -          -          -          -          -          -          -          -          -          -          -          
md-wide_arrays-dumps strata-load-          -          -          -          -          -          -          -          -          -          -          -          -          -          -          -          -          -          -          -          -          -          -          -          -          
md-wide_arrays-dumps strata-loads-          -          -          -          -          -          -          -          -          -          -          -          -          -          -          -          -          -          -          -          -          -          -          -          -          
md-wide_arrays-dumps strata-ndload-          -          -          -          -          -          -          -          -          -          -          -          -          -          -          -          -          -          -          -          -          -          -          -          -          
md-wide_arrays-dumps strata-str4.3787     4.4036     4.4071     4.3808     4.3329     4.4844     4.5311     4.4074     4.4768     4.3782     4.3506     4.5626     4.3799     4.2417     4.2658     4.4634     4.3180     4.4285     4.5312     4.3954     4.5598     4.5539     4.5256     4.5371     4.6065     
sm-flat-dump orjson-bytes     -          -          -          -          -          -          -          -          -          -          -          -          -          -          -          -          -          -          -          -          -          -          -          -          -          
sm-flat-dump orjson-dump      0.4372     0.3859     0.4001     0.4401     0.3930     0.3987     0.3973     0.4141     0.4018     0.4669     0.4370     0.4325     0.4203     0.4115     0.4134     0.4495     0.3931     0.3990     0.4082     0.4514     0.4036     0.3943     0.4097     0.3910     0.4237     
sm-flat-dump orjson-load      -          -          -          -          -          -          -          -          -          -          -          -          -          -          -          -          -          -          -          -          -          -          -          -          -          
sm-flat-dump orjson-loads     -          -          -          -          -          -          -          -          -          -          -          -          -          -          -          -          -          -          -          -          -          -          -          -          -          
sm-flat-dump orjson-ndload    -          -          -          -          -          -          -          -          -          -          -          -          -          -          -          -          -          -          -          -          -          -          -          -          -          
sm-flat-dump strata-bytes     -          -          -          -          -          -          -          -          -          -          -          -          -          -          -          -          -          -          -          -          -          -          -          -          -          
sm-flat-dump strata-dump      0.3710     0.3257     0.3365     0.3467     0.3437     0.3376     0.3396     0.3435     0.3375     0.3752     0.3340     0.3525     0.3619     0.3580     0.3816     0.3700     0.3305     0.3405     0.3492     0.3782     0.3545     0.3340     0.3420     0.3383     0.3660     
sm-flat-dump strata-load      -          -          -          -          -          -          -          -          -          -          -          -          -          -          -          -          -          -          -          -          -          -          -          -          -          
sm-flat-dump strata-loads     -          -          -          -          -          -          -          -          -          -          -          -          -          -          -          -          -          -          -          -          -          -          -          -          -          
sm-flat-dump strata-ndload    -          -          -          -          -          -          -          -          -          -          -          -          -          -          -          -          -          -          -          -          -          -          -          -          -          
sm-flat-dump strata-str       -          -          -          -          -          -          -          -          -          -          -          -          -          -          -          -          -          -          -          -          -          -          -          -          -          
sm-flat-dumps orjson-bytes    0.2335     0.2339     0.2343     0.2327     0.2363     0.2337     0.2340     0.2357     0.2431     0.2326     0.2338     0.2326     0.2339     0.2325     0.2346     0.2357     0.2357     0.2362     0.2397     0.2343     0.2374     0.2354     0.2393     0.2331     0.2339     
sm-flat-dumps orjson-dump     -          -          -          -          -          -          -          -          -          -          -          -          -          -          -          -          -          -          -          -          -          -          -          -          -          
sm-flat-dumps orjson-load     -          -          -          -          -          -          -          -          -          -          -          -          -          -          -          -          -          -          -          -          -          -          -          -          -          
sm-flat-dumps orjson-loads    -          -          -          -          -          -          -          -          -          -          -          -          -          -          -          -          -          -          -          -          -          -          -          -          -          
sm-flat-dumps orjson-ndload   -          -          -          -          -          -          -          -          -          -          -          -          -          -          -          -          -          -          -          -          -          -          -          -          -          
sm-flat-dumps strata-bytes    0.1833     0.1841     0.1854     0.1823     0.1837     0.1827     0.1835     0.1858     0.1916     0.1834     0.1827     0.1815     0.1822     0.1825     0.1822     0.1853     0.1832     0.1882     0.1862     0.1826     0.1864     0.1849     0.1921     0.1825     0.1841     
sm-flat-dumps strata-dump     -          -          -          -          -          -          -          -          -          -          -          -          -          -          -          -          -          -          -          -          -          -          -          -          -          
sm-flat-dumps strata-load     -          -          -          -          -          -          -          -          -          -          -          -          -          -          -          -          -          -          -          -          -          -          -          -          -          
sm-flat-dumps strata-loads    -          -          -          -          -          -          -          -          -          -          -          -          -          -          -          -          -          -          -          -          -          -          -          -          -          
sm-flat-dumps strata-ndload   -          -          -          -          -          -          -          -          -          -          -          -          -          -          -          -          -          -          -          -          -          -          -          -          -          
sm-flat-dumps strata-str      0.2024     0.2029     0.2062     0.2034     0.2015     0.2021     0.2019     0.2033     0.2112     0.2014     0.2024     0.2013     0.2014     0.2021     0.2014     0.2059     0.2038     0.2104     0.2062     0.2019     0.2052     0.2053     0.2113     0.2035     0.2041     
sm-flat-load orjson-bytes     -          -          -          -          -          -          -          -          -          -          -          -          -          -          -          -          -          -          -          -          -          -          -          -          -          
sm-flat-load orjson-dump      -          -          -          -          -          -          -          -          -          -          -          -          -          -          -          -          -          -          -          -          -          -          -          -          -          
sm-flat-load orjson-load      0.7387     0.7666     0.7717     0.7525     0.7367     0.7241     0.7335     0.7242     0.7263     0.7444     0.7569     0.7208     0.7890     0.7419     0.7682     0.7869     0.7490     0.7300     0.7417     0.7544     0.7616     0.7544     0.7664     0.7116     0.7416     
sm-flat-load orjson-loads     -          -          -          -          -          -          -          -          -          -          -          -          -          -          -          -          -          -          -          -          -          -          -          -          -          
sm-flat-load orjson-ndload    -          -          -          -          -          -          -          -          -          -          -          -          -          -          -          -          -          -          -          -          -          -          -          -          -          
sm-flat-load strata-bytes     -          -          -          -          -          -          -          -          -          -          -          -          -          -          -          -          -          -          -          -          -          -          -          -          -          
sm-flat-load strata-dump      -          -          -          -          -          -          -          -          -          -          -          -          -          -          -          -          -          -          -          -          -          -          -          -          -          
sm-flat-load strata-load      0.6455     0.6613     0.6578     0.6493     0.6407     0.6283     0.6272     0.6229     0.6206     0.6409     0.6598     0.6275     0.6752     0.6420     0.6535     0.6770     0.6420     0.6187     0.6397     0.6564     0.6745     0.6618     0.6622     0.6143     0.6306     
sm-flat-load strata-loads     -          -          -          -          -          -          -          -          -          -          -          -          -          -          -          -          -          -          -          -          -          -          -          -          -          
sm-flat-load strata-ndload    -          -          -          -          -          -          -          -          -          -          -          -          -          -          -          -          -          -          -          -          -          -          -          -          -          
sm-flat-load strata-str       -          -          -          -          -          -          -          -          -          -          -          -          -          -          -          -          -          -          -          -          -          -          -          -          -          
sm-flat-loads orjson-bytes    -          -          -          -          -          -          -          -          -          -          -          -          -          -          -          -          -          -          -          -          -          -          -          -          -          
sm-flat-loads orjson-dump     -          -          -          -          -          -          -          -          -          -          -          -          -          -          -          -          -          -          -          -          -          -          -          -          -          
sm-flat-loads orjson-load     -          -          -          -          -          -          -          -          -          -          -          -          -          -          -          -          -          -          -          -          -          -          -          -          -          
sm-flat-loads orjson-loads    0.6550     0.6890     0.6824     0.6437     0.6620     0.6450     0.6504     0.6419     0.6503     0.6420     0.6587     0.6381     0.6840     0.6632     0.6641     0.6713     0.6661     0.6549     0.6644     0.6578     0.6824     0.6823     0.6638     0.6425     0.6482     
sm-flat-loads orjson-ndload   -          -          -          -          -          -          -          -          -          -          -          -          -          -          -          -          -          -          -          -          -          -          -          -          -          
sm-flat-loads strata-bytes    -          -          -          -          -          -          -          -          -          -          -          -          -          -          -          -          -          -          -          -          -          -          -          -          -          
sm-flat-loads strata-dump     -          -          -          -          -          -          -          -          -          -          -          -          -          -          -          -          -          -          -          -          -          -          -          -          -          
sm-flat-loads strata-load     -          -          -          -          -          -          -          -          -          -          -          -          -          -          -          -          -          -          -          -          -          -          -          -          -          
sm-flat-loads strata-loads    0.5750     0.6064     0.5978     0.5691     0.5797     0.5628     0.5685     0.5682     0.5647     0.5721     0.5749     0.5570     0.6050     0.5759     0.5786     0.5843     0.5833     0.5726     0.5894     0.5783     0.6001     0.5947     0.5953     0.5599     0.5693     
sm-flat-loads strata-ndload   -          -          -          -          -          -          -          -          -          -          -          -          -          -          -          -          -          -          -          -          -          -          -          -          -          
sm-flat-loads strata-str      -          -          -          -          -          -          -          -          -          -          -          -          -          -          -          -          -          -          -          -          -          -          -          -          -          
sm-mixed-dump orjson-bytes    -          -          -          -          -          -          -          -          -          -          -          -          -          -          -          -          -          -          -          -          -          -          -          -          -          
sm-mixed-dump orjson-dump     0.1642     0.1576     0.1665     0.1673     0.1653     0.1758     0.1827     0.1795     0.1783     0.1549     0.1590     0.2079     0.1786     0.1787     0.1884     0.1461     0.1685     0.1616     0.1792     0.1699     0.1650     0.1704     0.1707     0.1887     0.2112     
sm-mixed-dump orjson-load     -          -          -          -          -          -          -          -          -          -          -          -          -          -          -          -          -          -          -          -          -          -          -          -          -          
sm-mixed-dump orjson-loads    -          -          -          -          -          -          -          -          -          -          -          -          -          -          -          -          -          -          -          -          -          -          -          -          -          
sm-mixed-dump orjson-ndload   -          -          -          -          -          -          -          -          -          -          -          -          -          -          -          -          -          -          -          -          -          -          -          -          -          
sm-mixed-dump strata-bytes    -          -          -          -          -          -          -          -          -          -          -          -          -          -          -          -          -          -          -          -          -          -          -          -          -          
sm-mixed-dump strata-dump     0.1451     0.1366     0.1443     0.1497     0.1587     0.1533     0.1588     0.1594     0.1527     0.1353     0.1409     0.1621     0.1521     0.1649     0.1641     0.1329     0.1490     0.1427     0.1587     0.1544     0.1352     0.1496     0.1596     0.1692     0.2002     
sm-mixed-dump strata-load     -          -          -          -          -          -          -          -          -          -          -          -          -          -          -          -          -          -          -          -          -          -          -          -          -          
sm-mixed-dump strata-loads    -          -          -          -          -          -          -          -          -          -          -          -          -          -          -          -          -          -          -          -          -          -          -          -          -          
sm-mixed-dump strata-ndload   -          -          -          -          -          -          -          -          -          -          -          -          -          -          -          -          -          -          -          -          -          -          -          -          -          
sm-mixed-dump strata-str      -          -          -          -          -          -          -          -          -          -          -          -          -          -          -          -          -          -          -          -          -          -          -          -          -          
sm-mixed-dumps orjson-bytes   0.0385     0.0379     0.0386     0.0404     0.0390     0.0384     0.0393     0.0383     0.0392     0.0404     0.0372     0.0384     0.0395     0.0380     0.0396     0.0403     0.0389     0.0400     0.0389     0.0380     0.0393     0.0399     0.0419     0.0384     0.0419     
sm-mixed-dumps orjson-dump    -          -          -          -          -          -          -          -          -          -          -          -          -          -          -          -          -          -          -          -          -          -          -          -          -          
sm-mixed-dumps orjson-load    -          -          -          -          -          -          -          -          -          -          -          -          -          -          -          -          -          -          -          -          -          -          -          -          -          
sm-mixed-dumps orjson-loads   -          -          -          -          -          -          -          -          -          -          -          -          -          -          -          -          -          -          -          -          -          -          -          -          -          
sm-mixed-dumps orjson-ndload  -          -          -          -          -          -          -          -          -          -          -          -          -          -          -          -          -          -          -          -          -          -          -          -          -          
sm-mixed-dumps strata-bytes   0.0299     0.0297     0.0295     0.0306     0.0300     0.0298     0.0302     0.0295     0.0302     0.0316     0.0291     0.0295     0.0309     0.0296     0.0302     0.0301     0.0297     0.0310     0.0301     0.0294     0.0301     0.0305     0.0321     0.0300     0.0316     
sm-mixed-dumps strata-dump    -          -          -          -          -          -          -          -          -          -          -          -          -          -          -          -          -          -          -          -          -          -          -          -          -          
sm-mixed-dumps strata-load    -          -          -          -          -          -          -          -          -          -          -          -          -          -          -          -          -          -          -          -          -          -          -          -          -          
sm-mixed-dumps strata-loads   -          -          -          -          -          -          -          -          -          -          -          -          -          -          -          -          -          -          -          -          -          -          -          -          -          
sm-mixed-dumps strata-ndload  -          -          -          -          -          -          -          -          -          -          -          -          -          -          -          -          -          -          -          -          -          -          -          -          -          
sm-mixed-dumps strata-str     0.0325     0.0320     0.0328     0.0349     0.0329     0.0332     0.0331     0.0321     0.0326     0.0353     0.0313     0.0329     0.0351     0.0327     0.0329     0.0344     0.0332     0.0341     0.0327     0.0324     0.0334     0.0344     0.0353     0.0326     0.0351     
sm-mixed-load orjson-bytes    -          -          -          -          -          -          -          -          -          -          -          -          -          -          -          -          -          -          -          -          -          -          -          -          -          
sm-mixed-load orjson-dump     -          -          -          -          -          -          -          -          -          -          -          -          -          -          -          -          -          -          -          -          -          -          -          -          -          
sm-mixed-load orjson-load     0.1746     0.1692     0.1709     0.1799     0.1744     0.1797     0.1839     0.1711     0.1872     0.1891     0.1584     0.1926     0.1878     0.1745     0.1881     0.1715     0.1771     0.1689     0.1751     0.1815     0.1695     0.1770     0.1721     0.1884     0.1881     
sm-mixed-load orjson-loads    -          -          -          -          -          -          -          -          -          -          -          -          -          -          -          -          -          -          -          -          -          -          -          -          -          
sm-mixed-load orjson-ndload   -          -          -          -          -          -          -          -          -          -          -          -          -          -          -          -          -          -          -          -          -          -          -          -          -          
sm-mixed-load strata-bytes    -          -          -          -          -          -          -          -          -          -          -          -          -          -          -          -          -          -          -          -          -          -          -          -          -          
sm-mixed-load strata-dump     -          -          -          -          -          -          -          -          -          -          -          -          -          -          -          -          -          -          -          -          -          -          -          -          -          
sm-mixed-load strata-load     0.1572     0.1504     0.1477     0.1584     0.1555     0.1490     0.1575     0.1489     0.1593     0.1562     0.1384     0.1608     0.1596     0.1553     0.1633     0.1512     0.1539     0.1479     0.1536     0.1566     0.1502     0.1526     0.1499     0.1576     0.1606     
sm-mixed-load strata-loads    -          -          -          -          -          -          -          -          -          -          -          -          -          -          -          -          -          -          -          -          -          -          -          -          -          
sm-mixed-load strata-ndload   -          -          -          -          -          -          -          -          -          -          -          -          -          -          -          -          -          -          -          -          -          -          -          -          -          
sm-mixed-load strata-str      -          -          -          -          -          -          -          -          -          -          -          -          -          -          -          -          -          -          -          -          -          -          -          -          -          
sm-mixed-loads orjson-bytes   -          -          -          -          -          -          -          -          -          -          -          -          -          -          -          -          -          -          -          -          -          -          -          -          -          
sm-mixed-loads orjson-dump    -          -          -          -          -          -          -          -          -          -          -          -          -          -          -          -          -          -          -          -          -          -          -          -          -          
sm-mixed-loads orjson-load    -          -          -          -          -          -          -          -          -          -          -          -          -          -          -          -          -          -          -          -          -          -          -          -          -          
sm-mixed-loads orjson-loads   0.1279     0.1263     0.1275     0.1290     0.1279     0.1267     0.1289     0.1256     0.1270     0.1258     0.1227     0.1285     0.1292     0.1265     0.1291     0.1283     0.1265     0.1251     0.1249     0.1262     0.1245     0.1265     0.1288     0.1249     0.1295     
sm-mixed-loads orjson-ndload  -          -          -          -          -          -          -          -          -          -          -          -          -          -          -          -          -          -          -          -          -          -          -          -          -          
sm-mixed-loads strata-bytes   -          -          -          -          -          -          -          -          -          -          -          -          -          -          -          -          -          -          -          -          -          -          -          -          -          
sm-mixed-loads strata-dump    -          -          -          -          -          -          -          -          -          -          -          -          -          -          -          -          -          -          -          -          -          -          -          -          -          
sm-mixed-loads strata-load    -          -          -          -          -          -          -          -          -          -          -          -          -          -          -          -          -          -          -          -          -          -          -          -          -          
sm-mixed-loads strata-loads   0.1176     0.1176     0.1174     0.1226     0.1181     0.1154     0.1185     0.1164     0.1178     0.1152     0.1138     0.1194     0.1191     0.1172     0.1190     0.1178     0.1171     0.1168     0.1166     0.1188     0.1149     0.1171     0.1186     0.1152     0.1199     
sm-mixed-loads strata-ndload  -          -          -          -          -          -          -          -          -          -          -          -          -          -          -          -          -          -          -          -          -          -          -          -          -          
sm-mixed-loads strata-str     -          -          -          -          -          -          -          -          -          -          -          -          -          -          -          -          -          -          -          -          -          -          -          -          -          
sm-nested-dump orjson-bytes   -          -          -          -          -          -          -          -          -          -          -          -          -          -          -          -          -          -          -          -          -          -          -          -          -          
sm-nested-dump orjson-dump    0.3409     0.3380     0.3590     0.3745     0.3423     0.3496     0.3542     0.3820     0.4040     0.3405     0.3323     0.3562     0.3392     0.3866     0.3503     0.3653     0.3940     0.3698     0.3699     0.3468     0.3861     0.3688     0.3675     0.3743     0.3639     
sm-nested-dump orjson-load    -          -          -          -          -          -          -          -          -          -          -          -          -          -          -          -          -          -          -          -          -          -          -          -          -          
sm-nested-dump orjson-loads   -          -          -          -          -          -          -          -          -          -          -          -          -          -          -          -          -          -          -          -          -          -          -          -          -          
sm-nested-dump orjson-ndload  -          -          -          -          -          -          -          -          -          -          -          -          -          -          -          -          -          -          -          -          -          -          -          -          -          
sm-nested-dump strata-bytes   -          -          -          -          -          -          -          -          -          -          -          -          -          -          -          -          -          -          -          -          -          -          -          -          -          
sm-nested-dump strata-dump    0.2450     0.2446     0.2618     0.2721     0.2552     0.2537     0.2555     0.2772     0.2836     0.2512     0.2409     0.2552     0.2430     0.2959     0.2503     0.2557     0.2926     0.2582     0.2856     0.2423     0.2780     0.2685     0.2653     0.2933     0.2551     
sm-nested-dump strata-load    -          -          -          -          -          -          -          -          -          -          -          -          -          -          -          -          -          -          -          -          -          -          -          -          -          
sm-nested-dump strata-loads   -          -          -          -          -          -          -          -          -          -          -          -          -          -          -          -          -          -          -          -          -          -          -          -          -          
sm-nested-dump strata-ndload  -          -          -          -          -          -          -          -          -          -          -          -          -          -          -          -          -          -          -          -          -          -          -          -          -          
sm-nested-dump strata-str     -          -          -          -          -          -          -          -          -          -          -          -          -          -          -          -          -          -          -          -          -          -          -          -          -          
sm-nested-dumps orjson-bytes  0.2041     0.2044     0.2015     0.2048     0.2033     0.2032     0.2037     0.2045     0.2019     0.2049     0.2029     0.2074     0.2076     0.2048     0.2014     0.2083     0.2036     0.2035     0.2028     0.2052     0.2004     0.2030     0.2048     0.2022     0.2027     
sm-nested-dumps orjson-dump   -          -          -          -          -          -          -          -          -          -          -          -          -          -          -          -          -          -          -          -          -          -          -          -          -          
sm-nested-dumps orjson-load   -          -          -          -          -          -          -          -          -          -          -          -          -          -          -          -          -          -          -          -          -          -          -          -          -          
sm-nested-dumps orjson-loads  -          -          -          -          -          -          -          -          -          -          -          -          -          -          -          -          -          -          -          -          -          -          -          -          -          
sm-nested-dumps orjson-ndload -          -          -          -          -          -          -          -          -          -          -          -          -          -          -          -          -          -          -          -          -          -          -          -          -          
sm-nested-dumps strata-bytes  0.1136     0.1135     0.1125     0.1140     0.1122     0.1142     0.1146     0.1165     0.1141     0.1160     0.1141     0.1158     0.1171     0.1137     0.1147     0.1173     0.1146     0.1136     0.1137     0.1172     0.1119     0.1132     0.1144     0.1118     0.1142     
sm-nested-dumps strata-dump   -          -          -          -          -          -          -          -          -          -          -          -          -          -          -          -          -          -          -          -          -          -          -          -          -          
sm-nested-dumps strata-load   -          -          -          -          -          -          -          -          -          -          -          -          -          -          -          -          -          -          -          -          -          -          -          -          -          
sm-nested-dumps strata-loads  -          -          -          -          -          -          -          -          -          -          -          -          -          -          -          -          -          -          -          -          -          -          -          -          -          
sm-nested-dumps strata-ndload -          -          -          -          -          -          -          -          -          -          -          -          -          -          -          -          -          -          -          -          -          -          -          -          -          
sm-nested-dumps strata-str    0.1277     0.1255     0.1243     0.1261     0.1255     0.1257     0.1261     0.1288     0.1266     0.1306     0.1269     0.1306     0.1310     0.1286     0.1292     0.1324     0.1292     0.1265     0.1263     0.1289     0.1259     0.1265     0.1281     0.1261     0.1270     
sm-nested-load orjson-bytes   -          -          -          -          -          -          -          -          -          -          -          -          -          -          -          -          -          -          -          -          -          -          -          -          -          
sm-nested-load orjson-dump    -          -          -          -          -          -          -          -          -          -          -          -          -          -          -          -          -          -          -          -          -          -          -          -          -          
sm-nested-load orjson-load    0.6673     0.6838     0.6701     0.6592     0.6702     0.6725     0.6730     0.6973     0.6730     0.6689     0.6759     0.7081     0.6683     0.7004     0.6826     0.6902     0.7006     0.6969     0.6789     0.6724     0.6783     0.6683     0.6992     0.6903     0.6646     
sm-nested-load orjson-loads   -          -          -          -          -          -          -          -          -          -          -          -          -          -          -          -          -          -          -          -          -          -          -          -          -          
sm-nested-load orjson-ndload  -          -          -          -          -          -          -          -          -          -          -          -          -          -          -          -          -          -          -          -          -          -          -          -          -          
sm-nested-load strata-bytes   -          -          -          -          -          -          -          -          -          -          -          -          -          -          -          -          -          -          -          -          -          -          -          -          -          
sm-nested-load strata-dump    -          -          -          -          -          -          -          -          -          -          -          -          -          -          -          -          -          -          -          -          -          -          -          -          -          
sm-nested-load strata-load    0.5301     0.5424     0.5456     0.5336     0.5395     0.5403     0.5391     0.5464     0.5435     0.5386     0.5334     0.5796     0.5446     0.5552     0.5505     0.5471     0.5548     0.5675     0.5411     0.5416     0.5384     0.5394     0.5522     0.5546     0.5457     
sm-nested-load strata-loads   -          -          -          -          -          -          -          -          -          -          -          -          -          -          -          -          -          -          -          -          -          -          -          -          -          
sm-nested-load strata-ndload  -          -          -          -          -          -          -          -          -          -          -          -          -          -          -          -          -          -          -          -          -          -          -          -          -          
sm-nested-load strata-str     -          -          -          -          -          -          -          -          -          -          -          -          -          -          -          -          -          -          -          -          -          -          -          -          -          
sm-nested-loads orjson-bytes  -          -          -          -          -          -          -          -          -          -          -          -          -          -          -          -          -          -          -          -          -          -          -          -          -          
sm-nested-loads orjson-dump   -          -          -          -          -          -          -          -          -          -          -          -          -          -          -          -          -          -          -          -          -          -          -          -          -          
sm-nested-loads orjson-load   -          -          -          -          -          -          -          -          -          -          -          -          -          -          -          -          -          -          -          -          -          -          -          -          -          
sm-nested-loads orjson-loads  0.5980     0.6054     0.6029     0.6030     0.5985     0.6016     0.6044     0.6102     0.5974     0.6106     0.5995     0.6214     0.6073     0.5987     0.6134     0.6145     0.6071     0.6127     0.6020     0.5990     0.6056     0.5927     0.6039     0.6081     0.5996     
sm-nested-loads orjson-ndload -          -          -          -          -          -          -          -          -          -          -          -          -          -          -          -          -          -          -          -          -          -          -          -          -          
sm-nested-loads strata-bytes  -          -          -          -          -          -          -          -          -          -          -          -          -          -          -          -          -          -          -          -          -          -          -          -          -          
sm-nested-loads strata-dump   -          -          -          -          -          -          -          -          -          -          -          -          -          -          -          -          -          -          -          -          -          -          -          -          -          
sm-nested-loads strata-load   -          -          -          -          -          -          -          -          -          -          -          -          -          -          -          -          -          -          -          -          -          -          -          -          -          
sm-nested-loads strata-loads  0.4825     0.4954     0.4912     0.4944     0.4897     0.4833     0.4886     0.4952     0.4835     0.4952     0.4814     0.5100     0.5014     0.4868     0.5035     0.5027     0.4950     0.4966     0.4871     0.4887     0.4888     0.4823     0.4907     0.5039     0.4923     
sm-nested-loads strata-ndload -          -          -          -          -          -          -          -          -          -          -          -          -          -          -          -          -          -          -          -          -          -          -          -          -          
sm-nested-loads strata-str    -          -          -          -          -          -          -          -          -          -          -          -          -          -          -          -          -          -          -          -          -          -          -          -          -          
sm-users-dump orjson-bytes    -          -          -          -          -          -          -          -          -          -          -          -          -          -          -          -          -          -          -          -          -          -          -          -          -          
sm-users-dump orjson-dump     2.5583     2.5072     2.5129     2.5338     2.5331     2.5147     2.5231     2.6685     2.6579     2.6352     2.5303     2.6375     2.5738     2.6407     2.5816     2.5690     2.6556     2.6392     2.5983     2.5775     2.5628     2.5713     2.5901     2.6111     2.6123     
sm-users-dump orjson-load     -          -          -          -          -          -          -          -          -          -          -          -          -          -          -          -          -          -          -          -          -          -          -          -          -          
sm-users-dump orjson-loads    -          -          -          -          -          -          -          -          -          -          -          -          -          -          -          -          -          -          -          -          -          -          -          -          -          
sm-users-dump orjson-ndload   -          -          -          -          -          -          -          -          -          -          -          -          -          -          -          -          -          -          -          -          -          -          -          -          -          
sm-users-dump strata-bytes    -          -          -          -          -          -          -          -          -          -          -          -          -          -          -          -          -          -          -          -          -          -          -          -          -          
sm-users-dump strata-dump     1.7712     1.7406     1.7325     1.7480     1.7468     1.7344     1.7461     1.8599     1.8206     1.8410     1.7612     1.8504     1.7951     1.8273     1.8024     1.7791     1.8496     1.8597     1.8249     1.7889     1.8040     1.7977     1.8136     1.8097     1.8106     
sm-users-dump strata-load     -          -          -          -          -          -          -          -          -          -          -          -          -          -          -          -          -          -          -          -          -          -          -          -          -          
sm-users-dump strata-loads    -          -          -          -          -          -          -          -          -          -          -          -          -          -          -          -          -          -          -          -          -          -          -          -          -          
sm-users-dump strata-ndload   -          -          -          -          -          -          -          -          -          -          -          -          -          -          -          -          -          -          -          -          -          -          -          -          -          
sm-users-dump strata-str      -          -          -          -          -          -          -          -          -          -          -          -          -          -          -          -          -          -          -          -          -          -          -          -          -          
sm-users-dumps orjson-bytes   2.0371     2.0284     2.0169     2.0253     2.0214     2.0315     2.0280     2.0358     2.0321     2.0756     2.0452     2.0548     2.0329     2.0440     2.0264     2.0389     2.0380     2.0370     2.0221     2.0357     2.0103     2.0369     2.0365     2.0353     2.0311     
sm-users-dumps orjson-dump    -          -          -          -          -          -          -          -          -          -          -          -          -          -          -          -          -          -          -          -          -          -          -          -          -          
sm-users-dumps orjson-load    -          -          -          -          -          -          -          -          -          -          -          -          -          -          -          -          -          -          -          -          -          -          -          -          -          
sm-users-dumps orjson-loads   -          -          -          -          -          -          -          -          -          -          -          -          -          -          -          -          -          -          -          -          -          -          -          -          -          
sm-users-dumps orjson-ndload  -          -          -          -          -          -          -          -          -          -          -          -          -          -          -          -          -          -          -          -          -          -          -          -          -          
sm-users-dumps strata-bytes   1.3137     1.3022     1.3016     1.3045     1.3044     1.3046     1.3009     1.3075     1.3172     1.3318     1.3167     1.3138     1.3053     1.3190     1.3113     1.3125     1.3104     1.3098     1.3029     1.3028     1.3012     1.3053     1.3126     1.3150     1.3140     
sm-users-dumps strata-dump    -          -          -          -          -          -          -          -          -          -          -          -          -          -          -          -          -          -          -          -          -          -          -          -          -          
sm-users-dumps strata-load    -          -          -          -          -          -          -          -          -          -          -          -          -          -          -          -          -          -          -          -          -          -          -          -          -          
sm-users-dumps strata-loads   -          -          -          -          -          -          -          -          -          -          -          -          -          -          -          -          -          -          -          -          -          -          -          -          -          
sm-users-dumps strata-ndload  -          -          -          -          -          -          -          -          -          -          -          -          -          -          -          -          -          -          -          -          -          -          -          -          -          
sm-users-dumps strata-str     1.4661     1.4608     1.4490     1.4527     1.4549     1.4604     1.4561     1.4612     1.4824     1.5043     1.4740     1.4712     1.4724     1.4668     1.4544     1.4698     1.4719     1.4703     1.4589     1.4663     1.4601     1.4685     1.4614     1.4623     1.4654     
sm-users-load orjson-bytes    -          -          -          -          -          -          -          -          -          -          -          -          -          -          -          -          -          -          -          -          -          -          -          -          -          
sm-users-load orjson-dump     -          -          -          -          -          -          -          -          -          -          -          -          -          -          -          -          -          -          -          -          -          -          -          -          -          
sm-users-load orjson-load     8.5750     8.6381     8.6710     8.6298     8.6740     8.6627     8.5330     8.7382     8.8130     8.7182     8.9562     8.7922     8.8218     8.5871     8.7317     8.7012     8.5718     8.7270     8.7760     8.7501     8.7688     9.0178     8.7885     8.7310     8.8335     
sm-users-load orjson-loads    -          -          -          -          -          -          -          -          -          -          -          -          -          -          -          -          -          -          -          -          -          -          -          -          -          
sm-users-load orjson-ndload   -          -          -          -          -          -          -          -          -          -          -          -          -          -          -          -          -          -          -          -          -          -          -          -          -          
sm-users-load strata-bytes    -          -          -          -          -          -          -          -          -          -          -          -          -          -          -          -          -          -          -          -          -          -          -          -          -          
sm-users-load strata-dump     -          -          -          -          -          -          -          -          -          -          -          -          -          -          -          -          -          -          -          -          -          -          -          -          -          
sm-users-load strata-load     6.2646     6.3147     6.3214     6.3511     6.3662     6.3624     6.2332     6.4140     6.4223     6.3926     6.5303     6.4417     6.4230     6.3534     6.5220     6.3039     6.2834     6.4141     6.5089     6.4788     6.4771     6.6215     6.4153     6.3414     6.4929     
sm-users-load strata-loads    -          -          -          -          -          -          -          -          -          -          -          -          -          -          -          -          -          -          -          -          -          -          -          -          -          
sm-users-load strata-ndload   -          -          -          -          -          -          -          -          -          -          -          -          -          -          -          -          -          -          -          -          -          -          -          -          -          
sm-users-load strata-str      -          -          -          -          -          -          -          -          -          -          -          -          -          -          -          -          -          -          -          -          -          -          -          -          -          
sm-users-loads orjson-bytes   -          -          -          -          -          -          -          -          -          -          -          -          -          -          -          -          -          -          -          -          -          -          -          -          -          
sm-users-loads orjson-dump    -          -          -          -          -          -          -          -          -          -          -          -          -          -          -          -          -          -          -          -          -          -          -          -          -          
sm-users-loads orjson-load    -          -          -          -          -          -          -          -          -          -          -          -          -          -          -          -          -          -          -          -          -          -          -          -          -          
sm-users-loads orjson-loads   8.2487     8.2167     8.1998     8.2280     8.1608     8.2299     8.1260     8.4644     8.3155     8.4181     8.3172     8.2680     8.2820     8.1855     8.3886     8.1943     8.1574     8.2118     8.3532     8.4296     8.3300     8.1755     8.3400     8.1899     8.3066     
sm-users-loads orjson-ndload  -          -          -          -          -          -          -          -          -          -          -          -          -          -          -          -          -          -          -          -          -          -          -          -          -          
sm-users-loads strata-bytes   -          -          -          -          -          -          -          -          -          -          -          -          -          -          -          -          -          -          -          -          -          -          -          -          -          
sm-users-loads strata-dump    -          -          -          -          -          -          -          -          -          -          -          -          -          -          -          -          -          -          -          -          -          -          -          -          -          
sm-users-loads strata-load    -          -          -          -          -          -          -          -          -          -          -          -          -          -          -          -          -          -          -          -          -          -          -          -          -          
sm-users-loads strata-loads   6.0124     6.0803     6.0499     6.1030     6.0432     6.1050     5.9958     6.2894     6.1525     6.2270     6.1064     6.1159     6.2076     5.9772     6.1611     6.0277     6.0125     6.0468     6.1762     6.1914     6.1847     6.0801     6.1548     6.0000     6.2022     
sm-users-loads strata-ndload  -          -          -          -          -          -          -          -          -          -          -          -          -          -          -          -          -          -          -          -          -          -          -          -          -          
sm-users-loads strata-str     -          -          -          -          -          -          -          -          -          -          -          -          -          -          -          -          -          -          -          -          -          -          -          -          -          
sm-users-ndload orjson-bytes  -          -          -          -          -          -          -          -          -          -          -          -          -          -          -          -          -          -          -          -          -          -          -          -          -          
sm-users-ndload orjson-dump   -          -          -          -          -          -          -          -          -          -          -          -          -          -          -          -          -          -          -          -          -          -          -          -          -          
sm-users-ndload orjson-load   -          -          -          -          -          -          -          -          -          -          -          -          -          -          -          -          -          -          -          -          -          -          -          -          -          
sm-users-ndload orjson-loads  -          -          -          -          -          -          -          -          -          -          -          -          -          -          -          -          -          -          -          -          -          -          -          -          -          
sm-users-ndload orjson-ndload 10.4801    10.5052    10.4523    10.4678    10.4485    10.4578    10.4666    10.5879    10.8535    10.4746    10.2137    10.4915    10.5223    10.3637    10.5536    10.5692    10.3421    10.6969    10.7156    10.5603    10.6445    10.8087    10.6652    10.5197    10.6849    
sm-users-ndload strata-bytes  -          -          -          -          -          -          -          -          -          -          -          -          -          -          -          -          -          -          -          -          -          -          -          -          -          
sm-users-ndload strata-dump   -          -          -          -          -          -          -          -          -          -          -          -          -          -          -          -          -          -          -          -          -          -          -          -          -          
sm-users-ndload strata-load   -          -          -          -          -          -          -          -          -          -          -          -          -          -          -          -          -          -          -          -          -          -          -          -          -          
sm-users-ndload strata-loads  -          -          -          -          -          -          -          -          -          -          -          -          -          -          -          -          -          -          -          -          -          -          -          -          -          
sm-users-ndload strata-ndload 6.3884     6.5115     6.4998     6.4516     6.5982     6.5146     6.5470     6.6415     6.7628     6.5412     6.3588     6.5292     6.6884     6.4466     6.6367     6.5077     6.4690     6.6222     6.7035     6.6073     6.6496     6.7076     6.5558     6.6958     6.6518     
sm-users-ndload strata-str    -          -          -          -          -          -          -          -          -          -          -          -          -          -          -          -          -          -          -          -          -          -          -          -          -          
sm-wide_arrays-dump orjson-bytes-          -          -          -          -          -          -          -          -          -          -          -          -          -          -          -          -          -          -          -          -          -          -          -          -          
sm-wide_arrays-dump orjson-dump1.5437     1.5309     1.5402     1.5491     1.5601     1.5311     1.5670     1.5231     1.6177     1.5909     1.5257     1.5280     1.5603     1.5808     1.5303     1.5442     1.5926     1.6260     1.5839     1.5461     1.6457     1.6343     1.6250     1.5746     1.6141     
sm-wide_arrays-dump orjson-load-          -          -          -          -          -          -          -          -          -          -          -          -          -          -          -          -          -          -          -          -          -          -          -          -          
sm-wide_arrays-dump orjson-loads-          -          -          -          -          -          -          -          -          -          -          -          -          -          -          -          -          -          -          -          -          -          -          -          -          
sm-wide_arrays-dump orjson-ndload-          -          -          -          -          -          -          -          -          -          -          -          -          -          -          -          -          -          -          -          -          -          -          -          -          
sm-wide_arrays-dump strata-bytes-          -          -          -          -          -          -          -          -          -          -          -          -          -          -          -          -          -          -          -          -          -          -          -          -          
sm-wide_arrays-dump strata-dump1.2607     1.2643     1.2566     1.2737     1.2617     1.2680     1.3067     1.2579     1.2880     1.2801     1.2299     1.2662     1.2940     1.2749     1.3163     1.2911     1.2966     1.3259     1.2973     1.2712     1.3580     1.3385     1.3537     1.2823     1.3186     
sm-wide_arrays-dump strata-load-          -          -          -          -          -          -          -          -          -          -          -          -          -          -          -          -          -          -          -          -          -          -          -          -          
sm-wide_arrays-dump strata-loads-          -          -          -          -          -          -          -          -          -          -          -          -          -          -          -          -          -          -          -          -          -          -          -          -          
sm-wide_arrays-dump strata-ndload-          -          -          -          -          -          -          -          -          -          -          -          -          -          -          -          -          -          -          -          -          -          -          -          -          
sm-wide_arrays-dump strata-str-          -          -          -          -          -          -          -          -          -          -          -          -          -          -          -          -          -          -          -          -          -          -          -          -          
sm-wide_arrays-dumps orjson-bytes1.2271     1.2108     1.2358     1.2203     1.2152     1.2290     1.2336     1.2279     1.2424     1.2284     1.2056     1.2170     1.2194     1.2355     1.2215     1.2391     1.2260     1.2351     1.2250     1.2139     1.2427     1.2258     1.2229     1.2281     1.2391     
sm-wide_arrays-dumps orjson-dump-          -          -          -          -          -          -          -          -          -          -          -          -          -          -          -          -          -          -          -          -          -          -          -          -          
sm-wide_arrays-dumps orjson-load-          -          -          -          -          -          -          -          -          -          -          -          -          -          -          -          -          -          -          -          -          -          -          -          -          
sm-wide_arrays-dumps orjson-loads-          -          -          -          -          -          -          -          -          -          -          -          -          -          -          -          -          -          -          -          -          -          -          -          -          
sm-wide_arrays-dumps orjson-ndload-          -          -          -          -          -          -          -          -          -          -          -          -          -          -          -          -          -          -          -          -          -          -          -          -          
sm-wide_arrays-dumps strata-bytes0.9607     0.9591     0.9611     0.9638     0.9699     0.9755     0.9654     0.9637     0.9732     0.9661     0.9348     0.9574     0.9619     0.9557     0.9616     0.9968     0.9645     0.9677     0.9516     0.9536     0.9831     0.9585     0.9690     0.9889     0.9659     
sm-wide_arrays-dumps strata-dump-          -          -          -          -          -          -          -          -          -          -          -          -          -          -          -          -          -          -          -          -          -          -          -          -          
sm-wide_arrays-dumps strata-load-          -          -          -          -          -          -          -          -          -          -          -          -          -          -          -          -          -          -          -          -          -          -          -          -          
sm-wide_arrays-dumps strata-loads-          -          -          -          -          -          -          -          -          -          -          -          -          -          -          -          -          -          -          -          -          -          -          -          -          
sm-wide_arrays-dumps strata-ndload-          -          -          -          -          -          -          -          -          -          -          -          -          -          -          -          -          -          -          -          -          -          -          -          -          
sm-wide_arrays-dumps strata-str1.0513     1.0641     1.0567     1.0585     1.0721     1.0603     1.0480     1.0550     1.0562     1.0533     1.0201     1.0486     1.0577     1.0574     1.0438     1.0929     1.0575     1.0837     1.0560     1.0481     1.0667     1.0591     1.0662     1.0683     1.0665     
sm-wide_arrays-load orjson-bytes-          -          -          -          -          -          -          -          -          -          -          -          -          -          -          -          -          -          -          -          -          -          -          -          -          
sm-wide_arrays-load orjson-dump-          -          -          -          -          -          -          -          -          -          -          -          -          -          -          -          -          -          -          -          -          -          -          -          -          
sm-wide_arrays-load orjson-load3.5191     3.5612     3.4839     3.5333     3.4958     3.5114     3.6046     3.6326     3.6076     3.5749     3.5528     3.6594     3.5236     3.6278     3.5280     3.5464     3.5486     3.6371     3.6707     3.5835     3.5770     3.6037     3.6288     3.5618     3.5222     
sm-wide_arrays-load orjson-loads-          -          -          -          -          -          -          -          -          -          -          -          -          -          -          -          -          -          -          -          -          -          -          -          -          
sm-wide_arrays-load orjson-ndload-          -          -          -          -          -          -          -          -          -          -          -          -          -          -          -          -          -          -          -          -          -          -          -          -          
sm-wide_arrays-load strata-bytes-          -          -          -          -          -          -          -          -          -          -          -          -          -          -          -          -          -          -          -          -          -          -          -          -          
sm-wide_arrays-load strata-dump-          -          -          -          -          -          -          -          -          -          -          -          -          -          -          -          -          -          -          -          -          -          -          -          -          
sm-wide_arrays-load strata-load3.1477     3.1604     3.1353     3.1691     3.1389     3.1417     3.2078     3.2251     3.2093     3.1708     3.1791     3.2600     3.1761     3.2402     3.1605     3.1442     3.1357     3.1995     3.2577     3.2749     3.1698     3.2527     3.1745     3.1874     3.1381     
sm-wide_arrays-load strata-loads-          -          -          -          -          -          -          -          -          -          -          -          -          -          -          -          -          -          -          -          -          -          -          -          -          
sm-wide_arrays-load strata-ndload-          -          -          -          -          -          -          -          -          -          -          -          -          -          -          -          -          -          -          -          -          -          -          -          -          
sm-wide_arrays-load strata-str-          -          -          -          -          -          -          -          -          -          -          -          -          -          -          -          -          -          -          -          -          -          -          -          -          
sm-wide_arrays-loads orjson-bytes-          -          -          -          -          -          -          -          -          -          -          -          -          -          -          -          -          -          -          -          -          -          -          -          -          
sm-wide_arrays-loads orjson-dump-          -          -          -          -          -          -          -          -          -          -          -          -          -          -          -          -          -          -          -          -          -          -          -          -          
sm-wide_arrays-loads orjson-load-          -          -          -          -          -          -          -          -          -          -          -          -          -          -          -          -          -          -          -          -          -          -          -          -          
sm-wide_arrays-loads orjson-loads3.2579     3.2515     3.2474     3.2797     3.2414     3.2579     3.4038     3.3164     3.2913     3.3185     3.2178     3.3314     3.3644     3.2899     3.3903     3.3702     3.3068     3.2835     3.2555     3.3723     3.2580     3.2792     3.2543     3.3148     3.2815     
sm-wide_arrays-loads orjson-ndload-          -          -          -          -          -          -          -          -          -          -          -          -          -          -          -          -          -          -          -          -          -          -          -          -          
sm-wide_arrays-loads strata-bytes-          -          -          -          -          -          -          -          -          -          -          -          -          -          -          -          -          -          -          -          -          -          -          -          -          
sm-wide_arrays-loads strata-dump-          -          -          -          -          -          -          -          -          -          -          -          -          -          -          -          -          -          -          -          -          -          -          -          -          
sm-wide_arrays-loads strata-load-          -          -          -          -          -          -          -          -          -          -          -          -          -          -          -          -          -          -          -          -          -          -          -          -          
sm-wide_arrays-loads strata-loads2.9574     2.9548     2.9593     2.9516     2.9785     2.9717     3.0557     2.9990     2.9588     2.9825     2.9182     3.0293     3.0690     2.9448     3.0532     3.0465     3.0311     2.9578     2.9535     3.0459     2.9526     2.9630     2.9412     3.0606     2.9578     
sm-wide_arrays-loads strata-ndload-          -          -          -          -          -          -          -          -          -          -          -          -          -          -          -          -          -          -          -          -          -          -          -          -          
sm-wide_arrays-loads strata-str-          -          -          -          -          -          -          -          -          -          -          -          -          -          -          -          -          -          -          -          -          -          -          -          -          

file: /Users/borysbardysh/PycharmProjects/PrimeLabFoundation/strata/build/evidence/M15/attr/full/aa_full.tsv
launches: L00:A L01:B L02:B L03:A L04:A L05:B L06:B L07:A L08:A L09:B L10:B L11:A L12:A L13:B L14:B L15:A L16:A L17:B L18:B L19:A L20:A L21:B L22:B L23:A L24:A
baseline: A   candidate: B   blocks: 6   leading: none   trailing: L24   min samples/launch: 10
blocks: L00L01L02L03  L04L05L06L07  L08L09L10L11  L12L13L14L15  L16L17L18L19  L20L21L22L23

row                   engine        rival          blk  raw strata  raw rival  normalised    ci low   ci high   pos
md-flat-dumps         strata-bytes  orjson-bytes     6      +0.81%     +0.84%      -0.04%    -0.45%    +0.43%  3/6
                                    blocks (normalised): -0.47 +0.06 -0.12 -0.44 +0.80 +0.05
md-flat-dumps         strata-str    orjson-bytes     6      +0.85%     +0.84%      +0.17%    -0.40%    +0.51%  3/6
                                    blocks (normalised): -0.52 +0.40 +0.49 -0.06 +0.54 -0.28
md-mixed-dumps        strata-bytes  orjson-bytes     6      +0.07%     +0.70%      -0.53%    -0.89%    +0.38%  1/6
                                    blocks (normalised): -0.84 -0.93 -0.08 +0.84 -0.65 -0.41
md-mixed-dumps        strata-str    orjson-bytes     6      +0.31%     +0.70%      +0.12%    -1.06%    +0.52%  3/6
                                    blocks (normalised): -0.13 +0.40 -1.47 +0.64 +0.37 -0.65
md-nested-dumps       strata-bytes  orjson-bytes     6      +0.82%     +0.79%      +0.17%    -0.73%    +1.52%  3/6
                                    blocks (normalised): -0.80 +2.18 +0.86 -0.67 +0.55 -0.21
md-nested-dumps       strata-str    orjson-bytes     6      +0.34%     +0.79%      -0.05%    -1.25%    +1.68%  3/6
                                    blocks (normalised): -1.22 +2.31 +0.35 -0.45 +1.06 -1.27
md-users-dumps        strata-bytes  orjson-bytes     6      -0.46%     +0.02%      -0.17%    -0.47%    +1.16%  2/6
                                    blocks (normalised): -0.56 -0.05 -0.29 -0.38 +0.46 +1.86
md-users-dumps        strata-str    orjson-bytes     6      -0.07%     +0.02%      -0.15%    -0.69%    +0.17%  2/6
                                    blocks (normalised): +0.13 +0.21 -0.52 -0.30 -0.00 -0.87
md-wide_arrays-dumps  strata-bytes  orjson-bytes     6      -0.16%     -0.06%      -0.11%    -0.63%    +0.73%  3/6
                                    blocks (normalised): +0.37 +1.09 -0.74 -0.21 +0.00 -0.53
md-wide_arrays-dumps  strata-str    orjson-bytes     6      +0.20%     -0.06%      -0.23%    -3.36%    +3.34%  3/6
                                    blocks (normalised): +0.28 +3.46 -3.58 -3.14 +3.21 -0.75
sm-flat-dump          strata-dump   orjson-dump      6      -1.94%     -2.90%      +0.83%    -4.40%    +4.72%  3/6
                                    blocks (normalised): +2.97 -0.14 -5.26 +6.48 +1.81 -3.54
sm-flat-dumps         strata-bytes  orjson-bytes     6      +0.14%     -0.04%      +0.35%    -0.12%    +1.20%  5/6
                                    blocks (normalised): +0.64 +0.04 +0.06 -0.28 +1.10 +1.29
sm-flat-dumps         strata-str    orjson-bytes     6      +0.32%     -0.04%      +0.55%    -0.28%    +1.23%  4/6
                                    blocks (normalised): +0.38 +0.73 -0.15 -0.40 +1.43 +1.03
sm-flat-load          strata-load   orjson-load      6      +0.62%     +1.47%      -0.42%    -1.12%    +0.22%  2/6
                                    blocks (normalised): -1.25 -0.41 +0.44 +0.00 -0.99 -0.44
sm-flat-loads         strata-loads  orjson-loads     6      +1.15%     +0.30%      +0.03%    -0.85%    +1.15%  3/6
                                    blocks (normalised): -0.33 -0.82 +1.30 -0.87 +0.39 +1.01
sm-mixed-dump         strata-dump   orjson-dump      6      -1.26%     -0.75%      +0.26%    -4.17%    +6.59%  3/6
                                    blocks (normalised): -2.56 -5.77 +7.52 +1.87 -1.35 +5.65
sm-mixed-dumps        strata-bytes  orjson-bytes     6      +1.31%     +0.23%      +0.74%    -0.30%    +1.19%  5/6
                                    blocks (normalised): +0.74 +0.55 +1.61 +0.76 +0.73 -1.15
sm-mixed-dumps        strata-str    orjson-bytes     6      +1.77%     +0.23%      -0.21%    -1.91%    +1.50%  3/6
                                    blocks (normalised): -0.89 +1.44 +1.57 -2.92 -0.68 +0.25
sm-mixed-load         strata-load   orjson-load      6      -2.31%     -3.26%      +0.74%    -2.95%    +1.34%  4/6
                                    blocks (normalised): -1.56 -4.33 +0.85 +1.48 +1.21 +0.63
sm-mixed-loads        strata-loads  orjson-loads     6      -0.66%     -0.90%      -0.34%    -1.02%    +0.25%  3/6
                                    blocks (normalised): -0.97 -1.07 -0.70 +0.46 +0.01 +0.04
sm-nested-dump        strata-dump   orjson-dump      6      -3.21%     -2.70%      +1.27%    -2.60%    +3.81%  4/6
                                    blocks (normalised): +0.52 -1.64 +3.12 +4.49 +2.02 -3.55
sm-nested-dumps       strata-bytes  orjson-bytes     6      -0.33%     -0.49%      +0.16%    -0.77%    +0.44%  4/6
                                    blocks (normalised): +0.02 +0.29 +0.45 -0.19 -1.35 +0.43
sm-nested-dumps       strata-str    orjson-bytes     6      -1.29%     -0.49%      -0.51%    -1.16%    +0.37%  2/6
                                    blocks (normalised): -0.85 -0.77 +0.49 +0.25 -1.47 -0.26
sm-nested-load        strata-load   orjson-load      6      +0.50%     +0.06%      +0.10%    -1.24%    +0.94%  3/6
                                    blocks (normalised): +0.22 +1.01 -1.96 -0.52 +0.87 -0.01
sm-nested-loads       strata-loads  orjson-loads     6      -1.35%     -0.47%      -0.65%    -1.05%    -0.09%  1/6
                                    blocks (normalised): +0.38 -1.12 -0.97 -0.60 -0.71 -0.57
sm-users-dump         strata-dump   orjson-dump      6      -0.69%     -0.83%      +0.14%    -0.17%    +0.88%  5/6
                                    blocks (normalised): +0.11 -0.35 +0.58 +0.01 +1.18 +0.17
sm-users-dumps        strata-bytes  orjson-bytes     6      +0.02%     +0.01%      -0.15%    -0.46%    +0.43%  2/6
                                    blocks (normalised): -0.13 -0.30 -0.17 +0.52 +0.34 -0.63
sm-users-dumps        strata-str    orjson-bytes     6      -0.15%     +0.01%      -0.02%    -0.56%    +0.08%  2/6
                                    blocks (normalised): +0.11 -0.04 -0.00 -0.68 +0.05 -0.44
sm-users-load         strata-load   orjson-load      6      +0.81%     +0.50%      +0.01%    -0.32%    +1.29%  3/6
                                    blocks (normalised): -0.44 -0.21 +0.07 +2.36 +0.22 -0.05
sm-users-loads        strata-loads  orjson-loads     6      +0.14%     -0.08%      +0.01%    -0.88%    +0.47%  3/6
                                    blocks (normalised): +0.49 -0.26 -0.38 -1.38 +0.28 +0.45
sm-users-ndload       strata-ndload orjson-ndload    6      -0.74%     -0.24%      -0.28%    -1.44%    +0.71%  2/6
                                    blocks (normalised): +1.29 -0.82 +0.13 -0.04 -0.52 -2.06
sm-wide_arrays-dump   strata-dump   orjson-dump      6      +1.10%     +0.35%      +0.12%    -0.49%    +1.22%  4/6
                                    blocks (normalised): +0.17 +1.68 -0.87 +0.08 -0.11 +0.76
sm-wide_arrays-dumps  strata-bytes  orjson-bytes     6      -0.89%     -0.05%      -0.65%    -1.71%    -0.30%  0/6
                                    blocks (normalised): -0.19 -0.42 -0.53 -2.04 -0.77 -1.38
sm-wide_arrays-dumps  strata-str    orjson-bytes     6      -0.67%     -0.05%      -0.02%    -1.95%    +0.67%  3/6
                                    blocks (normalised): +0.57 -1.67 -0.48 -2.23 +0.78 +0.44
sm-wide_arrays-load   strata-load   orjson-load      6      +0.25%     +0.55%      -0.13%    -0.96%    +0.07%  2/6
                                    blocks (normalised): -0.22 -0.06 +0.07 +0.06 -1.69 -0.21
sm-wide_arrays-loads  strata-loads  orjson-loads     6      -1.64%     -0.70%      -0.69%    -1.17%    +0.27%  1/6
                                    blocks (normalised): +0.68 -0.73 -0.15 -1.13 -0.65 -1.21

raw strata / raw rival: the same block estimator on the unnormalised medians.
normalised: strata/rival measured in the same process, then blocked.
ci: bootstrap over whole blocks of the median block effect (2000 resamples).

== drift: the trailing baseline launch against the leading one
md-flat-dumps         strata-bytes  strata +0.37%   rival +0.43%   normalised -0.07%
md-flat-dumps         strata-str    strata +1.44%   rival +0.43%   normalised +1.00%
md-mixed-dumps        strata-bytes  strata +9.17%   rival +9.10%   normalised +0.07%
md-mixed-dumps        strata-str    strata +11.61%   rival +9.10%   normalised +2.30%
md-nested-dumps       strata-bytes  strata +0.88%   rival +1.57%   normalised -0.67%
md-nested-dumps       strata-str    strata +0.31%   rival +1.57%   normalised -1.24%
md-users-dumps        strata-bytes  strata -0.75%   rival +0.14%   normalised -0.89%
md-users-dumps        strata-str    strata -1.15%   rival +0.14%   normalised -1.29%
md-wide_arrays-dumps  strata-bytes  strata +3.67%   rival +7.79%   normalised -3.82%
md-wide_arrays-dumps  strata-str    strata +5.20%   rival +7.79%   normalised -2.40%
sm-flat-dump          strata-dump   strata -1.36%   rival -3.10%   normalised +1.79%
sm-flat-dumps         strata-bytes  strata +0.48%   rival +0.18%   normalised +0.30%
sm-flat-dumps         strata-str    strata +0.85%   rival +0.18%   normalised +0.67%
sm-flat-load          strata-load   strata -2.30%   rival +0.39%   normalised -2.69%
sm-flat-loads         strata-loads  strata -1.00%   rival -1.03%   normalised +0.04%
sm-mixed-dump         strata-dump   strata +37.99%   rival +28.67%   normalised +7.25%
sm-mixed-dumps        strata-bytes  strata +5.64%   rival +8.83%   normalised -2.93%
sm-mixed-dumps        strata-str    strata +8.15%   rival +8.83%   normalised -0.63%
sm-mixed-load         strata-load   strata +2.15%   rival +7.72%   normalised -5.17%
sm-mixed-loads        strata-loads  strata +1.98%   rival +1.27%   normalised +0.71%
sm-nested-dump        strata-dump   strata +4.13%   rival +6.76%   normalised -2.46%
sm-nested-dumps       strata-bytes  strata +0.53%   rival -0.71%   normalised +1.26%
sm-nested-dumps       strata-str    strata -0.51%   rival -0.71%   normalised +0.21%
sm-nested-load        strata-load   strata +2.94%   rival -0.39%   normalised +3.34%
sm-nested-loads       strata-loads  strata +2.02%   rival +0.28%   normalised +1.74%
sm-users-dump         strata-dump   strata +2.23%   rival +2.11%   normalised +0.11%
sm-users-dumps        strata-bytes  strata +0.02%   rival -0.30%   normalised +0.32%
sm-users-dumps        strata-str    strata -0.04%   rival -0.30%   normalised +0.25%
sm-users-load         strata-load   strata +3.64%   rival +3.02%   normalised +0.61%
sm-users-loads        strata-loads  strata +3.16%   rival +0.70%   normalised +2.44%
sm-users-ndload       strata-ndload strata +4.12%   rival +1.95%   normalised +2.13%
sm-wide_arrays-dump   strata-dump   strata +4.59%   rival +4.56%   normalised +0.03%
sm-wide_arrays-dumps  strata-bytes  strata +0.54%   rival +0.98%   normalised -0.43%
sm-wide_arrays-dumps  strata-str    strata +1.45%   rival +0.98%   normalised +0.47%
sm-wide_arrays-load   strata-load   strata -0.31%   rival +0.09%   normalised -0.39%
sm-wide_arrays-loads  strata-loads  strata +0.01%   rival +0.73%   normalised -0.71%
