PYTHONPATH=. .venv/bin/python benchmarks/ab_rows.py \
		--build A=/Users/borysbardysh/PycharmProjects/PrimeLabFoundation/strata/build/evidence/M15/armA/_strata.cpython-314-darwin.so --build B=/Users/borysbardysh/PycharmProjects/PrimeLabFoundation/strata/build/evidence/M15/attr/arm809621c/_strata.cpython-314-darwin.so \
		--target /Users/borysbardysh/worktrees/strata/main-pgo/python/strata/_strata.cpython-314-darwin.so \
		--out /Users/borysbardysh/PycharmProjects/PrimeLabFoundation/strata/build/evidence/M15/attr/full/fix_ab.tsv --row small:users:dumps --row small:users:loads --row small:users:load --row small:users:dump --row small:flat:dumps --row small:flat:loads --row small:flat:load --row small:flat:dump --row small:nested:dumps --row small:nested:loads --row small:nested:load --row small:nested:dump --row small:wide_arrays:dumps --row small:wide_arrays:loads --row small:wide_arrays:load --row small:wide_arrays:dump --row small:mixed:dumps --row small:mixed:loads --row small:mixed:load --row small:mixed:dump --row small:users:ndload --row medium:users:dumps --row medium:flat:dumps --row medium:nested:dumps --row medium:wide_arrays:dumps --row medium:mixed:dumps --blocks 6 --repeat 60
# target   /Users/borysbardysh/worktrees/strata/main-pgo/python/strata/_strata.cpython-314-darwin.so
# build A  /Users/borysbardysh/PycharmProjects/PrimeLabFoundation/strata/build/evidence/M15/armA/_strata.cpython-314-darwin.so  md5=1609bb3e318d8f9e2c552fa4675795f2
# build B  /Users/borysbardysh/PycharmProjects/PrimeLabFoundation/strata/build/evidence/M15/attr/arm809621c/_strata.cpython-314-darwin.so  md5=6cc9e93685b533b920ba5d5cc027501a
# order    ABBAABBAABBAABBAABBAABBAA (25 launches)
# rows     small:users:dumps small:users:loads small:users:load small:users:dump small:flat:dumps small:flat:loads small:flat:load small:flat:dump small:nested:dumps small:nested:loads small:nested:load small:nested:dump small:wide_arrays:dumps small:wide_arrays:loads small:wide_arrays:load small:wide_arrays:dump small:mixed:dumps small:mixed:loads small:mixed:load small:mixed:dump small:users:ndload medium:users:dumps medium:flat:dumps medium:nested:dumps medium:wide_arrays:dumps medium:mixed:dumps  repeat=60
# launch 00 build=A md5=1609bb3e318d8f9e2c552fa4675795f2
# L00 build=A extension=/Users/borysbardysh/worktrees/strata/main-pgo/python/strata/_strata.cpython-314-darwin.so md5=1609bb3e318d8f9e2c552fa4675795f2 load=2.45,3.58,4.30 cpus=10 t=01:29:02
# launch 01 build=B md5=6cc9e93685b533b920ba5d5cc027501a
# L01 build=B extension=/Users/borysbardysh/worktrees/strata/main-pgo/python/strata/_strata.cpython-314-darwin.so md5=6cc9e93685b533b920ba5d5cc027501a load=2.57,3.52,4.26 cpus=10 t=01:29:28
# launch 02 build=B md5=6cc9e93685b533b920ba5d5cc027501a
# L02 build=B extension=/Users/borysbardysh/worktrees/strata/main-pgo/python/strata/_strata.cpython-314-darwin.so md5=6cc9e93685b533b920ba5d5cc027501a load=2.47,3.43,4.20 cpus=10 t=01:29:53
# launch 03 build=A md5=1609bb3e318d8f9e2c552fa4675795f2
# L03 build=A extension=/Users/borysbardysh/worktrees/strata/main-pgo/python/strata/_strata.cpython-314-darwin.so md5=1609bb3e318d8f9e2c552fa4675795f2 load=2.36,3.33,4.14 cpus=10 t=01:30:18
# launch 04 build=A md5=1609bb3e318d8f9e2c552fa4675795f2
# L04 build=A extension=/Users/borysbardysh/worktrees/strata/main-pgo/python/strata/_strata.cpython-314-darwin.so md5=1609bb3e318d8f9e2c552fa4675795f2 load=2.92,3.37,4.13 cpus=10 t=01:30:44
# launch 05 build=B md5=6cc9e93685b533b920ba5d5cc027501a
# L05 build=B extension=/Users/borysbardysh/worktrees/strata/main-pgo/python/strata/_strata.cpython-314-darwin.so md5=6cc9e93685b533b920ba5d5cc027501a load=2.86,3.32,4.09 cpus=10 t=01:31:10
# launch 06 build=B md5=6cc9e93685b533b920ba5d5cc027501a
# L06 build=B extension=/Users/borysbardysh/worktrees/strata/main-pgo/python/strata/_strata.cpython-314-darwin.so md5=6cc9e93685b533b920ba5d5cc027501a load=2.49,3.18,4.01 cpus=10 t=01:31:35
# launch 07 build=A md5=1609bb3e318d8f9e2c552fa4675795f2
# L07 build=A extension=/Users/borysbardysh/worktrees/strata/main-pgo/python/strata/_strata.cpython-314-darwin.so md5=1609bb3e318d8f9e2c552fa4675795f2 load=3.19,3.30,4.03 cpus=10 t=01:32:01
# launch 08 build=A md5=1609bb3e318d8f9e2c552fa4675795f2
# L08 build=A extension=/Users/borysbardysh/worktrees/strata/main-pgo/python/strata/_strata.cpython-314-darwin.so md5=1609bb3e318d8f9e2c552fa4675795f2 load=2.92,3.23,3.98 cpus=10 t=01:32:28
# launch 09 build=B md5=6cc9e93685b533b920ba5d5cc027501a
# L09 build=B extension=/Users/borysbardysh/worktrees/strata/main-pgo/python/strata/_strata.cpython-314-darwin.so md5=6cc9e93685b533b920ba5d5cc027501a load=3.75,3.40,4.02 cpus=10 t=01:32:54
# launch 10 build=B md5=6cc9e93685b533b920ba5d5cc027501a
# L10 build=B extension=/Users/borysbardysh/worktrees/strata/main-pgo/python/strata/_strata.cpython-314-darwin.so md5=6cc9e93685b533b920ba5d5cc027501a load=3.55,3.38,4.00 cpus=10 t=01:33:19
# launch 11 build=A md5=1609bb3e318d8f9e2c552fa4675795f2
# L11 build=A extension=/Users/borysbardysh/worktrees/strata/main-pgo/python/strata/_strata.cpython-314-darwin.so md5=1609bb3e318d8f9e2c552fa4675795f2 load=3.32,3.34,3.96 cpus=10 t=01:33:45
# launch 12 build=A md5=1609bb3e318d8f9e2c552fa4675795f2
# L12 build=A extension=/Users/borysbardysh/worktrees/strata/main-pgo/python/strata/_strata.cpython-314-darwin.so md5=1609bb3e318d8f9e2c552fa4675795f2 load=3.20,3.32,3.94 cpus=10 t=01:34:10
# launch 13 build=B md5=6cc9e93685b533b920ba5d5cc027501a
# L13 build=B extension=/Users/borysbardysh/worktrees/strata/main-pgo/python/strata/_strata.cpython-314-darwin.so md5=6cc9e93685b533b920ba5d5cc027501a load=3.15,3.29,3.91 cpus=10 t=01:34:35
# launch 14 build=B md5=6cc9e93685b533b920ba5d5cc027501a
# L14 build=B extension=/Users/borysbardysh/worktrees/strata/main-pgo/python/strata/_strata.cpython-314-darwin.so md5=6cc9e93685b533b920ba5d5cc027501a load=2.60,3.16,3.84 cpus=10 t=01:35:00
# launch 15 build=A md5=1609bb3e318d8f9e2c552fa4675795f2
# L15 build=A extension=/Users/borysbardysh/worktrees/strata/main-pgo/python/strata/_strata.cpython-314-darwin.so md5=1609bb3e318d8f9e2c552fa4675795f2 load=2.49,3.08,3.79 cpus=10 t=01:35:25
# launch 16 build=A md5=1609bb3e318d8f9e2c552fa4675795f2
# L16 build=A extension=/Users/borysbardysh/worktrees/strata/main-pgo/python/strata/_strata.cpython-314-darwin.so md5=1609bb3e318d8f9e2c552fa4675795f2 load=2.65,3.06,3.76 cpus=10 t=01:35:51
# launch 17 build=B md5=6cc9e93685b533b920ba5d5cc027501a
# L17 build=B extension=/Users/borysbardysh/worktrees/strata/main-pgo/python/strata/_strata.cpython-314-darwin.so md5=6cc9e93685b533b920ba5d5cc027501a load=2.68,3.03,3.73 cpus=10 t=01:36:17
# launch 18 build=B md5=6cc9e93685b533b920ba5d5cc027501a
# L18 build=B extension=/Users/borysbardysh/worktrees/strata/main-pgo/python/strata/_strata.cpython-314-darwin.so md5=6cc9e93685b533b920ba5d5cc027501a load=3.11,3.10,3.73 cpus=10 t=01:36:43
# launch 19 build=A md5=1609bb3e318d8f9e2c552fa4675795f2
# L19 build=A extension=/Users/borysbardysh/worktrees/strata/main-pgo/python/strata/_strata.cpython-314-darwin.so md5=1609bb3e318d8f9e2c552fa4675795f2 load=2.97,3.07,3.70 cpus=10 t=01:37:08
# launch 20 build=A md5=1609bb3e318d8f9e2c552fa4675795f2
# L20 build=A extension=/Users/borysbardysh/worktrees/strata/main-pgo/python/strata/_strata.cpython-314-darwin.so md5=1609bb3e318d8f9e2c552fa4675795f2 load=2.91,3.06,3.68 cpus=10 t=01:37:33
# launch 21 build=B md5=6cc9e93685b533b920ba5d5cc027501a
# L21 build=B extension=/Users/borysbardysh/worktrees/strata/main-pgo/python/strata/_strata.cpython-314-darwin.so md5=6cc9e93685b533b920ba5d5cc027501a load=2.50,2.95,3.63 cpus=10 t=01:37:58
# launch 22 build=B md5=6cc9e93685b533b920ba5d5cc027501a
# L22 build=B extension=/Users/borysbardysh/worktrees/strata/main-pgo/python/strata/_strata.cpython-314-darwin.so md5=6cc9e93685b533b920ba5d5cc027501a load=2.76,2.99,3.62 cpus=10 t=01:38:22
# launch 23 build=A md5=1609bb3e318d8f9e2c552fa4675795f2
# L23 build=A extension=/Users/borysbardysh/worktrees/strata/main-pgo/python/strata/_strata.cpython-314-darwin.so md5=1609bb3e318d8f9e2c552fa4675795f2 load=2.83,2.99,3.60 cpus=10 t=01:38:47
# launch 24 build=A md5=1609bb3e318d8f9e2c552fa4675795f2
# L24 build=A extension=/Users/borysbardysh/worktrees/strata/main-pgo/python/strata/_strata.cpython-314-darwin.so md5=1609bb3e318d8f9e2c552fa4675795f2 load=5.43,3.63,3.82 cpus=10 t=01:39:12
# wrote /Users/borysbardysh/PycharmProjects/PrimeLabFoundation/strata/build/evidence/M15/attr/full/fix_ab.tsv (25 of 25 launches)
# restored /Users/borysbardysh/worktrees/strata/main-pgo/python/strata/_strata.cpython-314-darwin.so to md5=800e32c62dc8a5c05de7912d938268eb
== launch medians (ms)
row/engine                    L00:A       L01:B       L02:B       L03:A       L04:A       L05:B       L06:B       L07:A       L08:A       L09:B       L10:B       L11:A       L12:A       L13:B       L14:B       L15:A       L16:A       L17:B       L18:B       L19:A       L20:A       L21:B       L22:B       L23:A       L24:A       
md-flat-dumps orjson-bytes    0.9422     0.9374     0.9262     0.9477     0.9310     0.9341     0.9431     0.9321     0.9339     0.9404     0.9296     0.9306     0.9345     0.9253     0.9376     0.9512     0.9314     0.9388     0.9315     0.9345     0.9385     0.9370     0.9313     0.9285     0.9347     
md-flat-dumps orjson-dump     -          -          -          -          -          -          -          -          -          -          -          -          -          -          -          -          -          -          -          -          -          -          -          -          -          
md-flat-dumps orjson-load     -          -          -          -          -          -          -          -          -          -          -          -          -          -          -          -          -          -          -          -          -          -          -          -          -          
md-flat-dumps orjson-loads    -          -          -          -          -          -          -          -          -          -          -          -          -          -          -          -          -          -          -          -          -          -          -          -          -          
md-flat-dumps orjson-ndload   -          -          -          -          -          -          -          -          -          -          -          -          -          -          -          -          -          -          -          -          -          -          -          -          -          
md-flat-dumps strata-bytes    0.7584     0.7478     0.7478     0.7625     0.7450     0.7444     0.7660     0.7548     0.7505     0.7614     0.7495     0.7467     0.7516     0.7424     0.7498     0.7576     0.7514     0.7453     0.7425     0.7510     0.7501     0.7539     0.7453     0.7410     0.7435     
md-flat-dumps strata-dump     -          -          -          -          -          -          -          -          -          -          -          -          -          -          -          -          -          -          -          -          -          -          -          -          -          
md-flat-dumps strata-load     -          -          -          -          -          -          -          -          -          -          -          -          -          -          -          -          -          -          -          -          -          -          -          -          -          
md-flat-dumps strata-loads    -          -          -          -          -          -          -          -          -          -          -          -          -          -          -          -          -          -          -          -          -          -          -          -          -          
md-flat-dumps strata-ndload   -          -          -          -          -          -          -          -          -          -          -          -          -          -          -          -          -          -          -          -          -          -          -          -          -          
md-flat-dumps strata-str      0.8303     0.8165     0.8093     0.8291     0.8186     0.8187     0.8292     0.8138     0.8196     0.8211     0.8141     0.8149     0.8181     0.8113     0.8203     0.8488     0.8313     0.8191     0.8092     0.8224     0.8186     0.8230     0.8093     0.8116     0.8093     
md-mixed-dumps orjson-bytes   0.1460     0.1482     0.1469     0.1510     0.1473     0.1450     0.1469     0.1486     0.1507     0.1476     0.1471     0.1508     0.1472     0.1461     0.1483     0.1494     0.1488     0.1487     0.1463     0.1475     0.1452     0.1475     0.1466     0.1460     0.1456     
md-mixed-dumps orjson-dump    -          -          -          -          -          -          -          -          -          -          -          -          -          -          -          -          -          -          -          -          -          -          -          -          -          
md-mixed-dumps orjson-load    -          -          -          -          -          -          -          -          -          -          -          -          -          -          -          -          -          -          -          -          -          -          -          -          -          
md-mixed-dumps orjson-loads   -          -          -          -          -          -          -          -          -          -          -          -          -          -          -          -          -          -          -          -          -          -          -          -          -          
md-mixed-dumps orjson-ndload  -          -          -          -          -          -          -          -          -          -          -          -          -          -          -          -          -          -          -          -          -          -          -          -          -          
md-mixed-dumps strata-bytes   0.1142     0.1141     0.1138     0.1195     0.1151     0.1138     0.1172     0.1142     0.1159     0.1149     0.1138     0.1159     0.1147     0.1139     0.1154     0.1165     0.1178     0.1152     0.1138     0.1131     0.1147     0.1149     0.1125     0.1128     0.1148     
md-mixed-dumps strata-dump    -          -          -          -          -          -          -          -          -          -          -          -          -          -          -          -          -          -          -          -          -          -          -          -          -          
md-mixed-dumps strata-load    -          -          -          -          -          -          -          -          -          -          -          -          -          -          -          -          -          -          -          -          -          -          -          -          -          
md-mixed-dumps strata-loads   -          -          -          -          -          -          -          -          -          -          -          -          -          -          -          -          -          -          -          -          -          -          -          -          -          
md-mixed-dumps strata-ndload  -          -          -          -          -          -          -          -          -          -          -          -          -          -          -          -          -          -          -          -          -          -          -          -          -          
md-mixed-dumps strata-str     0.1273     0.1259     0.1258     0.1319     0.1274     0.1260     0.1275     0.1301     0.1303     0.1257     0.1255     0.1300     0.1261     0.1250     0.1295     0.1278     0.1291     0.1315     0.1248     0.1255     0.1253     0.1261     0.1242     0.1247     0.1252     
md-nested-dumps orjson-bytes  0.8032     0.8046     0.7986     0.8286     0.8115     0.7985     0.7959     0.8054     0.7936     0.8082     0.7953     0.8097     0.7943     0.7923     0.7986     0.8233     0.8078     0.8311     0.8126     0.7985     0.8068     0.8157     0.7975     0.7951     0.7946     
md-nested-dumps orjson-dump   -          -          -          -          -          -          -          -          -          -          -          -          -          -          -          -          -          -          -          -          -          -          -          -          -          
md-nested-dumps orjson-load   -          -          -          -          -          -          -          -          -          -          -          -          -          -          -          -          -          -          -          -          -          -          -          -          -          
md-nested-dumps orjson-loads  -          -          -          -          -          -          -          -          -          -          -          -          -          -          -          -          -          -          -          -          -          -          -          -          -          
md-nested-dumps orjson-ndload -          -          -          -          -          -          -          -          -          -          -          -          -          -          -          -          -          -          -          -          -          -          -          -          -          
md-nested-dumps strata-bytes  0.4640     0.4625     0.4644     0.4809     0.4609     0.4589     0.4633     0.4634     0.4643     0.4687     0.4589     0.4632     0.4645     0.4630     0.4634     0.4820     0.4651     0.4679     0.4548     0.4621     0.4633     0.4679     0.4642     0.4644     0.4665     
md-nested-dumps strata-dump   -          -          -          -          -          -          -          -          -          -          -          -          -          -          -          -          -          -          -          -          -          -          -          -          -          
md-nested-dumps strata-load   -          -          -          -          -          -          -          -          -          -          -          -          -          -          -          -          -          -          -          -          -          -          -          -          -          
md-nested-dumps strata-loads  -          -          -          -          -          -          -          -          -          -          -          -          -          -          -          -          -          -          -          -          -          -          -          -          -          
md-nested-dumps strata-ndload -          -          -          -          -          -          -          -          -          -          -          -          -          -          -          -          -          -          -          -          -          -          -          -          -          
md-nested-dumps strata-str    0.5190     0.5168     0.5154     0.5383     0.5257     0.5119     0.5150     0.5134     0.5116     0.5279     0.5073     0.5228     0.5153     0.5122     0.5197     0.5386     0.5239     0.5300     0.5111     0.5142     0.5196     0.5257     0.5148     0.5132     0.5164     
md-users-dumps orjson-bytes   13.6368    13.4294    13.4592    13.4439    13.3537    13.5131    13.5820    13.4952    13.6180    13.5052    13.5031    13.5090    13.5358    13.3571    13.5306    13.5052    13.6285    13.5726    13.4570    13.3910    13.3791    13.4951    13.4726    13.3977    13.3953    
md-users-dumps orjson-dump    -          -          -          -          -          -          -          -          -          -          -          -          -          -          -          -          -          -          -          -          -          -          -          -          -          
md-users-dumps orjson-load    -          -          -          -          -          -          -          -          -          -          -          -          -          -          -          -          -          -          -          -          -          -          -          -          -          
md-users-dumps orjson-loads   -          -          -          -          -          -          -          -          -          -          -          -          -          -          -          -          -          -          -          -          -          -          -          -          -          
md-users-dumps orjson-ndload  -          -          -          -          -          -          -          -          -          -          -          -          -          -          -          -          -          -          -          -          -          -          -          -          -          
md-users-dumps strata-bytes   8.3575     8.2228     8.2024     8.2563     8.2289     8.2518     8.3939     8.3554     8.3439     8.3235     8.1923     8.3151     8.2631     8.2018     8.2784     8.2883     8.3481     8.2906     8.2017     8.2531     8.2065     8.2638     8.1913     8.2560     8.1685     
md-users-dumps strata-dump    -          -          -          -          -          -          -          -          -          -          -          -          -          -          -          -          -          -          -          -          -          -          -          -          -          
md-users-dumps strata-load    -          -          -          -          -          -          -          -          -          -          -          -          -          -          -          -          -          -          -          -          -          -          -          -          -          
md-users-dumps strata-loads   -          -          -          -          -          -          -          -          -          -          -          -          -          -          -          -          -          -          -          -          -          -          -          -          -          
md-users-dumps strata-ndload  -          -          -          -          -          -          -          -          -          -          -          -          -          -          -          -          -          -          -          -          -          -          -          -          -          
md-users-dumps strata-str     9.2238     9.1408     9.0574     9.1402     9.0819     9.2128     9.3465     9.2113     9.2222     9.2040     9.1389     9.1788     9.1641     9.0783     9.1659     9.1643     9.2885     9.2386     9.0889     9.0909     9.0967     9.1856     9.0888     9.1182     9.0698     
md-wide_arrays-dumps orjson-bytes5.4689     5.3935     5.3994     5.6004     5.5476     5.4753     5.4854     5.5478     5.4941     5.4495     5.3716     5.5773     5.3781     5.4665     5.5070     5.5687     5.5836     5.5909     5.4433     5.4451     5.4440     5.4834     5.4465     5.3734     5.4173     
md-wide_arrays-dumps orjson-dump-          -          -          -          -          -          -          -          -          -          -          -          -          -          -          -          -          -          -          -          -          -          -          -          -          
md-wide_arrays-dumps orjson-load-          -          -          -          -          -          -          -          -          -          -          -          -          -          -          -          -          -          -          -          -          -          -          -          -          
md-wide_arrays-dumps orjson-loads-          -          -          -          -          -          -          -          -          -          -          -          -          -          -          -          -          -          -          -          -          -          -          -          -          
md-wide_arrays-dumps orjson-ndload-          -          -          -          -          -          -          -          -          -          -          -          -          -          -          -          -          -          -          -          -          -          -          -          -          
md-wide_arrays-dumps strata-bytes3.8536     3.8482     3.8377     3.9409     3.8924     3.8051     3.8762     3.8825     3.9463     3.8748     3.8175     3.8872     3.8206     3.8479     3.8690     3.9133     3.9177     3.8816     3.8640     3.8365     3.8495     3.8751     3.8457     3.8125     3.8514     
md-wide_arrays-dumps strata-dump-          -          -          -          -          -          -          -          -          -          -          -          -          -          -          -          -          -          -          -          -          -          -          -          -          
md-wide_arrays-dumps strata-load-          -          -          -          -          -          -          -          -          -          -          -          -          -          -          -          -          -          -          -          -          -          -          -          -          
md-wide_arrays-dumps strata-loads-          -          -          -          -          -          -          -          -          -          -          -          -          -          -          -          -          -          -          -          -          -          -          -          -          
md-wide_arrays-dumps strata-ndload-          -          -          -          -          -          -          -          -          -          -          -          -          -          -          -          -          -          -          -          -          -          -          -          -          
md-wide_arrays-dumps strata-str4.5879     4.3598     4.3684     4.5704     4.5231     4.4366     4.5806     4.5030     4.5881     4.5616     4.4162     4.5088     4.5342     4.3005     4.5313     4.5951     4.5784     4.4842     4.3948     4.4731     4.4192     4.4739     4.6281     4.4126     4.3779     
sm-flat-dump orjson-bytes     -          -          -          -          -          -          -          -          -          -          -          -          -          -          -          -          -          -          -          -          -          -          -          -          -          
sm-flat-dump orjson-dump      0.6065     0.4128     0.4028     0.3884     0.4079     0.3982     0.4183     0.3933     0.4014     0.3987     0.3917     0.3561     0.3941     0.3951     0.3911     0.4256     0.3905     0.4215     0.4100     0.3920     0.3962     0.4004     0.4084     0.3907     0.3941     
sm-flat-dump orjson-load      -          -          -          -          -          -          -          -          -          -          -          -          -          -          -          -          -          -          -          -          -          -          -          -          -          
sm-flat-dump orjson-loads     -          -          -          -          -          -          -          -          -          -          -          -          -          -          -          -          -          -          -          -          -          -          -          -          -          
sm-flat-dump orjson-ndload    -          -          -          -          -          -          -          -          -          -          -          -          -          -          -          -          -          -          -          -          -          -          -          -          -          
sm-flat-dump strata-bytes     -          -          -          -          -          -          -          -          -          -          -          -          -          -          -          -          -          -          -          -          -          -          -          -          -          
sm-flat-dump strata-dump      0.5642     0.3484     0.3366     0.3391     0.3517     0.3454     0.3611     0.3586     0.3449     0.3355     0.3456     0.3172     0.3397     0.3422     0.3270     0.3586     0.3356     0.3646     0.3502     0.3291     0.3465     0.3407     0.3438     0.3289     0.3373     
sm-flat-dump strata-load      -          -          -          -          -          -          -          -          -          -          -          -          -          -          -          -          -          -          -          -          -          -          -          -          -          
sm-flat-dump strata-loads     -          -          -          -          -          -          -          -          -          -          -          -          -          -          -          -          -          -          -          -          -          -          -          -          -          
sm-flat-dump strata-ndload    -          -          -          -          -          -          -          -          -          -          -          -          -          -          -          -          -          -          -          -          -          -          -          -          -          
sm-flat-dump strata-str       -          -          -          -          -          -          -          -          -          -          -          -          -          -          -          -          -          -          -          -          -          -          -          -          -          
sm-flat-dumps orjson-bytes    0.2344     0.2345     0.2365     0.2371     0.2377     0.2374     0.2342     0.2333     0.2388     0.2342     0.2382     0.2371     0.2372     0.2336     0.2337     0.2367     0.2339     0.2339     0.2326     0.2358     0.2364     0.2421     0.2351     0.2339     0.2339     
sm-flat-dumps orjson-dump     -          -          -          -          -          -          -          -          -          -          -          -          -          -          -          -          -          -          -          -          -          -          -          -          -          
sm-flat-dumps orjson-load     -          -          -          -          -          -          -          -          -          -          -          -          -          -          -          -          -          -          -          -          -          -          -          -          -          
sm-flat-dumps orjson-loads    -          -          -          -          -          -          -          -          -          -          -          -          -          -          -          -          -          -          -          -          -          -          -          -          -          
sm-flat-dumps orjson-ndload   -          -          -          -          -          -          -          -          -          -          -          -          -          -          -          -          -          -          -          -          -          -          -          -          -          
sm-flat-dumps strata-bytes    0.1827     0.1826     0.1856     0.1886     0.1864     0.1837     0.1830     0.1841     0.1876     0.1836     0.1841     0.1861     0.1869     0.1846     0.1828     0.1884     0.1853     0.1825     0.1830     0.1853     0.1827     0.1828     0.1832     0.1832     0.1821     
sm-flat-dumps strata-dump     -          -          -          -          -          -          -          -          -          -          -          -          -          -          -          -          -          -          -          -          -          -          -          -          -          
sm-flat-dumps strata-load     -          -          -          -          -          -          -          -          -          -          -          -          -          -          -          -          -          -          -          -          -          -          -          -          -          
sm-flat-dumps strata-loads    -          -          -          -          -          -          -          -          -          -          -          -          -          -          -          -          -          -          -          -          -          -          -          -          -          
sm-flat-dumps strata-ndload   -          -          -          -          -          -          -          -          -          -          -          -          -          -          -          -          -          -          -          -          -          -          -          -          -          
sm-flat-dumps strata-str      0.2024     0.2027     0.2032     0.2116     0.2074     0.2081     0.2020     0.2034     0.2046     0.2028     0.2070     0.2038     0.2056     0.2036     0.2030     0.2067     0.2033     0.2007     0.2011     0.2043     0.2023     0.2029     0.2060     0.2019     0.2047     
sm-flat-load orjson-bytes     -          -          -          -          -          -          -          -          -          -          -          -          -          -          -          -          -          -          -          -          -          -          -          -          -          
sm-flat-load orjson-dump      -          -          -          -          -          -          -          -          -          -          -          -          -          -          -          -          -          -          -          -          -          -          -          -          -          
sm-flat-load orjson-load      0.7345     0.7532     0.7080     0.7396     0.7179     0.7697     0.7318     0.7514     0.7578     0.7482     0.7339     0.7264     0.7402     0.7087     0.7174     0.7531     0.7777     0.7620     0.7365     0.7601     0.7644     0.7213     0.7241     0.7288     0.7235     
sm-flat-load orjson-loads     -          -          -          -          -          -          -          -          -          -          -          -          -          -          -          -          -          -          -          -          -          -          -          -          -          
sm-flat-load orjson-ndload    -          -          -          -          -          -          -          -          -          -          -          -          -          -          -          -          -          -          -          -          -          -          -          -          -          
sm-flat-load strata-bytes     -          -          -          -          -          -          -          -          -          -          -          -          -          -          -          -          -          -          -          -          -          -          -          -          -          
sm-flat-load strata-dump      -          -          -          -          -          -          -          -          -          -          -          -          -          -          -          -          -          -          -          -          -          -          -          -          -          
sm-flat-load strata-load      0.6266     0.6444     0.6167     0.6416     0.6218     0.6587     0.6339     0.6478     0.6587     0.6447     0.6245     0.6292     0.6316     0.6125     0.6207     0.6436     0.6665     0.6516     0.6285     0.6574     0.6651     0.6248     0.6291     0.6291     0.6250     
sm-flat-load strata-loads     -          -          -          -          -          -          -          -          -          -          -          -          -          -          -          -          -          -          -          -          -          -          -          -          -          
sm-flat-load strata-ndload    -          -          -          -          -          -          -          -          -          -          -          -          -          -          -          -          -          -          -          -          -          -          -          -          -          
sm-flat-load strata-str       -          -          -          -          -          -          -          -          -          -          -          -          -          -          -          -          -          -          -          -          -          -          -          -          -          
sm-flat-loads orjson-bytes    -          -          -          -          -          -          -          -          -          -          -          -          -          -          -          -          -          -          -          -          -          -          -          -          -          
sm-flat-loads orjson-dump     -          -          -          -          -          -          -          -          -          -          -          -          -          -          -          -          -          -          -          -          -          -          -          -          -          
sm-flat-loads orjson-load     -          -          -          -          -          -          -          -          -          -          -          -          -          -          -          -          -          -          -          -          -          -          -          -          -          
sm-flat-loads orjson-loads    0.6366     0.6699     0.6233     0.6654     0.6400     0.6877     0.6479     0.6492     0.6777     0.6663     0.6607     0.6489     0.6395     0.6358     0.6369     0.6494     0.6725     0.6754     0.6517     0.6726     0.6892     0.6391     0.6530     0.6516     0.6465     
sm-flat-loads orjson-ndload   -          -          -          -          -          -          -          -          -          -          -          -          -          -          -          -          -          -          -          -          -          -          -          -          -          
sm-flat-loads strata-bytes    -          -          -          -          -          -          -          -          -          -          -          -          -          -          -          -          -          -          -          -          -          -          -          -          -          
sm-flat-loads strata-dump     -          -          -          -          -          -          -          -          -          -          -          -          -          -          -          -          -          -          -          -          -          -          -          -          -          
sm-flat-loads strata-load     -          -          -          -          -          -          -          -          -          -          -          -          -          -          -          -          -          -          -          -          -          -          -          -          -          
sm-flat-loads strata-loads    0.5604     0.5855     0.5478     0.5879     0.5619     0.5949     0.5679     0.5677     0.6000     0.5775     0.5710     0.5744     0.5589     0.5507     0.5564     0.5710     0.5953     0.5865     0.5647     0.5858     0.6102     0.5648     0.5732     0.5750     0.5611     
sm-flat-loads strata-ndload   -          -          -          -          -          -          -          -          -          -          -          -          -          -          -          -          -          -          -          -          -          -          -          -          -          
sm-flat-loads strata-str      -          -          -          -          -          -          -          -          -          -          -          -          -          -          -          -          -          -          -          -          -          -          -          -          -          
sm-mixed-dump orjson-bytes    -          -          -          -          -          -          -          -          -          -          -          -          -          -          -          -          -          -          -          -          -          -          -          -          -          
sm-mixed-dump orjson-dump     0.1661     0.1584     0.1673     0.1601     0.1706     0.1714     0.1866     0.1834     0.1674     0.1877     0.1766     0.1692     0.1706     0.1578     0.1695     0.1698     0.1660     0.1807     0.1649     0.1641     0.1547     0.1702     0.1765     0.1520     0.1771     
sm-mixed-dump orjson-load     -          -          -          -          -          -          -          -          -          -          -          -          -          -          -          -          -          -          -          -          -          -          -          -          -          
sm-mixed-dump orjson-loads    -          -          -          -          -          -          -          -          -          -          -          -          -          -          -          -          -          -          -          -          -          -          -          -          -          
sm-mixed-dump orjson-ndload   -          -          -          -          -          -          -          -          -          -          -          -          -          -          -          -          -          -          -          -          -          -          -          -          -          
sm-mixed-dump strata-bytes    -          -          -          -          -          -          -          -          -          -          -          -          -          -          -          -          -          -          -          -          -          -          -          -          -          
sm-mixed-dump strata-dump     0.1536     0.1336     0.1474     0.1351     0.1480     0.1584     0.1709     0.1601     0.1463     0.1631     0.1536     0.1477     0.1545     0.1334     0.1467     0.1605     0.1491     0.1464     0.1443     0.1507     0.1297     0.1546     0.1557     0.1370     0.1512     
sm-mixed-dump strata-load     -          -          -          -          -          -          -          -          -          -          -          -          -          -          -          -          -          -          -          -          -          -          -          -          -          
sm-mixed-dump strata-loads    -          -          -          -          -          -          -          -          -          -          -          -          -          -          -          -          -          -          -          -          -          -          -          -          -          
sm-mixed-dump strata-ndload   -          -          -          -          -          -          -          -          -          -          -          -          -          -          -          -          -          -          -          -          -          -          -          -          -          
sm-mixed-dump strata-str      -          -          -          -          -          -          -          -          -          -          -          -          -          -          -          -          -          -          -          -          -          -          -          -          -          
sm-mixed-dumps orjson-bytes   0.0388     0.0389     0.0388     0.0384     0.0385     0.0411     0.0419     0.0386     0.0387     0.0389     0.0391     0.0390     0.0393     0.0386     0.0396     0.0406     0.0399     0.0401     0.0402     0.0391     0.0383     0.0397     0.0400     0.0382     0.0390     
sm-mixed-dumps orjson-dump    -          -          -          -          -          -          -          -          -          -          -          -          -          -          -          -          -          -          -          -          -          -          -          -          -          
sm-mixed-dumps orjson-load    -          -          -          -          -          -          -          -          -          -          -          -          -          -          -          -          -          -          -          -          -          -          -          -          -          
sm-mixed-dumps orjson-loads   -          -          -          -          -          -          -          -          -          -          -          -          -          -          -          -          -          -          -          -          -          -          -          -          -          
sm-mixed-dumps orjson-ndload  -          -          -          -          -          -          -          -          -          -          -          -          -          -          -          -          -          -          -          -          -          -          -          -          -          
sm-mixed-dumps strata-bytes   0.0302     0.0298     0.0296     0.0297     0.0297     0.0311     0.0318     0.0304     0.0298     0.0300     0.0293     0.0303     0.0301     0.0298     0.0299     0.0307     0.0301     0.0311     0.0311     0.0301     0.0300     0.0301     0.0296     0.0294     0.0298     
sm-mixed-dumps strata-dump    -          -          -          -          -          -          -          -          -          -          -          -          -          -          -          -          -          -          -          -          -          -          -          -          -          
sm-mixed-dumps strata-load    -          -          -          -          -          -          -          -          -          -          -          -          -          -          -          -          -          -          -          -          -          -          -          -          -          
sm-mixed-dumps strata-loads   -          -          -          -          -          -          -          -          -          -          -          -          -          -          -          -          -          -          -          -          -          -          -          -          -          
sm-mixed-dumps strata-ndload  -          -          -          -          -          -          -          -          -          -          -          -          -          -          -          -          -          -          -          -          -          -          -          -          -          
sm-mixed-dumps strata-str     0.0334     0.0335     0.0328     0.0329     0.0331     0.0345     0.0367     0.0329     0.0328     0.0327     0.0325     0.0329     0.0329     0.0326     0.0333     0.0350     0.0340     0.0345     0.0341     0.0332     0.0328     0.0328     0.0328     0.0323     0.0326     
sm-mixed-load orjson-bytes    -          -          -          -          -          -          -          -          -          -          -          -          -          -          -          -          -          -          -          -          -          -          -          -          -          
sm-mixed-load orjson-dump     -          -          -          -          -          -          -          -          -          -          -          -          -          -          -          -          -          -          -          -          -          -          -          -          -          
sm-mixed-load orjson-load     0.1787     0.1762     0.1779     0.1727     0.1748     0.1713     0.1873     0.1776     0.1727     0.1788     0.1803     0.1769     0.1747     0.1700     0.1762     0.1840     0.1873     0.1860     0.1807     0.1721     0.1778     0.1750     0.1822     0.1663     0.1652     
sm-mixed-load orjson-loads    -          -          -          -          -          -          -          -          -          -          -          -          -          -          -          -          -          -          -          -          -          -          -          -          -          
sm-mixed-load orjson-ndload   -          -          -          -          -          -          -          -          -          -          -          -          -          -          -          -          -          -          -          -          -          -          -          -          -          
sm-mixed-load strata-bytes    -          -          -          -          -          -          -          -          -          -          -          -          -          -          -          -          -          -          -          -          -          -          -          -          -          
sm-mixed-load strata-dump     -          -          -          -          -          -          -          -          -          -          -          -          -          -          -          -          -          -          -          -          -          -          -          -          -          
sm-mixed-load strata-load     0.1497     0.1549     0.1461     0.1525     0.1563     0.1537     0.1637     0.1505     0.1495     0.1573     0.1603     0.1546     0.1494     0.1520     0.1579     0.1635     0.1507     0.1588     0.1573     0.1521     0.1570     0.1576     0.1584     0.1486     0.1472     
sm-mixed-load strata-loads    -          -          -          -          -          -          -          -          -          -          -          -          -          -          -          -          -          -          -          -          -          -          -          -          -          
sm-mixed-load strata-ndload   -          -          -          -          -          -          -          -          -          -          -          -          -          -          -          -          -          -          -          -          -          -          -          -          -          
sm-mixed-load strata-str      -          -          -          -          -          -          -          -          -          -          -          -          -          -          -          -          -          -          -          -          -          -          -          -          -          
sm-mixed-loads orjson-bytes   -          -          -          -          -          -          -          -          -          -          -          -          -          -          -          -          -          -          -          -          -          -          -          -          -          
sm-mixed-loads orjson-dump    -          -          -          -          -          -          -          -          -          -          -          -          -          -          -          -          -          -          -          -          -          -          -          -          -          
sm-mixed-loads orjson-load    -          -          -          -          -          -          -          -          -          -          -          -          -          -          -          -          -          -          -          -          -          -          -          -          -          
sm-mixed-loads orjson-loads   0.1256     0.1275     0.1247     0.1276     0.1283     0.1278     0.1316     0.1260     0.1262     0.1247     0.1274     0.1292     0.1243     0.1253     0.1297     0.1301     0.1273     0.1285     0.1292     0.1277     0.1270     0.1270     0.1251     0.1249     0.1253     
sm-mixed-loads orjson-ndload  -          -          -          -          -          -          -          -          -          -          -          -          -          -          -          -          -          -          -          -          -          -          -          -          -          
sm-mixed-loads strata-bytes   -          -          -          -          -          -          -          -          -          -          -          -          -          -          -          -          -          -          -          -          -          -          -          -          -          
sm-mixed-loads strata-dump    -          -          -          -          -          -          -          -          -          -          -          -          -          -          -          -          -          -          -          -          -          -          -          -          -          
sm-mixed-loads strata-load    -          -          -          -          -          -          -          -          -          -          -          -          -          -          -          -          -          -          -          -          -          -          -          -          -          
sm-mixed-loads strata-loads   0.1157     0.1187     0.1168     0.1178     0.1194     0.1175     0.1235     0.1177     0.1171     0.1161     0.1170     0.1196     0.1158     0.1166     0.1177     0.1208     0.1180     0.1188     0.1202     0.1172     0.1167     0.1164     0.1183     0.1171     0.1156     
sm-mixed-loads strata-ndload  -          -          -          -          -          -          -          -          -          -          -          -          -          -          -          -          -          -          -          -          -          -          -          -          -          
sm-mixed-loads strata-str     -          -          -          -          -          -          -          -          -          -          -          -          -          -          -          -          -          -          -          -          -          -          -          -          -          
sm-nested-dump orjson-bytes   -          -          -          -          -          -          -          -          -          -          -          -          -          -          -          -          -          -          -          -          -          -          -          -          -          
sm-nested-dump orjson-dump    0.3980     0.3615     0.3475     0.3609     0.3571     0.3501     0.3575     0.3619     0.3670     0.3405     0.3747     0.3412     0.3494     0.3434     0.3438     0.3695     0.3487     0.3673     0.3356     0.3309     0.3568     0.3508     0.3655     0.3528     0.3459     
sm-nested-dump orjson-load    -          -          -          -          -          -          -          -          -          -          -          -          -          -          -          -          -          -          -          -          -          -          -          -          -          
sm-nested-dump orjson-loads   -          -          -          -          -          -          -          -          -          -          -          -          -          -          -          -          -          -          -          -          -          -          -          -          -          
sm-nested-dump orjson-ndload  -          -          -          -          -          -          -          -          -          -          -          -          -          -          -          -          -          -          -          -          -          -          -          -          -          
sm-nested-dump strata-bytes   -          -          -          -          -          -          -          -          -          -          -          -          -          -          -          -          -          -          -          -          -          -          -          -          -          
sm-nested-dump strata-dump    0.2829     0.2603     0.2486     0.2636     0.2571     0.2567     0.2571     0.2661     0.2560     0.2512     0.2619     0.2385     0.2539     0.2575     0.2477     0.2827     0.2599     0.2701     0.2526     0.2550     0.2565     0.2672     0.2617     0.2611     0.2459     
sm-nested-dump strata-load    -          -          -          -          -          -          -          -          -          -          -          -          -          -          -          -          -          -          -          -          -          -          -          -          -          
sm-nested-dump strata-loads   -          -          -          -          -          -          -          -          -          -          -          -          -          -          -          -          -          -          -          -          -          -          -          -          -          
sm-nested-dump strata-ndload  -          -          -          -          -          -          -          -          -          -          -          -          -          -          -          -          -          -          -          -          -          -          -          -          -          
sm-nested-dump strata-str     -          -          -          -          -          -          -          -          -          -          -          -          -          -          -          -          -          -          -          -          -          -          -          -          -          
sm-nested-dumps orjson-bytes  0.2028     0.2026     0.2025     0.2062     0.2090     0.2075     0.2050     0.2054     0.2004     0.2029     0.2040     0.2013     0.2036     0.2017     0.2037     0.2075     0.2049     0.2056     0.2035     0.2031     0.2013     0.2046     0.2021     0.2017     0.2049     
sm-nested-dumps orjson-dump   -          -          -          -          -          -          -          -          -          -          -          -          -          -          -          -          -          -          -          -          -          -          -          -          -          
sm-nested-dumps orjson-load   -          -          -          -          -          -          -          -          -          -          -          -          -          -          -          -          -          -          -          -          -          -          -          -          -          
sm-nested-dumps orjson-loads  -          -          -          -          -          -          -          -          -          -          -          -          -          -          -          -          -          -          -          -          -          -          -          -          -          
sm-nested-dumps orjson-ndload -          -          -          -          -          -          -          -          -          -          -          -          -          -          -          -          -          -          -          -          -          -          -          -          -          
sm-nested-dumps strata-bytes  0.1137     0.1139     0.1146     0.1152     0.1146     0.1144     0.1142     0.1151     0.1138     0.1136     0.1149     0.1138     0.1131     0.1128     0.1138     0.1153     0.1140     0.1149     0.1137     0.1131     0.1131     0.1162     0.1139     0.1158     0.1128     
sm-nested-dumps strata-dump   -          -          -          -          -          -          -          -          -          -          -          -          -          -          -          -          -          -          -          -          -          -          -          -          -          
sm-nested-dumps strata-load   -          -          -          -          -          -          -          -          -          -          -          -          -          -          -          -          -          -          -          -          -          -          -          -          -          
sm-nested-dumps strata-loads  -          -          -          -          -          -          -          -          -          -          -          -          -          -          -          -          -          -          -          -          -          -          -          -          -          
sm-nested-dumps strata-ndload -          -          -          -          -          -          -          -          -          -          -          -          -          -          -          -          -          -          -          -          -          -          -          -          -          
sm-nested-dumps strata-str    0.1268     0.1278     0.1270     0.1308     0.1312     0.1292     0.1267     0.1268     0.1249     0.1259     0.1277     0.1258     0.1274     0.1249     0.1277     0.1316     0.1305     0.1311     0.1254     0.1262     0.1260     0.1284     0.1258     0.1268     0.1255     
sm-nested-load orjson-bytes   -          -          -          -          -          -          -          -          -          -          -          -          -          -          -          -          -          -          -          -          -          -          -          -          -          
sm-nested-load orjson-dump    -          -          -          -          -          -          -          -          -          -          -          -          -          -          -          -          -          -          -          -          -          -          -          -          -          
sm-nested-load orjson-load    0.6810     0.6805     0.6781     0.6849     0.6679     0.6882     0.6692     0.7092     0.7024     0.6871     0.6684     0.6864     0.6728     0.6701     0.6913     0.7232     0.6967     0.7035     0.6657     0.6671     0.6748     0.6766     0.6850     0.6845     0.6941     
sm-nested-load orjson-loads   -          -          -          -          -          -          -          -          -          -          -          -          -          -          -          -          -          -          -          -          -          -          -          -          -          
sm-nested-load orjson-ndload  -          -          -          -          -          -          -          -          -          -          -          -          -          -          -          -          -          -          -          -          -          -          -          -          -          
sm-nested-load strata-bytes   -          -          -          -          -          -          -          -          -          -          -          -          -          -          -          -          -          -          -          -          -          -          -          -          -          
sm-nested-load strata-dump    -          -          -          -          -          -          -          -          -          -          -          -          -          -          -          -          -          -          -          -          -          -          -          -          -          
sm-nested-load strata-load    0.5497     0.5473     0.5476     0.5567     0.5400     0.5486     0.5538     0.5601     0.5579     0.5488     0.5454     0.5492     0.5516     0.5371     0.5544     0.5700     0.5541     0.5591     0.5418     0.5316     0.5374     0.5460     0.5479     0.5327     0.5491     
sm-nested-load strata-loads   -          -          -          -          -          -          -          -          -          -          -          -          -          -          -          -          -          -          -          -          -          -          -          -          -          
sm-nested-load strata-ndload  -          -          -          -          -          -          -          -          -          -          -          -          -          -          -          -          -          -          -          -          -          -          -          -          -          
sm-nested-load strata-str     -          -          -          -          -          -          -          -          -          -          -          -          -          -          -          -          -          -          -          -          -          -          -          -          -          
sm-nested-loads orjson-bytes  -          -          -          -          -          -          -          -          -          -          -          -          -          -          -          -          -          -          -          -          -          -          -          -          -          
sm-nested-loads orjson-dump   -          -          -          -          -          -          -          -          -          -          -          -          -          -          -          -          -          -          -          -          -          -          -          -          -          
sm-nested-loads orjson-load   -          -          -          -          -          -          -          -          -          -          -          -          -          -          -          -          -          -          -          -          -          -          -          -          -          
sm-nested-loads orjson-loads  0.6059     0.6030     0.5985     0.6088     0.6060     0.6167     0.6019     0.6108     0.6142     0.6044     0.6006     0.6107     0.6084     0.6016     0.6154     0.6159     0.6189     0.6209     0.5997     0.5996     0.5997     0.6080     0.6008     0.6012     0.6097     
sm-nested-loads orjson-ndload -          -          -          -          -          -          -          -          -          -          -          -          -          -          -          -          -          -          -          -          -          -          -          -          -          
sm-nested-loads strata-bytes  -          -          -          -          -          -          -          -          -          -          -          -          -          -          -          -          -          -          -          -          -          -          -          -          -          
sm-nested-loads strata-dump   -          -          -          -          -          -          -          -          -          -          -          -          -          -          -          -          -          -          -          -          -          -          -          -          -          
sm-nested-loads strata-load   -          -          -          -          -          -          -          -          -          -          -          -          -          -          -          -          -          -          -          -          -          -          -          -          -          
sm-nested-loads strata-loads  0.4947     0.4919     0.4916     0.4966     0.4853     0.4898     0.4927     0.5005     0.5025     0.4988     0.4879     0.4968     0.4949     0.4894     0.4951     0.4959     0.4910     0.5056     0.4965     0.4868     0.4861     0.4908     0.4919     0.4845     0.4897     
sm-nested-loads strata-ndload -          -          -          -          -          -          -          -          -          -          -          -          -          -          -          -          -          -          -          -          -          -          -          -          -          
sm-nested-loads strata-str    -          -          -          -          -          -          -          -          -          -          -          -          -          -          -          -          -          -          -          -          -          -          -          -          -          
sm-users-dump orjson-bytes    -          -          -          -          -          -          -          -          -          -          -          -          -          -          -          -          -          -          -          -          -          -          -          -          -          
sm-users-dump orjson-dump     2.5702     2.5618     2.5629     2.6136     2.5856     2.6483     2.5278     2.5971     2.5759     2.5280     2.5528     2.5984     2.5994     2.5355     2.5654     2.5977     2.5887     2.5043     2.5045     2.5217     2.5650     2.5530     2.5542     2.5342     2.5217     
sm-users-dump orjson-load     -          -          -          -          -          -          -          -          -          -          -          -          -          -          -          -          -          -          -          -          -          -          -          -          -          
sm-users-dump orjson-loads    -          -          -          -          -          -          -          -          -          -          -          -          -          -          -          -          -          -          -          -          -          -          -          -          -          
sm-users-dump orjson-ndload   -          -          -          -          -          -          -          -          -          -          -          -          -          -          -          -          -          -          -          -          -          -          -          -          -          
sm-users-dump strata-bytes    -          -          -          -          -          -          -          -          -          -          -          -          -          -          -          -          -          -          -          -          -          -          -          -          -          
sm-users-dump strata-dump     1.7818     1.7602     1.7698     1.8096     1.8276     1.8352     1.7549     1.8049     1.7831     1.7606     1.7472     1.7609     1.8146     1.7618     1.7925     1.8393     1.8068     1.7553     1.7325     1.7650     1.7560     1.7710     1.7767     1.7509     1.7472     
sm-users-dump strata-load     -          -          -          -          -          -          -          -          -          -          -          -          -          -          -          -          -          -          -          -          -          -          -          -          -          
sm-users-dump strata-loads    -          -          -          -          -          -          -          -          -          -          -          -          -          -          -          -          -          -          -          -          -          -          -          -          -          
sm-users-dump strata-ndload   -          -          -          -          -          -          -          -          -          -          -          -          -          -          -          -          -          -          -          -          -          -          -          -          -          
sm-users-dump strata-str      -          -          -          -          -          -          -          -          -          -          -          -          -          -          -          -          -          -          -          -          -          -          -          -          -          
sm-users-dumps orjson-bytes   2.0929     2.0373     2.0303     2.0805     2.0554     2.0379     2.0412     2.0755     2.0651     2.0679     2.0326     2.0776     2.0348     2.0490     2.0560     2.0530     2.0468     2.0649     2.0246     2.0350     2.0220     2.0427     2.0338     2.0347     2.0355     
sm-users-dumps orjson-dump    -          -          -          -          -          -          -          -          -          -          -          -          -          -          -          -          -          -          -          -          -          -          -          -          -          
sm-users-dumps orjson-load    -          -          -          -          -          -          -          -          -          -          -          -          -          -          -          -          -          -          -          -          -          -          -          -          -          
sm-users-dumps orjson-loads   -          -          -          -          -          -          -          -          -          -          -          -          -          -          -          -          -          -          -          -          -          -          -          -          -          
sm-users-dumps orjson-ndload  -          -          -          -          -          -          -          -          -          -          -          -          -          -          -          -          -          -          -          -          -          -          -          -          -          
sm-users-dumps strata-bytes   1.3424     1.3095     1.3102     1.3274     1.3196     1.3232     1.3203     1.3378     1.3269     1.3372     1.3072     1.3331     1.3270     1.3289     1.3202     1.3122     1.3296     1.3280     1.2963     1.3113     1.3000     1.3204     1.3075     1.3053     1.3044     
sm-users-dumps strata-dump    -          -          -          -          -          -          -          -          -          -          -          -          -          -          -          -          -          -          -          -          -          -          -          -          -          
sm-users-dumps strata-load    -          -          -          -          -          -          -          -          -          -          -          -          -          -          -          -          -          -          -          -          -          -          -          -          -          
sm-users-dumps strata-loads   -          -          -          -          -          -          -          -          -          -          -          -          -          -          -          -          -          -          -          -          -          -          -          -          -          
sm-users-dumps strata-ndload  -          -          -          -          -          -          -          -          -          -          -          -          -          -          -          -          -          -          -          -          -          -          -          -          -          
sm-users-dumps strata-str     1.4892     1.4598     1.4676     1.5014     1.4860     1.4695     1.4822     1.5113     1.4872     1.5131     1.4764     1.4976     1.4763     1.4606     1.4785     1.4747     1.4643     1.5061     1.4772     1.4666     1.4675     1.4751     1.4840     1.4692     1.4562     
sm-users-load orjson-bytes    -          -          -          -          -          -          -          -          -          -          -          -          -          -          -          -          -          -          -          -          -          -          -          -          -          
sm-users-load orjson-dump     -          -          -          -          -          -          -          -          -          -          -          -          -          -          -          -          -          -          -          -          -          -          -          -          -          
sm-users-load orjson-load     8.7745     8.6522     8.7752     8.8975     8.7811     8.9192     8.6130     9.0167     8.6966     8.8146     8.8411     8.8071     8.7254     8.7007     8.6878     9.0935     8.9426     8.7597     8.8160     8.7303     8.6386     8.8497     8.7604     8.8031     8.6051     
sm-users-load orjson-loads    -          -          -          -          -          -          -          -          -          -          -          -          -          -          -          -          -          -          -          -          -          -          -          -          -          
sm-users-load orjson-ndload   -          -          -          -          -          -          -          -          -          -          -          -          -          -          -          -          -          -          -          -          -          -          -          -          -          
sm-users-load strata-bytes    -          -          -          -          -          -          -          -          -          -          -          -          -          -          -          -          -          -          -          -          -          -          -          -          -          
sm-users-load strata-dump     -          -          -          -          -          -          -          -          -          -          -          -          -          -          -          -          -          -          -          -          -          -          -          -          -          
sm-users-load strata-load     6.4342     6.3329     6.3831     6.5753     6.4103     6.5131     6.3601     6.5465     6.4209     6.4377     6.5246     6.4160     6.3687     6.3582     6.3593     6.5110     6.5643     6.4321     6.4149     6.3754     6.3183     6.4064     6.4953     6.4249     6.3815     
sm-users-load strata-loads    -          -          -          -          -          -          -          -          -          -          -          -          -          -          -          -          -          -          -          -          -          -          -          -          -          
sm-users-load strata-ndload   -          -          -          -          -          -          -          -          -          -          -          -          -          -          -          -          -          -          -          -          -          -          -          -          -          
sm-users-load strata-str      -          -          -          -          -          -          -          -          -          -          -          -          -          -          -          -          -          -          -          -          -          -          -          -          -          
sm-users-loads orjson-bytes   -          -          -          -          -          -          -          -          -          -          -          -          -          -          -          -          -          -          -          -          -          -          -          -          -          
sm-users-loads orjson-dump    -          -          -          -          -          -          -          -          -          -          -          -          -          -          -          -          -          -          -          -          -          -          -          -          -          
sm-users-loads orjson-load    -          -          -          -          -          -          -          -          -          -          -          -          -          -          -          -          -          -          -          -          -          -          -          -          -          
sm-users-loads orjson-loads   8.4451     8.1557     8.2437     8.3739     8.2881     8.4287     8.1620     8.5526     8.2619     8.4695     8.2182     8.2868     8.3173     8.1996     8.1193     8.4341     8.4354     8.3202     8.1027     8.2024     8.1823     8.3516     8.2606     8.2700     8.2047     
sm-users-loads orjson-ndload  -          -          -          -          -          -          -          -          -          -          -          -          -          -          -          -          -          -          -          -          -          -          -          -          -          
sm-users-loads strata-bytes   -          -          -          -          -          -          -          -          -          -          -          -          -          -          -          -          -          -          -          -          -          -          -          -          -          
sm-users-loads strata-dump    -          -          -          -          -          -          -          -          -          -          -          -          -          -          -          -          -          -          -          -          -          -          -          -          -          
sm-users-loads strata-load    -          -          -          -          -          -          -          -          -          -          -          -          -          -          -          -          -          -          -          -          -          -          -          -          -          
sm-users-loads strata-loads   6.2319     6.0315     6.0445     6.2633     6.1565     6.2423     6.0321     6.2540     6.0991     6.1907     6.0591     6.1050     6.0942     6.0447     6.0075     6.1566     6.2206     6.2345     6.0078     6.0593     6.0300     6.1255     6.1789     6.0830     6.0960     
sm-users-loads strata-ndload  -          -          -          -          -          -          -          -          -          -          -          -          -          -          -          -          -          -          -          -          -          -          -          -          -          
sm-users-loads strata-str     -          -          -          -          -          -          -          -          -          -          -          -          -          -          -          -          -          -          -          -          -          -          -          -          -          
sm-users-ndload orjson-bytes  -          -          -          -          -          -          -          -          -          -          -          -          -          -          -          -          -          -          -          -          -          -          -          -          -          
sm-users-ndload orjson-dump   -          -          -          -          -          -          -          -          -          -          -          -          -          -          -          -          -          -          -          -          -          -          -          -          -          
sm-users-ndload orjson-load   -          -          -          -          -          -          -          -          -          -          -          -          -          -          -          -          -          -          -          -          -          -          -          -          -          
sm-users-ndload orjson-loads  -          -          -          -          -          -          -          -          -          -          -          -          -          -          -          -          -          -          -          -          -          -          -          -          -          
sm-users-ndload orjson-ndload 10.5707    10.5467    10.5765    10.5377    10.4336    10.7472    10.6438    10.8420    10.5309    10.4913    10.6902    10.8915    10.4293    10.4956    10.7110    10.7857    10.7327    10.8415    10.3446    10.5655    10.4586    10.5405    10.5401    10.6016    10.3725    
sm-users-ndload strata-bytes  -          -          -          -          -          -          -          -          -          -          -          -          -          -          -          -          -          -          -          -          -          -          -          -          -          
sm-users-ndload strata-dump   -          -          -          -          -          -          -          -          -          -          -          -          -          -          -          -          -          -          -          -          -          -          -          -          -          
sm-users-ndload strata-load   -          -          -          -          -          -          -          -          -          -          -          -          -          -          -          -          -          -          -          -          -          -          -          -          -          
sm-users-ndload strata-loads  -          -          -          -          -          -          -          -          -          -          -          -          -          -          -          -          -          -          -          -          -          -          -          -          -          
sm-users-ndload strata-ndload 6.5856     6.5079     6.5496     6.5595     6.4851     6.6459     6.7135     6.7474     6.6030     6.5399     6.6017     6.7471     6.4768     6.5339     6.5887     6.7290     6.6531     6.7967     6.4346     6.5805     6.5390     6.5999     6.6460     6.6217     6.5386     
sm-users-ndload strata-str    -          -          -          -          -          -          -          -          -          -          -          -          -          -          -          -          -          -          -          -          -          -          -          -          -          
sm-wide_arrays-dump orjson-bytes-          -          -          -          -          -          -          -          -          -          -          -          -          -          -          -          -          -          -          -          -          -          -          -          -          
sm-wide_arrays-dump orjson-dump1.5570     1.5688     1.5594     1.5870     1.5907     1.5833     1.6057     1.5783     1.5687     1.5418     1.5598     1.5698     1.5703     1.5843     1.5550     1.5956     1.5796     1.5756     1.5344     1.5446     1.5448     1.5679     1.5812     1.5440     1.5510     
sm-wide_arrays-dump orjson-load-          -          -          -          -          -          -          -          -          -          -          -          -          -          -          -          -          -          -          -          -          -          -          -          -          
sm-wide_arrays-dump orjson-loads-          -          -          -          -          -          -          -          -          -          -          -          -          -          -          -          -          -          -          -          -          -          -          -          -          
sm-wide_arrays-dump orjson-ndload-          -          -          -          -          -          -          -          -          -          -          -          -          -          -          -          -          -          -          -          -          -          -          -          -          
sm-wide_arrays-dump strata-bytes-          -          -          -          -          -          -          -          -          -          -          -          -          -          -          -          -          -          -          -          -          -          -          -          -          
sm-wide_arrays-dump strata-dump1.2778     1.2837     1.2846     1.2957     1.2947     1.3105     1.3073     1.2988     1.2819     1.2584     1.2563     1.2931     1.2756     1.2870     1.2774     1.3108     1.2866     1.2775     1.2726     1.2846     1.2492     1.2785     1.2884     1.2725     1.2607     
sm-wide_arrays-dump strata-load-          -          -          -          -          -          -          -          -          -          -          -          -          -          -          -          -          -          -          -          -          -          -          -          -          
sm-wide_arrays-dump strata-loads-          -          -          -          -          -          -          -          -          -          -          -          -          -          -          -          -          -          -          -          -          -          -          -          -          
sm-wide_arrays-dump strata-ndload-          -          -          -          -          -          -          -          -          -          -          -          -          -          -          -          -          -          -          -          -          -          -          -          -          
sm-wide_arrays-dump strata-str-          -          -          -          -          -          -          -          -          -          -          -          -          -          -          -          -          -          -          -          -          -          -          -          -          
sm-wide_arrays-dumps orjson-bytes1.2319     1.2419     1.2264     1.2426     1.2330     1.2476     1.2311     1.2184     1.2298     1.2314     1.2173     1.2495     1.2370     1.2439     1.2322     1.2535     1.2535     1.2252     1.2326     1.2376     1.2127     1.2637     1.2493     1.2341     1.2365     
sm-wide_arrays-dumps orjson-dump-          -          -          -          -          -          -          -          -          -          -          -          -          -          -          -          -          -          -          -          -          -          -          -          -          
sm-wide_arrays-dumps orjson-load-          -          -          -          -          -          -          -          -          -          -          -          -          -          -          -          -          -          -          -          -          -          -          -          -          
sm-wide_arrays-dumps orjson-loads-          -          -          -          -          -          -          -          -          -          -          -          -          -          -          -          -          -          -          -          -          -          -          -          -          
sm-wide_arrays-dumps orjson-ndload-          -          -          -          -          -          -          -          -          -          -          -          -          -          -          -          -          -          -          -          -          -          -          -          -          
sm-wide_arrays-dumps strata-bytes0.9635     0.9656     0.9621     0.9753     0.9630     0.9836     0.9626     0.9759     0.9749     0.9778     0.9642     0.9774     0.9686     0.9639     0.9756     0.9891     0.9617     0.9721     0.9713     0.9591     0.9712     0.9749     0.9721     0.9796     0.9732     
sm-wide_arrays-dumps strata-dump-          -          -          -          -          -          -          -          -          -          -          -          -          -          -          -          -          -          -          -          -          -          -          -          -          
sm-wide_arrays-dumps strata-load-          -          -          -          -          -          -          -          -          -          -          -          -          -          -          -          -          -          -          -          -          -          -          -          -          
sm-wide_arrays-dumps strata-loads-          -          -          -          -          -          -          -          -          -          -          -          -          -          -          -          -          -          -          -          -          -          -          -          -          
sm-wide_arrays-dumps strata-ndload-          -          -          -          -          -          -          -          -          -          -          -          -          -          -          -          -          -          -          -          -          -          -          -          -          
sm-wide_arrays-dumps strata-str1.0578     1.0631     1.0550     1.0797     1.0592     1.0543     1.0487     1.0559     1.0700     1.0617     1.0586     1.0592     1.0658     1.0709     1.0620     1.0745     1.0664     1.0947     1.0813     1.0541     1.0616     1.0736     1.0614     1.0754     1.0631     
sm-wide_arrays-load orjson-bytes-          -          -          -          -          -          -          -          -          -          -          -          -          -          -          -          -          -          -          -          -          -          -          -          -          
sm-wide_arrays-load orjson-dump-          -          -          -          -          -          -          -          -          -          -          -          -          -          -          -          -          -          -          -          -          -          -          -          -          
sm-wide_arrays-load orjson-load3.5423     3.6094     3.5289     3.5542     3.5582     3.6146     3.5910     3.6477     3.5625     3.6248     3.5464     3.5910     3.5569     3.5381     3.6010     3.6751     3.5590     3.5457     3.5706     3.5621     3.6147     3.5623     3.5638     3.6146     3.5592     
sm-wide_arrays-load orjson-loads-          -          -          -          -          -          -          -          -          -          -          -          -          -          -          -          -          -          -          -          -          -          -          -          -          
sm-wide_arrays-load orjson-ndload-          -          -          -          -          -          -          -          -          -          -          -          -          -          -          -          -          -          -          -          -          -          -          -          -          
sm-wide_arrays-load strata-bytes-          -          -          -          -          -          -          -          -          -          -          -          -          -          -          -          -          -          -          -          -          -          -          -          -          
sm-wide_arrays-load strata-dump-          -          -          -          -          -          -          -          -          -          -          -          -          -          -          -          -          -          -          -          -          -          -          -          -          
sm-wide_arrays-load strata-load3.1656     3.2144     3.1883     3.2426     3.1625     3.2701     3.2547     3.1864     3.1851     3.2960     3.1926     3.2295     3.1906     3.2062     3.2858     3.2944     3.1914     3.1934     3.1887     3.1888     3.2100     3.1940     3.2017     3.1985     3.1679     
sm-wide_arrays-load strata-loads-          -          -          -          -          -          -          -          -          -          -          -          -          -          -          -          -          -          -          -          -          -          -          -          -          
sm-wide_arrays-load strata-ndload-          -          -          -          -          -          -          -          -          -          -          -          -          -          -          -          -          -          -          -          -          -          -          -          -          
sm-wide_arrays-load strata-str-          -          -          -          -          -          -          -          -          -          -          -          -          -          -          -          -          -          -          -          -          -          -          -          -          
sm-wide_arrays-loads orjson-bytes-          -          -          -          -          -          -          -          -          -          -          -          -          -          -          -          -          -          -          -          -          -          -          -          -          
sm-wide_arrays-loads orjson-dump-          -          -          -          -          -          -          -          -          -          -          -          -          -          -          -          -          -          -          -          -          -          -          -          -          
sm-wide_arrays-loads orjson-load-          -          -          -          -          -          -          -          -          -          -          -          -          -          -          -          -          -          -          -          -          -          -          -          -          
sm-wide_arrays-loads orjson-loads3.3080     3.3087     3.2796     3.3127     3.2742     3.3148     3.3290     3.3222     3.3061     3.2992     3.3128     3.2683     3.2820     3.3034     3.3898     3.4537     3.3689     3.2981     3.2563     3.2884     3.2590     3.3331     3.3063     3.4398     3.2660     
sm-wide_arrays-loads orjson-ndload-          -          -          -          -          -          -          -          -          -          -          -          -          -          -          -          -          -          -          -          -          -          -          -          -          
sm-wide_arrays-loads strata-bytes-          -          -          -          -          -          -          -          -          -          -          -          -          -          -          -          -          -          -          -          -          -          -          -          -          
sm-wide_arrays-loads strata-dump-          -          -          -          -          -          -          -          -          -          -          -          -          -          -          -          -          -          -          -          -          -          -          -          -          
sm-wide_arrays-loads strata-load-          -          -          -          -          -          -          -          -          -          -          -          -          -          -          -          -          -          -          -          -          -          -          -          -          
sm-wide_arrays-loads strata-loads3.0124     3.0180     2.9764     3.0598     3.0006     3.0167     3.0031     3.0170     3.0215     3.0824     2.9978     2.9990     3.0209     2.9920     3.0822     3.1597     3.0577     3.0112     2.9728     3.0071     2.9726     3.0051     3.0250     3.1086     2.9812     
sm-wide_arrays-loads strata-ndload-          -          -          -          -          -          -          -          -          -          -          -          -          -          -          -          -          -          -          -          -          -          -          -          -          
sm-wide_arrays-loads strata-str-          -          -          -          -          -          -          -          -          -          -          -          -          -          -          -          -          -          -          -          -          -          -          -          -          

file: /Users/borysbardysh/PycharmProjects/PrimeLabFoundation/strata/build/evidence/M15/attr/full/fix_ab.tsv
launches: L00:A L01:B L02:B L03:A L04:A L05:B L06:B L07:A L08:A L09:B L10:B L11:A L12:A L13:B L14:B L15:A L16:A L17:B L18:B L19:A L20:A L21:B L22:B L23:A L24:A
baseline: A   candidate: B   blocks: 6   leading: none   trailing: L24   min samples/launch: 10
blocks: L00L01L02L03  L04L05L06L07  L08L09L10L11  L12L13L14L15  L16L17L18L19  L20L21L22L23

row                   engine        rival          blk  raw strata  raw rival  normalised    ci low   ci high   pos
md-flat-dumps         strata-bytes  orjson-bytes     6      -0.21%     +0.15%      +0.02%    -0.74%    +0.55%  3/6
                                    blocks (normalised): -0.28 -0.05 +0.62 +0.08 -1.20 +0.48
md-flat-dumps         strata-str    orjson-bytes     6      -0.75%     +0.15%      -0.45%    -1.34%    +0.13%  2/6
                                    blocks (normalised): -0.64 +0.20 -0.25 -0.91 -1.77 +0.06
md-mixed-dumps        strata-bytes  orjson-bytes     6      -0.80%     -0.68%      -0.22%    -1.47%    +1.55%  2/6
                                    blocks (normalised): -1.88 +2.10 +1.01 -0.06 -0.37 -1.06
md-mixed-dumps        strata-str    orjson-bytes     6      -0.71%     -0.68%      -0.53%    -1.76%    +1.04%  2/6
                                    blocks (normalised): -2.27 -0.17 -1.25 +0.99 +1.10 -0.89
md-nested-dumps       strata-bytes  orjson-bytes     6      -0.35%     -0.70%      -0.19%    -1.62%    +0.59%  1/6
                                    blocks (normalised): -0.16 +1.19 -0.01 -0.47 -2.76 -0.23
md-nested-dumps       strata-str    orjson-bytes     6      -0.55%     -0.70%      -0.20%    -1.32%    +0.14%  3/6
                                    blocks (normalised): -0.63 +0.22 +0.07 -0.44 -2.01 +0.04
md-users-dumps        strata-bytes  orjson-bytes     6      -0.54%     -0.20%      -0.49%    -0.72%    -0.14%  1/6
                                    blocks (normalised): -0.43 -0.54 -0.42 +0.14 -0.70 -0.75
md-users-dumps        strata-str    orjson-bytes     6      -0.30%     -0.20%      -0.04%    -0.35%    +0.33%  3/6
                                    blocks (normalised): -0.20 +0.53 +0.12 +0.11 -0.32 -0.38
md-wide_arrays-dumps  strata-bytes  orjson-bytes     6      -0.71%     -0.58%      -0.07%    -0.37%    +0.80%  3/6
                                    blocks (normalised): +1.13 +0.01 +0.46 -0.47 -0.15 -0.27
md-wide_arrays-dumps  strata-str    orjson-bytes     6      -1.61%     -0.58%      -0.50%    -2.90%    +1.56%  3/6
                                    blocks (normalised): -2.27 +1.13 +0.96 -3.52 -1.95 +2.00
sm-flat-dump          strata-dump   orjson-dump      6      +0.40%     +2.35%      -1.44%    -4.65%    +0.53%  1/6
                                    blocks (normalised): -6.86 -2.44 -1.49 -0.14 +1.19 -1.39
sm-flat-dumps         strata-bytes  orjson-bytes     6      -1.19%     -0.39%      -0.81%    -1.27%    -0.72%  0/6
                                    blocks (normalised): -0.74 -1.14 -0.88 -0.75 -0.70 -1.40
sm-flat-dumps         strata-str    orjson-bytes     6      -0.76%     -0.39%      -0.24%    -1.28%    +0.54%  1/6
                                    blocks (normalised): -1.81 -0.26 +1.10 -0.02 -0.75 -0.23
sm-flat-load          strata-load   orjson-load      6      -2.27%     -1.71%      -0.13%    -1.05%    +0.80%  3/6
                                    blocks (normalised): +0.34 -0.36 -1.31 +1.27 -0.78 +0.11
sm-flat-loads         strata-loads  orjson-loads     6      -2.11%     -0.97%      -0.70%    -1.72%    -0.49%  0/6
                                    blocks (normalised): -0.62 -0.63 -2.23 -0.77 -1.20 -0.36
sm-mixed-dump         strata-dump   orjson-dump      6      +2.10%     +2.91%      -1.47%    -7.40%    +4.31%  2/6
                                    blocks (normalised): -2.52 +5.73 -0.43 -7.58 -7.22 +2.89
sm-mixed-dumps        strata-bytes  orjson-bytes     6      -0.19%     +1.13%      -1.57%    -3.25%    +0.91%  2/6
                                    blocks (normalised): -1.36 -2.91 -1.78 +0.32 +1.50 -3.59
sm-mixed-dumps        strata-str    orjson-bytes     6      +0.32%     +1.13%      -0.62%    -2.29%    +0.26%  2/6
                                    blocks (normalised): -0.57 +0.12 -1.19 -0.68 +0.39 -3.38
sm-mixed-load         strata-load   orjson-load      6      +3.43%     +1.90%      +1.70%    -0.79%    +2.38%  4/6
                                    blocks (normalised): -1.22 +1.73 +1.67 +2.62 +2.14 -0.37
sm-mixed-loads        strata-loads  orjson-loads     6      +0.64%     +0.15%      +0.07%    -0.77%    +0.91%  3/6
                                    blocks (normalised): +1.25 -0.37 -0.21 -1.17 +0.56 +0.35
sm-nested-dump        strata-dump   orjson-dump      6      -0.15%     -0.32%      -0.30%    -1.63%    +2.06%  2/6
                                    blocks (normalised): -0.40 -0.20 +2.88 -1.42 -1.84 +1.25
sm-nested-dumps       strata-bytes  orjson-bytes     6      +0.08%     -0.09%      +0.19%    -0.68%    +0.71%  3/6
                                    blocks (normalised): +0.80 -0.04 -0.95 +0.61 +0.41 -0.40
sm-nested-dumps       strata-str    orjson-bytes     6      -0.43%     -0.09%      -0.32%    -0.74%    -0.17%  0/6
                                    blocks (normalised): -0.13 -0.37 -0.20 -1.11 -0.31 -0.33
sm-nested-load        strata-load   orjson-load      6      -0.42%     -0.98%      +1.15%    -0.39%    +1.84%  4/6
                                    blocks (normalised): -0.50 +1.65 +1.26 -0.27 +1.04 +2.04
sm-nested-loads       strata-loads  orjson-loads     6      -0.48%     -0.22%      +0.32%    -0.25%    +1.46%  4/6
                                    blocks (normalised): +0.30 -0.47 +0.35 -0.04 +2.31 +0.61
sm-users-dump         strata-dump   orjson-dump      6      -1.44%     -1.47%      -0.48%    -0.97%    +0.90%  2/6
                                    blocks (normalised): -0.58 -1.04 +0.80 -0.89 -0.37 +1.00
sm-users-dumps        strata-bytes  orjson-bytes     6      -0.55%     -0.41%      +0.40%    -0.43%    +0.71%  4/6
                                    blocks (normalised): +0.68 +0.74 +0.43 -0.05 -0.81 +0.38
sm-users-dumps        strata-str    orjson-bytes     6      -0.12%     -0.41%      +0.35%    -0.55%    +1.39%  4/6
                                    blocks (normalised): +0.43 -0.27 +1.18 -0.82 +1.60 +0.27
sm-users-load         strata-load   orjson-load      6      -0.68%     -0.97%      +0.19%    -0.52%    +1.02%  4/6
                                    blocks (normalised): -0.88 +0.87 +0.10 +1.16 -0.16 +0.28
sm-users-loads        strata-loads  orjson-loads     6      -0.70%     -1.39%      +0.49%    -0.67%    +0.99%  4/6
                                    blocks (normalised): -0.88 +0.38 -0.45 +0.99 +0.99 +0.61
sm-users-ndload       strata-ndload orjson-ndload    6      -0.32%     +0.02%      -0.01%    -0.66%    +0.53%  3/6
                                    blocks (normalised): -0.74 +0.42 -0.45 -0.58 +0.50 +0.55
sm-wide_arrays-dump   strata-dump   orjson-dump      6      -0.51%     -0.48%      -0.08%    -0.77%    +0.30%  3/6
                                    blocks (normalised): +0.30 +0.31 -1.18 +0.00 -0.36 -0.16
sm-wide_arrays-dumps  strata-bytes  orjson-bytes     6      -0.36%     -0.42%      -0.33%    -1.78%    +1.63%  2/6
                                    blocks (normalised): -0.32 -0.74 +0.71 -0.34 +2.54 -2.82
sm-wide_arrays-dumps  strata-str    orjson-bytes     6      -0.38%     -0.42%      -0.21%    -2.20%    +2.42%  3/6
                                    blocks (normalised): -0.65 -1.67 +0.83 +0.23 +4.01 -2.73
sm-wide_arrays-load   strata-load   orjson-load      6      +0.07%     -0.04%      +1.07%    -0.28%    +2.09%  5/6
                                    blocks (normalised): -0.66 +2.77 +0.90 +1.41 +0.10 +1.24
sm-wide_arrays-loads  strata-loads  orjson-loads     6      -1.06%     -0.56%      -0.32%    -0.95%    +0.32%  3/6
                                    blocks (normalised): -0.80 -0.68 +0.42 -1.11 +0.21 +0.04

raw strata / raw rival: the same block estimator on the unnormalised medians.
normalised: strata/rival measured in the same process, then blocked.
ci: bootstrap over whole blocks of the median block effect (2000 resamples).

== drift: the trailing baseline launch against the leading one
md-flat-dumps         strata-bytes  strata -1.98%   rival -0.79%   normalised -1.20%
md-flat-dumps         strata-str    strata -2.53%   rival -0.79%   normalised -1.76%
md-mixed-dumps        strata-bytes  strata +0.53%   rival -0.26%   normalised +0.79%
md-mixed-dumps        strata-str    strata -1.59%   rival -0.26%   normalised -1.33%
md-nested-dumps       strata-bytes  strata +0.53%   rival -1.08%   normalised +1.63%
md-nested-dumps       strata-str    strata -0.51%   rival -1.08%   normalised +0.57%
md-users-dumps        strata-bytes  strata -2.26%   rival -1.77%   normalised -0.50%
md-users-dumps        strata-str    strata -1.67%   rival -1.77%   normalised +0.10%
md-wide_arrays-dumps  strata-bytes  strata -0.06%   rival -0.94%   normalised +0.90%
md-wide_arrays-dumps  strata-str    strata -4.58%   rival -0.94%   normalised -3.67%
sm-flat-dump          strata-dump   strata -40.21%   rival -35.01%   normalised -8.01%
sm-flat-dumps         strata-bytes  strata -0.33%   rival -0.19%   normalised -0.14%
sm-flat-dumps         strata-str    strata +1.13%   rival -0.19%   normalised +1.32%
sm-flat-load          strata-load   strata -0.26%   rival -1.49%   normalised +1.25%
sm-flat-loads         strata-loads  strata +0.13%   rival +1.55%   normalised -1.40%
sm-mixed-dump         strata-dump   strata -1.55%   rival +6.65%   normalised -7.68%
sm-mixed-dumps        strata-bytes  strata -1.24%   rival +0.43%   normalised -1.66%
sm-mixed-dumps        strata-str    strata -2.37%   rival +0.43%   normalised -2.79%
sm-mixed-load         strata-load   strata -1.63%   rival -7.54%   normalised +6.40%
sm-mixed-loads        strata-loads  strata -0.04%   rival -0.28%   normalised +0.25%
sm-nested-dump        strata-dump   strata -13.10%   rival -13.09%   normalised -0.01%
sm-nested-dumps       strata-bytes  strata -0.82%   rival +1.03%   normalised -1.83%
sm-nested-dumps       strata-str    strata -1.08%   rival +1.03%   normalised -2.09%
sm-nested-load        strata-load   strata -0.11%   rival +1.93%   normalised -2.00%
sm-nested-loads       strata-loads  strata -1.01%   rival +0.63%   normalised -1.64%
sm-users-dump         strata-dump   strata -1.94%   rival -1.89%   normalised -0.06%
sm-users-dumps        strata-bytes  strata -2.83%   rival -2.74%   normalised -0.09%
sm-users-dumps        strata-str    strata -2.22%   rival -2.74%   normalised +0.54%
sm-users-load         strata-load   strata -0.82%   rival -1.93%   normalised +1.13%
sm-users-loads        strata-loads  strata -2.18%   rival -2.85%   normalised +0.68%
sm-users-ndload       strata-ndload strata -0.71%   rival -1.87%   normalised +1.18%
sm-wide_arrays-dump   strata-dump   strata -1.34%   rival -0.38%   normalised -0.96%
sm-wide_arrays-dumps  strata-bytes  strata +1.01%   rival +0.38%   normalised +0.62%
sm-wide_arrays-dumps  strata-str    strata +0.50%   rival +0.38%   normalised +0.12%
sm-wide_arrays-load   strata-load   strata +0.07%   rival +0.48%   normalised -0.40%
sm-wide_arrays-loads  strata-loads  strata -1.03%   rival -1.27%   normalised +0.24%
