PYTHONPATH=. .venv/bin/python benchmarks/ab_rows.py \
		--build A=/Users/borysbardysh/PycharmProjects/PrimeLabFoundation/strata/build/evidence/M15/armA/_strata.cpython-314-darwin.so --build B=/Users/borysbardysh/PycharmProjects/PrimeLabFoundation/strata/build/evidence/M15/armA2/_strata.cpython-314-darwin.so \
		--target /Users/borysbardysh/worktrees/strata/main-pgo/python/strata/_strata.cpython-314-darwin.so \
		--out /Users/borysbardysh/PycharmProjects/PrimeLabFoundation/strata/build/evidence/M15/ab/aa1.tsv --row small:users:dumps --row small:users:loads --row small:users:load --row small:users:dump --row small:flat:dumps --row small:flat:loads --row small:flat:load --row small:flat:dump --row small:nested:dumps --row small:nested:loads --row small:nested:load --row small:nested:dump --row small:wide_arrays:dumps --row small:wide_arrays:loads --row small:wide_arrays:load --row small:wide_arrays:dump --row small:mixed:dumps --row small:mixed:loads --row small:mixed:load --row small:mixed:dump --row small:users:ndload --row medium:users:dumps --row medium:flat:dumps --row medium:nested:dumps --row medium:wide_arrays:dumps --row medium:mixed:dumps --blocks 6 --repeat 60
# target   /Users/borysbardysh/worktrees/strata/main-pgo/python/strata/_strata.cpython-314-darwin.so
# build A  /Users/borysbardysh/PycharmProjects/PrimeLabFoundation/strata/build/evidence/M15/armA/_strata.cpython-314-darwin.so  md5=1609bb3e318d8f9e2c552fa4675795f2
# build B  /Users/borysbardysh/PycharmProjects/PrimeLabFoundation/strata/build/evidence/M15/armA2/_strata.cpython-314-darwin.so  md5=800e32c62dc8a5c05de7912d938268eb
# order    ABBAABBAABBAABBAABBAABBAA (25 launches)
# rows     small:users:dumps small:users:loads small:users:load small:users:dump small:flat:dumps small:flat:loads small:flat:load small:flat:dump small:nested:dumps small:nested:loads small:nested:load small:nested:dump small:wide_arrays:dumps small:wide_arrays:loads small:wide_arrays:load small:wide_arrays:dump small:mixed:dumps small:mixed:loads small:mixed:load small:mixed:dump small:users:ndload medium:users:dumps medium:flat:dumps medium:nested:dumps medium:wide_arrays:dumps medium:mixed:dumps  repeat=60
# launch 00 build=A md5=1609bb3e318d8f9e2c552fa4675795f2
# L00 build=A extension=/Users/borysbardysh/worktrees/strata/main-pgo/python/strata/_strata.cpython-314-darwin.so md5=1609bb3e318d8f9e2c552fa4675795f2 load=2.70,3.90,4.36 cpus=10 t=22:00:12
# launch 01 build=B md5=800e32c62dc8a5c05de7912d938268eb
# L01 build=B extension=/Users/borysbardysh/worktrees/strata/main-pgo/python/strata/_strata.cpython-314-darwin.so md5=800e32c62dc8a5c05de7912d938268eb load=3.74,4.03,4.39 cpus=10 t=22:00:38
# launch 02 build=B md5=800e32c62dc8a5c05de7912d938268eb
# L02 build=B extension=/Users/borysbardysh/worktrees/strata/main-pgo/python/strata/_strata.cpython-314-darwin.so md5=800e32c62dc8a5c05de7912d938268eb load=3.52,3.95,4.34 cpus=10 t=22:01:05
# launch 03 build=A md5=1609bb3e318d8f9e2c552fa4675795f2
# L03 build=A extension=/Users/borysbardysh/worktrees/strata/main-pgo/python/strata/_strata.cpython-314-darwin.so md5=1609bb3e318d8f9e2c552fa4675795f2 load=2.90,3.77,4.27 cpus=10 t=22:01:31
# launch 04 build=A md5=1609bb3e318d8f9e2c552fa4675795f2
# L04 build=A extension=/Users/borysbardysh/worktrees/strata/main-pgo/python/strata/_strata.cpython-314-darwin.so md5=1609bb3e318d8f9e2c552fa4675795f2 load=2.65,3.64,4.21 cpus=10 t=22:01:55
# launch 05 build=B md5=800e32c62dc8a5c05de7912d938268eb
# L05 build=B extension=/Users/borysbardysh/worktrees/strata/main-pgo/python/strata/_strata.cpython-314-darwin.so md5=800e32c62dc8a5c05de7912d938268eb load=3.32,3.72,4.22 cpus=10 t=22:02:23
# launch 06 build=B md5=800e32c62dc8a5c05de7912d938268eb
# L06 build=B extension=/Users/borysbardysh/worktrees/strata/main-pgo/python/strata/_strata.cpython-314-darwin.so md5=800e32c62dc8a5c05de7912d938268eb load=3.45,3.72,4.21 cpus=10 t=22:02:49
# launch 07 build=A md5=1609bb3e318d8f9e2c552fa4675795f2
# L07 build=A extension=/Users/borysbardysh/worktrees/strata/main-pgo/python/strata/_strata.cpython-314-darwin.so md5=1609bb3e318d8f9e2c552fa4675795f2 load=2.98,3.58,4.14 cpus=10 t=22:03:14
# launch 08 build=A md5=1609bb3e318d8f9e2c552fa4675795f2
# L08 build=A extension=/Users/borysbardysh/worktrees/strata/main-pgo/python/strata/_strata.cpython-314-darwin.so md5=1609bb3e318d8f9e2c552fa4675795f2 load=2.67,3.46,4.08 cpus=10 t=22:03:40
# launch 09 build=B md5=800e32c62dc8a5c05de7912d938268eb
# L09 build=B extension=/Users/borysbardysh/worktrees/strata/main-pgo/python/strata/_strata.cpython-314-darwin.so md5=800e32c62dc8a5c05de7912d938268eb load=2.56,3.37,4.03 cpus=10 t=22:04:05
# launch 10 build=B md5=800e32c62dc8a5c05de7912d938268eb
# L10 build=B extension=/Users/borysbardysh/worktrees/strata/main-pgo/python/strata/_strata.cpython-314-darwin.so md5=800e32c62dc8a5c05de7912d938268eb load=3.24,3.46,4.04 cpus=10 t=22:04:31
# launch 11 build=A md5=1609bb3e318d8f9e2c552fa4675795f2
# L11 build=A extension=/Users/borysbardysh/worktrees/strata/main-pgo/python/strata/_strata.cpython-314-darwin.so md5=1609bb3e318d8f9e2c552fa4675795f2 load=2.69,3.31,3.96 cpus=10 t=22:04:56
# launch 12 build=A md5=1609bb3e318d8f9e2c552fa4675795f2
# L12 build=A extension=/Users/borysbardysh/worktrees/strata/main-pgo/python/strata/_strata.cpython-314-darwin.so md5=1609bb3e318d8f9e2c552fa4675795f2 load=2.68,3.25,3.92 cpus=10 t=22:05:21
# launch 13 build=B md5=800e32c62dc8a5c05de7912d938268eb
# L13 build=B extension=/Users/borysbardysh/worktrees/strata/main-pgo/python/strata/_strata.cpython-314-darwin.so md5=800e32c62dc8a5c05de7912d938268eb load=3.01,3.28,3.91 cpus=10 t=22:05:49
# launch 14 build=B md5=800e32c62dc8a5c05de7912d938268eb
# L14 build=B extension=/Users/borysbardysh/worktrees/strata/main-pgo/python/strata/_strata.cpython-314-darwin.so md5=800e32c62dc8a5c05de7912d938268eb load=3.30,3.32,3.91 cpus=10 t=22:06:15
# launch 15 build=A md5=1609bb3e318d8f9e2c552fa4675795f2
# L15 build=A extension=/Users/borysbardysh/worktrees/strata/main-pgo/python/strata/_strata.cpython-314-darwin.so md5=1609bb3e318d8f9e2c552fa4675795f2 load=3.04,3.26,3.87 cpus=10 t=22:06:40
# launch 16 build=A md5=1609bb3e318d8f9e2c552fa4675795f2
# L16 build=A extension=/Users/borysbardysh/worktrees/strata/main-pgo/python/strata/_strata.cpython-314-darwin.so md5=1609bb3e318d8f9e2c552fa4675795f2 load=3.03,3.24,3.84 cpus=10 t=22:07:08
# launch 17 build=B md5=800e32c62dc8a5c05de7912d938268eb
# L17 build=B extension=/Users/borysbardysh/worktrees/strata/main-pgo/python/strata/_strata.cpython-314-darwin.so md5=800e32c62dc8a5c05de7912d938268eb load=3.36,3.31,3.85 cpus=10 t=22:07:35
# launch 18 build=B md5=800e32c62dc8a5c05de7912d938268eb
# L18 build=B extension=/Users/borysbardysh/worktrees/strata/main-pgo/python/strata/_strata.cpython-314-darwin.so md5=800e32c62dc8a5c05de7912d938268eb load=3.29,3.31,3.83 cpus=10 t=22:08:01
# launch 19 build=A md5=1609bb3e318d8f9e2c552fa4675795f2
# L19 build=A extension=/Users/borysbardysh/worktrees/strata/main-pgo/python/strata/_strata.cpython-314-darwin.so md5=1609bb3e318d8f9e2c552fa4675795f2 load=3.19,3.30,3.81 cpus=10 t=22:08:27
# launch 20 build=A md5=1609bb3e318d8f9e2c552fa4675795f2
# L20 build=A extension=/Users/borysbardysh/worktrees/strata/main-pgo/python/strata/_strata.cpython-314-darwin.so md5=1609bb3e318d8f9e2c552fa4675795f2 load=3.18,3.29,3.79 cpus=10 t=22:08:53
# launch 21 build=B md5=800e32c62dc8a5c05de7912d938268eb
# L21 build=B extension=/Users/borysbardysh/worktrees/strata/main-pgo/python/strata/_strata.cpython-314-darwin.so md5=800e32c62dc8a5c05de7912d938268eb load=3.43,3.34,3.79 cpus=10 t=22:09:20
# launch 22 build=B md5=800e32c62dc8a5c05de7912d938268eb
# L22 build=B extension=/Users/borysbardysh/worktrees/strata/main-pgo/python/strata/_strata.cpython-314-darwin.so md5=800e32c62dc8a5c05de7912d938268eb load=2.95,3.23,3.74 cpus=10 t=22:09:45
# launch 23 build=A md5=1609bb3e318d8f9e2c552fa4675795f2
# L23 build=A extension=/Users/borysbardysh/worktrees/strata/main-pgo/python/strata/_strata.cpython-314-darwin.so md5=1609bb3e318d8f9e2c552fa4675795f2 load=3.74,3.39,3.78 cpus=10 t=22:10:11
# launch 24 build=A md5=1609bb3e318d8f9e2c552fa4675795f2
# L24 build=A extension=/Users/borysbardysh/worktrees/strata/main-pgo/python/strata/_strata.cpython-314-darwin.so md5=1609bb3e318d8f9e2c552fa4675795f2 load=4.13,3.50,3.81 cpus=10 t=22:10:39
# wrote /Users/borysbardysh/PycharmProjects/PrimeLabFoundation/strata/build/evidence/M15/ab/aa1.tsv (25 of 25 launches)
# restored /Users/borysbardysh/worktrees/strata/main-pgo/python/strata/_strata.cpython-314-darwin.so to md5=800e32c62dc8a5c05de7912d938268eb
== launch medians (ms)
row/engine                    L00:A       L01:B       L02:B       L03:A       L04:A       L05:B       L06:B       L07:A       L08:A       L09:B       L10:B       L11:A       L12:A       L13:B       L14:B       L15:A       L16:A       L17:B       L18:B       L19:A       L20:A       L21:B       L22:B       L23:A       L24:A       
md-flat-dumps orjson-bytes    0.9236     0.9114     0.9235     0.9111     0.9192     0.9235     0.9417     0.9195     0.9246     0.9235     0.9176     0.9197     0.9787     0.9107     0.9204     0.9225     0.9297     0.9180     0.9152     0.9143     0.9187     0.9275     0.9462     0.9090     0.9239     
md-flat-dumps orjson-dump     -          -          -          -          -          -          -          -          -          -          -          -          -          -          -          -          -          -          -          -          -          -          -          -          -          
md-flat-dumps orjson-load     -          -          -          -          -          -          -          -          -          -          -          -          -          -          -          -          -          -          -          -          -          -          -          -          -          
md-flat-dumps orjson-loads    -          -          -          -          -          -          -          -          -          -          -          -          -          -          -          -          -          -          -          -          -          -          -          -          -          
md-flat-dumps orjson-ndload   -          -          -          -          -          -          -          -          -          -          -          -          -          -          -          -          -          -          -          -          -          -          -          -          -          
md-flat-dumps strata-bytes    0.7381     0.7300     0.7325     0.7338     0.7395     0.7437     0.7513     0.7353     0.7309     0.7320     0.7422     0.7374     0.7602     0.7308     0.7349     0.7403     0.7515     0.7288     0.7361     0.7352     0.7402     0.7357     0.7462     0.7274     0.7372     
md-flat-dumps strata-dump     -          -          -          -          -          -          -          -          -          -          -          -          -          -          -          -          -          -          -          -          -          -          -          -          -          
md-flat-dumps strata-load     -          -          -          -          -          -          -          -          -          -          -          -          -          -          -          -          -          -          -          -          -          -          -          -          -          
md-flat-dumps strata-loads    -          -          -          -          -          -          -          -          -          -          -          -          -          -          -          -          -          -          -          -          -          -          -          -          -          
md-flat-dumps strata-ndload   -          -          -          -          -          -          -          -          -          -          -          -          -          -          -          -          -          -          -          -          -          -          -          -          -          
md-flat-dumps strata-str      0.8154     0.7942     0.8094     0.7977     0.8128     0.8213     0.8260     0.8078     0.8184     0.7980     0.8135     0.8109     0.8484     0.7950     0.8067     0.8132     0.8340     0.7972     0.8102     0.8028     0.8084     0.8057     0.8234     0.7934     0.8193     
md-mixed-dumps orjson-bytes   0.1455     0.1422     0.1451     0.1422     0.1460     0.1452     0.1456     0.1462     0.1464     0.1444     0.1448     0.1457     0.1463     0.1475     0.1471     0.1489     0.1462     0.1424     0.1450     0.1445     0.1496     0.1489     0.1469     0.1442     0.1464     
md-mixed-dumps orjson-dump    -          -          -          -          -          -          -          -          -          -          -          -          -          -          -          -          -          -          -          -          -          -          -          -          -          
md-mixed-dumps orjson-load    -          -          -          -          -          -          -          -          -          -          -          -          -          -          -          -          -          -          -          -          -          -          -          -          -          
md-mixed-dumps orjson-loads   -          -          -          -          -          -          -          -          -          -          -          -          -          -          -          -          -          -          -          -          -          -          -          -          -          
md-mixed-dumps orjson-ndload  -          -          -          -          -          -          -          -          -          -          -          -          -          -          -          -          -          -          -          -          -          -          -          -          -          
md-mixed-dumps strata-bytes   0.1130     0.1108     0.1138     0.1114     0.1142     0.1138     0.1135     0.1120     0.1136     0.1126     0.1116     0.1123     0.1144     0.1137     0.1133     0.1162     0.1144     0.1108     0.1140     0.1125     0.1169     0.1160     0.1136     0.1118     0.1131     
md-mixed-dumps strata-dump    -          -          -          -          -          -          -          -          -          -          -          -          -          -          -          -          -          -          -          -          -          -          -          -          -          
md-mixed-dumps strata-load    -          -          -          -          -          -          -          -          -          -          -          -          -          -          -          -          -          -          -          -          -          -          -          -          -          
md-mixed-dumps strata-loads   -          -          -          -          -          -          -          -          -          -          -          -          -          -          -          -          -          -          -          -          -          -          -          -          -          
md-mixed-dumps strata-ndload  -          -          -          -          -          -          -          -          -          -          -          -          -          -          -          -          -          -          -          -          -          -          -          -          -          
md-mixed-dumps strata-str     0.1240     0.1204     0.1246     0.1211     0.1253     0.1245     0.1262     0.1230     0.1251     0.1233     0.1245     0.1238     0.1256     0.1265     0.1244     0.1287     0.1281     0.1206     0.1236     0.1239     0.1292     0.1316     0.1290     0.1220     0.1255     
md-nested-dumps orjson-bytes  0.7929     0.7737     0.7951     0.7745     0.7919     0.8048     0.8143     0.7950     0.7943     0.7865     0.7857     0.7998     0.8001     0.8073     0.8120     0.8193     0.8299     0.7756     0.7911     0.7791     0.8156     0.7883     0.8181     0.7760     0.7917     
md-nested-dumps orjson-dump   -          -          -          -          -          -          -          -          -          -          -          -          -          -          -          -          -          -          -          -          -          -          -          -          -          
md-nested-dumps orjson-load   -          -          -          -          -          -          -          -          -          -          -          -          -          -          -          -          -          -          -          -          -          -          -          -          -          
md-nested-dumps orjson-loads  -          -          -          -          -          -          -          -          -          -          -          -          -          -          -          -          -          -          -          -          -          -          -          -          -          
md-nested-dumps orjson-ndload -          -          -          -          -          -          -          -          -          -          -          -          -          -          -          -          -          -          -          -          -          -          -          -          -          
md-nested-dumps strata-bytes  0.4581     0.4467     0.4601     0.4484     0.4655     0.4520     0.4759     0.4604     0.4571     0.4652     0.4546     0.4551     0.4530     0.4545     0.4549     0.4629     0.4716     0.4469     0.4645     0.4469     0.4726     0.4534     0.4569     0.4496     0.4528     
md-nested-dumps strata-dump   -          -          -          -          -          -          -          -          -          -          -          -          -          -          -          -          -          -          -          -          -          -          -          -          -          
md-nested-dumps strata-load   -          -          -          -          -          -          -          -          -          -          -          -          -          -          -          -          -          -          -          -          -          -          -          -          -          
md-nested-dumps strata-loads  -          -          -          -          -          -          -          -          -          -          -          -          -          -          -          -          -          -          -          -          -          -          -          -          -          
md-nested-dumps strata-ndload -          -          -          -          -          -          -          -          -          -          -          -          -          -          -          -          -          -          -          -          -          -          -          -          -          
md-nested-dumps strata-str    0.5260     0.4978     0.5105     0.4958     0.5270     0.5178     0.5353     0.5188     0.5172     0.5156     0.5111     0.5074     0.5187     0.5115     0.5149     0.5324     0.5334     0.4987     0.5224     0.5034     0.5362     0.5065     0.5174     0.5057     0.5114     
md-users-dumps orjson-bytes   13.7686    13.8641    13.8381    13.7251    14.1016    13.7652    13.9053    13.7237    13.7700    13.6761    13.7205    13.7379    13.9409    13.5969    13.8024    13.9547    13.8104    13.6558    13.7299    13.7397    14.2588    13.7959    13.7665    13.9132    13.8295    
md-users-dumps orjson-dump    -          -          -          -          -          -          -          -          -          -          -          -          -          -          -          -          -          -          -          -          -          -          -          -          -          
md-users-dumps orjson-load    -          -          -          -          -          -          -          -          -          -          -          -          -          -          -          -          -          -          -          -          -          -          -          -          -          
md-users-dumps orjson-loads   -          -          -          -          -          -          -          -          -          -          -          -          -          -          -          -          -          -          -          -          -          -          -          -          -          
md-users-dumps orjson-ndload  -          -          -          -          -          -          -          -          -          -          -          -          -          -          -          -          -          -          -          -          -          -          -          -          -          
md-users-dumps strata-bytes   8.3910     8.6455     8.5136     8.3781     8.5592     8.4505     8.4327     8.4880     8.5390     8.5247     8.4576     8.5085     8.6725     8.3730     8.5531     8.6510     8.6825     8.3437     8.4741     8.5115     8.6154     8.5024     8.5610     8.5785     8.4088     
md-users-dumps strata-dump    -          -          -          -          -          -          -          -          -          -          -          -          -          -          -          -          -          -          -          -          -          -          -          -          -          
md-users-dumps strata-load    -          -          -          -          -          -          -          -          -          -          -          -          -          -          -          -          -          -          -          -          -          -          -          -          -          
md-users-dumps strata-loads   -          -          -          -          -          -          -          -          -          -          -          -          -          -          -          -          -          -          -          -          -          -          -          -          -          
md-users-dumps strata-ndload  -          -          -          -          -          -          -          -          -          -          -          -          -          -          -          -          -          -          -          -          -          -          -          -          -          
md-users-dumps strata-str     9.3982     9.5452     9.4526     8.8229     9.5938     9.3669     9.4392     9.4625     9.4055     9.4410     9.4558     9.5027     9.6145     9.3633     9.5163     9.3721     9.4594     9.2845     9.4114     9.4239     9.6668     9.4535     9.4028     9.5597     9.5054     
md-wide_arrays-dumps orjson-bytes5.4706     5.5137     5.4700     5.5414     5.7509     5.5801     5.5159     5.5609     5.4962     5.5288     5.5224     5.5089     5.6263     5.5367     5.5266     5.6864     5.7254     5.6459     5.5586     5.6001     5.6595     5.5531     5.7633     5.5377     5.7342     
md-wide_arrays-dumps orjson-dump-          -          -          -          -          -          -          -          -          -          -          -          -          -          -          -          -          -          -          -          -          -          -          -          -          
md-wide_arrays-dumps orjson-load-          -          -          -          -          -          -          -          -          -          -          -          -          -          -          -          -          -          -          -          -          -          -          -          -          
md-wide_arrays-dumps orjson-loads-          -          -          -          -          -          -          -          -          -          -          -          -          -          -          -          -          -          -          -          -          -          -          -          -          
md-wide_arrays-dumps orjson-ndload-          -          -          -          -          -          -          -          -          -          -          -          -          -          -          -          -          -          -          -          -          -          -          -          -          
md-wide_arrays-dumps strata-bytes3.8201     3.8096     3.8618     3.7508     3.8896     3.8557     3.8422     3.8323     3.8587     3.8209     3.8272     3.8644     3.8620     3.8128     3.8388     3.9094     3.9069     3.8929     3.8332     3.8291     3.8380     3.8137     3.9206     3.7801     3.8371     
md-wide_arrays-dumps strata-dump-          -          -          -          -          -          -          -          -          -          -          -          -          -          -          -          -          -          -          -          -          -          -          -          -          
md-wide_arrays-dumps strata-load-          -          -          -          -          -          -          -          -          -          -          -          -          -          -          -          -          -          -          -          -          -          -          -          -          
md-wide_arrays-dumps strata-loads-          -          -          -          -          -          -          -          -          -          -          -          -          -          -          -          -          -          -          -          -          -          -          -          -          
md-wide_arrays-dumps strata-ndload-          -          -          -          -          -          -          -          -          -          -          -          -          -          -          -          -          -          -          -          -          -          -          -          -          
md-wide_arrays-dumps strata-str4.5262     4.4316     4.6546     4.3266     4.5976     4.4090     4.4719     4.4744     4.4668     4.5026     4.4643     4.4568     4.5535     4.4808     4.4689     4.5804     4.5499     4.5998     4.5574     4.3727     4.5545     4.3778     4.5305     4.5586     4.4600     
sm-flat-dump orjson-bytes     -          -          -          -          -          -          -          -          -          -          -          -          -          -          -          -          -          -          -          -          -          -          -          -          -          
sm-flat-dump orjson-dump      0.3713     0.4631     0.4127     0.3864     0.3717     0.3530     0.3781     0.3759     0.3857     0.3695     0.3675     0.3848     0.3901     0.4253     0.3755     0.3719     0.3839     0.4442     0.3745     0.3564     0.3717     0.3755     0.3805     0.3888     0.3854     
sm-flat-dump orjson-load      -          -          -          -          -          -          -          -          -          -          -          -          -          -          -          -          -          -          -          -          -          -          -          -          -          
sm-flat-dump orjson-loads     -          -          -          -          -          -          -          -          -          -          -          -          -          -          -          -          -          -          -          -          -          -          -          -          -          
sm-flat-dump orjson-ndload    -          -          -          -          -          -          -          -          -          -          -          -          -          -          -          -          -          -          -          -          -          -          -          -          -          
sm-flat-dump strata-bytes     -          -          -          -          -          -          -          -          -          -          -          -          -          -          -          -          -          -          -          -          -          -          -          -          -          
sm-flat-dump strata-dump      0.3239     0.4010     0.3673     0.3278     0.3304     0.2988     0.3266     0.3211     0.3203     0.3164     0.3131     0.3226     0.3203     0.3467     0.3194     0.3178     0.3227     0.3555     0.3156     0.3059     0.3271     0.3167     0.3228     0.3298     0.3229     
sm-flat-dump strata-load      -          -          -          -          -          -          -          -          -          -          -          -          -          -          -          -          -          -          -          -          -          -          -          -          -          
sm-flat-dump strata-loads     -          -          -          -          -          -          -          -          -          -          -          -          -          -          -          -          -          -          -          -          -          -          -          -          -          
sm-flat-dump strata-ndload    -          -          -          -          -          -          -          -          -          -          -          -          -          -          -          -          -          -          -          -          -          -          -          -          -          
sm-flat-dump strata-str       -          -          -          -          -          -          -          -          -          -          -          -          -          -          -          -          -          -          -          -          -          -          -          -          -          
sm-flat-dumps orjson-bytes    0.2337     0.2352     0.2327     0.2342     0.2397     0.2357     0.2340     0.2343     0.2313     0.2297     0.2332     0.2357     0.2344     0.2342     0.2403     0.2367     0.2370     0.2334     0.2313     0.2349     0.2355     0.2329     0.2329     0.2319     0.2393     
sm-flat-dumps orjson-dump     -          -          -          -          -          -          -          -          -          -          -          -          -          -          -          -          -          -          -          -          -          -          -          -          -          
sm-flat-dumps orjson-load     -          -          -          -          -          -          -          -          -          -          -          -          -          -          -          -          -          -          -          -          -          -          -          -          -          
sm-flat-dumps orjson-loads    -          -          -          -          -          -          -          -          -          -          -          -          -          -          -          -          -          -          -          -          -          -          -          -          -          
sm-flat-dumps orjson-ndload   -          -          -          -          -          -          -          -          -          -          -          -          -          -          -          -          -          -          -          -          -          -          -          -          -          
sm-flat-dumps strata-bytes    0.1831     0.1813     0.1831     0.1836     0.1896     0.1868     0.1829     0.1829     0.1820     0.1816     0.1846     0.1851     0.1827     0.1843     0.1846     0.1840     0.1894     0.1814     0.1829     0.1827     0.1858     0.1823     0.1828     0.1819     0.1855     
sm-flat-dumps strata-dump     -          -          -          -          -          -          -          -          -          -          -          -          -          -          -          -          -          -          -          -          -          -          -          -          -          
sm-flat-dumps strata-load     -          -          -          -          -          -          -          -          -          -          -          -          -          -          -          -          -          -          -          -          -          -          -          -          -          
sm-flat-dumps strata-loads    -          -          -          -          -          -          -          -          -          -          -          -          -          -          -          -          -          -          -          -          -          -          -          -          -          
sm-flat-dumps strata-ndload   -          -          -          -          -          -          -          -          -          -          -          -          -          -          -          -          -          -          -          -          -          -          -          -          -          
sm-flat-dumps strata-str      0.2032     0.2014     0.2014     0.2034     0.2087     0.2091     0.2022     0.2028     0.2004     0.2014     0.2034     0.2077     0.2034     0.2022     0.2086     0.2043     0.2104     0.2006     0.2017     0.2020     0.2070     0.2014     0.2036     0.2016     0.2087     
sm-flat-load orjson-bytes     -          -          -          -          -          -          -          -          -          -          -          -          -          -          -          -          -          -          -          -          -          -          -          -          -          
sm-flat-load orjson-dump      -          -          -          -          -          -          -          -          -          -          -          -          -          -          -          -          -          -          -          -          -          -          -          -          -          
sm-flat-load orjson-load      0.7587     0.7557     0.7309     0.7066     0.7207     0.7538     0.7347     0.7103     0.7618     0.7396     0.7251     0.7818     0.7152     0.7670     0.7085     0.7441     0.7440     0.7480     0.7135     0.7537     0.7372     0.6902     0.6889     0.6889     0.7285     
sm-flat-load orjson-loads     -          -          -          -          -          -          -          -          -          -          -          -          -          -          -          -          -          -          -          -          -          -          -          -          -          
sm-flat-load orjson-ndload    -          -          -          -          -          -          -          -          -          -          -          -          -          -          -          -          -          -          -          -          -          -          -          -          -          
sm-flat-load strata-bytes     -          -          -          -          -          -          -          -          -          -          -          -          -          -          -          -          -          -          -          -          -          -          -          -          -          
sm-flat-load strata-dump      -          -          -          -          -          -          -          -          -          -          -          -          -          -          -          -          -          -          -          -          -          -          -          -          -          
sm-flat-load strata-load      0.6445     0.6544     0.6299     0.6157     0.6171     0.6551     0.6348     0.6131     0.6647     0.6424     0.6229     0.6663     0.6176     0.6620     0.6320     0.6501     0.6464     0.6240     0.6225     0.6447     0.6283     0.6026     0.6044     0.6124     0.6272     
sm-flat-load strata-loads     -          -          -          -          -          -          -          -          -          -          -          -          -          -          -          -          -          -          -          -          -          -          -          -          -          
sm-flat-load strata-ndload    -          -          -          -          -          -          -          -          -          -          -          -          -          -          -          -          -          -          -          -          -          -          -          -          -          
sm-flat-load strata-str       -          -          -          -          -          -          -          -          -          -          -          -          -          -          -          -          -          -          -          -          -          -          -          -          -          
sm-flat-loads orjson-bytes    -          -          -          -          -          -          -          -          -          -          -          -          -          -          -          -          -          -          -          -          -          -          -          -          -          
sm-flat-loads orjson-dump     -          -          -          -          -          -          -          -          -          -          -          -          -          -          -          -          -          -          -          -          -          -          -          -          -          
sm-flat-loads orjson-load     -          -          -          -          -          -          -          -          -          -          -          -          -          -          -          -          -          -          -          -          -          -          -          -          -          
sm-flat-loads orjson-loads    0.6786     0.6454     0.6509     0.6464     0.6535     0.6886     0.6530     0.6394     0.6620     0.6654     0.6447     0.6960     0.6490     0.6705     0.6476     0.6765     0.6745     0.6282     0.6443     0.6772     0.6604     0.6163     0.6286     0.6353     0.6498     
sm-flat-loads orjson-ndload   -          -          -          -          -          -          -          -          -          -          -          -          -          -          -          -          -          -          -          -          -          -          -          -          -          
sm-flat-loads strata-bytes    -          -          -          -          -          -          -          -          -          -          -          -          -          -          -          -          -          -          -          -          -          -          -          -          -          
sm-flat-loads strata-dump     -          -          -          -          -          -          -          -          -          -          -          -          -          -          -          -          -          -          -          -          -          -          -          -          -          
sm-flat-loads strata-load     -          -          -          -          -          -          -          -          -          -          -          -          -          -          -          -          -          -          -          -          -          -          -          -          -          
sm-flat-loads strata-loads    0.5976     0.5708     0.5744     0.5713     0.5667     0.6022     0.5763     0.5488     0.5854     0.5823     0.5666     0.6094     0.5695     0.5920     0.5712     0.5991     0.5952     0.5529     0.5672     0.5924     0.5720     0.5448     0.5461     0.5609     0.5713     
sm-flat-loads strata-ndload   -          -          -          -          -          -          -          -          -          -          -          -          -          -          -          -          -          -          -          -          -          -          -          -          -          
sm-flat-loads strata-str      -          -          -          -          -          -          -          -          -          -          -          -          -          -          -          -          -          -          -          -          -          -          -          -          -          
sm-mixed-dump orjson-bytes    -          -          -          -          -          -          -          -          -          -          -          -          -          -          -          -          -          -          -          -          -          -          -          -          -          
sm-mixed-dump orjson-dump     0.1606     0.1869     0.1611     0.1638     0.1500     0.1514     0.1785     0.1549     0.1463     0.1906     0.1514     0.1497     0.1827     0.1715     0.1846     0.1970     0.1619     0.1937     0.1452     0.1506     0.1595     0.1424     0.1563     0.1762     0.1524     
sm-mixed-dump orjson-load     -          -          -          -          -          -          -          -          -          -          -          -          -          -          -          -          -          -          -          -          -          -          -          -          -          
sm-mixed-dump orjson-loads    -          -          -          -          -          -          -          -          -          -          -          -          -          -          -          -          -          -          -          -          -          -          -          -          -          
sm-mixed-dump orjson-ndload   -          -          -          -          -          -          -          -          -          -          -          -          -          -          -          -          -          -          -          -          -          -          -          -          -          
sm-mixed-dump strata-bytes    -          -          -          -          -          -          -          -          -          -          -          -          -          -          -          -          -          -          -          -          -          -          -          -          -          
sm-mixed-dump strata-dump     0.1428     0.1679     0.1504     0.1520     0.1290     0.1308     0.1530     0.1336     0.1367     0.1753     0.1290     0.1383     0.1540     0.1525     0.1661     0.1651     0.1336     0.1511     0.1316     0.1385     0.1436     0.1362     0.1384     0.1382     0.1387     
sm-mixed-dump strata-load     -          -          -          -          -          -          -          -          -          -          -          -          -          -          -          -          -          -          -          -          -          -          -          -          -          
sm-mixed-dump strata-loads    -          -          -          -          -          -          -          -          -          -          -          -          -          -          -          -          -          -          -          -          -          -          -          -          -          
sm-mixed-dump strata-ndload   -          -          -          -          -          -          -          -          -          -          -          -          -          -          -          -          -          -          -          -          -          -          -          -          -          
sm-mixed-dump strata-str      -          -          -          -          -          -          -          -          -          -          -          -          -          -          -          -          -          -          -          -          -          -          -          -          -          
sm-mixed-dumps orjson-bytes   0.0380     0.0408     0.0393     0.0380     0.0382     0.0386     0.0384     0.0385     0.0387     0.0400     0.0383     0.0384     0.0408     0.0415     0.0387     0.0378     0.0381     0.0383     0.0379     0.0378     0.0401     0.0374     0.0379     0.0379     0.0397     
sm-mixed-dumps orjson-dump    -          -          -          -          -          -          -          -          -          -          -          -          -          -          -          -          -          -          -          -          -          -          -          -          -          
sm-mixed-dumps orjson-load    -          -          -          -          -          -          -          -          -          -          -          -          -          -          -          -          -          -          -          -          -          -          -          -          -          
sm-mixed-dumps orjson-loads   -          -          -          -          -          -          -          -          -          -          -          -          -          -          -          -          -          -          -          -          -          -          -          -          -          
sm-mixed-dumps orjson-ndload  -          -          -          -          -          -          -          -          -          -          -          -          -          -          -          -          -          -          -          -          -          -          -          -          -          
sm-mixed-dumps strata-bytes   0.0292     0.0301     0.0296     0.0294     0.0298     0.0298     0.0297     0.0301     0.0299     0.0306     0.0299     0.0296     0.0312     0.0304     0.0300     0.0295     0.0294     0.0295     0.0296     0.0292     0.0302     0.0291     0.0293     0.0296     0.0308     
sm-mixed-dumps strata-dump    -          -          -          -          -          -          -          -          -          -          -          -          -          -          -          -          -          -          -          -          -          -          -          -          -          
sm-mixed-dumps strata-load    -          -          -          -          -          -          -          -          -          -          -          -          -          -          -          -          -          -          -          -          -          -          -          -          -          
sm-mixed-dumps strata-loads   -          -          -          -          -          -          -          -          -          -          -          -          -          -          -          -          -          -          -          -          -          -          -          -          -          
sm-mixed-dumps strata-ndload  -          -          -          -          -          -          -          -          -          -          -          -          -          -          -          -          -          -          -          -          -          -          -          -          -          
sm-mixed-dumps strata-str     0.0318     0.0339     0.0320     0.0321     0.0324     0.0328     0.0323     0.0323     0.0324     0.0343     0.0326     0.0320     0.0345     0.0344     0.0327     0.0324     0.0323     0.0323     0.0323     0.0324     0.0334     0.0318     0.0318     0.0321     0.0351     
sm-mixed-load orjson-bytes    -          -          -          -          -          -          -          -          -          -          -          -          -          -          -          -          -          -          -          -          -          -          -          -          -          
sm-mixed-load orjson-dump     -          -          -          -          -          -          -          -          -          -          -          -          -          -          -          -          -          -          -          -          -          -          -          -          -          
sm-mixed-load orjson-load     0.1632     0.1855     0.1705     0.1639     0.1690     0.1660     0.1792     0.1592     0.1649     0.1751     0.1646     0.1708     0.1764     0.1665     0.1938     0.1983     0.1618     0.1883     0.1686     0.1637     0.1730     0.1676     0.1633     0.1689     0.1644     
sm-mixed-load orjson-loads    -          -          -          -          -          -          -          -          -          -          -          -          -          -          -          -          -          -          -          -          -          -          -          -          -          
sm-mixed-load orjson-ndload   -          -          -          -          -          -          -          -          -          -          -          -          -          -          -          -          -          -          -          -          -          -          -          -          -          
sm-mixed-load strata-bytes    -          -          -          -          -          -          -          -          -          -          -          -          -          -          -          -          -          -          -          -          -          -          -          -          -          
sm-mixed-load strata-dump     -          -          -          -          -          -          -          -          -          -          -          -          -          -          -          -          -          -          -          -          -          -          -          -          -          
sm-mixed-load strata-load     0.1448     0.1586     0.1457     0.1439     0.1489     0.1456     0.1481     0.1424     0.1499     0.1545     0.1434     0.1468     0.1506     0.1481     0.1692     0.1685     0.1454     0.1620     0.1458     0.1433     0.1494     0.1507     0.1444     0.1459     0.1426     
sm-mixed-load strata-loads    -          -          -          -          -          -          -          -          -          -          -          -          -          -          -          -          -          -          -          -          -          -          -          -          -          
sm-mixed-load strata-ndload   -          -          -          -          -          -          -          -          -          -          -          -          -          -          -          -          -          -          -          -          -          -          -          -          -          
sm-mixed-load strata-str      -          -          -          -          -          -          -          -          -          -          -          -          -          -          -          -          -          -          -          -          -          -          -          -          -          
sm-mixed-loads orjson-bytes   -          -          -          -          -          -          -          -          -          -          -          -          -          -          -          -          -          -          -          -          -          -          -          -          -          
sm-mixed-loads orjson-dump    -          -          -          -          -          -          -          -          -          -          -          -          -          -          -          -          -          -          -          -          -          -          -          -          -          
sm-mixed-loads orjson-load    -          -          -          -          -          -          -          -          -          -          -          -          -          -          -          -          -          -          -          -          -          -          -          -          -          
sm-mixed-loads orjson-loads   0.1272     0.1268     0.1232     0.1251     0.1254     0.1255     0.1250     0.1257     0.1245     0.1318     0.1247     0.1247     0.1286     0.1250     0.1292     0.1276     0.1249     0.1277     0.1244     0.1248     0.1223     0.1248     0.1254     0.1254     0.1268     
sm-mixed-loads orjson-ndload  -          -          -          -          -          -          -          -          -          -          -          -          -          -          -          -          -          -          -          -          -          -          -          -          -          
sm-mixed-loads strata-bytes   -          -          -          -          -          -          -          -          -          -          -          -          -          -          -          -          -          -          -          -          -          -          -          -          -          
sm-mixed-loads strata-dump    -          -          -          -          -          -          -          -          -          -          -          -          -          -          -          -          -          -          -          -          -          -          -          -          -          
sm-mixed-loads strata-load    -          -          -          -          -          -          -          -          -          -          -          -          -          -          -          -          -          -          -          -          -          -          -          -          -          
sm-mixed-loads strata-loads   0.1170     0.1188     0.1140     0.1154     0.1169     0.1179     0.1156     0.1171     0.1153     0.1236     0.1146     0.1168     0.1193     0.1175     0.1168     0.1177     0.1167     0.1177     0.1152     0.1165     0.1134     0.1173     0.1162     0.1166     0.1171     
sm-mixed-loads strata-ndload  -          -          -          -          -          -          -          -          -          -          -          -          -          -          -          -          -          -          -          -          -          -          -          -          -          
sm-mixed-loads strata-str     -          -          -          -          -          -          -          -          -          -          -          -          -          -          -          -          -          -          -          -          -          -          -          -          -          
sm-nested-dump orjson-bytes   -          -          -          -          -          -          -          -          -          -          -          -          -          -          -          -          -          -          -          -          -          -          -          -          -          
sm-nested-dump orjson-dump    0.3427     0.3220     0.3726     0.3217     0.3942     0.3843     0.3351     0.3310     0.3254     0.3339     0.3292     0.3332     0.3430     0.4298     0.3727     0.3246     0.3929     0.3329     0.3391     0.3581     0.3430     0.3457     0.3344     0.3262     0.3660     
sm-nested-dump orjson-load    -          -          -          -          -          -          -          -          -          -          -          -          -          -          -          -          -          -          -          -          -          -          -          -          -          
sm-nested-dump orjson-loads   -          -          -          -          -          -          -          -          -          -          -          -          -          -          -          -          -          -          -          -          -          -          -          -          -          
sm-nested-dump orjson-ndload  -          -          -          -          -          -          -          -          -          -          -          -          -          -          -          -          -          -          -          -          -          -          -          -          -          
sm-nested-dump strata-bytes   -          -          -          -          -          -          -          -          -          -          -          -          -          -          -          -          -          -          -          -          -          -          -          -          -          
sm-nested-dump strata-dump    0.2466     0.2304     0.2651     0.2230     0.2913     0.2644     0.2363     0.2386     0.2291     0.2385     0.2470     0.2519     0.2425     0.3100     0.2708     0.2379     0.2658     0.2556     0.2420     0.2599     0.2550     0.2551     0.2463     0.2393     0.2610     
sm-nested-dump strata-load    -          -          -          -          -          -          -          -          -          -          -          -          -          -          -          -          -          -          -          -          -          -          -          -          -          
sm-nested-dump strata-loads   -          -          -          -          -          -          -          -          -          -          -          -          -          -          -          -          -          -          -          -          -          -          -          -          -          
sm-nested-dump strata-ndload  -          -          -          -          -          -          -          -          -          -          -          -          -          -          -          -          -          -          -          -          -          -          -          -          -          
sm-nested-dump strata-str     -          -          -          -          -          -          -          -          -          -          -          -          -          -          -          -          -          -          -          -          -          -          -          -          -          
sm-nested-dumps orjson-bytes  0.1999     0.2008     0.2107     0.2006     0.2007     0.2038     0.2013     0.2017     0.2041     0.2031     0.2012     0.2047     0.2023     0.2030     0.2013     0.2004     0.1992     0.2087     0.2012     0.2025     0.2007     0.2012     0.2084     0.2029     0.2009     
sm-nested-dumps orjson-dump   -          -          -          -          -          -          -          -          -          -          -          -          -          -          -          -          -          -          -          -          -          -          -          -          -          
sm-nested-dumps orjson-load   -          -          -          -          -          -          -          -          -          -          -          -          -          -          -          -          -          -          -          -          -          -          -          -          -          
sm-nested-dumps orjson-loads  -          -          -          -          -          -          -          -          -          -          -          -          -          -          -          -          -          -          -          -          -          -          -          -          -          
sm-nested-dumps orjson-ndload -          -          -          -          -          -          -          -          -          -          -          -          -          -          -          -          -          -          -          -          -          -          -          -          -          
sm-nested-dumps strata-bytes  0.1119     0.1136     0.1194     0.1119     0.1120     0.1127     0.1124     0.1128     0.1148     0.1129     0.1128     0.1136     0.1111     0.1158     0.1113     0.1117     0.1114     0.1171     0.1133     0.1133     0.1136     0.1112     0.1167     0.1138     0.1122     
sm-nested-dumps strata-dump   -          -          -          -          -          -          -          -          -          -          -          -          -          -          -          -          -          -          -          -          -          -          -          -          -          
sm-nested-dumps strata-load   -          -          -          -          -          -          -          -          -          -          -          -          -          -          -          -          -          -          -          -          -          -          -          -          -          
sm-nested-dumps strata-loads  -          -          -          -          -          -          -          -          -          -          -          -          -          -          -          -          -          -          -          -          -          -          -          -          -          
sm-nested-dumps strata-ndload -          -          -          -          -          -          -          -          -          -          -          -          -          -          -          -          -          -          -          -          -          -          -          -          -          
sm-nested-dumps strata-str    0.1233     0.1265     0.1317     0.1258     0.1259     0.1266     0.1260     0.1235     0.1297     0.1266     0.1253     0.1271     0.1238     0.1304     0.1241     0.1245     0.1228     0.1314     0.1237     0.1262     0.1265     0.1244     0.1300     0.1271     0.1244     
sm-nested-load orjson-bytes   -          -          -          -          -          -          -          -          -          -          -          -          -          -          -          -          -          -          -          -          -          -          -          -          -          
sm-nested-load orjson-dump    -          -          -          -          -          -          -          -          -          -          -          -          -          -          -          -          -          -          -          -          -          -          -          -          -          
sm-nested-load orjson-load    0.6683     0.6673     0.7257     0.6625     0.6832     0.7045     0.6552     0.6673     0.6771     0.6810     0.6570     0.6615     0.6688     0.7059     0.6719     0.6569     0.6786     0.6892     0.6669     0.6698     0.6557     0.6650     0.6619     0.6646     0.6881     
sm-nested-load orjson-loads   -          -          -          -          -          -          -          -          -          -          -          -          -          -          -          -          -          -          -          -          -          -          -          -          -          
sm-nested-load orjson-ndload  -          -          -          -          -          -          -          -          -          -          -          -          -          -          -          -          -          -          -          -          -          -          -          -          -          
sm-nested-load strata-bytes   -          -          -          -          -          -          -          -          -          -          -          -          -          -          -          -          -          -          -          -          -          -          -          -          -          
sm-nested-load strata-dump    -          -          -          -          -          -          -          -          -          -          -          -          -          -          -          -          -          -          -          -          -          -          -          -          -          
sm-nested-load strata-load    0.5337     0.5277     0.5729     0.5274     0.5502     0.5570     0.5326     0.5232     0.5332     0.5463     0.5224     0.5163     0.5322     0.5612     0.5341     0.5283     0.5409     0.5397     0.5386     0.5320     0.5296     0.5361     0.5330     0.5337     0.5545     
sm-nested-load strata-loads   -          -          -          -          -          -          -          -          -          -          -          -          -          -          -          -          -          -          -          -          -          -          -          -          -          
sm-nested-load strata-ndload  -          -          -          -          -          -          -          -          -          -          -          -          -          -          -          -          -          -          -          -          -          -          -          -          -          
sm-nested-load strata-str     -          -          -          -          -          -          -          -          -          -          -          -          -          -          -          -          -          -          -          -          -          -          -          -          -          
sm-nested-loads orjson-bytes  -          -          -          -          -          -          -          -          -          -          -          -          -          -          -          -          -          -          -          -          -          -          -          -          -          
sm-nested-loads orjson-dump   -          -          -          -          -          -          -          -          -          -          -          -          -          -          -          -          -          -          -          -          -          -          -          -          -          
sm-nested-loads orjson-load   -          -          -          -          -          -          -          -          -          -          -          -          -          -          -          -          -          -          -          -          -          -          -          -          -          
sm-nested-loads orjson-loads  0.5942     0.6001     0.6156     0.6038     0.6034     0.6073     0.6007     0.5988     0.6051     0.6595     0.5956     0.5934     0.6077     0.6110     0.6056     0.5996     0.5902     0.6066     0.6007     0.6025     0.5962     0.5976     0.6002     0.6125     0.6000     
sm-nested-loads orjson-ndload -          -          -          -          -          -          -          -          -          -          -          -          -          -          -          -          -          -          -          -          -          -          -          -          -          
sm-nested-loads strata-bytes  -          -          -          -          -          -          -          -          -          -          -          -          -          -          -          -          -          -          -          -          -          -          -          -          -          
sm-nested-loads strata-dump   -          -          -          -          -          -          -          -          -          -          -          -          -          -          -          -          -          -          -          -          -          -          -          -          -          
sm-nested-loads strata-load   -          -          -          -          -          -          -          -          -          -          -          -          -          -          -          -          -          -          -          -          -          -          -          -          -          
sm-nested-loads strata-loads  0.4803     0.4885     0.5030     0.4846     0.4846     0.4930     0.4890     0.4829     0.4836     0.5276     0.4829     0.4756     0.4858     0.4920     0.4856     0.4828     0.4770     0.4947     0.4902     0.4879     0.4888     0.4849     0.4865     0.4971     0.4899     
sm-nested-loads strata-ndload -          -          -          -          -          -          -          -          -          -          -          -          -          -          -          -          -          -          -          -          -          -          -          -          -          
sm-nested-loads strata-str    -          -          -          -          -          -          -          -          -          -          -          -          -          -          -          -          -          -          -          -          -          -          -          -          -          
sm-users-dump orjson-bytes    -          -          -          -          -          -          -          -          -          -          -          -          -          -          -          -          -          -          -          -          -          -          -          -          -          
sm-users-dump orjson-dump     2.6547     2.6193     2.6796     2.5923     2.6699     2.7534     2.6209     2.5772     2.6165     2.5947     2.5983     2.5468     2.5840     2.7319     2.6276     2.6172     2.6325     2.6585     2.5920     2.6131     2.5988     2.5940     2.6324     2.6995     2.7083     
sm-users-dump orjson-load     -          -          -          -          -          -          -          -          -          -          -          -          -          -          -          -          -          -          -          -          -          -          -          -          -          
sm-users-dump orjson-loads    -          -          -          -          -          -          -          -          -          -          -          -          -          -          -          -          -          -          -          -          -          -          -          -          -          
sm-users-dump orjson-ndload   -          -          -          -          -          -          -          -          -          -          -          -          -          -          -          -          -          -          -          -          -          -          -          -          -          
sm-users-dump strata-bytes    -          -          -          -          -          -          -          -          -          -          -          -          -          -          -          -          -          -          -          -          -          -          -          -          -          
sm-users-dump strata-dump     1.8203     1.8489     1.9158     1.8083     1.8983     1.9213     1.8203     1.7614     1.8100     1.7841     1.7930     1.7757     1.7993     1.8634     1.8959     1.7733     1.8305     1.8646     1.8081     1.8080     1.8333     1.7983     1.8588     1.8779     1.9058     
sm-users-dump strata-load     -          -          -          -          -          -          -          -          -          -          -          -          -          -          -          -          -          -          -          -          -          -          -          -          -          
sm-users-dump strata-loads    -          -          -          -          -          -          -          -          -          -          -          -          -          -          -          -          -          -          -          -          -          -          -          -          -          
sm-users-dump strata-ndload   -          -          -          -          -          -          -          -          -          -          -          -          -          -          -          -          -          -          -          -          -          -          -          -          -          
sm-users-dump strata-str      -          -          -          -          -          -          -          -          -          -          -          -          -          -          -          -          -          -          -          -          -          -          -          -          -          
sm-users-dumps orjson-bytes   2.0338     2.0481     2.0708     2.0170     2.0199     2.0542     2.0331     2.0256     2.0168     2.0228     2.0115     2.0265     2.0133     2.0399     2.0801     2.0345     2.0355     2.0358     2.0400     2.0119     2.0283     2.0175     2.0394     2.0392     2.0208     
sm-users-dumps orjson-dump    -          -          -          -          -          -          -          -          -          -          -          -          -          -          -          -          -          -          -          -          -          -          -          -          -          
sm-users-dumps orjson-load    -          -          -          -          -          -          -          -          -          -          -          -          -          -          -          -          -          -          -          -          -          -          -          -          -          
sm-users-dumps orjson-loads   -          -          -          -          -          -          -          -          -          -          -          -          -          -          -          -          -          -          -          -          -          -          -          -          -          
sm-users-dumps orjson-ndload  -          -          -          -          -          -          -          -          -          -          -          -          -          -          -          -          -          -          -          -          -          -          -          -          -          
sm-users-dumps strata-bytes   1.2994     1.3156     1.3634     1.2928     1.2960     1.3147     1.3037     1.3023     1.2983     1.2911     1.2978     1.3039     1.2986     1.3177     1.3601     1.2980     1.3252     1.3079     1.3239     1.2940     1.3051     1.3169     1.3191     1.3144     1.3044     
sm-users-dumps strata-dump    -          -          -          -          -          -          -          -          -          -          -          -          -          -          -          -          -          -          -          -          -          -          -          -          -          
sm-users-dumps strata-load    -          -          -          -          -          -          -          -          -          -          -          -          -          -          -          -          -          -          -          -          -          -          -          -          -          
sm-users-dumps strata-loads   -          -          -          -          -          -          -          -          -          -          -          -          -          -          -          -          -          -          -          -          -          -          -          -          -          
sm-users-dumps strata-ndload  -          -          -          -          -          -          -          -          -          -          -          -          -          -          -          -          -          -          -          -          -          -          -          -          -          
sm-users-dumps strata-str     1.4722     1.4842     1.5143     1.4612     1.4598     1.4908     1.4721     1.4660     1.4573     1.4703     1.4598     1.4645     1.4672     1.4887     1.5325     1.4535     1.4816     1.4688     1.4896     1.4617     1.4840     1.4700     1.4831     1.4880     1.4659     
sm-users-load orjson-bytes    -          -          -          -          -          -          -          -          -          -          -          -          -          -          -          -          -          -          -          -          -          -          -          -          -          
sm-users-load orjson-dump     -          -          -          -          -          -          -          -          -          -          -          -          -          -          -          -          -          -          -          -          -          -          -          -          -          
sm-users-load orjson-load     9.0903     9.0592     8.7333     8.5856     8.7767     8.6147     8.6347     8.6572     8.6762     8.5971     8.6297     8.6854     8.7964     8.8250     8.8905     8.5258     8.8144     8.6765     8.7437     8.5958     8.8454     8.6876     8.9278     8.8417     8.7958     
sm-users-load orjson-loads    -          -          -          -          -          -          -          -          -          -          -          -          -          -          -          -          -          -          -          -          -          -          -          -          -          
sm-users-load orjson-ndload   -          -          -          -          -          -          -          -          -          -          -          -          -          -          -          -          -          -          -          -          -          -          -          -          -          
sm-users-load strata-bytes    -          -          -          -          -          -          -          -          -          -          -          -          -          -          -          -          -          -          -          -          -          -          -          -          -          
sm-users-load strata-dump     -          -          -          -          -          -          -          -          -          -          -          -          -          -          -          -          -          -          -          -          -          -          -          -          -          
sm-users-load strata-load     6.5899     6.6025     6.3673     6.3136     6.4458     6.3343     6.3770     6.2627     6.4004     6.3057     6.3931     6.3480     6.4939     6.4428     6.5803     6.2831     6.5177     6.4425     6.4989     6.3558     6.4511     6.3585     6.6173     6.4853     6.4696     
sm-users-load strata-loads    -          -          -          -          -          -          -          -          -          -          -          -          -          -          -          -          -          -          -          -          -          -          -          -          -          
sm-users-load strata-ndload   -          -          -          -          -          -          -          -          -          -          -          -          -          -          -          -          -          -          -          -          -          -          -          -          -          
sm-users-load strata-str      -          -          -          -          -          -          -          -          -          -          -          -          -          -          -          -          -          -          -          -          -          -          -          -          -          
sm-users-loads orjson-bytes   -          -          -          -          -          -          -          -          -          -          -          -          -          -          -          -          -          -          -          -          -          -          -          -          -          
sm-users-loads orjson-dump    -          -          -          -          -          -          -          -          -          -          -          -          -          -          -          -          -          -          -          -          -          -          -          -          -          
sm-users-loads orjson-load    -          -          -          -          -          -          -          -          -          -          -          -          -          -          -          -          -          -          -          -          -          -          -          -          -          
sm-users-loads orjson-loads   8.1632     8.3425     8.3441     8.1477     8.2159     8.1433     8.2025     8.0364     8.1814     8.1593     8.2152     8.1040     8.2159     8.2657     8.2554     8.0889     8.0424     8.2810     8.1991     8.1188     8.3584     8.1310     8.2489     8.2440     8.3951     
sm-users-loads orjson-ndload  -          -          -          -          -          -          -          -          -          -          -          -          -          -          -          -          -          -          -          -          -          -          -          -          -          
sm-users-loads strata-bytes   -          -          -          -          -          -          -          -          -          -          -          -          -          -          -          -          -          -          -          -          -          -          -          -          -          
sm-users-loads strata-dump    -          -          -          -          -          -          -          -          -          -          -          -          -          -          -          -          -          -          -          -          -          -          -          -          -          
sm-users-loads strata-load    -          -          -          -          -          -          -          -          -          -          -          -          -          -          -          -          -          -          -          -          -          -          -          -          -          
sm-users-loads strata-loads   6.0337     6.1596     6.1558     6.0038     6.1026     6.0275     6.0392     5.9410     6.0976     5.9419     6.0365     6.0071     6.1557     6.1260     6.1416     6.0116     5.9839     6.1422     6.1272     5.9784     6.1307     6.0015     6.2191     6.1174     6.1983     
sm-users-loads strata-ndload  -          -          -          -          -          -          -          -          -          -          -          -          -          -          -          -          -          -          -          -          -          -          -          -          -          
sm-users-loads strata-str     -          -          -          -          -          -          -          -          -          -          -          -          -          -          -          -          -          -          -          -          -          -          -          -          -          
sm-users-ndload orjson-bytes  -          -          -          -          -          -          -          -          -          -          -          -          -          -          -          -          -          -          -          -          -          -          -          -          -          
sm-users-ndload orjson-dump   -          -          -          -          -          -          -          -          -          -          -          -          -          -          -          -          -          -          -          -          -          -          -          -          -          
sm-users-ndload orjson-load   -          -          -          -          -          -          -          -          -          -          -          -          -          -          -          -          -          -          -          -          -          -          -          -          -          
sm-users-ndload orjson-loads  -          -          -          -          -          -          -          -          -          -          -          -          -          -          -          -          -          -          -          -          -          -          -          -          -          
sm-users-ndload orjson-ndload 10.3046    10.6331    10.6323    10.4945    10.5709    10.5640    10.3805    10.5180    10.3686    10.5209    10.5028    10.3317    11.0630    10.7428    10.7865    10.5095    10.8450    10.6312    10.4769    10.4374    10.7601    10.5553    10.6840    10.6905    10.6908    
sm-users-ndload strata-bytes  -          -          -          -          -          -          -          -          -          -          -          -          -          -          -          -          -          -          -          -          -          -          -          -          -          
sm-users-ndload strata-dump   -          -          -          -          -          -          -          -          -          -          -          -          -          -          -          -          -          -          -          -          -          -          -          -          -          
sm-users-ndload strata-load   -          -          -          -          -          -          -          -          -          -          -          -          -          -          -          -          -          -          -          -          -          -          -          -          -          
sm-users-ndload strata-loads  -          -          -          -          -          -          -          -          -          -          -          -          -          -          -          -          -          -          -          -          -          -          -          -          -          
sm-users-ndload strata-ndload 6.4314     6.6208     6.6034     6.5475     6.6506     6.5464     6.4918     6.5582     6.5693     6.5534     6.5374     6.4341     7.0053     6.7371     6.7557     6.5605     6.7548     6.6082     6.5479     6.4799     6.6972     6.5980     6.5710     6.7128     6.5887     
sm-users-ndload strata-str    -          -          -          -          -          -          -          -          -          -          -          -          -          -          -          -          -          -          -          -          -          -          -          -          -          
sm-wide_arrays-dump orjson-bytes-          -          -          -          -          -          -          -          -          -          -          -          -          -          -          -          -          -          -          -          -          -          -          -          -          
sm-wide_arrays-dump orjson-dump1.5768     1.5617     1.5483     1.5688     1.6134     1.6010     1.6178     1.5742     1.5642     1.5884     1.5418     1.5340     1.6251     1.6814     1.5646     1.5234     1.5631     1.5573     1.5854     1.5499     1.5927     1.5635     1.5430     1.6090     1.6108     
sm-wide_arrays-dump orjson-load-          -          -          -          -          -          -          -          -          -          -          -          -          -          -          -          -          -          -          -          -          -          -          -          -          
sm-wide_arrays-dump orjson-loads-          -          -          -          -          -          -          -          -          -          -          -          -          -          -          -          -          -          -          -          -          -          -          -          -          
sm-wide_arrays-dump orjson-ndload-          -          -          -          -          -          -          -          -          -          -          -          -          -          -          -          -          -          -          -          -          -          -          -          -          
sm-wide_arrays-dump strata-bytes-          -          -          -          -          -          -          -          -          -          -          -          -          -          -          -          -          -          -          -          -          -          -          -          -          
sm-wide_arrays-dump strata-dump1.2975     1.3426     1.3185     1.2860     1.3731     1.3230     1.3021     1.2905     1.2995     1.2961     1.2582     1.2971     1.3608     1.3595     1.2926     1.3064     1.3278     1.2953     1.2833     1.3036     1.3107     1.2931     1.2787     1.3258     1.3777     
sm-wide_arrays-dump strata-load-          -          -          -          -          -          -          -          -          -          -          -          -          -          -          -          -          -          -          -          -          -          -          -          -          
sm-wide_arrays-dump strata-loads-          -          -          -          -          -          -          -          -          -          -          -          -          -          -          -          -          -          -          -          -          -          -          -          -          
sm-wide_arrays-dump strata-ndload-          -          -          -          -          -          -          -          -          -          -          -          -          -          -          -          -          -          -          -          -          -          -          -          -          
sm-wide_arrays-dump strata-str-          -          -          -          -          -          -          -          -          -          -          -          -          -          -          -          -          -          -          -          -          -          -          -          -          
sm-wide_arrays-dumps orjson-bytes1.2084     1.2123     1.2192     1.2167     1.2307     1.2232     1.2294     1.2084     1.2181     1.2264     1.2110     1.2113     1.2263     1.2424     1.2232     1.2228     1.2467     1.2275     1.2213     1.2235     1.2452     1.2186     1.2197     1.2196     1.2200     
sm-wide_arrays-dumps orjson-dump-          -          -          -          -          -          -          -          -          -          -          -          -          -          -          -          -          -          -          -          -          -          -          -          -          
sm-wide_arrays-dumps orjson-load-          -          -          -          -          -          -          -          -          -          -          -          -          -          -          -          -          -          -          -          -          -          -          -          -          
sm-wide_arrays-dumps orjson-loads-          -          -          -          -          -          -          -          -          -          -          -          -          -          -          -          -          -          -          -          -          -          -          -          -          
sm-wide_arrays-dumps orjson-ndload-          -          -          -          -          -          -          -          -          -          -          -          -          -          -          -          -          -          -          -          -          -          -          -          -          
sm-wide_arrays-dumps strata-bytes0.9677     0.9703     0.9528     0.9633     0.9675     0.9656     0.9699     0.9584     0.9539     0.9611     0.9487     0.9532     0.9693     0.9929     0.9621     0.9462     0.9703     0.9534     0.9629     0.9696     0.9615     0.9529     0.9630     0.9442     0.9817     
sm-wide_arrays-dumps strata-dump-          -          -          -          -          -          -          -          -          -          -          -          -          -          -          -          -          -          -          -          -          -          -          -          -          
sm-wide_arrays-dumps strata-load-          -          -          -          -          -          -          -          -          -          -          -          -          -          -          -          -          -          -          -          -          -          -          -          -          
sm-wide_arrays-dumps strata-loads-          -          -          -          -          -          -          -          -          -          -          -          -          -          -          -          -          -          -          -          -          -          -          -          -          
sm-wide_arrays-dumps strata-ndload-          -          -          -          -          -          -          -          -          -          -          -          -          -          -          -          -          -          -          -          -          -          -          -          -          
sm-wide_arrays-dumps strata-str1.0537     1.0649     1.0460     1.0532     1.0742     1.0610     1.0799     1.0524     1.0440     1.0524     1.0380     1.0558     1.0683     1.1021     1.0561     1.0495     1.0876     1.0517     1.0559     1.0582     1.0779     1.0565     1.0555     1.0338     1.0802     
sm-wide_arrays-load orjson-bytes-          -          -          -          -          -          -          -          -          -          -          -          -          -          -          -          -          -          -          -          -          -          -          -          -          
sm-wide_arrays-load orjson-dump-          -          -          -          -          -          -          -          -          -          -          -          -          -          -          -          -          -          -          -          -          -          -          -          -          
sm-wide_arrays-load orjson-load3.5021     3.6211     3.5802     3.5372     3.6389     3.7183     3.5623     3.5366     3.5184     3.5119     3.5151     3.5426     3.5433     3.5546     3.5799     3.5557     3.6926     3.7278     3.5070     3.5003     3.6402     3.4983     3.5530     3.7261     3.6670     
sm-wide_arrays-load orjson-loads-          -          -          -          -          -          -          -          -          -          -          -          -          -          -          -          -          -          -          -          -          -          -          -          -          
sm-wide_arrays-load orjson-ndload-          -          -          -          -          -          -          -          -          -          -          -          -          -          -          -          -          -          -          -          -          -          -          -          -          
sm-wide_arrays-load strata-bytes-          -          -          -          -          -          -          -          -          -          -          -          -          -          -          -          -          -          -          -          -          -          -          -          -          
sm-wide_arrays-load strata-dump-          -          -          -          -          -          -          -          -          -          -          -          -          -          -          -          -          -          -          -          -          -          -          -          -          
sm-wide_arrays-load strata-load3.1685     3.2256     3.2089     3.1420     3.2465     3.3044     3.1735     3.1502     3.1478     3.1543     3.1672     3.1813     3.2079     3.1873     3.1904     3.1898     3.3116     3.3280     3.1741     3.1612     3.2294     3.1385     3.1736     3.3075     3.2595     
sm-wide_arrays-load strata-loads-          -          -          -          -          -          -          -          -          -          -          -          -          -          -          -          -          -          -          -          -          -          -          -          -          
sm-wide_arrays-load strata-ndload-          -          -          -          -          -          -          -          -          -          -          -          -          -          -          -          -          -          -          -          -          -          -          -          -          
sm-wide_arrays-load strata-str-          -          -          -          -          -          -          -          -          -          -          -          -          -          -          -          -          -          -          -          -          -          -          -          -          
sm-wide_arrays-loads orjson-bytes-          -          -          -          -          -          -          -          -          -          -          -          -          -          -          -          -          -          -          -          -          -          -          -          -          
sm-wide_arrays-loads orjson-dump-          -          -          -          -          -          -          -          -          -          -          -          -          -          -          -          -          -          -          -          -          -          -          -          -          
sm-wide_arrays-loads orjson-load-          -          -          -          -          -          -          -          -          -          -          -          -          -          -          -          -          -          -          -          -          -          -          -          -          
sm-wide_arrays-loads orjson-loads3.2221     3.4379     3.2856     3.2461     3.2501     3.3076     3.2126     3.2179     3.2813     3.2131     3.2463     3.2230     3.2464     3.2570     3.2222     3.2191     3.2560     3.3523     3.1950     3.2012     3.4128     3.2012     3.2903     3.3573     3.2789     
sm-wide_arrays-loads orjson-ndload-          -          -          -          -          -          -          -          -          -          -          -          -          -          -          -          -          -          -          -          -          -          -          -          -          
sm-wide_arrays-loads strata-bytes-          -          -          -          -          -          -          -          -          -          -          -          -          -          -          -          -          -          -          -          -          -          -          -          -          
sm-wide_arrays-loads strata-dump-          -          -          -          -          -          -          -          -          -          -          -          -          -          -          -          -          -          -          -          -          -          -          -          -          
sm-wide_arrays-loads strata-load-          -          -          -          -          -          -          -          -          -          -          -          -          -          -          -          -          -          -          -          -          -          -          -          -          
sm-wide_arrays-loads strata-loads2.9117     3.1219     2.9674     2.8992     2.9260     3.0097     2.9350     2.9010     2.9474     2.9207     2.9236     2.9108     2.9339     3.0209     2.9343     2.9365     2.9071     3.0380     2.9199     2.9289     3.1020     2.9184     2.9309     3.0488     2.9871     
sm-wide_arrays-loads strata-ndload-          -          -          -          -          -          -          -          -          -          -          -          -          -          -          -          -          -          -          -          -          -          -          -          -          
sm-wide_arrays-loads strata-str-          -          -          -          -          -          -          -          -          -          -          -          -          -          -          -          -          -          -          -          -          -          -          -          -          

file: /Users/borysbardysh/PycharmProjects/PrimeLabFoundation/strata/build/evidence/M15/ab/aa1.tsv
launches: L00:A L01:B L02:B L03:A L04:A L05:B L06:B L07:A L08:A L09:B L10:B L11:A L12:A L13:B L14:B L15:A L16:A L17:B L18:B L19:A L20:A L21:B L22:B L23:A L24:A
baseline: A   candidate: B   blocks: 6   leading: none   trailing: L24   min samples/launch: 10
blocks: L00L01L02L03  L04L05L06L07  L08L09L10L11  L12L13L14L15  L16L17L18L19  L20L21L22L23

row                   engine        rival          blk  raw strata  raw rival  normalised    ci low   ci high   pos
md-flat-dumps         strata-bytes  orjson-bytes     6      -0.12%     -0.08%      -0.36%    -1.19%    +0.97%  2/6
                                    blocks (normalised): -0.65 -0.07 +0.57 +1.37 -0.89 -1.50
md-flat-dumps         strata-str    orjson-bytes     6      -0.84%     -0.08%      -0.69%    -1.07%    +0.14%  2/6
                                    blocks (normalised): -0.59 +0.21 -0.93 +0.06 -1.20 -0.80
md-mixed-dumps        strata-bytes  orjson-bytes     6      -0.31%     -0.33%      +0.25%    -0.82%    +0.63%  4/6
                                    blocks (normalised): +0.26 +0.99 +0.27 -1.39 +0.25 -0.25
md-mixed-dumps        strata-str    orjson-bytes     6      -0.22%     -0.33%      +0.35%    -1.54%    +2.26%  4/6
                                    blocks (normalised): +0.13 +1.45 +0.58 -1.13 -1.96 +3.06
md-nested-dumps       strata-bytes  orjson-bytes     6      -0.34%     +0.04%      -0.39%    -1.98%    +2.05%  2/6
                                    blocks (normalised): -0.06 -1.78 +2.24 -0.72 +1.87 -2.18
md-nested-dumps       strata-str    orjson-bytes     6      -1.42%     +0.04%      -1.34%    -2.48%    +1.36%  2/6
                                    blocks (normalised): -1.38 -1.31 +1.60 -2.34 +1.12 -2.62
md-users-dumps        strata-bytes  orjson-bytes     6      -0.86%     -0.58%      -0.20%    -1.06%    +1.49%  3/6
                                    blocks (normalised): +1.55 -0.42 +0.02 -0.53 -1.60 +1.42
md-users-dumps        strata-str    orjson-bytes     6      -0.78%     -0.58%      +0.29%    -0.58%    +2.36%  4/6
                                    blocks (normalised): +3.48 -0.77 +0.34 +1.24 -0.40 +0.24
md-wide_arrays-dumps  strata-bytes  orjson-bytes     6      -0.22%     -0.66%      +0.81%    -0.46%    +1.60%  5/6
                                    blocks (normalised): +1.58 +1.61 -1.38 +0.68 +0.95 +0.46
md-wide_arrays-dumps  strata-str    orjson-bytes     6      -0.77%     -0.66%      +0.13%    -1.74%    +3.32%  4/6
                                    blocks (normalised): +2.89 -0.20 +0.07 +0.19 +3.75 -3.29
sm-flat-dump          strata-dump   orjson-dump      6      +1.16%     +2.24%      -1.23%    -2.68%    +2.20%  2/6
                                    blocks (normalised): +2.04 -1.88 +2.36 -0.58 -3.27 -2.10
sm-flat-dumps         strata-bytes  orjson-bytes     6      -0.66%     -0.59%      -0.23%    -0.60%    +0.38%  2/6
                                    blocks (normalised): -0.61 +0.16 +0.59 -0.10 -0.58 -0.37
sm-flat-dumps         strata-str    orjson-bytes     6      -0.84%     -0.59%      -0.24%    -0.94%    +0.46%  3/6
                                    blocks (normalised): -0.94 +0.85 +0.07 +0.06 -0.93 -0.55
sm-flat-load          strata-load   orjson-load      6      -0.41%     -0.66%      +0.47%    -0.43%    +0.92%  5/6
                                    blocks (normalised): +0.40 +0.79 +0.16 +1.04 -1.02 +0.53
sm-flat-loads         strata-loads  orjson-loads     6      -2.87%     -2.85%      +0.17%    -0.11%    +1.02%  5/6
                                    blocks (normalised): +0.15 +1.83 -0.33 +0.11 +0.20 +0.20
sm-mixed-dump         strata-dump   orjson-dump      6      +5.92%     +7.73%      +0.37%    -4.00%    +7.90%  3/6
                                    blocks (normalised): +0.83 -0.09 -4.62 +6.42 -3.37 +9.38
sm-mixed-dumps        strata-bytes  orjson-bytes     6      +0.13%     +1.04%      -0.54%    -2.79%    +0.71%  3/6
                                    blocks (normalised): -3.26 -1.10 +0.03 -2.31 +0.36 +1.06
sm-mixed-dumps        strata-str    orjson-bytes     6      +0.45%     +1.04%      -0.11%    -1.81%    +1.30%  3/6
                                    blocks (normalised): -2.02 +0.13 +2.20 -1.60 -0.35 +0.40
sm-mixed-load         strata-load   orjson-load      6      +0.64%     +3.18%      -1.80%    -3.60%    +3.34%  2/6
                                    blocks (normalised): -3.18 -4.01 -0.83 +3.44 -2.78 +3.23
sm-mixed-loads        strata-loads  orjson-loads     6      +0.04%     +0.37%      -0.11%    -0.73%    +0.77%  3/6
                                    blocks (normalised): +1.07 +0.05 -0.27 -0.41 -1.04 +0.48
sm-nested-dump        strata-dump   orjson-dump      6      +1.18%     +1.14%      +0.42%    -2.35%    +3.33%  4/6
                                    blocks (normalised): +1.01 -4.55 +0.30 +0.55 +5.64 -0.16
sm-nested-dumps       strata-bytes  orjson-bytes     6      +1.05%     +1.07%      +0.23%    -0.89%    +1.44%  3/6
                                    blocks (normalised): +1.35 -0.50 -0.05 +1.52 +0.51 -1.28
sm-nested-dumps       strata-str    orjson-bytes     6      +1.86%     +1.07%      +0.50%    -0.97%    +1.49%  4/6
                                    blocks (normalised): +0.89 +0.58 -0.80 +2.09 +0.42 -1.14
sm-nested-load        strata-load   orjson-load      6      +1.67%     +0.63%      -0.01%    -0.77%    +1.38%  3/6
                                    blocks (normalised): -0.91 +0.89 +1.86 -0.64 -0.05 +0.04
sm-nested-loads       strata-loads  orjson-loads     6      +1.79%     +0.99%      +0.75%    -0.21%    +1.13%  5/6
                                    blocks (normalised): +1.25 +1.02 +0.64 +0.17 +0.85 -0.58
sm-users-dump         strata-dump   orjson-dump      6      +1.59%     +0.78%      +0.36%    -0.49%    +2.44%  3/6
                                    blocks (normalised): +2.72 -0.15 -0.82 +2.16 +0.84 -0.12
sm-users-dumps        strata-bytes  orjson-bytes     6      +0.70%     +0.87%      +0.34%    -0.27%    +1.47%  3/6
                                    blocks (normalised): +1.63 -0.26 -0.28 +1.31 -0.22 +0.90
sm-users-dumps        strata-str    orjson-bytes     6      +0.89%     +0.87%      +0.37%    -0.28%    +1.07%  4/6
                                    blocks (normalised): +0.53 +0.23 +0.51 +1.62 -0.19 -0.38
sm-users-load         strata-load   orjson-load      6      +0.41%     -0.17%      +0.43%    -0.25%    +0.90%  4/6
                                    blocks (normalised): -0.17 +1.10 +0.39 -0.34 +0.47 +0.70
sm-users-loads        strata-loads  orjson-loads     6      +0.51%     +0.95%      -0.19%    -1.04%    +0.85%  3/6
                                    blocks (normalised): +0.01 -0.38 -1.58 -0.49 +0.58 +1.12
sm-users-ndload       strata-ndload orjson-ndload    6      -0.57%     -0.44%      -0.48%    -0.85%    -0.04%  1/6
                                    blocks (normalised): -0.34 -0.61 -0.88 -0.32 +0.23 -0.82
sm-wide_arrays-dump   strata-dump   orjson-dump      6      -1.54%     +0.97%      -2.51%    -3.24%    +2.36%  2/6
                                    blocks (normalised): +4.18 -2.37 -2.64 -3.55 -2.92 +0.54
sm-wide_arrays-dumps  strata-bytes  orjson-bytes     6      +0.32%     +0.29%      -0.12%    -0.52%    +1.50%  2/6
                                    blocks (normalised): -0.67 -0.05 -0.19 +1.37 -0.36 +1.62
sm-wide_arrays-dumps  strata-str    orjson-bytes     6      +0.11%     +0.29%      +0.03%    -0.85%    +1.16%  3/6
                                    blocks (normalised): -0.07 +0.12 -0.78 +1.21 -0.92 +1.12
sm-wide_arrays-load   strata-load   orjson-load      6      +0.17%     +0.54%      -0.15%    -0.57%    +0.62%  2/6
                                    blocks (normalised): -0.33 -0.19 +0.37 -0.81 -0.12 +0.88
sm-wide_arrays-loads  strata-loads  orjson-loads     6      +1.73%     +0.51%      +0.74%    -0.17%    +1.21%  5/6
                                    blocks (normalised): +0.80 +1.21 +0.46 +1.22 +0.68 -0.80

raw strata / raw rival: the same block estimator on the unnormalised medians.
normalised: strata/rival measured in the same process, then blocked.
ci: bootstrap over whole blocks of the median block effect (2000 resamples).

== drift: the trailing baseline launch against the leading one
md-flat-dumps         strata-bytes  strata -0.13%   rival +0.03%   normalised -0.16%
md-flat-dumps         strata-str    strata +0.49%   rival +0.03%   normalised +0.46%
md-mixed-dumps        strata-bytes  strata +0.05%   rival +0.59%   normalised -0.53%
md-mixed-dumps        strata-str    strata +1.23%   rival +0.59%   normalised +0.64%
md-nested-dumps       strata-bytes  strata -1.16%   rival -0.14%   normalised -1.02%
md-nested-dumps       strata-str    strata -2.76%   rival -0.14%   normalised -2.62%
md-users-dumps        strata-bytes  strata +0.21%   rival +0.44%   normalised -0.23%
md-users-dumps        strata-str    strata +1.14%   rival +0.44%   normalised +0.69%
md-wide_arrays-dumps  strata-bytes  strata +0.45%   rival +4.82%   normalised -4.17%
md-wide_arrays-dumps  strata-str    strata -1.46%   rival +4.82%   normalised -5.99%
sm-flat-dump          strata-dump   strata -0.30%   rival +3.80%   normalised -3.95%
sm-flat-dumps         strata-bytes  strata +1.30%   rival +2.43%   normalised -1.10%
sm-flat-dumps         strata-str    strata +2.72%   rival +2.43%   normalised +0.29%
sm-flat-load          strata-load   strata -2.70%   rival -3.99%   normalised +1.35%
sm-flat-loads         strata-loads  strata -4.40%   rival -4.25%   normalised -0.16%
sm-mixed-dump         strata-dump   strata -2.87%   rival -5.10%   normalised +2.34%
sm-mixed-dumps        strata-bytes  strata +5.72%   rival +4.55%   normalised +1.12%
sm-mixed-dumps        strata-str    strata +10.36%   rival +4.55%   normalised +5.56%
sm-mixed-load         strata-load   strata -1.54%   rival +0.73%   normalised -2.25%
sm-mixed-loads        strata-loads  strata +0.07%   rival -0.31%   normalised +0.38%
sm-nested-dump        strata-dump   strata +5.84%   rival +6.80%   normalised -0.90%
sm-nested-dumps       strata-bytes  strata +0.22%   rival +0.47%   normalised -0.24%
sm-nested-dumps       strata-str    strata +0.93%   rival +0.47%   normalised +0.46%
sm-nested-load        strata-load   strata +3.90%   rival +2.96%   normalised +0.91%
sm-nested-loads       strata-loads  strata +1.99%   rival +0.97%   normalised +1.01%
sm-users-dump         strata-dump   strata +4.70%   rival +2.02%   normalised +2.62%
sm-users-dumps        strata-bytes  strata +0.38%   rival -0.64%   normalised +1.03%
sm-users-dumps        strata-str    strata -0.42%   rival -0.64%   normalised +0.22%
sm-users-load         strata-load   strata -1.83%   rival -3.24%   normalised +1.46%
sm-users-loads        strata-loads  strata +2.73%   rival +2.84%   normalised -0.11%
sm-users-ndload       strata-ndload strata +2.45%   rival +3.75%   normalised -1.26%
sm-wide_arrays-dump   strata-dump   strata +6.18%   rival +2.15%   normalised +3.94%
sm-wide_arrays-dumps  strata-bytes  strata +1.44%   rival +0.96%   normalised +0.47%
sm-wide_arrays-dumps  strata-str    strata +2.52%   rival +0.96%   normalised +1.54%
sm-wide_arrays-load   strata-load   strata +2.87%   rival +4.71%   normalised -1.76%
sm-wide_arrays-loads  strata-loads  strata +2.59%   rival +1.76%   normalised +0.81%
