PYTHONPATH=. .venv/bin/python benchmarks/ab_rows.py \
		--build A=/Users/borysbardysh/PycharmProjects/PrimeLabFoundation/strata/build/evidence/M15/armA/_strata.cpython-314-darwin.so --build B=/Users/borysbardysh/PycharmProjects/PrimeLabFoundation/strata/build/evidence/M15/armA2/_strata.cpython-314-darwin.so \
		--target /Users/borysbardysh/worktrees/strata/main-pgo/python/strata/_strata.cpython-314-darwin.so \
		--out /Users/borysbardysh/PycharmProjects/PrimeLabFoundation/strata/build/evidence/M15/ab/aa2.tsv --row small:users:dumps --row small:users:loads --row small:users:load --row small:users:dump --row small:flat:dumps --row small:flat:loads --row small:flat:load --row small:flat:dump --row small:nested:dumps --row small:nested:loads --row small:nested:load --row small:nested:dump --row small:wide_arrays:dumps --row small:wide_arrays:loads --row small:wide_arrays:load --row small:wide_arrays:dump --row small:mixed:dumps --row small:mixed:loads --row small:mixed:load --row small:mixed:dump --row small:users:ndload --row medium:users:dumps --row medium:flat:dumps --row medium:nested:dumps --row medium:wide_arrays:dumps --row medium:mixed:dumps --blocks 6 --repeat 60
# target   /Users/borysbardysh/worktrees/strata/main-pgo/python/strata/_strata.cpython-314-darwin.so
# build A  /Users/borysbardysh/PycharmProjects/PrimeLabFoundation/strata/build/evidence/M15/armA/_strata.cpython-314-darwin.so  md5=1609bb3e318d8f9e2c552fa4675795f2
# build B  /Users/borysbardysh/PycharmProjects/PrimeLabFoundation/strata/build/evidence/M15/armA2/_strata.cpython-314-darwin.so  md5=800e32c62dc8a5c05de7912d938268eb
# order    ABBAABBAABBAABBAABBAABBAA (25 launches)
# rows     small:users:dumps small:users:loads small:users:load small:users:dump small:flat:dumps small:flat:loads small:flat:load small:flat:dump small:nested:dumps small:nested:loads small:nested:load small:nested:dump small:wide_arrays:dumps small:wide_arrays:loads small:wide_arrays:load small:wide_arrays:dump small:mixed:dumps small:mixed:loads small:mixed:load small:mixed:dump small:users:ndload medium:users:dumps medium:flat:dumps medium:nested:dumps medium:wide_arrays:dumps medium:mixed:dumps  repeat=60
# launch 00 build=A md5=1609bb3e318d8f9e2c552fa4675795f2
# L00 build=A extension=/Users/borysbardysh/worktrees/strata/main-pgo/python/strata/_strata.cpython-314-darwin.so md5=1609bb3e318d8f9e2c552fa4675795f2 load=2.91,3.48,3.73 cpus=10 t=22:23:27
# launch 01 build=B md5=800e32c62dc8a5c05de7912d938268eb
# L01 build=B extension=/Users/borysbardysh/worktrees/strata/main-pgo/python/strata/_strata.cpython-314-darwin.so md5=800e32c62dc8a5c05de7912d938268eb load=2.95,3.43,3.71 cpus=10 t=22:23:54
# launch 02 build=B md5=800e32c62dc8a5c05de7912d938268eb
# L02 build=B extension=/Users/borysbardysh/worktrees/strata/main-pgo/python/strata/_strata.cpython-314-darwin.so md5=800e32c62dc8a5c05de7912d938268eb load=3.44,3.51,3.72 cpus=10 t=22:24:21
# launch 03 build=A md5=1609bb3e318d8f9e2c552fa4675795f2
# L03 build=A extension=/Users/borysbardysh/worktrees/strata/main-pgo/python/strata/_strata.cpython-314-darwin.so md5=1609bb3e318d8f9e2c552fa4675795f2 load=3.63,3.54,3.73 cpus=10 t=22:24:49
# launch 04 build=A md5=1609bb3e318d8f9e2c552fa4675795f2
# L04 build=A extension=/Users/borysbardysh/worktrees/strata/main-pgo/python/strata/_strata.cpython-314-darwin.so md5=1609bb3e318d8f9e2c552fa4675795f2 load=3.33,3.48,3.70 cpus=10 t=22:25:15
# launch 05 build=B md5=800e32c62dc8a5c05de7912d938268eb
# L05 build=B extension=/Users/borysbardysh/worktrees/strata/main-pgo/python/strata/_strata.cpython-314-darwin.so md5=800e32c62dc8a5c05de7912d938268eb load=3.50,3.50,3.70 cpus=10 t=22:25:41
# launch 06 build=B md5=800e32c62dc8a5c05de7912d938268eb
# L06 build=B extension=/Users/borysbardysh/worktrees/strata/main-pgo/python/strata/_strata.cpython-314-darwin.so md5=800e32c62dc8a5c05de7912d938268eb load=3.01,3.38,3.65 cpus=10 t=22:26:08
# launch 07 build=A md5=1609bb3e318d8f9e2c552fa4675795f2
# L07 build=A extension=/Users/borysbardysh/worktrees/strata/main-pgo/python/strata/_strata.cpython-314-darwin.so md5=1609bb3e318d8f9e2c552fa4675795f2 load=4.33,3.64,3.73 cpus=10 t=22:26:36
# launch 08 build=A md5=1609bb3e318d8f9e2c552fa4675795f2
# L08 build=A extension=/Users/borysbardysh/worktrees/strata/main-pgo/python/strata/_strata.cpython-314-darwin.so md5=1609bb3e318d8f9e2c552fa4675795f2 load=3.91,3.60,3.72 cpus=10 t=22:27:03
# launch 09 build=B md5=800e32c62dc8a5c05de7912d938268eb
# L09 build=B extension=/Users/borysbardysh/worktrees/strata/main-pgo/python/strata/_strata.cpython-314-darwin.so md5=800e32c62dc8a5c05de7912d938268eb load=3.97,3.64,3.72 cpus=10 t=22:27:30
# launch 10 build=B md5=800e32c62dc8a5c05de7912d938268eb
# L10 build=B extension=/Users/borysbardysh/worktrees/strata/main-pgo/python/strata/_strata.cpython-314-darwin.so md5=800e32c62dc8a5c05de7912d938268eb load=3.77,3.62,3.71 cpus=10 t=22:27:57
# launch 11 build=A md5=1609bb3e318d8f9e2c552fa4675795f2
# L11 build=A extension=/Users/borysbardysh/worktrees/strata/main-pgo/python/strata/_strata.cpython-314-darwin.so md5=1609bb3e318d8f9e2c552fa4675795f2 load=3.11,3.48,3.66 cpus=10 t=22:28:24
# launch 12 build=A md5=1609bb3e318d8f9e2c552fa4675795f2
# L12 build=A extension=/Users/borysbardysh/worktrees/strata/main-pgo/python/strata/_strata.cpython-314-darwin.so md5=1609bb3e318d8f9e2c552fa4675795f2 load=3.05,3.44,3.64 cpus=10 t=22:28:50
# launch 13 build=B md5=800e32c62dc8a5c05de7912d938268eb
# L13 build=B extension=/Users/borysbardysh/worktrees/strata/main-pgo/python/strata/_strata.cpython-314-darwin.so md5=800e32c62dc8a5c05de7912d938268eb load=3.25,3.46,3.64 cpus=10 t=22:29:17
# launch 14 build=B md5=800e32c62dc8a5c05de7912d938268eb
# L14 build=B extension=/Users/borysbardysh/worktrees/strata/main-pgo/python/strata/_strata.cpython-314-darwin.so md5=800e32c62dc8a5c05de7912d938268eb load=2.79,3.33,3.59 cpus=10 t=22:29:43
# launch 15 build=A md5=1609bb3e318d8f9e2c552fa4675795f2
# L15 build=A extension=/Users/borysbardysh/worktrees/strata/main-pgo/python/strata/_strata.cpython-314-darwin.so md5=1609bb3e318d8f9e2c552fa4675795f2 load=3.68,3.49,3.63 cpus=10 t=22:30:12
# launch 16 build=A md5=1609bb3e318d8f9e2c552fa4675795f2
# L16 build=A extension=/Users/borysbardysh/worktrees/strata/main-pgo/python/strata/_strata.cpython-314-darwin.so md5=1609bb3e318d8f9e2c552fa4675795f2 load=3.68,3.52,3.64 cpus=10 t=22:30:39
# launch 17 build=B md5=800e32c62dc8a5c05de7912d938268eb
# L17 build=B extension=/Users/borysbardysh/worktrees/strata/main-pgo/python/strata/_strata.cpython-314-darwin.so md5=800e32c62dc8a5c05de7912d938268eb load=4.46,3.73,3.71 cpus=10 t=22:31:07
# launch 18 build=B md5=800e32c62dc8a5c05de7912d938268eb
# L18 build=B extension=/Users/borysbardysh/worktrees/strata/main-pgo/python/strata/_strata.cpython-314-darwin.so md5=800e32c62dc8a5c05de7912d938268eb load=4.97,3.91,3.78 cpus=10 t=22:31:35
# launch 19 build=A md5=1609bb3e318d8f9e2c552fa4675795f2
# L19 build=A extension=/Users/borysbardysh/worktrees/strata/main-pgo/python/strata/_strata.cpython-314-darwin.so md5=1609bb3e318d8f9e2c552fa4675795f2 load=4.29,3.84,3.76 cpus=10 t=22:32:03
# launch 20 build=A md5=1609bb3e318d8f9e2c552fa4675795f2
# L20 build=A extension=/Users/borysbardysh/worktrees/strata/main-pgo/python/strata/_strata.cpython-314-darwin.so md5=1609bb3e318d8f9e2c552fa4675795f2 load=3.88,3.79,3.74 cpus=10 t=22:32:30
# launch 21 build=B md5=800e32c62dc8a5c05de7912d938268eb
# L21 build=B extension=/Users/borysbardysh/worktrees/strata/main-pgo/python/strata/_strata.cpython-314-darwin.so md5=800e32c62dc8a5c05de7912d938268eb load=4.71,3.98,3.81 cpus=10 t=22:32:57
# launch 22 build=B md5=800e32c62dc8a5c05de7912d938268eb
# L22 build=B extension=/Users/borysbardysh/worktrees/strata/main-pgo/python/strata/_strata.cpython-314-darwin.so md5=800e32c62dc8a5c05de7912d938268eb load=4.63,4.02,3.83 cpus=10 t=22:33:24
# launch 23 build=A md5=1609bb3e318d8f9e2c552fa4675795f2
# L23 build=A extension=/Users/borysbardysh/worktrees/strata/main-pgo/python/strata/_strata.cpython-314-darwin.so md5=1609bb3e318d8f9e2c552fa4675795f2 load=3.74,3.87,3.78 cpus=10 t=22:33:50
# launch 24 build=A md5=1609bb3e318d8f9e2c552fa4675795f2
# L24 build=A extension=/Users/borysbardysh/worktrees/strata/main-pgo/python/strata/_strata.cpython-314-darwin.so md5=1609bb3e318d8f9e2c552fa4675795f2 load=3.15,3.72,3.73 cpus=10 t=22:34:18
# wrote /Users/borysbardysh/PycharmProjects/PrimeLabFoundation/strata/build/evidence/M15/ab/aa2.tsv (25 of 25 launches)
# restored /Users/borysbardysh/worktrees/strata/main-pgo/python/strata/_strata.cpython-314-darwin.so to md5=800e32c62dc8a5c05de7912d938268eb
== launch medians (ms)
row/engine                    L00:A       L01:B       L02:B       L03:A       L04:A       L05:B       L06:B       L07:A       L08:A       L09:B       L10:B       L11:A       L12:A       L13:B       L14:B       L15:A       L16:A       L17:B       L18:B       L19:A       L20:A       L21:B       L22:B       L23:A       L24:A       
md-flat-dumps orjson-bytes    0.9239     0.9540     0.9384     0.9164     0.9485     0.9284     0.9234     0.9310     0.9259     0.9374     0.9250     0.9224     0.9234     0.9286     0.9354     0.9217     0.9230     0.9331     0.9263     0.9234     0.9149     0.9162     0.9354     0.9155     0.9274     
md-flat-dumps orjson-dump     -          -          -          -          -          -          -          -          -          -          -          -          -          -          -          -          -          -          -          -          -          -          -          -          -          
md-flat-dumps orjson-load     -          -          -          -          -          -          -          -          -          -          -          -          -          -          -          -          -          -          -          -          -          -          -          -          -          
md-flat-dumps orjson-loads    -          -          -          -          -          -          -          -          -          -          -          -          -          -          -          -          -          -          -          -          -          -          -          -          -          
md-flat-dumps orjson-ndload   -          -          -          -          -          -          -          -          -          -          -          -          -          -          -          -          -          -          -          -          -          -          -          -          -          
md-flat-dumps strata-bytes    0.7503     0.7619     0.7615     0.7410     0.7524     0.7400     0.7401     0.7460     0.7462     0.7431     0.7461     0.7388     0.7360     0.7400     0.7496     0.7477     0.7413     0.7518     0.7497     0.7476     0.7359     0.7330     0.7376     0.7353     0.7416     
md-flat-dumps strata-dump     -          -          -          -          -          -          -          -          -          -          -          -          -          -          -          -          -          -          -          -          -          -          -          -          -          
md-flat-dumps strata-load     -          -          -          -          -          -          -          -          -          -          -          -          -          -          -          -          -          -          -          -          -          -          -          -          -          
md-flat-dumps strata-loads    -          -          -          -          -          -          -          -          -          -          -          -          -          -          -          -          -          -          -          -          -          -          -          -          -          
md-flat-dumps strata-ndload   -          -          -          -          -          -          -          -          -          -          -          -          -          -          -          -          -          -          -          -          -          -          -          -          -          
md-flat-dumps strata-str      0.8207     0.8570     0.8393     0.8141     0.8318     0.8207     0.8216     0.8188     0.8199     0.8276     0.8212     0.8171     0.8142     0.8249     0.8463     0.8179     0.8193     0.8165     0.8334     0.8221     0.8009     0.7991     0.8153     0.8028     0.8241     
md-mixed-dumps orjson-bytes   0.1447     0.1477     0.1495     0.1460     0.1463     0.1449     0.1440     0.1449     0.1461     0.1459     0.1466     0.1468     0.1475     0.1455     0.1454     0.1456     0.1444     0.1500     0.1461     0.1459     0.1448     0.1454     0.1470     0.1463     0.1444     
md-mixed-dumps orjson-dump    -          -          -          -          -          -          -          -          -          -          -          -          -          -          -          -          -          -          -          -          -          -          -          -          -          
md-mixed-dumps orjson-load    -          -          -          -          -          -          -          -          -          -          -          -          -          -          -          -          -          -          -          -          -          -          -          -          -          
md-mixed-dumps orjson-loads   -          -          -          -          -          -          -          -          -          -          -          -          -          -          -          -          -          -          -          -          -          -          -          -          -          
md-mixed-dumps orjson-ndload  -          -          -          -          -          -          -          -          -          -          -          -          -          -          -          -          -          -          -          -          -          -          -          -          -          
md-mixed-dumps strata-bytes   0.1129     0.1136     0.1153     0.1139     0.1120     0.1121     0.1119     0.1132     0.1127     0.1136     0.1123     0.1122     0.1137     0.1120     0.1134     0.1134     0.1135     0.1180     0.1130     0.1131     0.1123     0.1117     0.1124     0.1142     0.1125     
md-mixed-dumps strata-dump    -          -          -          -          -          -          -          -          -          -          -          -          -          -          -          -          -          -          -          -          -          -          -          -          -          
md-mixed-dumps strata-load    -          -          -          -          -          -          -          -          -          -          -          -          -          -          -          -          -          -          -          -          -          -          -          -          -          
md-mixed-dumps strata-loads   -          -          -          -          -          -          -          -          -          -          -          -          -          -          -          -          -          -          -          -          -          -          -          -          -          
md-mixed-dumps strata-ndload  -          -          -          -          -          -          -          -          -          -          -          -          -          -          -          -          -          -          -          -          -          -          -          -          -          
md-mixed-dumps strata-str     0.1245     0.1268     0.1313     0.1252     0.1253     0.1252     0.1229     0.1242     0.1267     0.1260     0.1253     0.1245     0.1263     0.1250     0.1277     0.1240     0.1246     0.1299     0.1275     0.1251     0.1241     0.1240     0.1260     0.1277     0.1239     
md-nested-dumps orjson-bytes  0.8019     0.7927     0.8158     0.7950     0.8024     0.7981     0.8039     0.8264     0.7930     0.8066     0.8095     0.8070     0.7958     0.7899     0.7921     0.7876     0.8048     0.8031     0.8154     0.8008     0.7829     0.7808     0.7966     0.7803     0.8099     
md-nested-dumps orjson-dump   -          -          -          -          -          -          -          -          -          -          -          -          -          -          -          -          -          -          -          -          -          -          -          -          -          
md-nested-dumps orjson-load   -          -          -          -          -          -          -          -          -          -          -          -          -          -          -          -          -          -          -          -          -          -          -          -          -          
md-nested-dumps orjson-loads  -          -          -          -          -          -          -          -          -          -          -          -          -          -          -          -          -          -          -          -          -          -          -          -          -          
md-nested-dumps orjson-ndload -          -          -          -          -          -          -          -          -          -          -          -          -          -          -          -          -          -          -          -          -          -          -          -          -          
md-nested-dumps strata-bytes  0.4563     0.4668     0.4794     0.4558     0.4575     0.4587     0.4537     0.4696     0.4540     0.4606     0.4537     0.4567     0.4571     0.4560     0.4601     0.4554     0.4607     0.4767     0.4672     0.4522     0.4500     0.4511     0.4619     0.4494     0.4786     
md-nested-dumps strata-dump   -          -          -          -          -          -          -          -          -          -          -          -          -          -          -          -          -          -          -          -          -          -          -          -          -          
md-nested-dumps strata-load   -          -          -          -          -          -          -          -          -          -          -          -          -          -          -          -          -          -          -          -          -          -          -          -          -          
md-nested-dumps strata-loads  -          -          -          -          -          -          -          -          -          -          -          -          -          -          -          -          -          -          -          -          -          -          -          -          -          
md-nested-dumps strata-ndload -          -          -          -          -          -          -          -          -          -          -          -          -          -          -          -          -          -          -          -          -          -          -          -          -          
md-nested-dumps strata-str    0.5214     0.5218     0.5386     0.5126     0.5306     0.5254     0.5189     0.5397     0.5218     0.5256     0.5215     0.5225     0.5208     0.5137     0.5193     0.5140     0.5217     0.5275     0.5296     0.5180     0.5082     0.5086     0.5229     0.5093     0.5419     
md-users-dumps orjson-bytes   13.8819    13.8180    13.8074    13.7076    13.8406    13.8345    13.7014    13.8602    13.7793    13.8187    13.7329    13.7867    13.8504    13.7958    14.1000    13.7674    13.8630    13.9873    13.9409    13.8596    13.9759    13.4522    13.7772    13.7633    13.8726    
md-users-dumps orjson-dump    -          -          -          -          -          -          -          -          -          -          -          -          -          -          -          -          -          -          -          -          -          -          -          -          -          
md-users-dumps orjson-load    -          -          -          -          -          -          -          -          -          -          -          -          -          -          -          -          -          -          -          -          -          -          -          -          -          
md-users-dumps orjson-loads   -          -          -          -          -          -          -          -          -          -          -          -          -          -          -          -          -          -          -          -          -          -          -          -          -          
md-users-dumps orjson-ndload  -          -          -          -          -          -          -          -          -          -          -          -          -          -          -          -          -          -          -          -          -          -          -          -          -          
md-users-dumps strata-bytes   8.6124     8.5118     8.5548     8.5123     8.4665     8.5747     8.5447     8.5732     8.4874     8.5886     8.4596     8.5020     8.4679     8.5332     8.6060     8.5530     8.5109     8.4910     8.4962     8.5025     8.7246     8.1461     8.5603     8.5778     8.6666     
md-users-dumps strata-dump    -          -          -          -          -          -          -          -          -          -          -          -          -          -          -          -          -          -          -          -          -          -          -          -          -          
md-users-dumps strata-load    -          -          -          -          -          -          -          -          -          -          -          -          -          -          -          -          -          -          -          -          -          -          -          -          -          
md-users-dumps strata-loads   -          -          -          -          -          -          -          -          -          -          -          -          -          -          -          -          -          -          -          -          -          -          -          -          -          
md-users-dumps strata-ndload  -          -          -          -          -          -          -          -          -          -          -          -          -          -          -          -          -          -          -          -          -          -          -          -          -          
md-users-dumps strata-str     9.5679     9.5123     9.5062     9.4936     9.5233     9.5126     9.4943     9.5682     9.5360     9.5386     9.3905     9.4776     9.4698     9.4981     9.5529     9.4905     9.4799     9.5294     9.5954     9.5169     9.6017     9.1120     9.4833     9.5080     9.6129     
md-wide_arrays-dumps orjson-bytes5.5929     5.5824     5.6369     5.4781     5.4957     5.5130     5.6689     5.5591     5.6836     5.5851     5.5564     5.6135     5.7039     5.6052     5.8444     5.5652     5.7361     5.8021     5.7658     5.6285     5.6469     5.4144     5.6824     5.7061     5.7662     
md-wide_arrays-dumps orjson-dump-          -          -          -          -          -          -          -          -          -          -          -          -          -          -          -          -          -          -          -          -          -          -          -          -          
md-wide_arrays-dumps orjson-load-          -          -          -          -          -          -          -          -          -          -          -          -          -          -          -          -          -          -          -          -          -          -          -          -          
md-wide_arrays-dumps orjson-loads-          -          -          -          -          -          -          -          -          -          -          -          -          -          -          -          -          -          -          -          -          -          -          -          -          
md-wide_arrays-dumps orjson-ndload-          -          -          -          -          -          -          -          -          -          -          -          -          -          -          -          -          -          -          -          -          -          -          -          -          
md-wide_arrays-dumps strata-bytes3.9078     3.8762     4.0129     3.8363     3.8679     3.8745     3.8748     3.8835     3.8527     3.9366     3.8819     3.8707     3.9034     3.8841     3.9950     3.8902     3.9046     3.9609     3.9659     3.9183     3.8396     3.7983     3.8755     3.8492     3.9160     
md-wide_arrays-dumps strata-dump-          -          -          -          -          -          -          -          -          -          -          -          -          -          -          -          -          -          -          -          -          -          -          -          -          
md-wide_arrays-dumps strata-load-          -          -          -          -          -          -          -          -          -          -          -          -          -          -          -          -          -          -          -          -          -          -          -          -          
md-wide_arrays-dumps strata-loads-          -          -          -          -          -          -          -          -          -          -          -          -          -          -          -          -          -          -          -          -          -          -          -          -          
md-wide_arrays-dumps strata-ndload-          -          -          -          -          -          -          -          -          -          -          -          -          -          -          -          -          -          -          -          -          -          -          -          -          
md-wide_arrays-dumps strata-str4.4681     4.5282     4.6713     4.4910     4.5006     4.5402     4.5509     4.5816     4.5850     4.5415     4.5069     4.5115     4.5499     4.5839     4.6914     4.5481     4.5207     4.6884     4.6225     4.5776     4.6047     4.3533     4.5601     4.5444     4.6346     
sm-flat-dump orjson-bytes     -          -          -          -          -          -          -          -          -          -          -          -          -          -          -          -          -          -          -          -          -          -          -          -          -          
sm-flat-dump orjson-dump      0.3765     0.3800     0.3947     0.3920     0.3834     0.3847     0.3929     0.3807     0.3703     0.3805     0.3841     0.3785     0.3660     0.3766     0.4899     0.4303     0.3768     0.3779     0.4276     0.3963     0.4196     0.4464     0.3981     0.3959     0.4196     
sm-flat-dump orjson-load      -          -          -          -          -          -          -          -          -          -          -          -          -          -          -          -          -          -          -          -          -          -          -          -          -          
sm-flat-dump orjson-loads     -          -          -          -          -          -          -          -          -          -          -          -          -          -          -          -          -          -          -          -          -          -          -          -          -          
sm-flat-dump orjson-ndload    -          -          -          -          -          -          -          -          -          -          -          -          -          -          -          -          -          -          -          -          -          -          -          -          -          
sm-flat-dump strata-bytes     -          -          -          -          -          -          -          -          -          -          -          -          -          -          -          -          -          -          -          -          -          -          -          -          -          
sm-flat-dump strata-dump      0.3225     0.3157     0.3406     0.3312     0.3249     0.3269     0.3273     0.3200     0.3106     0.3272     0.3342     0.3318     0.3086     0.3213     0.4191     0.3632     0.3319     0.3230     0.3563     0.3368     0.3496     0.3810     0.3362     0.3389     0.3534     
sm-flat-dump strata-load      -          -          -          -          -          -          -          -          -          -          -          -          -          -          -          -          -          -          -          -          -          -          -          -          -          
sm-flat-dump strata-loads     -          -          -          -          -          -          -          -          -          -          -          -          -          -          -          -          -          -          -          -          -          -          -          -          -          
sm-flat-dump strata-ndload    -          -          -          -          -          -          -          -          -          -          -          -          -          -          -          -          -          -          -          -          -          -          -          -          -          
sm-flat-dump strata-str       -          -          -          -          -          -          -          -          -          -          -          -          -          -          -          -          -          -          -          -          -          -          -          -          -          
sm-flat-dumps orjson-bytes    0.2344     0.2344     0.2342     0.2333     0.2350     0.2338     0.2340     0.2327     0.2334     0.2360     0.2311     0.2336     0.2352     0.2330     0.2358     0.2361     0.2350     0.2335     0.2347     0.2357     0.2343     0.2351     0.2347     0.2332     0.2365     
sm-flat-dumps orjson-dump     -          -          -          -          -          -          -          -          -          -          -          -          -          -          -          -          -          -          -          -          -          -          -          -          -          
sm-flat-dumps orjson-load     -          -          -          -          -          -          -          -          -          -          -          -          -          -          -          -          -          -          -          -          -          -          -          -          -          
sm-flat-dumps orjson-loads    -          -          -          -          -          -          -          -          -          -          -          -          -          -          -          -          -          -          -          -          -          -          -          -          -          
sm-flat-dumps orjson-ndload   -          -          -          -          -          -          -          -          -          -          -          -          -          -          -          -          -          -          -          -          -          -          -          -          -          
sm-flat-dumps strata-bytes    0.1836     0.1827     0.1846     0.1837     0.1828     0.1834     0.1824     0.1832     0.1829     0.1826     0.1827     0.1838     0.1842     0.1831     0.1847     0.1829     0.1830     0.1833     0.1832     0.1824     0.1823     0.1825     0.1828     0.1819     0.1856     
sm-flat-dumps strata-dump     -          -          -          -          -          -          -          -          -          -          -          -          -          -          -          -          -          -          -          -          -          -          -          -          -          
sm-flat-dumps strata-load     -          -          -          -          -          -          -          -          -          -          -          -          -          -          -          -          -          -          -          -          -          -          -          -          -          
sm-flat-dumps strata-loads    -          -          -          -          -          -          -          -          -          -          -          -          -          -          -          -          -          -          -          -          -          -          -          -          -          
sm-flat-dumps strata-ndload   -          -          -          -          -          -          -          -          -          -          -          -          -          -          -          -          -          -          -          -          -          -          -          -          -          
sm-flat-dumps strata-str      0.2023     0.2020     0.2060     0.2020     0.2031     0.2029     0.2064     0.1996     0.2033     0.2040     0.2023     0.2041     0.2046     0.2033     0.2076     0.2015     0.2035     0.2055     0.2033     0.2051     0.2032     0.2035     0.2029     0.2012     0.2043     
sm-flat-load orjson-bytes     -          -          -          -          -          -          -          -          -          -          -          -          -          -          -          -          -          -          -          -          -          -          -          -          -          
sm-flat-load orjson-dump      -          -          -          -          -          -          -          -          -          -          -          -          -          -          -          -          -          -          -          -          -          -          -          -          -          
sm-flat-load orjson-load      0.7334     0.7320     0.7177     0.7469     0.7330     0.7063     0.7418     0.7100     0.7615     0.7331     0.7361     0.7401     0.7278     0.7179     0.7182     0.7589     0.6997     0.7052     0.7619     0.7202     0.7215     0.7418     0.7158     0.7027     0.7532     
sm-flat-load orjson-loads     -          -          -          -          -          -          -          -          -          -          -          -          -          -          -          -          -          -          -          -          -          -          -          -          -          
sm-flat-load orjson-ndload    -          -          -          -          -          -          -          -          -          -          -          -          -          -          -          -          -          -          -          -          -          -          -          -          -          
sm-flat-load strata-bytes     -          -          -          -          -          -          -          -          -          -          -          -          -          -          -          -          -          -          -          -          -          -          -          -          -          
sm-flat-load strata-dump      -          -          -          -          -          -          -          -          -          -          -          -          -          -          -          -          -          -          -          -          -          -          -          -          -          
sm-flat-load strata-load      0.6249     0.6311     0.6104     0.6481     0.6406     0.6165     0.6384     0.6067     0.6529     0.6332     0.6346     0.6369     0.6324     0.6072     0.6085     0.6676     0.6082     0.6105     0.6448     0.6200     0.6232     0.6373     0.6261     0.6026     0.6417     
sm-flat-load strata-loads     -          -          -          -          -          -          -          -          -          -          -          -          -          -          -          -          -          -          -          -          -          -          -          -          -          
sm-flat-load strata-ndload    -          -          -          -          -          -          -          -          -          -          -          -          -          -          -          -          -          -          -          -          -          -          -          -          -          
sm-flat-load strata-str       -          -          -          -          -          -          -          -          -          -          -          -          -          -          -          -          -          -          -          -          -          -          -          -          -          
sm-flat-loads orjson-bytes    -          -          -          -          -          -          -          -          -          -          -          -          -          -          -          -          -          -          -          -          -          -          -          -          -          
sm-flat-loads orjson-dump     -          -          -          -          -          -          -          -          -          -          -          -          -          -          -          -          -          -          -          -          -          -          -          -          -          
sm-flat-loads orjson-load     -          -          -          -          -          -          -          -          -          -          -          -          -          -          -          -          -          -          -          -          -          -          -          -          -          
sm-flat-loads orjson-loads    0.6353     0.6682     0.6375     0.6829     0.6454     0.6372     0.6642     0.6371     0.6735     0.6714     0.6685     0.6490     0.6683     0.6362     0.6376     0.6402     0.6218     0.6419     0.6491     0.6436     0.6534     0.6480     0.6450     0.6347     0.6462     
sm-flat-loads orjson-ndload   -          -          -          -          -          -          -          -          -          -          -          -          -          -          -          -          -          -          -          -          -          -          -          -          -          
sm-flat-loads strata-bytes    -          -          -          -          -          -          -          -          -          -          -          -          -          -          -          -          -          -          -          -          -          -          -          -          -          
sm-flat-loads strata-dump     -          -          -          -          -          -          -          -          -          -          -          -          -          -          -          -          -          -          -          -          -          -          -          -          -          
sm-flat-loads strata-load     -          -          -          -          -          -          -          -          -          -          -          -          -          -          -          -          -          -          -          -          -          -          -          -          -          
sm-flat-loads strata-loads    0.5592     0.5811     0.5589     0.6008     0.5690     0.5582     0.5839     0.5651     0.6003     0.5893     0.5883     0.5733     0.5852     0.5537     0.5529     0.5597     0.5480     0.5646     0.5693     0.5587     0.5728     0.5643     0.5704     0.5496     0.5644     
sm-flat-loads strata-ndload   -          -          -          -          -          -          -          -          -          -          -          -          -          -          -          -          -          -          -          -          -          -          -          -          -          
sm-flat-loads strata-str      -          -          -          -          -          -          -          -          -          -          -          -          -          -          -          -          -          -          -          -          -          -          -          -          -          
sm-mixed-dump orjson-bytes    -          -          -          -          -          -          -          -          -          -          -          -          -          -          -          -          -          -          -          -          -          -          -          -          -          
sm-mixed-dump orjson-dump     0.1552     0.1511     0.1607     0.1591     0.1519     0.1839     0.1661     0.1653     0.1508     0.1546     0.1669     0.1633     0.1506     0.1477     0.1495     0.1852     0.1551     0.2244     0.2052     0.1581     0.1575     0.1735     0.1654     0.1629     0.1539     
sm-mixed-dump orjson-load     -          -          -          -          -          -          -          -          -          -          -          -          -          -          -          -          -          -          -          -          -          -          -          -          -          
sm-mixed-dump orjson-loads    -          -          -          -          -          -          -          -          -          -          -          -          -          -          -          -          -          -          -          -          -          -          -          -          -          
sm-mixed-dump orjson-ndload   -          -          -          -          -          -          -          -          -          -          -          -          -          -          -          -          -          -          -          -          -          -          -          -          -          
sm-mixed-dump strata-bytes    -          -          -          -          -          -          -          -          -          -          -          -          -          -          -          -          -          -          -          -          -          -          -          -          -          
sm-mixed-dump strata-dump     0.1492     0.1373     0.1379     0.1447     0.1343     0.1547     0.1569     0.1452     0.1416     0.1510     0.1487     0.1461     0.1307     0.1344     0.1270     0.1664     0.1395     0.1888     0.1848     0.1339     0.1356     0.1579     0.1477     0.1376     0.1373     
sm-mixed-dump strata-load     -          -          -          -          -          -          -          -          -          -          -          -          -          -          -          -          -          -          -          -          -          -          -          -          -          
sm-mixed-dump strata-loads    -          -          -          -          -          -          -          -          -          -          -          -          -          -          -          -          -          -          -          -          -          -          -          -          -          
sm-mixed-dump strata-ndload   -          -          -          -          -          -          -          -          -          -          -          -          -          -          -          -          -          -          -          -          -          -          -          -          -          
sm-mixed-dump strata-str      -          -          -          -          -          -          -          -          -          -          -          -          -          -          -          -          -          -          -          -          -          -          -          -          -          
sm-mixed-dumps orjson-bytes   0.0390     0.0383     0.0381     0.0384     0.0396     0.0411     0.0382     0.0387     0.0382     0.0385     0.0393     0.0394     0.0386     0.0384     0.0387     0.0386     0.0379     0.0411     0.0388     0.0391     0.0378     0.0398     0.0395     0.0378     0.0384     
sm-mixed-dumps orjson-dump    -          -          -          -          -          -          -          -          -          -          -          -          -          -          -          -          -          -          -          -          -          -          -          -          -          
sm-mixed-dumps orjson-load    -          -          -          -          -          -          -          -          -          -          -          -          -          -          -          -          -          -          -          -          -          -          -          -          -          
sm-mixed-dumps orjson-loads   -          -          -          -          -          -          -          -          -          -          -          -          -          -          -          -          -          -          -          -          -          -          -          -          -          
sm-mixed-dumps orjson-ndload  -          -          -          -          -          -          -          -          -          -          -          -          -          -          -          -          -          -          -          -          -          -          -          -          -          
sm-mixed-dumps strata-bytes   0.0296     0.0293     0.0297     0.0295     0.0299     0.0317     0.0295     0.0295     0.0296     0.0295     0.0303     0.0304     0.0294     0.0296     0.0300     0.0299     0.0294     0.0315     0.0305     0.0297     0.0292     0.0301     0.0302     0.0293     0.0295     
sm-mixed-dumps strata-dump    -          -          -          -          -          -          -          -          -          -          -          -          -          -          -          -          -          -          -          -          -          -          -          -          -          
sm-mixed-dumps strata-load    -          -          -          -          -          -          -          -          -          -          -          -          -          -          -          -          -          -          -          -          -          -          -          -          -          
sm-mixed-dumps strata-loads   -          -          -          -          -          -          -          -          -          -          -          -          -          -          -          -          -          -          -          -          -          -          -          -          -          
sm-mixed-dumps strata-ndload  -          -          -          -          -          -          -          -          -          -          -          -          -          -          -          -          -          -          -          -          -          -          -          -          -          
sm-mixed-dumps strata-str     0.0327     0.0319     0.0328     0.0323     0.0327     0.0359     0.0322     0.0320     0.0321     0.0319     0.0356     0.0336     0.0322     0.0322     0.0327     0.0338     0.0321     0.0348     0.0334     0.0330     0.0318     0.0326     0.0334     0.0325     0.0326     
sm-mixed-load orjson-bytes    -          -          -          -          -          -          -          -          -          -          -          -          -          -          -          -          -          -          -          -          -          -          -          -          -          
sm-mixed-load orjson-dump     -          -          -          -          -          -          -          -          -          -          -          -          -          -          -          -          -          -          -          -          -          -          -          -          -          
sm-mixed-load orjson-load     0.1629     0.1645     0.1728     0.1593     0.1679     0.1850     0.1591     0.1653     0.1747     0.1658     0.1844     0.1759     0.1657     0.1700     0.1648     0.1863     0.1621     0.2078     0.1812     0.1748     0.1680     0.1661     0.1852     0.1643     0.1662     
sm-mixed-load orjson-loads    -          -          -          -          -          -          -          -          -          -          -          -          -          -          -          -          -          -          -          -          -          -          -          -          -          
sm-mixed-load orjson-ndload   -          -          -          -          -          -          -          -          -          -          -          -          -          -          -          -          -          -          -          -          -          -          -          -          -          
sm-mixed-load strata-bytes    -          -          -          -          -          -          -          -          -          -          -          -          -          -          -          -          -          -          -          -          -          -          -          -          -          
sm-mixed-load strata-dump     -          -          -          -          -          -          -          -          -          -          -          -          -          -          -          -          -          -          -          -          -          -          -          -          -          
sm-mixed-load strata-load     0.1451     0.1460     0.1506     0.1402     0.1451     0.1595     0.1408     0.1436     0.1478     0.1455     0.1524     0.1493     0.1450     0.1459     0.1537     0.1614     0.1446     0.1773     0.1580     0.1522     0.1458     0.1458     0.1551     0.1457     0.1465     
sm-mixed-load strata-loads    -          -          -          -          -          -          -          -          -          -          -          -          -          -          -          -          -          -          -          -          -          -          -          -          -          
sm-mixed-load strata-ndload   -          -          -          -          -          -          -          -          -          -          -          -          -          -          -          -          -          -          -          -          -          -          -          -          -          
sm-mixed-load strata-str      -          -          -          -          -          -          -          -          -          -          -          -          -          -          -          -          -          -          -          -          -          -          -          -          -          
sm-mixed-loads orjson-bytes   -          -          -          -          -          -          -          -          -          -          -          -          -          -          -          -          -          -          -          -          -          -          -          -          -          
sm-mixed-loads orjson-dump    -          -          -          -          -          -          -          -          -          -          -          -          -          -          -          -          -          -          -          -          -          -          -          -          -          
sm-mixed-loads orjson-load    -          -          -          -          -          -          -          -          -          -          -          -          -          -          -          -          -          -          -          -          -          -          -          -          -          
sm-mixed-loads orjson-loads   0.1275     0.1250     0.1261     0.1250     0.1245     0.1300     0.1229     0.1257     0.1266     0.1265     0.1262     0.1262     0.1231     0.1250     0.1258     0.1273     0.1254     0.1318     0.1280     0.1253     0.1240     0.1255     0.1281     0.1259     0.1256     
sm-mixed-loads orjson-ndload  -          -          -          -          -          -          -          -          -          -          -          -          -          -          -          -          -          -          -          -          -          -          -          -          -          
sm-mixed-loads strata-bytes   -          -          -          -          -          -          -          -          -          -          -          -          -          -          -          -          -          -          -          -          -          -          -          -          -          
sm-mixed-loads strata-dump    -          -          -          -          -          -          -          -          -          -          -          -          -          -          -          -          -          -          -          -          -          -          -          -          -          
sm-mixed-loads strata-load    -          -          -          -          -          -          -          -          -          -          -          -          -          -          -          -          -          -          -          -          -          -          -          -          -          
sm-mixed-loads strata-loads   0.1160     0.1174     0.1161     0.1158     0.1155     0.1196     0.1143     0.1182     0.1178     0.1166     0.1183     0.1179     0.1144     0.1154     0.1172     0.1183     0.1160     0.1220     0.1195     0.1174     0.1159     0.1169     0.1200     0.1162     0.1174     
sm-mixed-loads strata-ndload  -          -          -          -          -          -          -          -          -          -          -          -          -          -          -          -          -          -          -          -          -          -          -          -          -          
sm-mixed-loads strata-str     -          -          -          -          -          -          -          -          -          -          -          -          -          -          -          -          -          -          -          -          -          -          -          -          -          
sm-nested-dump orjson-bytes   -          -          -          -          -          -          -          -          -          -          -          -          -          -          -          -          -          -          -          -          -          -          -          -          -          
sm-nested-dump orjson-dump    0.3725     0.3289     0.3344     0.3440     0.3265     0.3383     0.3370     0.3408     0.3474     0.3548     0.3613     0.3305     0.3297     0.3323     0.3815     0.3495     0.3494     0.3443     0.3483     0.3562     0.3956     0.3513     0.3493     0.3423     0.3692     
sm-nested-dump orjson-load    -          -          -          -          -          -          -          -          -          -          -          -          -          -          -          -          -          -          -          -          -          -          -          -          -          
sm-nested-dump orjson-loads   -          -          -          -          -          -          -          -          -          -          -          -          -          -          -          -          -          -          -          -          -          -          -          -          -          
sm-nested-dump orjson-ndload  -          -          -          -          -          -          -          -          -          -          -          -          -          -          -          -          -          -          -          -          -          -          -          -          -          
sm-nested-dump strata-bytes   -          -          -          -          -          -          -          -          -          -          -          -          -          -          -          -          -          -          -          -          -          -          -          -          -          
sm-nested-dump strata-dump    0.2728     0.2416     0.2386     0.2512     0.2301     0.2412     0.2544     0.2363     0.2426     0.2601     0.2576     0.2531     0.2346     0.2391     0.2866     0.2582     0.2534     0.2550     0.2624     0.2499     0.2986     0.2496     0.2485     0.2488     0.2674     
sm-nested-dump strata-load    -          -          -          -          -          -          -          -          -          -          -          -          -          -          -          -          -          -          -          -          -          -          -          -          -          
sm-nested-dump strata-loads   -          -          -          -          -          -          -          -          -          -          -          -          -          -          -          -          -          -          -          -          -          -          -          -          -          
sm-nested-dump strata-ndload  -          -          -          -          -          -          -          -          -          -          -          -          -          -          -          -          -          -          -          -          -          -          -          -          -          
sm-nested-dump strata-str     -          -          -          -          -          -          -          -          -          -          -          -          -          -          -          -          -          -          -          -          -          -          -          -          -          
sm-nested-dumps orjson-bytes  0.2017     0.2026     0.2029     0.2014     0.2012     0.2010     0.2005     0.1991     0.2013     0.2051     0.2006     0.2038     0.2032     0.2010     0.2012     0.2031     0.2018     0.2013     0.2044     0.2013     0.2094     0.2048     0.2022     0.2016     0.2085     
sm-nested-dumps orjson-dump   -          -          -          -          -          -          -          -          -          -          -          -          -          -          -          -          -          -          -          -          -          -          -          -          -          
sm-nested-dumps orjson-load   -          -          -          -          -          -          -          -          -          -          -          -          -          -          -          -          -          -          -          -          -          -          -          -          -          
sm-nested-dumps orjson-loads  -          -          -          -          -          -          -          -          -          -          -          -          -          -          -          -          -          -          -          -          -          -          -          -          -          
sm-nested-dumps orjson-ndload -          -          -          -          -          -          -          -          -          -          -          -          -          -          -          -          -          -          -          -          -          -          -          -          -          
sm-nested-dumps strata-bytes  0.1126     0.1113     0.1117     0.1122     0.1119     0.1134     0.1116     0.1116     0.1115     0.1126     0.1127     0.1135     0.1132     0.1128     0.1162     0.1149     0.1120     0.1116     0.1160     0.1133     0.1168     0.1144     0.1114     0.1119     0.1195     
sm-nested-dumps strata-dump   -          -          -          -          -          -          -          -          -          -          -          -          -          -          -          -          -          -          -          -          -          -          -          -          -          
sm-nested-dumps strata-load   -          -          -          -          -          -          -          -          -          -          -          -          -          -          -          -          -          -          -          -          -          -          -          -          -          
sm-nested-dumps strata-loads  -          -          -          -          -          -          -          -          -          -          -          -          -          -          -          -          -          -          -          -          -          -          -          -          -          
sm-nested-dumps strata-ndload -          -          -          -          -          -          -          -          -          -          -          -          -          -          -          -          -          -          -          -          -          -          -          -          -          
sm-nested-dumps strata-str    0.1262     0.1253     0.1281     0.1241     0.1251     0.1242     0.1247     0.1263     0.1243     0.1289     0.1246     0.1278     0.1260     0.1265     0.1293     0.1318     0.1272     0.1252     0.1317     0.1291     0.1297     0.1294     0.1247     0.1268     0.1331     
sm-nested-load orjson-bytes   -          -          -          -          -          -          -          -          -          -          -          -          -          -          -          -          -          -          -          -          -          -          -          -          -          
sm-nested-load orjson-dump    -          -          -          -          -          -          -          -          -          -          -          -          -          -          -          -          -          -          -          -          -          -          -          -          -          
sm-nested-load orjson-load    0.7413     0.6654     0.6745     0.6575     0.6691     0.6820     0.6576     0.6730     0.6610     0.6675     0.6626     0.6864     0.6712     0.6649     0.7175     0.7103     0.6744     0.6687     0.6906     0.6891     0.6994     0.6660     0.6695     0.6807     0.7053     
sm-nested-load orjson-loads   -          -          -          -          -          -          -          -          -          -          -          -          -          -          -          -          -          -          -          -          -          -          -          -          -          
sm-nested-load orjson-ndload  -          -          -          -          -          -          -          -          -          -          -          -          -          -          -          -          -          -          -          -          -          -          -          -          -          
sm-nested-load strata-bytes   -          -          -          -          -          -          -          -          -          -          -          -          -          -          -          -          -          -          -          -          -          -          -          -          -          
sm-nested-load strata-dump    -          -          -          -          -          -          -          -          -          -          -          -          -          -          -          -          -          -          -          -          -          -          -          -          -          
sm-nested-load strata-load    0.5828     0.5320     0.5365     0.5287     0.5404     0.5395     0.5255     0.5481     0.5209     0.5334     0.5280     0.5498     0.5344     0.5322     0.5837     0.5719     0.5319     0.5397     0.5564     0.5361     0.5437     0.5333     0.5275     0.5491     0.5642     
sm-nested-load strata-loads   -          -          -          -          -          -          -          -          -          -          -          -          -          -          -          -          -          -          -          -          -          -          -          -          -          
sm-nested-load strata-ndload  -          -          -          -          -          -          -          -          -          -          -          -          -          -          -          -          -          -          -          -          -          -          -          -          -          
sm-nested-load strata-str     -          -          -          -          -          -          -          -          -          -          -          -          -          -          -          -          -          -          -          -          -          -          -          -          -          
sm-nested-loads orjson-bytes  -          -          -          -          -          -          -          -          -          -          -          -          -          -          -          -          -          -          -          -          -          -          -          -          -          
sm-nested-loads orjson-dump   -          -          -          -          -          -          -          -          -          -          -          -          -          -          -          -          -          -          -          -          -          -          -          -          -          
sm-nested-loads orjson-load   -          -          -          -          -          -          -          -          -          -          -          -          -          -          -          -          -          -          -          -          -          -          -          -          -          
sm-nested-loads orjson-loads  0.6282     0.6059     0.6013     0.6001     0.6022     0.6004     0.5980     0.6164     0.5988     0.6036     0.5951     0.6098     0.5945     0.6061     0.6207     0.6261     0.5937     0.6059     0.6194     0.5989     0.6237     0.5971     0.6004     0.6142     0.6203     
sm-nested-loads orjson-ndload -          -          -          -          -          -          -          -          -          -          -          -          -          -          -          -          -          -          -          -          -          -          -          -          -          
sm-nested-loads strata-bytes  -          -          -          -          -          -          -          -          -          -          -          -          -          -          -          -          -          -          -          -          -          -          -          -          -          
sm-nested-loads strata-dump   -          -          -          -          -          -          -          -          -          -          -          -          -          -          -          -          -          -          -          -          -          -          -          -          -          
sm-nested-loads strata-load   -          -          -          -          -          -          -          -          -          -          -          -          -          -          -          -          -          -          -          -          -          -          -          -          -          
sm-nested-loads strata-loads  0.5089     0.4879     0.4814     0.4812     0.4867     0.4847     0.4896     0.5043     0.4815     0.4877     0.4865     0.4961     0.4754     0.4879     0.5034     0.5031     0.4852     0.4933     0.5034     0.4833     0.5057     0.4791     0.4870     0.4992     0.5013     
sm-nested-loads strata-ndload -          -          -          -          -          -          -          -          -          -          -          -          -          -          -          -          -          -          -          -          -          -          -          -          -          
sm-nested-loads strata-str    -          -          -          -          -          -          -          -          -          -          -          -          -          -          -          -          -          -          -          -          -          -          -          -          -          
sm-users-dump orjson-bytes    -          -          -          -          -          -          -          -          -          -          -          -          -          -          -          -          -          -          -          -          -          -          -          -          -          
sm-users-dump orjson-dump     2.6345     2.6013     2.5963     2.6009     2.5893     2.6154     2.6191     2.5796     2.6125     2.6346     2.5958     2.5931     2.6244     2.6085     2.7691     2.6716     2.6089     2.6151     2.7251     2.6991     2.6173     2.6549     2.5862     2.5808     2.6832     
sm-users-dump orjson-load     -          -          -          -          -          -          -          -          -          -          -          -          -          -          -          -          -          -          -          -          -          -          -          -          -          
sm-users-dump orjson-loads    -          -          -          -          -          -          -          -          -          -          -          -          -          -          -          -          -          -          -          -          -          -          -          -          -          
sm-users-dump orjson-ndload   -          -          -          -          -          -          -          -          -          -          -          -          -          -          -          -          -          -          -          -          -          -          -          -          -          
sm-users-dump strata-bytes    -          -          -          -          -          -          -          -          -          -          -          -          -          -          -          -          -          -          -          -          -          -          -          -          -          
sm-users-dump strata-dump     1.8454     1.8163     1.8070     1.8290     1.8114     1.8443     1.8279     1.8037     1.8108     1.8329     1.8187     1.8240     1.8213     1.8056     1.9727     1.8761     1.8180     1.8106     1.8821     1.9076     1.8794     1.8750     1.8169     1.8168     1.8731     
sm-users-dump strata-load     -          -          -          -          -          -          -          -          -          -          -          -          -          -          -          -          -          -          -          -          -          -          -          -          -          
sm-users-dump strata-loads    -          -          -          -          -          -          -          -          -          -          -          -          -          -          -          -          -          -          -          -          -          -          -          -          -          
sm-users-dump strata-ndload   -          -          -          -          -          -          -          -          -          -          -          -          -          -          -          -          -          -          -          -          -          -          -          -          -          
sm-users-dump strata-str      -          -          -          -          -          -          -          -          -          -          -          -          -          -          -          -          -          -          -          -          -          -          -          -          -          
sm-users-dumps orjson-bytes   2.0403     2.0269     2.0365     2.0868     2.0362     2.0318     2.0273     2.0321     2.0286     2.0288     2.0590     2.0522     2.0272     2.0356     2.0682     2.0773     2.0339     2.0274     2.0674     2.0665     2.0379     2.0405     2.0348     2.0439     2.0427     
sm-users-dumps orjson-dump    -          -          -          -          -          -          -          -          -          -          -          -          -          -          -          -          -          -          -          -          -          -          -          -          -          
sm-users-dumps orjson-load    -          -          -          -          -          -          -          -          -          -          -          -          -          -          -          -          -          -          -          -          -          -          -          -          -          
sm-users-dumps orjson-loads   -          -          -          -          -          -          -          -          -          -          -          -          -          -          -          -          -          -          -          -          -          -          -          -          -          
sm-users-dumps orjson-ndload  -          -          -          -          -          -          -          -          -          -          -          -          -          -          -          -          -          -          -          -          -          -          -          -          -          
sm-users-dumps strata-bytes   1.3119     1.3070     1.2974     1.3431     1.2984     1.2958     1.3013     1.3091     1.3122     1.3065     1.3304     1.2945     1.2989     1.3114     1.3321     1.3227     1.2984     1.3073     1.3216     1.3313     1.3099     1.2980     1.3104     1.3026     1.3309     
sm-users-dumps strata-dump    -          -          -          -          -          -          -          -          -          -          -          -          -          -          -          -          -          -          -          -          -          -          -          -          -          
sm-users-dumps strata-load    -          -          -          -          -          -          -          -          -          -          -          -          -          -          -          -          -          -          -          -          -          -          -          -          -          
sm-users-dumps strata-loads   -          -          -          -          -          -          -          -          -          -          -          -          -          -          -          -          -          -          -          -          -          -          -          -          -          
sm-users-dumps strata-ndload  -          -          -          -          -          -          -          -          -          -          -          -          -          -          -          -          -          -          -          -          -          -          -          -          -          
sm-users-dumps strata-str     1.4795     1.4758     1.4754     1.5015     1.4828     1.4708     1.4671     1.4583     1.4751     1.4875     1.4919     1.4883     1.4729     1.4761     1.5097     1.4861     1.4792     1.4711     1.4705     1.5072     1.5142     1.4724     1.4818     1.4746     1.4997     
sm-users-load orjson-bytes    -          -          -          -          -          -          -          -          -          -          -          -          -          -          -          -          -          -          -          -          -          -          -          -          -          
sm-users-load orjson-dump     -          -          -          -          -          -          -          -          -          -          -          -          -          -          -          -          -          -          -          -          -          -          -          -          -          
sm-users-load orjson-load     8.9139     8.8487     8.8023     8.7326     8.8067     8.7223     8.6881     9.2453     8.8589     8.8282     8.9067     8.6726     8.9379     8.7582     9.0155     8.7411     8.6112     8.7981     8.7941     9.0167     8.7139     8.9670     8.7767     8.6698     8.8775     
sm-users-load orjson-loads    -          -          -          -          -          -          -          -          -          -          -          -          -          -          -          -          -          -          -          -          -          -          -          -          -          
sm-users-load orjson-ndload   -          -          -          -          -          -          -          -          -          -          -          -          -          -          -          -          -          -          -          -          -          -          -          -          -          
sm-users-load strata-bytes    -          -          -          -          -          -          -          -          -          -          -          -          -          -          -          -          -          -          -          -          -          -          -          -          -          
sm-users-load strata-dump     -          -          -          -          -          -          -          -          -          -          -          -          -          -          -          -          -          -          -          -          -          -          -          -          -          
sm-users-load strata-load     6.4345     6.4262     6.4340     6.3899     6.4029     6.4378     6.3367     6.6580     6.5731     6.5252     6.4740     6.3371     6.5484     6.5068     6.8167     6.4105     6.2611     6.4350     6.3540     6.6188     6.3519     6.6089     6.3652     6.3840     6.5352     
sm-users-load strata-loads    -          -          -          -          -          -          -          -          -          -          -          -          -          -          -          -          -          -          -          -          -          -          -          -          -          
sm-users-load strata-ndload   -          -          -          -          -          -          -          -          -          -          -          -          -          -          -          -          -          -          -          -          -          -          -          -          -          
sm-users-load strata-str      -          -          -          -          -          -          -          -          -          -          -          -          -          -          -          -          -          -          -          -          -          -          -          -          -          
sm-users-loads orjson-bytes   -          -          -          -          -          -          -          -          -          -          -          -          -          -          -          -          -          -          -          -          -          -          -          -          -          
sm-users-loads orjson-dump    -          -          -          -          -          -          -          -          -          -          -          -          -          -          -          -          -          -          -          -          -          -          -          -          -          
sm-users-loads orjson-load    -          -          -          -          -          -          -          -          -          -          -          -          -          -          -          -          -          -          -          -          -          -          -          -          -          
sm-users-loads orjson-loads   8.2181     8.2040     8.2543     8.4573     8.1041     8.1544     8.2226     8.2556     8.1497     8.3065     8.2751     8.1391     8.1871     8.2539     8.2772     8.4161     8.0721     8.3267     8.3373     8.3361     8.1282     8.4035     8.2461     8.1937     8.4531     
sm-users-loads orjson-ndload  -          -          -          -          -          -          -          -          -          -          -          -          -          -          -          -          -          -          -          -          -          -          -          -          -          
sm-users-loads strata-bytes   -          -          -          -          -          -          -          -          -          -          -          -          -          -          -          -          -          -          -          -          -          -          -          -          -          
sm-users-loads strata-dump    -          -          -          -          -          -          -          -          -          -          -          -          -          -          -          -          -          -          -          -          -          -          -          -          -          
sm-users-loads strata-load    -          -          -          -          -          -          -          -          -          -          -          -          -          -          -          -          -          -          -          -          -          -          -          -          -          
sm-users-loads strata-loads   6.0401     6.0759     6.1260     6.2125     6.0432     6.1297     6.0475     6.0981     6.0473     6.1237     6.1128     5.9724     6.0679     6.1993     6.1154     6.1511     5.9934     6.0893     6.1504     6.1954     6.0902     6.3001     6.1096     6.0651     6.2162     
sm-users-loads strata-ndload  -          -          -          -          -          -          -          -          -          -          -          -          -          -          -          -          -          -          -          -          -          -          -          -          -          
sm-users-loads strata-str     -          -          -          -          -          -          -          -          -          -          -          -          -          -          -          -          -          -          -          -          -          -          -          -          -          
sm-users-ndload orjson-bytes  -          -          -          -          -          -          -          -          -          -          -          -          -          -          -          -          -          -          -          -          -          -          -          -          -          
sm-users-ndload orjson-dump   -          -          -          -          -          -          -          -          -          -          -          -          -          -          -          -          -          -          -          -          -          -          -          -          -          
sm-users-ndload orjson-load   -          -          -          -          -          -          -          -          -          -          -          -          -          -          -          -          -          -          -          -          -          -          -          -          -          
sm-users-ndload orjson-loads  -          -          -          -          -          -          -          -          -          -          -          -          -          -          -          -          -          -          -          -          -          -          -          -          -          
sm-users-ndload orjson-ndload 10.7241    10.8645    10.7157    10.6463    10.6000    10.8013    10.5840    10.5648    10.5968    10.7976    10.6146    10.5700    10.8370    10.4401    10.9242    10.7213    10.6976    10.6931    10.8619    10.7880    10.5767    10.5911    10.7317    10.5180    10.7813    
sm-users-ndload strata-bytes  -          -          -          -          -          -          -          -          -          -          -          -          -          -          -          -          -          -          -          -          -          -          -          -          -          
sm-users-ndload strata-dump   -          -          -          -          -          -          -          -          -          -          -          -          -          -          -          -          -          -          -          -          -          -          -          -          -          
sm-users-ndload strata-load   -          -          -          -          -          -          -          -          -          -          -          -          -          -          -          -          -          -          -          -          -          -          -          -          -          
sm-users-ndload strata-loads  -          -          -          -          -          -          -          -          -          -          -          -          -          -          -          -          -          -          -          -          -          -          -          -          -          
sm-users-ndload strata-ndload 6.6578     6.6947     6.6267     6.6309     6.5908     6.8505     6.5490     6.5829     6.6525     6.9001     6.6874     6.5550     6.6302     6.5730     6.8439     6.6737     6.6593     6.7453     6.7509     6.7861     6.6366     6.6574     6.7993     6.6215     6.7793     
sm-users-ndload strata-str    -          -          -          -          -          -          -          -          -          -          -          -          -          -          -          -          -          -          -          -          -          -          -          -          -          
sm-wide_arrays-dump orjson-bytes-          -          -          -          -          -          -          -          -          -          -          -          -          -          -          -          -          -          -          -          -          -          -          -          -          
sm-wide_arrays-dump orjson-dump1.5832     1.5521     1.5938     1.5825     1.6017     1.6163     1.5810     1.5707     1.5899     1.6277     1.6379     1.5947     1.5977     1.5555     1.6983     1.5599     1.5700     1.5971     1.5918     1.6023     1.6318     1.6831     1.6206     1.6027     1.6330     
sm-wide_arrays-dump orjson-load-          -          -          -          -          -          -          -          -          -          -          -          -          -          -          -          -          -          -          -          -          -          -          -          -          
sm-wide_arrays-dump orjson-loads-          -          -          -          -          -          -          -          -          -          -          -          -          -          -          -          -          -          -          -          -          -          -          -          -          
sm-wide_arrays-dump orjson-ndload-          -          -          -          -          -          -          -          -          -          -          -          -          -          -          -          -          -          -          -          -          -          -          -          -          
sm-wide_arrays-dump strata-bytes-          -          -          -          -          -          -          -          -          -          -          -          -          -          -          -          -          -          -          -          -          -          -          -          -          
sm-wide_arrays-dump strata-dump1.3174     1.3132     1.2831     1.3151     1.2912     1.3655     1.2983     1.3210     1.3022     1.3328     1.3461     1.3132     1.3085     1.3074     1.3902     1.3243     1.3209     1.3025     1.3245     1.3444     1.3344     1.3961     1.3207     1.3308     1.3548     
sm-wide_arrays-dump strata-load-          -          -          -          -          -          -          -          -          -          -          -          -          -          -          -          -          -          -          -          -          -          -          -          -          
sm-wide_arrays-dump strata-loads-          -          -          -          -          -          -          -          -          -          -          -          -          -          -          -          -          -          -          -          -          -          -          -          -          
sm-wide_arrays-dump strata-ndload-          -          -          -          -          -          -          -          -          -          -          -          -          -          -          -          -          -          -          -          -          -          -          -          -          
sm-wide_arrays-dump strata-str-          -          -          -          -          -          -          -          -          -          -          -          -          -          -          -          -          -          -          -          -          -          -          -          -          
sm-wide_arrays-dumps orjson-bytes1.2268     1.2263     1.2237     1.2228     1.2284     1.2265     1.2051     1.2138     1.2299     1.2411     1.2306     1.2222     1.2172     1.2269     1.2500     1.2445     1.2041     1.2305     1.2243     1.2443     1.2452     1.2511     1.2596     1.2271     1.2213     
sm-wide_arrays-dumps orjson-dump-          -          -          -          -          -          -          -          -          -          -          -          -          -          -          -          -          -          -          -          -          -          -          -          -          
sm-wide_arrays-dumps orjson-load-          -          -          -          -          -          -          -          -          -          -          -          -          -          -          -          -          -          -          -          -          -          -          -          -          
sm-wide_arrays-dumps orjson-loads-          -          -          -          -          -          -          -          -          -          -          -          -          -          -          -          -          -          -          -          -          -          -          -          -          
sm-wide_arrays-dumps orjson-ndload-          -          -          -          -          -          -          -          -          -          -          -          -          -          -          -          -          -          -          -          -          -          -          -          -          
sm-wide_arrays-dumps strata-bytes0.9658     0.9587     0.9644     0.9570     0.9604     0.9631     0.9547     0.9529     0.9667     0.9745     0.9502     0.9696     0.9677     0.9725     0.9811     0.9730     0.9598     0.9701     0.9708     0.9706     0.9731     0.9812     0.9825     0.9484     0.9686     
sm-wide_arrays-dumps strata-dump-          -          -          -          -          -          -          -          -          -          -          -          -          -          -          -          -          -          -          -          -          -          -          -          -          
sm-wide_arrays-dumps strata-load-          -          -          -          -          -          -          -          -          -          -          -          -          -          -          -          -          -          -          -          -          -          -          -          -          
sm-wide_arrays-dumps strata-loads-          -          -          -          -          -          -          -          -          -          -          -          -          -          -          -          -          -          -          -          -          -          -          -          -          
sm-wide_arrays-dumps strata-ndload-          -          -          -          -          -          -          -          -          -          -          -          -          -          -          -          -          -          -          -          -          -          -          -          -          
sm-wide_arrays-dumps strata-str1.0703     1.0599     1.0705     1.0599     1.0612     1.0642     1.0500     1.0578     1.0674     1.0652     1.0461     1.0651     1.0744     1.0720     1.0869     1.0831     1.0543     1.0586     1.0733     1.0703     1.0960     1.0755     1.0868     1.0587     1.0519     
sm-wide_arrays-load orjson-bytes-          -          -          -          -          -          -          -          -          -          -          -          -          -          -          -          -          -          -          -          -          -          -          -          -          
sm-wide_arrays-load orjson-dump-          -          -          -          -          -          -          -          -          -          -          -          -          -          -          -          -          -          -          -          -          -          -          -          -          
sm-wide_arrays-load orjson-load3.5896     3.6740     3.5992     3.6155     3.5580     3.7326     3.5357     3.5603     3.5600     3.7527     3.6634     3.5660     3.5746     3.5676     3.8151     3.7651     3.5483     3.5713     3.6267     3.7706     3.6559     3.6015     3.7573     3.5659     3.6814     
sm-wide_arrays-load orjson-loads-          -          -          -          -          -          -          -          -          -          -          -          -          -          -          -          -          -          -          -          -          -          -          -          -          
sm-wide_arrays-load orjson-ndload-          -          -          -          -          -          -          -          -          -          -          -          -          -          -          -          -          -          -          -          -          -          -          -          -          
sm-wide_arrays-load strata-bytes-          -          -          -          -          -          -          -          -          -          -          -          -          -          -          -          -          -          -          -          -          -          -          -          -          
sm-wide_arrays-load strata-dump-          -          -          -          -          -          -          -          -          -          -          -          -          -          -          -          -          -          -          -          -          -          -          -          -          
sm-wide_arrays-load strata-load3.1882     3.1910     3.1623     3.1795     3.1768     3.3083     3.2290     3.2559     3.1699     3.3029     3.2733     3.1658     3.1905     3.2348     3.3403     3.3070     3.1416     3.1492     3.3165     3.3097     3.2917     3.3231     3.3601     3.1895     3.3398     
sm-wide_arrays-load strata-loads-          -          -          -          -          -          -          -          -          -          -          -          -          -          -          -          -          -          -          -          -          -          -          -          -          
sm-wide_arrays-load strata-ndload-          -          -          -          -          -          -          -          -          -          -          -          -          -          -          -          -          -          -          -          -          -          -          -          -          
sm-wide_arrays-load strata-str-          -          -          -          -          -          -          -          -          -          -          -          -          -          -          -          -          -          -          -          -          -          -          -          -          
sm-wide_arrays-loads orjson-bytes-          -          -          -          -          -          -          -          -          -          -          -          -          -          -          -          -          -          -          -          -          -          -          -          -          
sm-wide_arrays-loads orjson-dump-          -          -          -          -          -          -          -          -          -          -          -          -          -          -          -          -          -          -          -          -          -          -          -          -          
sm-wide_arrays-loads orjson-load-          -          -          -          -          -          -          -          -          -          -          -          -          -          -          -          -          -          -          -          -          -          -          -          -          
sm-wide_arrays-loads orjson-loads3.4369     3.2854     3.2506     3.2391     3.2441     3.3396     3.2611     3.2162     3.3182     3.3460     3.2484     3.3968     3.2832     3.2382     3.3361     3.4107     3.2659     3.2691     3.4414     3.3557     3.2943     3.4617     3.3491     3.2300     3.3963     
sm-wide_arrays-loads orjson-ndload-          -          -          -          -          -          -          -          -          -          -          -          -          -          -          -          -          -          -          -          -          -          -          -          -          
sm-wide_arrays-loads strata-bytes-          -          -          -          -          -          -          -          -          -          -          -          -          -          -          -          -          -          -          -          -          -          -          -          -          
sm-wide_arrays-loads strata-dump-          -          -          -          -          -          -          -          -          -          -          -          -          -          -          -          -          -          -          -          -          -          -          -          -          
sm-wide_arrays-loads strata-load-          -          -          -          -          -          -          -          -          -          -          -          -          -          -          -          -          -          -          -          -          -          -          -          -          
sm-wide_arrays-loads strata-loads3.1543     2.9425     2.9487     2.9519     2.9567     3.0134     2.9444     2.9454     2.9386     3.0234     2.9593     3.0354     2.9354     2.9263     2.9829     3.0759     2.9381     2.9671     3.0257     3.0394     2.9572     3.1513     3.0174     2.9459     3.0202     
sm-wide_arrays-loads strata-ndload-          -          -          -          -          -          -          -          -          -          -          -          -          -          -          -          -          -          -          -          -          -          -          -          -          
sm-wide_arrays-loads strata-str-          -          -          -          -          -          -          -          -          -          -          -          -          -          -          -          -          -          -          -          -          -          -          -          -          

file: /Users/borysbardysh/PycharmProjects/PrimeLabFoundation/strata/build/evidence/M15/ab/aa2.tsv
launches: L00:A L01:B L02:B L03:A L04:A L05:B L06:B L07:A L08:A L09:B L10:B L11:A L12:A L13:B L14:B L15:A L16:A L17:B L18:B L19:A L20:A L21:B L22:B L23:A L24:A
baseline: A   candidate: B   blocks: 6   leading: none   trailing: L24   min samples/launch: 10
blocks: L00L01L02L03  L04L05L06L07  L08L09L10L11  L12L13L14L15  L16L17L18L19  L20L21L22L23

row                   engine        rival          blk  raw strata  raw rival  normalised    ci low   ci high   pos
md-flat-dumps         strata-bytes  orjson-bytes     6      +0.34%     +0.89%      -0.55%    -0.92%    +0.19%  2/6
                                    blocks (normalised): -0.67 +0.24 -0.47 -0.63 +0.14 -1.18
md-flat-dumps         strata-str    orjson-bytes     6      +0.69%     +0.89%      +0.42%    -0.33%    +1.17%  3/6
                                    blocks (normalised): +0.89 +0.98 -0.05 +1.36 -0.17 -0.49
md-mixed-dumps        strata-bytes  orjson-bytes     6      -0.02%     +0.15%      -0.04%    -1.36%    +0.44%  3/6
                                    blocks (normalised): -1.25 +0.26 +0.61 +0.05 -0.13 -1.48
md-mixed-dumps        strata-str    orjson-bytes     6      +0.51%     +0.15%      +0.62%    -0.48%    +1.44%  5/6
                                    blocks (normalised): +1.12 +0.21 +0.19 +1.77 +1.03 -1.15
md-nested-dumps       strata-bytes  orjson-bytes     6      +0.96%     +0.77%      +0.54%    -0.27%    +2.79%  5/6
                                    blocks (normalised): +3.00 +0.07 -0.61 +0.48 +2.58 +0.60
md-nested-dumps       strata-str    orjson-bytes     6      +0.82%     +0.77%      +0.18%    -0.77%    +1.34%  3/6
                                    blocks (normalised): +1.81 -0.80 -0.74 -0.08 +0.86 +0.45
md-users-dumps        strata-bytes  orjson-bytes     6      +0.10%     +0.04%      -0.39%    -1.27%    +0.73%  2/6
                                    blocks (normalised): -0.47 +1.07 +0.40 -0.30 -0.89 -1.65
md-users-dumps        strata-str    orjson-bytes     6      -0.33%     +0.04%      -0.38%    -0.70%    +0.04%  1/6
                                    blocks (normalised): -0.36 +0.16 -0.39 -0.52 -0.07 -0.88
md-wide_arrays-dumps  strata-bytes  orjson-bytes     6      +1.16%     +1.24%      +0.03%    -0.82%    +2.39%  3/6
                                    blocks (normalised): +0.52 -1.15 +2.64 -0.49 -0.46 +2.14
md-wide_arrays-dumps  strata-str    orjson-bytes     6      +1.02%     +1.24%      +0.43%    -0.68%    +1.09%  4/6
                                    blocks (normalised): +1.31 -1.02 +0.86 +0.35 +0.52 -0.33
sm-flat-dump          strata-dump   orjson-dump      6      +2.28%     +2.84%      +0.10%    -1.45%    +1.06%  3/6
                                    blocks (normalised): -0.43 -0.31 +0.86 +1.27 -2.47 +0.51
sm-flat-dumps         strata-bytes  orjson-bytes     6      +0.09%     +0.02%      -0.13%    -0.30%    +0.78%  2/6
                                    blocks (normalised): -0.20 -0.07 -0.40 +0.73 +0.83 -0.19
sm-flat-dumps         strata-str    orjson-bytes     6      +0.72%     +0.02%      +0.66%    -0.14%    +1.67%  4/6
                                    blocks (normalised): +0.74 +1.61 -0.29 +1.72 +0.58 -0.00
sm-flat-load          strata-load   orjson-load      6      -0.55%     -0.85%      -0.07%    -2.11%    +0.58%  3/6
                                    blocks (normalised): -0.43 +0.29 +0.45 -3.16 -1.06 +0.72
sm-flat-loads         strata-loads  orjson-loads     6      +0.51%     +0.85%      -0.74%    -0.87%    +0.57%  2/6
                                    blocks (normalised): -0.76 -0.78 -0.96 -0.71 +0.42 +0.72
sm-mixed-dump         strata-dump   orjson-dump      6      +7.83%     +4.07%      +0.56%    -2.99%    +3.79%  3/6
                                    blocks (normalised): -5.56 +1.37 +1.84 -0.41 -0.26 +5.74
sm-mixed-dumps        strata-bytes  orjson-bytes     6      +1.77%     +0.80%      +0.84%    -1.21%    +1.46%  4/6
                                    blocks (normalised): +1.17 +1.74 -0.63 +0.61 +1.07 -1.79
sm-mixed-dumps        strata-str    orjson-bytes     6      +2.77%     +0.80%      +1.02%    -1.82%    +3.17%  4/6
                                    blocks (normalised): +0.83 +3.87 +2.46 -1.53 +1.20 -2.11
sm-mixed-load         strata-load   orjson-load      6      +3.59%     +3.98%      -0.05%    -2.17%    +1.83%  3/6
                                    blocks (normalised): -0.70 +0.82 +0.59 +2.85 -2.12 -2.23
sm-mixed-loads        strata-loads  orjson-loads     6      +0.38%     +0.62%      -0.17%    -0.66%    +0.93%  2/6
                                    blocks (normalised): +1.27 -0.99 -0.32 -0.23 -0.12 +0.59
sm-nested-dump        strata-dump   orjson-dump      6      +3.63%     -0.32%      +0.22%    -2.63%    +4.85%  3/6
                                    blocks (normalised): -0.99 +4.99 -1.23 +1.43 +4.71 -4.04
sm-nested-dumps       strata-bytes  orjson-bytes     6      +0.27%     +0.22%      +0.20%    -0.84%    +0.90%  4/6
                                    blocks (normalised): -1.39 +0.37 +0.03 +1.42 +0.39 -0.30
sm-nested-dumps       strata-str    orjson-bytes     6      -0.27%     +0.22%      +0.14%    -0.85%    +0.52%  4/6
                                    blocks (normalised): +0.63 -1.29 +0.41 +0.24 -0.41 +0.03
sm-nested-load        strata-load   orjson-load      6      -1.51%     -0.79%      +0.36%    -0.84%    +1.87%  5/6
                                    blocks (normalised): +0.29 -1.97 +0.43 +0.79 +2.94 +0.29
sm-nested-loads       strata-loads  orjson-loads     6      -1.02%     -1.24%      +0.08%    -0.50%    +0.64%  3/6
                                    blocks (normalised): -0.37 -0.02 +0.48 +0.80 +0.17 -0.62
sm-users-dump         strata-dump   orjson-dump      6      +0.17%     +0.72%      -0.34%    -1.20%    +0.45%  2/6
                                    blocks (normalised): -0.68 +0.31 -0.01 +0.60 -1.47 -0.93
sm-users-dumps        strata-bytes  orjson-bytes     6      -0.09%     -0.15%      +0.06%    -0.27%    +0.91%  4/6
                                    blocks (normalised): -0.36 -0.17 +0.98 +0.84 +0.11 +0.00
sm-users-dumps        strata-str    orjson-bytes     6      -0.56%     -0.15%      +0.25%    -1.18%    +0.73%  4/6
                                    blocks (normalised): +0.55 +0.12 +0.38 +0.91 -1.35 -1.00
sm-users-load         strata-load   orjson-load      6      +0.48%     +0.28%      +0.02%    -0.47%    +1.82%  3/6
                                    blocks (normalised): +0.25 +1.40 -0.45 +2.25 -0.49 -0.21
sm-users-loads        strata-loads  orjson-loads     6      +0.60%     +0.83%      +0.13%    -0.56%    +1.06%  5/6
                                    blocks (normalised): +0.90 +0.19 +0.01 +1.21 -1.12 +0.08
sm-users-ndload       strata-ndload orjson-ndload    6      +1.17%     +1.01%      +0.53%    -0.33%    +1.73%  5/6
                                    blocks (normalised): -0.73 +0.65 +1.69 +1.77 +0.06 +0.41
sm-wide_arrays-dump   strata-dump   orjson-dump      6      +1.96%     +1.46%      -0.38%    -1.34%    +0.52%  1/6
                                    blocks (normalised): -0.72 +1.14 -0.11 -0.53 -1.95 -0.22
sm-wide_arrays-dumps  strata-bytes  orjson-bytes     6      +0.39%     +0.44%      +0.15%    -0.69%    +0.66%  5/6
                                    blocks (normalised): +0.00 +0.68 -1.39 +0.04 +0.27 +0.64
sm-wide_arrays-dumps  strata-str    orjson-bytes     6      +0.04%     +0.44%      -0.28%    -1.48%    +0.14%  2/6
                                    blocks (normalised): -0.00 +0.21 -1.78 -0.56 +0.07 -1.17
sm-wide_arrays-load   strata-load   orjson-load      6      +1.41%     +1.42%      +0.19%    -0.79%    +1.56%  3/6
                                    blocks (normalised): -1.16 -0.43 -0.26 +0.64 +1.88 +1.23
sm-wide_arrays-loads  strata-loads  orjson-loads     6      +0.20%     -0.22%      -0.47%    -1.32%    +1.05%  3/6
                                    blocks (normalised): -1.44 -1.20 +1.99 +0.11 -1.03 +0.09

raw strata / raw rival: the same block estimator on the unnormalised medians.
normalised: strata/rival measured in the same process, then blocked.
ci: bootstrap over whole blocks of the median block effect (2000 resamples).

== drift: the trailing baseline launch against the leading one
md-flat-dumps         strata-bytes  strata -1.16%   rival +0.39%   normalised -1.54%
md-flat-dumps         strata-str    strata +0.41%   rival +0.39%   normalised +0.03%
md-mixed-dumps        strata-bytes  strata -0.35%   rival -0.24%   normalised -0.11%
md-mixed-dumps        strata-str    strata -0.54%   rival -0.24%   normalised -0.29%
md-nested-dumps       strata-bytes  strata +4.90%   rival +1.00%   normalised +3.86%
md-nested-dumps       strata-str    strata +3.94%   rival +1.00%   normalised +2.91%
md-users-dumps        strata-bytes  strata +0.63%   rival -0.07%   normalised +0.70%
md-users-dumps        strata-str    strata +0.47%   rival -0.07%   normalised +0.54%
md-wide_arrays-dumps  strata-bytes  strata +0.21%   rival +3.10%   normalised -2.80%
md-wide_arrays-dumps  strata-str    strata +3.73%   rival +3.10%   normalised +0.61%
sm-flat-dump          strata-dump   strata +9.60%   rival +11.44%   normalised -1.65%
sm-flat-dumps         strata-bytes  strata +1.09%   rival +0.92%   normalised +0.16%
sm-flat-dumps         strata-str    strata +0.98%   rival +0.92%   normalised +0.05%
sm-flat-load          strata-load   strata +2.69%   rival +2.71%   normalised -0.02%
sm-flat-loads         strata-loads  strata +0.92%   rival +1.72%   normalised -0.78%
sm-mixed-dump         strata-dump   strata -7.97%   rival -0.82%   normalised -7.21%
sm-mixed-dumps        strata-bytes  strata -0.28%   rival -1.66%   normalised +1.40%
sm-mixed-dumps        strata-str    strata -0.32%   rival -1.66%   normalised +1.36%
sm-mixed-load         strata-load   strata +0.95%   rival +2.01%   normalised -1.04%
sm-mixed-loads        strata-loads  strata +1.15%   rival -1.47%   normalised +2.66%
sm-nested-dump        strata-dump   strata -1.99%   rival -0.88%   normalised -1.11%
sm-nested-dumps       strata-bytes  strata +6.10%   rival +3.40%   normalised +2.62%
sm-nested-dumps       strata-str    strata +5.45%   rival +3.40%   normalised +1.98%
sm-nested-load        strata-load   strata -3.20%   rival -4.86%   normalised +1.75%
sm-nested-loads       strata-loads  strata -1.49%   rival -1.26%   normalised -0.23%
sm-users-dump         strata-dump   strata +1.50%   rival +1.85%   normalised -0.34%
sm-users-dumps        strata-bytes  strata +1.45%   rival +0.12%   normalised +1.33%
sm-users-dumps        strata-str    strata +1.37%   rival +0.12%   normalised +1.25%
sm-users-load         strata-load   strata +1.56%   rival -0.41%   normalised +1.98%
sm-users-loads        strata-loads  strata +2.92%   rival +2.86%   normalised +0.05%
sm-users-ndload       strata-ndload strata +1.82%   rival +0.53%   normalised +1.28%
sm-wide_arrays-dump   strata-dump   strata +2.84%   rival +3.15%   normalised -0.30%
sm-wide_arrays-dumps  strata-bytes  strata +0.29%   rival -0.45%   normalised +0.74%
sm-wide_arrays-dumps  strata-str    strata -1.72%   rival -0.45%   normalised -1.27%
sm-wide_arrays-load   strata-load   strata +4.76%   rival +2.56%   normalised +2.14%
sm-wide_arrays-loads  strata-loads  strata -4.25%   rival -1.18%   normalised -3.10%
