PYTHONPATH=. .venv/bin/python benchmarks/ab_rows.py \
		--build A=/Users/borysbardysh/PycharmProjects/PrimeLabFoundation/strata/build/evidence/M15/armA/_strata.cpython-314-darwin.so --build B=/Users/borysbardysh/PycharmProjects/PrimeLabFoundation/strata/build/evidence/M15/armBheld2/_strata.cpython-314-darwin.so \
		--target /Users/borysbardysh/worktrees/strata/main-pgo/python/strata/_strata.cpython-314-darwin.so \
		--out /Users/borysbardysh/PycharmProjects/PrimeLabFoundation/strata/build/evidence/M15/ab/held_ab.tsv --row small:users:dumps --row small:users:loads --row small:users:load --row small:users:dump --row small:flat:dumps --row small:flat:loads --row small:flat:load --row small:flat:dump --row small:nested:dumps --row small:nested:loads --row small:nested:load --row small:nested:dump --row small:wide_arrays:dumps --row small:wide_arrays:loads --row small:wide_arrays:load --row small:wide_arrays:dump --row small:mixed:dumps --row small:mixed:loads --row small:mixed:load --row small:mixed:dump --row small:users:ndload --row medium:users:dumps --row medium:flat:dumps --row medium:nested:dumps --row medium:wide_arrays:dumps --row medium:mixed:dumps --blocks 6 --repeat 60
# target   /Users/borysbardysh/worktrees/strata/main-pgo/python/strata/_strata.cpython-314-darwin.so
# build A  /Users/borysbardysh/PycharmProjects/PrimeLabFoundation/strata/build/evidence/M15/armA/_strata.cpython-314-darwin.so  md5=1609bb3e318d8f9e2c552fa4675795f2
# build B  /Users/borysbardysh/PycharmProjects/PrimeLabFoundation/strata/build/evidence/M15/armBheld2/_strata.cpython-314-darwin.so  md5=ee3e12ae4d85995ee8f756f7f6f02662
# order    ABBAABBAABBAABBAABBAABBAA (25 launches)
# rows     small:users:dumps small:users:loads small:users:load small:users:dump small:flat:dumps small:flat:loads small:flat:load small:flat:dump small:nested:dumps small:nested:loads small:nested:load small:nested:dump small:wide_arrays:dumps small:wide_arrays:loads small:wide_arrays:load small:wide_arrays:dump small:mixed:dumps small:mixed:loads small:mixed:load small:mixed:dump small:users:ndload medium:users:dumps medium:flat:dumps medium:nested:dumps medium:wide_arrays:dumps medium:mixed:dumps  repeat=60
# launch 00 build=A md5=1609bb3e318d8f9e2c552fa4675795f2
# L00 build=A extension=/Users/borysbardysh/worktrees/strata/main-pgo/python/strata/_strata.cpython-314-darwin.so md5=1609bb3e318d8f9e2c552fa4675795f2 load=2.64,4.67,4.99 cpus=10 t=21:48:25
# launch 01 build=B md5=ee3e12ae4d85995ee8f756f7f6f02662
# L01 build=B extension=/Users/borysbardysh/worktrees/strata/main-pgo/python/strata/_strata.cpython-314-darwin.so md5=ee3e12ae4d85995ee8f756f7f6f02662 load=2.08,4.37,4.88 cpus=10 t=21:48:51
# launch 02 build=B md5=ee3e12ae4d85995ee8f756f7f6f02662
# L02 build=B extension=/Users/borysbardysh/worktrees/strata/main-pgo/python/strata/_strata.cpython-314-darwin.so md5=ee3e12ae4d85995ee8f756f7f6f02662 load=2.43,4.24,4.81 cpus=10 t=21:49:19
# launch 03 build=A md5=1609bb3e318d8f9e2c552fa4675795f2
# L03 build=A extension=/Users/borysbardysh/worktrees/strata/main-pgo/python/strata/_strata.cpython-314-darwin.so md5=1609bb3e318d8f9e2c552fa4675795f2 load=3.20,4.27,4.80 cpus=10 t=21:49:46
# launch 04 build=A md5=1609bb3e318d8f9e2c552fa4675795f2
# L04 build=A extension=/Users/borysbardysh/worktrees/strata/main-pgo/python/strata/_strata.cpython-314-darwin.so md5=1609bb3e318d8f9e2c552fa4675795f2 load=3.00,4.13,4.74 cpus=10 t=21:50:13
# launch 05 build=B md5=ee3e12ae4d85995ee8f756f7f6f02662
# L05 build=B extension=/Users/borysbardysh/worktrees/strata/main-pgo/python/strata/_strata.cpython-314-darwin.so md5=ee3e12ae4d85995ee8f756f7f6f02662 load=2.85,3.99,4.67 cpus=10 t=21:50:40
# launch 06 build=B md5=ee3e12ae4d85995ee8f756f7f6f02662
# L06 build=B extension=/Users/borysbardysh/worktrees/strata/main-pgo/python/strata/_strata.cpython-314-darwin.so md5=ee3e12ae4d85995ee8f756f7f6f02662 load=3.33,4.01,4.65 cpus=10 t=21:51:05
# launch 07 build=A md5=1609bb3e318d8f9e2c552fa4675795f2
# L07 build=A extension=/Users/borysbardysh/worktrees/strata/main-pgo/python/strata/_strata.cpython-314-darwin.so md5=1609bb3e318d8f9e2c552fa4675795f2 load=3.98,4.09,4.66 cpus=10 t=21:51:31
# launch 08 build=A md5=1609bb3e318d8f9e2c552fa4675795f2
# L08 build=A extension=/Users/borysbardysh/worktrees/strata/main-pgo/python/strata/_strata.cpython-314-darwin.so md5=1609bb3e318d8f9e2c552fa4675795f2 load=3.71,4.02,4.62 cpus=10 t=21:51:58
# launch 09 build=B md5=ee3e12ae4d85995ee8f756f7f6f02662
# L09 build=B extension=/Users/borysbardysh/worktrees/strata/main-pgo/python/strata/_strata.cpython-314-darwin.so md5=ee3e12ae4d85995ee8f756f7f6f02662 load=3.43,3.91,4.56 cpus=10 t=21:52:25
# launch 10 build=B md5=ee3e12ae4d85995ee8f756f7f6f02662
# L10 build=B extension=/Users/borysbardysh/worktrees/strata/main-pgo/python/strata/_strata.cpython-314-darwin.so md5=ee3e12ae4d85995ee8f756f7f6f02662 load=3.60,3.90,4.53 cpus=10 t=21:52:51
# launch 11 build=A md5=1609bb3e318d8f9e2c552fa4675795f2
# L11 build=A extension=/Users/borysbardysh/worktrees/strata/main-pgo/python/strata/_strata.cpython-314-darwin.so md5=1609bb3e318d8f9e2c552fa4675795f2 load=3.04,3.74,4.46 cpus=10 t=21:53:16
# launch 12 build=A md5=1609bb3e318d8f9e2c552fa4675795f2
# L12 build=A extension=/Users/borysbardysh/worktrees/strata/main-pgo/python/strata/_strata.cpython-314-darwin.so md5=1609bb3e318d8f9e2c552fa4675795f2 load=4.12,3.93,4.50 cpus=10 t=21:53:43
# launch 13 build=B md5=ee3e12ae4d85995ee8f756f7f6f02662
# L13 build=B extension=/Users/borysbardysh/worktrees/strata/main-pgo/python/strata/_strata.cpython-314-darwin.so md5=ee3e12ae4d85995ee8f756f7f6f02662 load=5.23,4.18,4.57 cpus=10 t=21:54:11
# launch 14 build=B md5=ee3e12ae4d85995ee8f756f7f6f02662
# L14 build=B extension=/Users/borysbardysh/worktrees/strata/main-pgo/python/strata/_strata.cpython-314-darwin.so md5=ee3e12ae4d85995ee8f756f7f6f02662 load=5.46,4.31,4.61 cpus=10 t=21:54:36
# launch 15 build=A md5=1609bb3e318d8f9e2c552fa4675795f2
# L15 build=A extension=/Users/borysbardysh/worktrees/strata/main-pgo/python/strata/_strata.cpython-314-darwin.so md5=1609bb3e318d8f9e2c552fa4675795f2 load=4.46,4.16,4.54 cpus=10 t=21:55:02
# launch 16 build=A md5=1609bb3e318d8f9e2c552fa4675795f2
# L16 build=A extension=/Users/borysbardysh/worktrees/strata/main-pgo/python/strata/_strata.cpython-314-darwin.so md5=1609bb3e318d8f9e2c552fa4675795f2 load=3.70,4.00,4.47 cpus=10 t=21:55:27
# launch 17 build=B md5=ee3e12ae4d85995ee8f756f7f6f02662
# L17 build=B extension=/Users/borysbardysh/worktrees/strata/main-pgo/python/strata/_strata.cpython-314-darwin.so md5=ee3e12ae4d85995ee8f756f7f6f02662 load=5.38,4.33,4.57 cpus=10 t=21:55:54
# launch 18 build=B md5=ee3e12ae4d85995ee8f756f7f6f02662
# L18 build=B extension=/Users/borysbardysh/worktrees/strata/main-pgo/python/strata/_strata.cpython-314-darwin.so md5=ee3e12ae4d85995ee8f756f7f6f02662 load=6.89,4.75,4.72 cpus=10 t=21:56:22
# launch 19 build=A md5=1609bb3e318d8f9e2c552fa4675795f2
# L19 build=A extension=/Users/borysbardysh/worktrees/strata/main-pgo/python/strata/_strata.cpython-314-darwin.so md5=1609bb3e318d8f9e2c552fa4675795f2 load=5.94,4.69,4.69 cpus=10 t=21:56:46
# launch 20 build=A md5=1609bb3e318d8f9e2c552fa4675795f2
# L20 build=A extension=/Users/borysbardysh/worktrees/strata/main-pgo/python/strata/_strata.cpython-314-darwin.so md5=1609bb3e318d8f9e2c552fa4675795f2 load=4.58,4.48,4.61 cpus=10 t=21:57:11
# launch 21 build=B md5=ee3e12ae4d85995ee8f756f7f6f02662
# L21 build=B extension=/Users/borysbardysh/worktrees/strata/main-pgo/python/strata/_strata.cpython-314-darwin.so md5=ee3e12ae4d85995ee8f756f7f6f02662 load=4.25,4.40,4.58 cpus=10 t=21:57:37
# launch 22 build=B md5=ee3e12ae4d85995ee8f756f7f6f02662
# L22 build=B extension=/Users/borysbardysh/worktrees/strata/main-pgo/python/strata/_strata.cpython-314-darwin.so md5=ee3e12ae4d85995ee8f756f7f6f02662 load=4.06,4.35,4.56 cpus=10 t=21:58:06
# launch 23 build=A md5=1609bb3e318d8f9e2c552fa4675795f2
# L23 build=A extension=/Users/borysbardysh/worktrees/strata/main-pgo/python/strata/_strata.cpython-314-darwin.so md5=1609bb3e318d8f9e2c552fa4675795f2 load=4.10,4.33,4.54 cpus=10 t=21:58:30
# launch 24 build=A md5=1609bb3e318d8f9e2c552fa4675795f2
# L24 build=A extension=/Users/borysbardysh/worktrees/strata/main-pgo/python/strata/_strata.cpython-314-darwin.so md5=1609bb3e318d8f9e2c552fa4675795f2 load=4.11,4.32,4.53 cpus=10 t=21:58:57
# wrote /Users/borysbardysh/PycharmProjects/PrimeLabFoundation/strata/build/evidence/M15/ab/held_ab.tsv (25 of 25 launches)
# restored /Users/borysbardysh/worktrees/strata/main-pgo/python/strata/_strata.cpython-314-darwin.so to md5=800e32c62dc8a5c05de7912d938268eb
== launch medians (ms)
row/engine                    L00:A       L01:B       L02:B       L03:A       L04:A       L05:B       L06:B       L07:A       L08:A       L09:B       L10:B       L11:A       L12:A       L13:B       L14:B       L15:A       L16:A       L17:B       L18:B       L19:A       L20:A       L21:B       L22:B       L23:A       L24:A       
md-flat-dumps orjson-bytes    0.9320     0.9439     0.9653     0.9658     0.9234     0.9300     0.9308     0.9320     0.9286     0.9162     0.9312     0.9156     0.9423     0.9223     0.9329     0.9268     0.9407     0.9252     0.9516     0.9183     0.9171     0.9344     0.9076     0.9201     0.9156     
md-flat-dumps orjson-dump     -          -          -          -          -          -          -          -          -          -          -          -          -          -          -          -          -          -          -          -          -          -          -          -          -          
md-flat-dumps orjson-load     -          -          -          -          -          -          -          -          -          -          -          -          -          -          -          -          -          -          -          -          -          -          -          -          -          
md-flat-dumps orjson-loads    -          -          -          -          -          -          -          -          -          -          -          -          -          -          -          -          -          -          -          -          -          -          -          -          -          
md-flat-dumps orjson-ndload   -          -          -          -          -          -          -          -          -          -          -          -          -          -          -          -          -          -          -          -          -          -          -          -          -          
md-flat-dumps strata-bytes    0.7402     0.7103     0.7028     0.7573     0.7314     0.6825     0.6774     0.7331     0.7471     0.6766     0.6999     0.7324     0.7594     0.6765     0.6849     0.7446     0.7475     0.6854     0.6982     0.7370     0.7339     0.6861     0.6681     0.7431     0.7405     
md-flat-dumps strata-dump     -          -          -          -          -          -          -          -          -          -          -          -          -          -          -          -          -          -          -          -          -          -          -          -          -          
md-flat-dumps strata-load     -          -          -          -          -          -          -          -          -          -          -          -          -          -          -          -          -          -          -          -          -          -          -          -          -          
md-flat-dumps strata-loads    -          -          -          -          -          -          -          -          -          -          -          -          -          -          -          -          -          -          -          -          -          -          -          -          -          
md-flat-dumps strata-ndload   -          -          -          -          -          -          -          -          -          -          -          -          -          -          -          -          -          -          -          -          -          -          -          -          -          
md-flat-dumps strata-str      0.8102     0.7761     0.7845     0.8398     0.8112     0.7659     0.7624     0.8060     0.8180     0.7472     0.7700     0.8121     0.8333     0.7497     0.7651     0.8144     0.8578     0.7511     0.7738     0.8003     0.8125     0.7606     0.7315     0.8104     0.8043     
md-mixed-dumps orjson-bytes   0.1480     0.1446     0.1480     0.1437     0.1458     0.1460     0.1432     0.1517     0.1463     0.1434     0.1474     0.1445     0.1498     0.1438     0.1459     0.1459     0.1485     0.1516     0.1456     0.1433     0.1443     0.1522     0.1424     0.1468     0.1454     
md-mixed-dumps orjson-dump    -          -          -          -          -          -          -          -          -          -          -          -          -          -          -          -          -          -          -          -          -          -          -          -          -          
md-mixed-dumps orjson-load    -          -          -          -          -          -          -          -          -          -          -          -          -          -          -          -          -          -          -          -          -          -          -          -          -          
md-mixed-dumps orjson-loads   -          -          -          -          -          -          -          -          -          -          -          -          -          -          -          -          -          -          -          -          -          -          -          -          -          
md-mixed-dumps orjson-ndload  -          -          -          -          -          -          -          -          -          -          -          -          -          -          -          -          -          -          -          -          -          -          -          -          -          
md-mixed-dumps strata-bytes   0.1149     0.1070     0.1100     0.1139     0.1141     0.1077     0.1060     0.1177     0.1140     0.1071     0.1094     0.1135     0.1196     0.1060     0.1074     0.1134     0.1147     0.1121     0.1061     0.1121     0.1131     0.1128     0.1055     0.1134     0.1138     
md-mixed-dumps strata-dump    -          -          -          -          -          -          -          -          -          -          -          -          -          -          -          -          -          -          -          -          -          -          -          -          -          
md-mixed-dumps strata-load    -          -          -          -          -          -          -          -          -          -          -          -          -          -          -          -          -          -          -          -          -          -          -          -          -          
md-mixed-dumps strata-loads   -          -          -          -          -          -          -          -          -          -          -          -          -          -          -          -          -          -          -          -          -          -          -          -          -          
md-mixed-dumps strata-ndload  -          -          -          -          -          -          -          -          -          -          -          -          -          -          -          -          -          -          -          -          -          -          -          -          -          
md-mixed-dumps strata-str     0.1298     0.1196     0.1207     0.1246     0.1260     0.1179     0.1165     0.1292     0.1272     0.1177     0.1236     0.1269     0.1328     0.1165     0.1200     0.1238     0.1289     0.1265     0.1179     0.1232     0.1246     0.1240     0.1157     0.1279     0.1242     
md-nested-dumps orjson-bytes  0.7914     0.8039     0.8296     0.8004     0.7957     0.7972     0.8051     0.8033     0.8045     0.8018     0.8185     0.7989     0.8012     0.7869     0.8025     0.8022     0.8055     0.8202     0.8424     0.7853     0.7958     0.8036     0.7740     0.7896     0.7793     
md-nested-dumps orjson-dump   -          -          -          -          -          -          -          -          -          -          -          -          -          -          -          -          -          -          -          -          -          -          -          -          -          
md-nested-dumps orjson-load   -          -          -          -          -          -          -          -          -          -          -          -          -          -          -          -          -          -          -          -          -          -          -          -          -          
md-nested-dumps orjson-loads  -          -          -          -          -          -          -          -          -          -          -          -          -          -          -          -          -          -          -          -          -          -          -          -          -          
md-nested-dumps orjson-ndload -          -          -          -          -          -          -          -          -          -          -          -          -          -          -          -          -          -          -          -          -          -          -          -          -          
md-nested-dumps strata-bytes  0.4630     0.4227     0.4377     0.4541     0.4606     0.4203     0.4263     0.4659     0.4577     0.4132     0.4151     0.4588     0.4640     0.4098     0.4178     0.4538     0.4672     0.4299     0.4490     0.4554     0.4614     0.4249     0.4089     0.4606     0.4491     
md-nested-dumps strata-dump   -          -          -          -          -          -          -          -          -          -          -          -          -          -          -          -          -          -          -          -          -          -          -          -          -          
md-nested-dumps strata-load   -          -          -          -          -          -          -          -          -          -          -          -          -          -          -          -          -          -          -          -          -          -          -          -          -          
md-nested-dumps strata-loads  -          -          -          -          -          -          -          -          -          -          -          -          -          -          -          -          -          -          -          -          -          -          -          -          -          
md-nested-dumps strata-ndload -          -          -          -          -          -          -          -          -          -          -          -          -          -          -          -          -          -          -          -          -          -          -          -          -          
md-nested-dumps strata-str    0.5146     0.4802     0.5024     0.5159     0.5202     0.4787     0.4915     0.5338     0.5240     0.4701     0.4780     0.5144     0.5190     0.4630     0.4819     0.5149     0.5223     0.4918     0.5037     0.5093     0.5159     0.4892     0.4581     0.5146     0.5021     
md-users-dumps orjson-bytes   13.7574    14.1683    14.0486    13.9972    13.8145    13.8219    13.8691    13.9455    15.0530    13.7105    13.9637    13.7516    13.9308    13.6869    13.8917    13.7813    13.9379    13.9720    13.6295    13.7014    13.7678    13.9987    13.6013    13.9105    13.6126    
md-users-dumps orjson-dump    -          -          -          -          -          -          -          -          -          -          -          -          -          -          -          -          -          -          -          -          -          -          -          -          -          
md-users-dumps orjson-load    -          -          -          -          -          -          -          -          -          -          -          -          -          -          -          -          -          -          -          -          -          -          -          -          -          
md-users-dumps orjson-loads   -          -          -          -          -          -          -          -          -          -          -          -          -          -          -          -          -          -          -          -          -          -          -          -          -          
md-users-dumps orjson-ndload  -          -          -          -          -          -          -          -          -          -          -          -          -          -          -          -          -          -          -          -          -          -          -          -          -          
md-users-dumps strata-bytes   8.5923     8.2077     8.2216     8.5776     8.6068     8.2146     8.1653     8.5720     8.8202     8.1088     8.1911     8.5101     8.5630     8.1324     8.2023     8.4926     8.5545     8.2948     8.0169     8.4892     8.5573     8.2855     7.9681     8.5741     8.3816     
md-users-dumps strata-dump    -          -          -          -          -          -          -          -          -          -          -          -          -          -          -          -          -          -          -          -          -          -          -          -          -          
md-users-dumps strata-load    -          -          -          -          -          -          -          -          -          -          -          -          -          -          -          -          -          -          -          -          -          -          -          -          -          
md-users-dumps strata-loads   -          -          -          -          -          -          -          -          -          -          -          -          -          -          -          -          -          -          -          -          -          -          -          -          -          
md-users-dumps strata-ndload  -          -          -          -          -          -          -          -          -          -          -          -          -          -          -          -          -          -          -          -          -          -          -          -          -          
md-users-dumps strata-str     9.4599     9.2667     9.2114     9.4995     9.4746     9.1233     9.1556     9.5881     9.9542     9.0494     9.1163     9.3626     9.4913     9.0124     9.3080     9.3999     9.5584     9.2435     8.8854     9.2390     9.4109     9.2205     8.5455     9.6533     9.3809     
md-wide_arrays-dumps orjson-bytes5.8420     5.7833     5.8204     5.7316     5.5665     5.5957     5.4212     5.6622     5.7890     5.5833     5.7429     5.5893     5.7589     5.5979     5.6769     5.5661     5.8337     5.7109     5.6002     5.5834     5.6315     5.6595     5.5644     5.6496     5.4681     
md-wide_arrays-dumps orjson-dump-          -          -          -          -          -          -          -          -          -          -          -          -          -          -          -          -          -          -          -          -          -          -          -          -          
md-wide_arrays-dumps orjson-load-          -          -          -          -          -          -          -          -          -          -          -          -          -          -          -          -          -          -          -          -          -          -          -          -          
md-wide_arrays-dumps orjson-loads-          -          -          -          -          -          -          -          -          -          -          -          -          -          -          -          -          -          -          -          -          -          -          -          -          
md-wide_arrays-dumps orjson-ndload-          -          -          -          -          -          -          -          -          -          -          -          -          -          -          -          -          -          -          -          -          -          -          -          -          
md-wide_arrays-dumps strata-bytes3.8395     3.8986     3.9118     3.8635     3.9025     3.8482     3.7727     3.8884     3.8684     3.8240     3.9328     3.8832     3.8833     3.8357     3.8796     3.8448     3.9848     3.9315     3.8606     3.7602     3.8902     3.8147     3.7591     3.8743     3.8152     
md-wide_arrays-dumps strata-dump-          -          -          -          -          -          -          -          -          -          -          -          -          -          -          -          -          -          -          -          -          -          -          -          -          
md-wide_arrays-dumps strata-load-          -          -          -          -          -          -          -          -          -          -          -          -          -          -          -          -          -          -          -          -          -          -          -          -          
md-wide_arrays-dumps strata-loads-          -          -          -          -          -          -          -          -          -          -          -          -          -          -          -          -          -          -          -          -          -          -          -          -          
md-wide_arrays-dumps strata-ndload-          -          -          -          -          -          -          -          -          -          -          -          -          -          -          -          -          -          -          -          -          -          -          -          -          
md-wide_arrays-dumps strata-str4.2007     4.5919     4.6156     4.5366     4.5662     4.5567     4.4122     4.5846     4.5991     4.4632     4.5830     4.5288     4.5270     4.4758     4.4817     4.5317     4.5985     4.5720     4.5619     4.4621     4.6121     4.5286     4.5328     4.4072     4.4037     
sm-flat-dump orjson-bytes     -          -          -          -          -          -          -          -          -          -          -          -          -          -          -          -          -          -          -          -          -          -          -          -          -          
sm-flat-dump orjson-dump      0.3867     0.3857     0.4359     0.3702     0.4013     0.4695     0.3927     0.3763     0.3968     0.4480     0.3828     0.3982     0.4037     0.3865     0.3628     0.3629     0.3775     0.3550     0.3647     0.3690     0.4176     0.3828     0.4059     0.3731     0.4008     
sm-flat-dump orjson-load      -          -          -          -          -          -          -          -          -          -          -          -          -          -          -          -          -          -          -          -          -          -          -          -          -          
sm-flat-dump orjson-loads     -          -          -          -          -          -          -          -          -          -          -          -          -          -          -          -          -          -          -          -          -          -          -          -          -          
sm-flat-dump orjson-ndload    -          -          -          -          -          -          -          -          -          -          -          -          -          -          -          -          -          -          -          -          -          -          -          -          -          
sm-flat-dump strata-bytes     -          -          -          -          -          -          -          -          -          -          -          -          -          -          -          -          -          -          -          -          -          -          -          -          -          
sm-flat-dump strata-dump      0.3210     0.3010     0.3679     0.3223     0.3396     0.3741     0.3061     0.3122     0.3479     0.3654     0.3179     0.3494     0.3462     0.3026     0.2836     0.3101     0.3355     0.2918     0.2931     0.3163     0.3549     0.3199     0.3365     0.3133     0.3381     
sm-flat-dump strata-load      -          -          -          -          -          -          -          -          -          -          -          -          -          -          -          -          -          -          -          -          -          -          -          -          -          
sm-flat-dump strata-loads     -          -          -          -          -          -          -          -          -          -          -          -          -          -          -          -          -          -          -          -          -          -          -          -          -          
sm-flat-dump strata-ndload    -          -          -          -          -          -          -          -          -          -          -          -          -          -          -          -          -          -          -          -          -          -          -          -          -          
sm-flat-dump strata-str       -          -          -          -          -          -          -          -          -          -          -          -          -          -          -          -          -          -          -          -          -          -          -          -          -          
sm-flat-dumps orjson-bytes    0.2350     0.2340     0.2350     0.2378     0.2386     0.2348     0.2353     0.2345     0.2330     0.2395     0.2336     0.2370     0.2358     0.2350     0.2343     0.2316     0.2331     0.2328     0.2352     0.2337     0.2342     0.2320     0.2304     0.2354     0.2379     
sm-flat-dumps orjson-dump     -          -          -          -          -          -          -          -          -          -          -          -          -          -          -          -          -          -          -          -          -          -          -          -          -          
sm-flat-dumps orjson-load     -          -          -          -          -          -          -          -          -          -          -          -          -          -          -          -          -          -          -          -          -          -          -          -          -          
sm-flat-dumps orjson-loads    -          -          -          -          -          -          -          -          -          -          -          -          -          -          -          -          -          -          -          -          -          -          -          -          -          
sm-flat-dumps orjson-ndload   -          -          -          -          -          -          -          -          -          -          -          -          -          -          -          -          -          -          -          -          -          -          -          -          -          
sm-flat-dumps strata-bytes    0.1822     0.1655     0.1663     0.1870     0.1869     0.1662     0.1654     0.1818     0.1817     0.1706     0.1695     0.1863     0.1853     0.1650     0.1652     0.1819     0.1846     0.1670     0.1687     0.1841     0.1845     0.1650     0.1634     0.1836     0.1858     
sm-flat-dumps strata-dump     -          -          -          -          -          -          -          -          -          -          -          -          -          -          -          -          -          -          -          -          -          -          -          -          -          
sm-flat-dumps strata-load     -          -          -          -          -          -          -          -          -          -          -          -          -          -          -          -          -          -          -          -          -          -          -          -          -          
sm-flat-dumps strata-loads    -          -          -          -          -          -          -          -          -          -          -          -          -          -          -          -          -          -          -          -          -          -          -          -          -          
sm-flat-dumps strata-ndload   -          -          -          -          -          -          -          -          -          -          -          -          -          -          -          -          -          -          -          -          -          -          -          -          -          
sm-flat-dumps strata-str      0.2024     0.1873     0.1881     0.2094     0.2073     0.1879     0.1868     0.2014     0.2010     0.1925     0.1866     0.2094     0.2081     0.1875     0.1860     0.2010     0.2011     0.1912     0.1874     0.2042     0.2038     0.1845     0.1838     0.2015     0.2072     
sm-flat-load orjson-bytes     -          -          -          -          -          -          -          -          -          -          -          -          -          -          -          -          -          -          -          -          -          -          -          -          -          
sm-flat-load orjson-dump      -          -          -          -          -          -          -          -          -          -          -          -          -          -          -          -          -          -          -          -          -          -          -          -          -          
sm-flat-load orjson-load      0.6893     0.7911     0.7610     0.7477     0.7664     0.8195     0.7277     0.7579     0.7407     0.7927     0.7349     0.7597     0.7327     0.7145     0.6958     0.7457     0.6907     0.7055     0.6960     0.7506     0.7368     0.7537     0.7500     0.7107     0.7140     
sm-flat-load orjson-loads     -          -          -          -          -          -          -          -          -          -          -          -          -          -          -          -          -          -          -          -          -          -          -          -          -          
sm-flat-load orjson-ndload    -          -          -          -          -          -          -          -          -          -          -          -          -          -          -          -          -          -          -          -          -          -          -          -          -          
sm-flat-load strata-bytes     -          -          -          -          -          -          -          -          -          -          -          -          -          -          -          -          -          -          -          -          -          -          -          -          -          
sm-flat-load strata-dump      -          -          -          -          -          -          -          -          -          -          -          -          -          -          -          -          -          -          -          -          -          -          -          -          -          
sm-flat-load strata-load      0.5961     0.6979     0.6670     0.6565     0.6601     0.6921     0.6348     0.6573     0.6430     0.6701     0.6368     0.6521     0.6324     0.6222     0.6026     0.6515     0.5919     0.6080     0.6061     0.6484     0.6364     0.6544     0.6523     0.6115     0.6109     
sm-flat-load strata-loads     -          -          -          -          -          -          -          -          -          -          -          -          -          -          -          -          -          -          -          -          -          -          -          -          -          
sm-flat-load strata-ndload    -          -          -          -          -          -          -          -          -          -          -          -          -          -          -          -          -          -          -          -          -          -          -          -          -          
sm-flat-load strata-str       -          -          -          -          -          -          -          -          -          -          -          -          -          -          -          -          -          -          -          -          -          -          -          -          -          
sm-flat-loads orjson-bytes    -          -          -          -          -          -          -          -          -          -          -          -          -          -          -          -          -          -          -          -          -          -          -          -          -          
sm-flat-loads orjson-dump     -          -          -          -          -          -          -          -          -          -          -          -          -          -          -          -          -          -          -          -          -          -          -          -          -          
sm-flat-loads orjson-load     -          -          -          -          -          -          -          -          -          -          -          -          -          -          -          -          -          -          -          -          -          -          -          -          -          
sm-flat-loads orjson-loads    0.6161     0.6705     0.6627     0.6684     0.6773     0.6913     0.6520     0.6751     0.6264     0.6834     0.6653     0.6613     0.6426     0.6492     0.6298     0.6710     0.6152     0.6393     0.6328     0.6874     0.6614     0.6845     0.6345     0.6424     0.6457     
sm-flat-loads orjson-ndload   -          -          -          -          -          -          -          -          -          -          -          -          -          -          -          -          -          -          -          -          -          -          -          -          -          
sm-flat-loads strata-bytes    -          -          -          -          -          -          -          -          -          -          -          -          -          -          -          -          -          -          -          -          -          -          -          -          -          
sm-flat-loads strata-dump     -          -          -          -          -          -          -          -          -          -          -          -          -          -          -          -          -          -          -          -          -          -          -          -          -          
sm-flat-loads strata-load     -          -          -          -          -          -          -          -          -          -          -          -          -          -          -          -          -          -          -          -          -          -          -          -          -          
sm-flat-loads strata-loads    0.5447     0.6007     0.5823     0.5889     0.6001     0.6034     0.5754     0.5964     0.5531     0.5926     0.5824     0.5782     0.5669     0.5682     0.5481     0.5917     0.5377     0.5588     0.5579     0.6049     0.5816     0.6042     0.5545     0.5622     0.5633     
sm-flat-loads strata-ndload   -          -          -          -          -          -          -          -          -          -          -          -          -          -          -          -          -          -          -          -          -          -          -          -          -          
sm-flat-loads strata-str      -          -          -          -          -          -          -          -          -          -          -          -          -          -          -          -          -          -          -          -          -          -          -          -          -          
sm-mixed-dump orjson-bytes    -          -          -          -          -          -          -          -          -          -          -          -          -          -          -          -          -          -          -          -          -          -          -          -          -          
sm-mixed-dump orjson-dump     0.1631     0.1887     0.1648     0.1347     0.1812     0.1722     0.1464     0.1545     0.2024     0.1885     0.1682     0.1756     0.1517     0.1752     0.1519     0.1483     0.1566     0.1502     0.1382     0.1709     0.1636     0.2001     0.2318     0.1710     0.1472     
sm-mixed-dump orjson-load     -          -          -          -          -          -          -          -          -          -          -          -          -          -          -          -          -          -          -          -          -          -          -          -          -          
sm-mixed-dump orjson-loads    -          -          -          -          -          -          -          -          -          -          -          -          -          -          -          -          -          -          -          -          -          -          -          -          -          
sm-mixed-dump orjson-ndload   -          -          -          -          -          -          -          -          -          -          -          -          -          -          -          -          -          -          -          -          -          -          -          -          -          
sm-mixed-dump strata-bytes    -          -          -          -          -          -          -          -          -          -          -          -          -          -          -          -          -          -          -          -          -          -          -          -          -          
sm-mixed-dump strata-dump     0.1483     0.1595     0.1455     0.1181     0.1624     0.1491     0.1354     0.1399     0.1744     0.1586     0.1490     0.1502     0.1283     0.1594     0.1293     0.1428     0.1414     0.1309     0.1238     0.1468     0.1446     0.1786     0.2045     0.1619     0.1330     
sm-mixed-dump strata-load     -          -          -          -          -          -          -          -          -          -          -          -          -          -          -          -          -          -          -          -          -          -          -          -          -          
sm-mixed-dump strata-loads    -          -          -          -          -          -          -          -          -          -          -          -          -          -          -          -          -          -          -          -          -          -          -          -          -          
sm-mixed-dump strata-ndload   -          -          -          -          -          -          -          -          -          -          -          -          -          -          -          -          -          -          -          -          -          -          -          -          -          
sm-mixed-dump strata-str      -          -          -          -          -          -          -          -          -          -          -          -          -          -          -          -          -          -          -          -          -          -          -          -          -          
sm-mixed-dumps orjson-bytes   0.0392     0.0389     0.0405     0.0407     0.0396     0.0391     0.0376     0.0389     0.0411     0.0389     0.0387     0.0381     0.0406     0.0390     0.0387     0.0385     0.0379     0.0422     0.0416     0.0379     0.0383     0.0394     0.0378     0.0408     0.0372     
sm-mixed-dumps orjson-dump    -          -          -          -          -          -          -          -          -          -          -          -          -          -          -          -          -          -          -          -          -          -          -          -          -          
sm-mixed-dumps orjson-load    -          -          -          -          -          -          -          -          -          -          -          -          -          -          -          -          -          -          -          -          -          -          -          -          -          
sm-mixed-dumps orjson-loads   -          -          -          -          -          -          -          -          -          -          -          -          -          -          -          -          -          -          -          -          -          -          -          -          -          
sm-mixed-dumps orjson-ndload  -          -          -          -          -          -          -          -          -          -          -          -          -          -          -          -          -          -          -          -          -          -          -          -          -          
sm-mixed-dumps strata-bytes   0.0300     0.0284     0.0302     0.0318     0.0301     0.0283     0.0279     0.0300     0.0315     0.0285     0.0277     0.0294     0.0302     0.0277     0.0277     0.0299     0.0292     0.0306     0.0299     0.0297     0.0296     0.0286     0.0279     0.0310     0.0290     
sm-mixed-dumps strata-dump    -          -          -          -          -          -          -          -          -          -          -          -          -          -          -          -          -          -          -          -          -          -          -          -          -          
sm-mixed-dumps strata-load    -          -          -          -          -          -          -          -          -          -          -          -          -          -          -          -          -          -          -          -          -          -          -          -          -          
sm-mixed-dumps strata-loads   -          -          -          -          -          -          -          -          -          -          -          -          -          -          -          -          -          -          -          -          -          -          -          -          -          
sm-mixed-dumps strata-ndload  -          -          -          -          -          -          -          -          -          -          -          -          -          -          -          -          -          -          -          -          -          -          -          -          -          
sm-mixed-dumps strata-str     0.0334     0.0320     0.0327     0.0348     0.0336     0.0315     0.0301     0.0328     0.0348     0.0321     0.0302     0.0321     0.0341     0.0310     0.0304     0.0325     0.0320     0.0346     0.0338     0.0323     0.0321     0.0308     0.0303     0.0343     0.0311     
sm-mixed-load orjson-bytes    -          -          -          -          -          -          -          -          -          -          -          -          -          -          -          -          -          -          -          -          -          -          -          -          -          
sm-mixed-load orjson-dump     -          -          -          -          -          -          -          -          -          -          -          -          -          -          -          -          -          -          -          -          -          -          -          -          -          
sm-mixed-load orjson-load     0.1680     0.1947     0.1843     0.1639     0.1823     0.1720     0.1687     0.1679     0.1849     0.1876     0.1941     0.1934     0.1949     0.1846     0.1685     0.1614     0.1686     0.1651     0.1565     0.1686     0.1709     0.2191     0.1766     0.1825     0.1510     
sm-mixed-load orjson-loads    -          -          -          -          -          -          -          -          -          -          -          -          -          -          -          -          -          -          -          -          -          -          -          -          -          
sm-mixed-load orjson-ndload   -          -          -          -          -          -          -          -          -          -          -          -          -          -          -          -          -          -          -          -          -          -          -          -          -          
sm-mixed-load strata-bytes    -          -          -          -          -          -          -          -          -          -          -          -          -          -          -          -          -          -          -          -          -          -          -          -          -          
sm-mixed-load strata-dump     -          -          -          -          -          -          -          -          -          -          -          -          -          -          -          -          -          -          -          -          -          -          -          -          -          
sm-mixed-load strata-load     0.1470     0.1673     0.1587     0.1443     0.1585     0.1530     0.1473     0.1474     0.1594     0.1605     0.1714     0.1627     0.1652     0.1500     0.1452     0.1455     0.1457     0.1427     0.1405     0.1503     0.1507     0.1805     0.1570     0.1588     0.1343     
sm-mixed-load strata-loads    -          -          -          -          -          -          -          -          -          -          -          -          -          -          -          -          -          -          -          -          -          -          -          -          -          
sm-mixed-load strata-ndload   -          -          -          -          -          -          -          -          -          -          -          -          -          -          -          -          -          -          -          -          -          -          -          -          -          
sm-mixed-load strata-str      -          -          -          -          -          -          -          -          -          -          -          -          -          -          -          -          -          -          -          -          -          -          -          -          -          
sm-mixed-loads orjson-bytes   -          -          -          -          -          -          -          -          -          -          -          -          -          -          -          -          -          -          -          -          -          -          -          -          -          
sm-mixed-loads orjson-dump    -          -          -          -          -          -          -          -          -          -          -          -          -          -          -          -          -          -          -          -          -          -          -          -          -          
sm-mixed-loads orjson-load    -          -          -          -          -          -          -          -          -          -          -          -          -          -          -          -          -          -          -          -          -          -          -          -          -          
sm-mixed-loads orjson-loads   0.1253     0.1255     0.1260     0.1244     0.1304     0.1255     0.1257     0.1266     0.1291     0.1251     0.1269     0.1284     0.1257     0.1237     0.1255     0.1237     0.1253     0.1361     0.1226     0.1234     0.1246     0.1313     0.1234     0.1267     0.1222     
sm-mixed-loads orjson-ndload  -          -          -          -          -          -          -          -          -          -          -          -          -          -          -          -          -          -          -          -          -          -          -          -          -          
sm-mixed-loads strata-bytes   -          -          -          -          -          -          -          -          -          -          -          -          -          -          -          -          -          -          -          -          -          -          -          -          -          
sm-mixed-loads strata-dump    -          -          -          -          -          -          -          -          -          -          -          -          -          -          -          -          -          -          -          -          -          -          -          -          -          
sm-mixed-loads strata-load    -          -          -          -          -          -          -          -          -          -          -          -          -          -          -          -          -          -          -          -          -          -          -          -          -          
sm-mixed-loads strata-loads   0.1151     0.1155     0.1162     0.1153     0.1196     0.1170     0.1154     0.1173     0.1198     0.1166     0.1176     0.1190     0.1172     0.1155     0.1176     0.1143     0.1165     0.1256     0.1138     0.1139     0.1158     0.1201     0.1141     0.1181     0.1130     
sm-mixed-loads strata-ndload  -          -          -          -          -          -          -          -          -          -          -          -          -          -          -          -          -          -          -          -          -          -          -          -          -          
sm-mixed-loads strata-str     -          -          -          -          -          -          -          -          -          -          -          -          -          -          -          -          -          -          -          -          -          -          -          -          -          
sm-nested-dump orjson-bytes   -          -          -          -          -          -          -          -          -          -          -          -          -          -          -          -          -          -          -          -          -          -          -          -          -          
sm-nested-dump orjson-dump    0.3173     0.3497     0.3630     0.3410     0.3542     0.3977     0.3130     0.3288     0.3307     0.3345     0.3365     0.3625     0.3807     0.3774     0.3328     0.3373     0.3318     0.4057     0.2993     0.3314     0.3366     0.3587     0.3278     0.3289     0.3500     
sm-nested-dump orjson-load    -          -          -          -          -          -          -          -          -          -          -          -          -          -          -          -          -          -          -          -          -          -          -          -          -          
sm-nested-dump orjson-loads   -          -          -          -          -          -          -          -          -          -          -          -          -          -          -          -          -          -          -          -          -          -          -          -          -          
sm-nested-dump orjson-ndload  -          -          -          -          -          -          -          -          -          -          -          -          -          -          -          -          -          -          -          -          -          -          -          -          -          
sm-nested-dump strata-bytes   -          -          -          -          -          -          -          -          -          -          -          -          -          -          -          -          -          -          -          -          -          -          -          -          -          
sm-nested-dump strata-dump    0.2321     0.2410     0.2508     0.2717     0.2607     0.2869     0.2162     0.2469     0.2398     0.2363     0.2361     0.2609     0.2906     0.2695     0.2265     0.2448     0.2448     0.2836     0.1996     0.2375     0.2506     0.2475     0.2218     0.2453     0.2582     
sm-nested-dump strata-load    -          -          -          -          -          -          -          -          -          -          -          -          -          -          -          -          -          -          -          -          -          -          -          -          -          
sm-nested-dump strata-loads   -          -          -          -          -          -          -          -          -          -          -          -          -          -          -          -          -          -          -          -          -          -          -          -          -          
sm-nested-dump strata-ndload  -          -          -          -          -          -          -          -          -          -          -          -          -          -          -          -          -          -          -          -          -          -          -          -          -          
sm-nested-dump strata-str     -          -          -          -          -          -          -          -          -          -          -          -          -          -          -          -          -          -          -          -          -          -          -          -          -          
sm-nested-dumps orjson-bytes  0.2072     0.2061     0.2127     0.2005     0.2050     0.2030     0.2028     0.2007     0.1976     0.2136     0.2016     0.2072     0.2092     0.2044     0.2002     0.2037     0.2031     0.2058     0.1986     0.2031     0.2024     0.2054     0.1992     0.2018     0.2014     
sm-nested-dumps orjson-dump   -          -          -          -          -          -          -          -          -          -          -          -          -          -          -          -          -          -          -          -          -          -          -          -          -          
sm-nested-dumps orjson-load   -          -          -          -          -          -          -          -          -          -          -          -          -          -          -          -          -          -          -          -          -          -          -          -          -          
sm-nested-dumps orjson-loads  -          -          -          -          -          -          -          -          -          -          -          -          -          -          -          -          -          -          -          -          -          -          -          -          -          
sm-nested-dumps orjson-ndload -          -          -          -          -          -          -          -          -          -          -          -          -          -          -          -          -          -          -          -          -          -          -          -          -          
sm-nested-dumps strata-bytes  0.1136     0.1062     0.1084     0.1114     0.1137     0.1038     0.1039     0.1133     0.1130     0.1108     0.1044     0.1156     0.1168     0.1048     0.1035     0.1121     0.1119     0.1050     0.1015     0.1123     0.1124     0.1052     0.1014     0.1128     0.1119     
sm-nested-dumps strata-dump   -          -          -          -          -          -          -          -          -          -          -          -          -          -          -          -          -          -          -          -          -          -          -          -          -          
sm-nested-dumps strata-load   -          -          -          -          -          -          -          -          -          -          -          -          -          -          -          -          -          -          -          -          -          -          -          -          -          
sm-nested-dumps strata-loads  -          -          -          -          -          -          -          -          -          -          -          -          -          -          -          -          -          -          -          -          -          -          -          -          -          
sm-nested-dumps strata-ndload -          -          -          -          -          -          -          -          -          -          -          -          -          -          -          -          -          -          -          -          -          -          -          -          -          
sm-nested-dumps strata-str    0.1269     0.1212     0.1224     0.1237     0.1294     0.1180     0.1166     0.1277     0.1254     0.1297     0.1189     0.1317     0.1321     0.1192     0.1143     0.1242     0.1239     0.1196     0.1125     0.1261     0.1265     0.1190     0.1122     0.1264     0.1240     
sm-nested-load orjson-bytes   -          -          -          -          -          -          -          -          -          -          -          -          -          -          -          -          -          -          -          -          -          -          -          -          -          
sm-nested-load orjson-dump    -          -          -          -          -          -          -          -          -          -          -          -          -          -          -          -          -          -          -          -          -          -          -          -          -          
sm-nested-load orjson-load    0.6620     0.7141     0.6758     0.6648     0.6981     0.6731     0.6674     0.6696     0.6674     0.6749     0.6675     0.6941     0.6822     0.6977     0.6653     0.6760     0.6634     0.7108     0.6398     0.6621     0.6586     0.6989     0.6431     0.6589     0.6696     
sm-nested-load orjson-loads   -          -          -          -          -          -          -          -          -          -          -          -          -          -          -          -          -          -          -          -          -          -          -          -          -          
sm-nested-load orjson-ndload  -          -          -          -          -          -          -          -          -          -          -          -          -          -          -          -          -          -          -          -          -          -          -          -          -          
sm-nested-load strata-bytes   -          -          -          -          -          -          -          -          -          -          -          -          -          -          -          -          -          -          -          -          -          -          -          -          -          
sm-nested-load strata-dump    -          -          -          -          -          -          -          -          -          -          -          -          -          -          -          -          -          -          -          -          -          -          -          -          -          
sm-nested-load strata-load    0.5304     0.5759     0.5367     0.5346     0.5640     0.5461     0.5255     0.5365     0.5430     0.5392     0.5438     0.5505     0.5431     0.5574     0.5357     0.5439     0.5255     0.5730     0.5091     0.5339     0.5249     0.5651     0.5204     0.5409     0.5381     
sm-nested-load strata-loads   -          -          -          -          -          -          -          -          -          -          -          -          -          -          -          -          -          -          -          -          -          -          -          -          -          
sm-nested-load strata-ndload  -          -          -          -          -          -          -          -          -          -          -          -          -          -          -          -          -          -          -          -          -          -          -          -          -          
sm-nested-load strata-str     -          -          -          -          -          -          -          -          -          -          -          -          -          -          -          -          -          -          -          -          -          -          -          -          -          
sm-nested-loads orjson-bytes  -          -          -          -          -          -          -          -          -          -          -          -          -          -          -          -          -          -          -          -          -          -          -          -          -          
sm-nested-loads orjson-dump   -          -          -          -          -          -          -          -          -          -          -          -          -          -          -          -          -          -          -          -          -          -          -          -          -          
sm-nested-loads orjson-load   -          -          -          -          -          -          -          -          -          -          -          -          -          -          -          -          -          -          -          -          -          -          -          -          -          
sm-nested-loads orjson-loads  0.6085     0.6105     0.6046     0.5951     0.6173     0.5960     0.6026     0.5987     0.6110     0.6139     0.6020     0.6143     0.6146     0.6100     0.5945     0.6051     0.6018     0.6140     0.5922     0.5933     0.5955     0.6098     0.5909     0.6032     0.6053     
sm-nested-loads orjson-ndload -          -          -          -          -          -          -          -          -          -          -          -          -          -          -          -          -          -          -          -          -          -          -          -          -          
sm-nested-loads strata-bytes  -          -          -          -          -          -          -          -          -          -          -          -          -          -          -          -          -          -          -          -          -          -          -          -          -          
sm-nested-loads strata-dump   -          -          -          -          -          -          -          -          -          -          -          -          -          -          -          -          -          -          -          -          -          -          -          -          -          
sm-nested-loads strata-load   -          -          -          -          -          -          -          -          -          -          -          -          -          -          -          -          -          -          -          -          -          -          -          -          -          
sm-nested-loads strata-loads  0.4880     0.5093     0.4978     0.4798     0.5003     0.4850     0.4830     0.4810     0.4935     0.4946     0.4842     0.5029     0.4932     0.5010     0.4812     0.4920     0.4832     0.5034     0.4762     0.4832     0.4796     0.4931     0.4794     0.4829     0.4860     
sm-nested-loads strata-ndload -          -          -          -          -          -          -          -          -          -          -          -          -          -          -          -          -          -          -          -          -          -          -          -          -          
sm-nested-loads strata-str    -          -          -          -          -          -          -          -          -          -          -          -          -          -          -          -          -          -          -          -          -          -          -          -          -          
sm-users-dump orjson-bytes    -          -          -          -          -          -          -          -          -          -          -          -          -          -          -          -          -          -          -          -          -          -          -          -          -          
sm-users-dump orjson-dump     2.6017     2.6332     2.6080     2.6074     2.6723     2.6701     2.5744     2.5670     2.6073     2.6508     2.5964     2.6812     2.6519     2.6638     2.6354     2.6270     2.5856     2.6333     2.6115     2.6187     2.5879     2.7329     2.5245     2.5725     2.5965     
sm-users-dump orjson-load     -          -          -          -          -          -          -          -          -          -          -          -          -          -          -          -          -          -          -          -          -          -          -          -          -          
sm-users-dump orjson-loads    -          -          -          -          -          -          -          -          -          -          -          -          -          -          -          -          -          -          -          -          -          -          -          -          -          
sm-users-dump orjson-ndload   -          -          -          -          -          -          -          -          -          -          -          -          -          -          -          -          -          -          -          -          -          -          -          -          -          
sm-users-dump strata-bytes    -          -          -          -          -          -          -          -          -          -          -          -          -          -          -          -          -          -          -          -          -          -          -          -          -          
sm-users-dump strata-dump     1.8319     1.8176     1.8172     1.8714     1.8928     1.7875     1.7282     1.7929     1.8190     1.8528     1.7342     1.8817     1.8786     1.8409     1.7850     1.7945     1.7976     1.8060     1.7678     1.8569     1.8037     1.8269     1.7245     1.8336     1.7971     
sm-users-dump strata-load     -          -          -          -          -          -          -          -          -          -          -          -          -          -          -          -          -          -          -          -          -          -          -          -          -          
sm-users-dump strata-loads    -          -          -          -          -          -          -          -          -          -          -          -          -          -          -          -          -          -          -          -          -          -          -          -          -          
sm-users-dump strata-ndload   -          -          -          -          -          -          -          -          -          -          -          -          -          -          -          -          -          -          -          -          -          -          -          -          -          
sm-users-dump strata-str      -          -          -          -          -          -          -          -          -          -          -          -          -          -          -          -          -          -          -          -          -          -          -          -          -          
sm-users-dumps orjson-bytes   2.0164     2.0270     2.0461     2.0536     2.0794     2.0538     2.0275     2.0142     2.0456     2.0548     2.0146     2.0710     2.0812     2.0425     2.0211     2.0295     2.0357     2.0700     2.0322     2.0271     2.0578     2.0850     2.0162     2.0411     2.0180     
sm-users-dumps orjson-dump    -          -          -          -          -          -          -          -          -          -          -          -          -          -          -          -          -          -          -          -          -          -          -          -          -          
sm-users-dumps orjson-load    -          -          -          -          -          -          -          -          -          -          -          -          -          -          -          -          -          -          -          -          -          -          -          -          -          
sm-users-dumps orjson-loads   -          -          -          -          -          -          -          -          -          -          -          -          -          -          -          -          -          -          -          -          -          -          -          -          -          
sm-users-dumps orjson-ndload  -          -          -          -          -          -          -          -          -          -          -          -          -          -          -          -          -          -          -          -          -          -          -          -          -          
sm-users-dumps strata-bytes   1.3010     1.2414     1.2588     1.3292     1.3378     1.2629     1.2483     1.2969     1.3282     1.2506     1.2373     1.3444     1.3563     1.2474     1.2405     1.3053     1.2938     1.2747     1.2589     1.3031     1.3119     1.2794     1.2344     1.2971     1.2993     
sm-users-dumps strata-dump    -          -          -          -          -          -          -          -          -          -          -          -          -          -          -          -          -          -          -          -          -          -          -          -          -          
sm-users-dumps strata-load    -          -          -          -          -          -          -          -          -          -          -          -          -          -          -          -          -          -          -          -          -          -          -          -          -          
sm-users-dumps strata-loads   -          -          -          -          -          -          -          -          -          -          -          -          -          -          -          -          -          -          -          -          -          -          -          -          -          
sm-users-dumps strata-ndload  -          -          -          -          -          -          -          -          -          -          -          -          -          -          -          -          -          -          -          -          -          -          -          -          -          
sm-users-dumps strata-str     1.4858     1.4079     1.4305     1.4965     1.4989     1.4335     1.4190     1.4767     1.4946     1.4161     1.4093     1.5101     1.5071     1.4245     1.4043     1.4743     1.4729     1.4345     1.4339     1.4682     1.4708     1.4442     1.4047     1.4749     1.4646     
sm-users-load orjson-bytes    -          -          -          -          -          -          -          -          -          -          -          -          -          -          -          -          -          -          -          -          -          -          -          -          -          
sm-users-load orjson-dump     -          -          -          -          -          -          -          -          -          -          -          -          -          -          -          -          -          -          -          -          -          -          -          -          -          
sm-users-load orjson-load     8.8766     8.7739     8.7926     8.8667     9.0786     8.9127     8.7311     8.7369     8.6904     8.9501     8.7183     9.2369     9.0180     8.9321     8.6839     8.4811     8.6464     8.6838     8.7871     8.6315     8.9047     8.9192     8.5508     8.7114     9.0325     
sm-users-load orjson-loads    -          -          -          -          -          -          -          -          -          -          -          -          -          -          -          -          -          -          -          -          -          -          -          -          -          
sm-users-load orjson-ndload   -          -          -          -          -          -          -          -          -          -          -          -          -          -          -          -          -          -          -          -          -          -          -          -          -          
sm-users-load strata-bytes    -          -          -          -          -          -          -          -          -          -          -          -          -          -          -          -          -          -          -          -          -          -          -          -          -          
sm-users-load strata-dump     -          -          -          -          -          -          -          -          -          -          -          -          -          -          -          -          -          -          -          -          -          -          -          -          -          
sm-users-load strata-load     6.4287     6.6203     6.4806     6.5115     6.6140     6.5448     6.4298     6.4217     6.3889     6.4367     6.3438     6.7854     6.5704     6.5182     6.2845     6.2951     6.4428     6.3776     6.5337     6.3611     6.4540     6.5055     6.3330     6.3486     6.6263     
sm-users-load strata-loads    -          -          -          -          -          -          -          -          -          -          -          -          -          -          -          -          -          -          -          -          -          -          -          -          -          
sm-users-load strata-ndload   -          -          -          -          -          -          -          -          -          -          -          -          -          -          -          -          -          -          -          -          -          -          -          -          -          
sm-users-load strata-str      -          -          -          -          -          -          -          -          -          -          -          -          -          -          -          -          -          -          -          -          -          -          -          -          -          
sm-users-loads orjson-bytes   -          -          -          -          -          -          -          -          -          -          -          -          -          -          -          -          -          -          -          -          -          -          -          -          -          
sm-users-loads orjson-dump    -          -          -          -          -          -          -          -          -          -          -          -          -          -          -          -          -          -          -          -          -          -          -          -          -          
sm-users-loads orjson-load    -          -          -          -          -          -          -          -          -          -          -          -          -          -          -          -          -          -          -          -          -          -          -          -          -          
sm-users-loads orjson-loads   8.0829     8.1630     8.2059     8.2168     8.4339     8.4690     8.2302     8.2344     8.3453     8.3267     8.1489     8.6124     8.2611     8.4218     8.1683     8.1026     8.2193     8.1813     8.1340     8.1381     8.2834     8.4874     8.0213     8.1531     8.3975     
sm-users-loads orjson-ndload  -          -          -          -          -          -          -          -          -          -          -          -          -          -          -          -          -          -          -          -          -          -          -          -          -          
sm-users-loads strata-bytes   -          -          -          -          -          -          -          -          -          -          -          -          -          -          -          -          -          -          -          -          -          -          -          -          -          
sm-users-loads strata-dump    -          -          -          -          -          -          -          -          -          -          -          -          -          -          -          -          -          -          -          -          -          -          -          -          -          
sm-users-loads strata-load    -          -          -          -          -          -          -          -          -          -          -          -          -          -          -          -          -          -          -          -          -          -          -          -          -          
sm-users-loads strata-loads   5.9601     6.1912     6.1044     6.1036     6.2614     6.2075     6.0438     6.0951     6.2364     6.1473     6.0742     6.3696     6.0620     6.1857     5.9337     5.9941     6.1039     6.0296     6.0189     6.0114     6.0922     6.2541     5.9308     6.0211     6.2253     
sm-users-loads strata-ndload  -          -          -          -          -          -          -          -          -          -          -          -          -          -          -          -          -          -          -          -          -          -          -          -          -          
sm-users-loads strata-str     -          -          -          -          -          -          -          -          -          -          -          -          -          -          -          -          -          -          -          -          -          -          -          -          -          
sm-users-ndload orjson-bytes  -          -          -          -          -          -          -          -          -          -          -          -          -          -          -          -          -          -          -          -          -          -          -          -          -          
sm-users-ndload orjson-dump   -          -          -          -          -          -          -          -          -          -          -          -          -          -          -          -          -          -          -          -          -          -          -          -          -          
sm-users-ndload orjson-load   -          -          -          -          -          -          -          -          -          -          -          -          -          -          -          -          -          -          -          -          -          -          -          -          -          
sm-users-ndload orjson-loads  -          -          -          -          -          -          -          -          -          -          -          -          -          -          -          -          -          -          -          -          -          -          -          -          -          
sm-users-ndload orjson-ndload 10.4519    10.5816    10.7690    10.6271    10.6642    10.5044    10.6371    10.5937    10.7040    10.6202    10.4901    10.6077    10.5457    10.6107    10.4482    10.5457    10.4833    10.6352    10.1712    10.5931    10.8799    10.6968    10.2769    10.7086    10.2457    
sm-users-ndload strata-bytes  -          -          -          -          -          -          -          -          -          -          -          -          -          -          -          -          -          -          -          -          -          -          -          -          -          
sm-users-ndload strata-dump   -          -          -          -          -          -          -          -          -          -          -          -          -          -          -          -          -          -          -          -          -          -          -          -          -          
sm-users-ndload strata-load   -          -          -          -          -          -          -          -          -          -          -          -          -          -          -          -          -          -          -          -          -          -          -          -          -          
sm-users-ndload strata-loads  -          -          -          -          -          -          -          -          -          -          -          -          -          -          -          -          -          -          -          -          -          -          -          -          -          
sm-users-ndload strata-ndload 6.5175     6.7396     6.6345     6.6849     6.7516     6.5147     6.6954     6.6364     6.6368     6.6679     6.6051     6.6495     6.6052     6.5662     6.4045     6.4463     6.5324     6.6478     6.4315     6.5655     6.7715     6.6879     6.4074     6.7328     6.4740     
sm-users-ndload strata-str    -          -          -          -          -          -          -          -          -          -          -          -          -          -          -          -          -          -          -          -          -          -          -          -          -          
sm-wide_arrays-dump orjson-bytes-          -          -          -          -          -          -          -          -          -          -          -          -          -          -          -          -          -          -          -          -          -          -          -          -          
sm-wide_arrays-dump orjson-dump1.5837     1.6088     1.6828     1.6566     1.6335     1.6092     1.5974     1.5641     1.6515     1.5912     1.5431     1.6159     1.6361     1.5946     1.6286     1.6155     1.5892     1.6523     1.4859     1.6109     1.5840     1.6014     1.5838     1.5794     1.5057     
sm-wide_arrays-dump orjson-load-          -          -          -          -          -          -          -          -          -          -          -          -          -          -          -          -          -          -          -          -          -          -          -          -          
sm-wide_arrays-dump orjson-loads-          -          -          -          -          -          -          -          -          -          -          -          -          -          -          -          -          -          -          -          -          -          -          -          -          
sm-wide_arrays-dump orjson-ndload-          -          -          -          -          -          -          -          -          -          -          -          -          -          -          -          -          -          -          -          -          -          -          -          -          
sm-wide_arrays-dump strata-bytes-          -          -          -          -          -          -          -          -          -          -          -          -          -          -          -          -          -          -          -          -          -          -          -          -          
sm-wide_arrays-dump strata-dump1.2996     1.3327     1.3953     1.3724     1.3617     1.3294     1.2942     1.3056     1.3418     1.3137     1.3084     1.3001     1.3628     1.3126     1.3315     1.3094     1.3240     1.3705     1.2522     1.3111     1.3103     1.3244     1.3072     1.2984     1.2571     
sm-wide_arrays-dump strata-load-          -          -          -          -          -          -          -          -          -          -          -          -          -          -          -          -          -          -          -          -          -          -          -          -          
sm-wide_arrays-dump strata-loads-          -          -          -          -          -          -          -          -          -          -          -          -          -          -          -          -          -          -          -          -          -          -          -          -          
sm-wide_arrays-dump strata-ndload-          -          -          -          -          -          -          -          -          -          -          -          -          -          -          -          -          -          -          -          -          -          -          -          -          
sm-wide_arrays-dump strata-str-          -          -          -          -          -          -          -          -          -          -          -          -          -          -          -          -          -          -          -          -          -          -          -          -          
sm-wide_arrays-dumps orjson-bytes1.2316     1.2340     1.2256     1.2437     1.2500     1.2369     1.2257     1.2169     1.1941     1.1965     1.2290     1.2663     1.2186     1.2232     1.2238     1.2263     1.2485     1.2548     1.2244     1.2498     1.2301     1.2363     1.2051     1.2397     1.2324     
sm-wide_arrays-dumps orjson-dump-          -          -          -          -          -          -          -          -          -          -          -          -          -          -          -          -          -          -          -          -          -          -          -          -          
sm-wide_arrays-dumps orjson-load-          -          -          -          -          -          -          -          -          -          -          -          -          -          -          -          -          -          -          -          -          -          -          -          -          
sm-wide_arrays-dumps orjson-loads-          -          -          -          -          -          -          -          -          -          -          -          -          -          -          -          -          -          -          -          -          -          -          -          -          
sm-wide_arrays-dumps orjson-ndload-          -          -          -          -          -          -          -          -          -          -          -          -          -          -          -          -          -          -          -          -          -          -          -          -          
sm-wide_arrays-dumps strata-bytes0.9575     0.9484     0.9560     0.9842     0.9795     0.9574     0.9544     0.9640     0.9679     0.9487     0.9590     0.9794     0.9732     0.9616     0.9488     0.9828     0.9716     0.9792     0.9289     0.9630     0.9513     0.9431     0.9315     0.9768     0.9423     
sm-wide_arrays-dumps strata-dump-          -          -          -          -          -          -          -          -          -          -          -          -          -          -          -          -          -          -          -          -          -          -          -          -          
sm-wide_arrays-dumps strata-load-          -          -          -          -          -          -          -          -          -          -          -          -          -          -          -          -          -          -          -          -          -          -          -          -          
sm-wide_arrays-dumps strata-loads-          -          -          -          -          -          -          -          -          -          -          -          -          -          -          -          -          -          -          -          -          -          -          -          -          
sm-wide_arrays-dumps strata-ndload-          -          -          -          -          -          -          -          -          -          -          -          -          -          -          -          -          -          -          -          -          -          -          -          -          
sm-wide_arrays-dumps strata-str1.0578     1.0568     1.0684     1.0960     1.0840     1.0557     1.0631     1.0474     1.0652     1.0554     1.0701     1.0678     1.0722     1.0609     1.0423     1.0733     1.0911     1.0800     1.0218     1.0815     1.0522     1.0539     1.0276     1.0597     1.0321     
sm-wide_arrays-load orjson-bytes-          -          -          -          -          -          -          -          -          -          -          -          -          -          -          -          -          -          -          -          -          -          -          -          -          
sm-wide_arrays-load orjson-dump-          -          -          -          -          -          -          -          -          -          -          -          -          -          -          -          -          -          -          -          -          -          -          -          -          
sm-wide_arrays-load orjson-load3.5258     3.5813     3.7164     3.5404     3.6704     3.5634     3.5640     3.5658     3.5544     3.5595     3.5387     3.7065     3.6961     3.7155     3.5398     3.5505     3.5595     3.7233     3.4523     3.5245     3.5458     3.6179     3.5309     3.6410     3.4913     
sm-wide_arrays-load orjson-loads-          -          -          -          -          -          -          -          -          -          -          -          -          -          -          -          -          -          -          -          -          -          -          -          -          
sm-wide_arrays-load orjson-ndload-          -          -          -          -          -          -          -          -          -          -          -          -          -          -          -          -          -          -          -          -          -          -          -          -          
sm-wide_arrays-load strata-bytes-          -          -          -          -          -          -          -          -          -          -          -          -          -          -          -          -          -          -          -          -          -          -          -          -          
sm-wide_arrays-load strata-dump-          -          -          -          -          -          -          -          -          -          -          -          -          -          -          -          -          -          -          -          -          -          -          -          -          
sm-wide_arrays-load strata-load3.1761     3.1773     3.3014     3.1298     3.3209     3.1886     3.1958     3.1599     3.1581     3.1882     3.1781     3.2845     3.3025     3.3033     3.1452     3.1681     3.1851     3.3512     3.1026     3.1412     3.1629     3.3151     3.1744     3.2684     3.1197     
sm-wide_arrays-load strata-loads-          -          -          -          -          -          -          -          -          -          -          -          -          -          -          -          -          -          -          -          -          -          -          -          -          
sm-wide_arrays-load strata-ndload-          -          -          -          -          -          -          -          -          -          -          -          -          -          -          -          -          -          -          -          -          -          -          -          -          
sm-wide_arrays-load strata-str-          -          -          -          -          -          -          -          -          -          -          -          -          -          -          -          -          -          -          -          -          -          -          -          -          
sm-wide_arrays-loads orjson-bytes-          -          -          -          -          -          -          -          -          -          -          -          -          -          -          -          -          -          -          -          -          -          -          -          -          
sm-wide_arrays-loads orjson-dump-          -          -          -          -          -          -          -          -          -          -          -          -          -          -          -          -          -          -          -          -          -          -          -          -          
sm-wide_arrays-loads orjson-load-          -          -          -          -          -          -          -          -          -          -          -          -          -          -          -          -          -          -          -          -          -          -          -          -          
sm-wide_arrays-loads orjson-loads3.2228     3.3304     3.2940     3.3933     3.3934     3.3137     3.2648     3.2481     3.2664     3.3481     3.2373     3.4125     3.2668     3.2569     3.2391     3.2691     3.2522     3.3900     3.1657     3.2340     3.2562     3.4082     3.1855     3.3076     3.2578     
sm-wide_arrays-loads orjson-ndload-          -          -          -          -          -          -          -          -          -          -          -          -          -          -          -          -          -          -          -          -          -          -          -          -          
sm-wide_arrays-loads strata-bytes-          -          -          -          -          -          -          -          -          -          -          -          -          -          -          -          -          -          -          -          -          -          -          -          -          
sm-wide_arrays-loads strata-dump-          -          -          -          -          -          -          -          -          -          -          -          -          -          -          -          -          -          -          -          -          -          -          -          -          
sm-wide_arrays-loads strata-load-          -          -          -          -          -          -          -          -          -          -          -          -          -          -          -          -          -          -          -          -          -          -          -          -          
sm-wide_arrays-loads strata-loads2.9726     3.0021     3.0198     3.0517     3.0994     2.9888     2.9961     2.9421     2.9557     3.0900     2.9740     3.0522     2.9820     2.9995     2.9584     2.9194     2.9285     3.1175     2.8868     2.9115     2.9371     3.0459     2.8976     3.0057     2.9644     
sm-wide_arrays-loads strata-ndload-          -          -          -          -          -          -          -          -          -          -          -          -          -          -          -          -          -          -          -          -          -          -          -          -          
sm-wide_arrays-loads strata-str-          -          -          -          -          -          -          -          -          -          -          -          -          -          -          -          -          -          -          -          -          -          -          -          -          

file: /Users/borysbardysh/PycharmProjects/PrimeLabFoundation/strata/build/evidence/M15/ab/held_ab.tsv
launches: L00:A L01:B L02:B L03:A L04:A L05:B L06:B L07:A L08:A L09:B L10:B L11:A L12:A L13:B L14:B L15:A L16:A L17:B L18:B L19:A L20:A L21:B L22:B L23:A L24:A
baseline: A   candidate: B   blocks: 6   leading: none   trailing: L24   min samples/launch: 10
blocks: L00L01L02L03  L04L05L06L07  L08L09L10L11  L12L13L14L15  L16L17L18L19  L20L21L22L23

row                   engine        rival          blk  raw strata  raw rival  normalised    ci low   ci high   pos
md-flat-dumps         strata-bytes  orjson-bytes     6      -7.05%     +0.28%      -7.55%    -8.68%    -6.66%  0/6
                                    blocks (normalised): -6.20 -7.42 -7.12 -8.80 -7.68 -8.55
md-flat-dumps         strata-str    orjson-bytes     6      -7.48%     +0.28%      -7.24%    -8.59%    -5.88%  0/6
                                    blocks (normalised): -5.98 -5.78 -7.10 -7.37 -8.88 -8.31
md-mixed-dumps        strata-bytes  orjson-bytes     6      -5.00%     +0.15%      -5.31%    -6.06%    -4.78%  0/6
                                    blocks (normalised): -5.47 -5.16 -4.83 -6.54 -5.58 -4.73
md-mixed-dumps        strata-str    orjson-bytes     6      -5.29%     +0.15%      -5.64%    -6.05%    -4.95%  0/6
                                    blocks (normalised): -5.79 -5.50 -5.01 -5.90 -4.88 -6.21
md-nested-dumps       strata-bytes  orjson-bytes     6      -9.10%     +0.63%      -8.95%    -9.84%    -8.70%  0/6
                                    blocks (normalised): -8.58 -8.82 -10.56 -9.04 -8.85 -9.12
md-nested-dumps       strata-str    orjson-bytes     6      -8.01%     +0.63%      -7.74%    -8.89%    -7.37%  0/6
                                    blocks (normalised): -7.10 -8.14 -9.64 -7.81 -7.67 -7.64
md-users-dumps        strata-bytes  orjson-bytes     6      -4.48%     -0.27%      -4.29%    -5.38%    -2.99%  0/6
                                    blocks (normalised): -5.89 -4.42 -2.22 -3.76 -4.17 -4.86
md-users-dumps        strata-str    orjson-bytes     6      -3.83%     -0.27%      -3.65%    -5.36%    -2.37%  0/6
                                    blocks (normalised): -4.14 -3.87 -2.18 -2.56 -3.43 -6.57
md-wide_arrays-dumps  strata-bytes  orjson-bytes     6      -0.05%     -0.48%      +0.38%    -1.13%    +1.34%  4/6
                                    blocks (normalised): +1.12 -0.30 +0.49 +0.26 +1.57 -1.96
md-wide_arrays-dumps  strata-str    orjson-bytes     6      -0.21%     -0.48%      +0.44%    -0.58%    +3.40%  3/6
                                    blocks (normalised): +5.06 -0.11 -0.46 -0.70 +1.75 +0.98
sm-flat-dump          strata-dump   orjson-dump      6      -1.87%     +2.12%      -6.05%    -7.74%    -2.97%  0/6
                                    blocks (normalised): -4.48 -5.95 -6.15 -8.61 -6.87 -1.45
sm-flat-dumps         strata-bytes  orjson-bytes     6     -10.06%     -0.19%      -9.42%    -9.96%    -8.67%  0/6
                                    blocks (normalised): -9.42 -9.48 -8.16 -10.43 -9.18 -9.41
sm-flat-dumps         strata-str    orjson-bytes     6      -8.50%     -0.19%      -7.91%    -8.63%    -7.27%  0/6
                                    blocks (normalised): -8.10 -7.72 -8.22 -9.05 -6.81 -7.72
sm-flat-load          strata-load   orjson-load      6      +0.81%     +1.65%      +0.34%    -0.76%    +0.85%  3/6
                                    blocks (normalised): +0.90 -0.67 -0.85 -0.00 +0.69 +0.80
sm-flat-loads         strata-loads  orjson-loads     6      -0.09%     +0.25%      -0.35%    -0.94%    +0.33%  3/6
                                    blocks (normalised): +0.54 -0.79 -0.84 -1.05 +0.10 +0.12
sm-mixed-dump         strata-dump   orjson-dump      6      +0.63%     +1.98%      -1.60%    -3.13%    +0.44%  2/6
                                    blocks (normalised): -3.23 -0.59 +0.55 -2.62 +0.33 -3.03
sm-mixed-dumps        strata-bytes  orjson-bytes     6      -6.61%     -1.88%      -5.13%    -6.73%    -4.36%  0/6
                                    blocks (normalised): -4.56 -4.31 -5.69 -6.20 -7.26 -4.41
sm-mixed-dumps        strata-str    orjson-bytes     6      -6.88%     -1.88%      -4.87%    -5.96%    -4.12%  0/6
                                    blocks (normalised): -4.55 -4.92 -4.83 -6.14 -3.69 -5.78
sm-mixed-load         strata-load   orjson-load      6      +0.60%     -0.02%      -0.76%    -3.22%    +1.46%  3/6
                                    blocks (normalised): -1.94 +0.88 +2.04 -4.22 +0.43 -2.22
sm-mixed-loads        strata-loads  orjson-loads     6      +0.37%     +0.31%      +0.10%    -0.65%    +0.57%  3/6
                                    blocks (normalised): -0.14 +0.33 +0.26 +0.81 -0.06 -1.16
sm-nested-dump        strata-dump   orjson-dump      6      -3.87%     +3.60%      -6.21%    -8.99%    -3.78%  0/6
                                    blocks (normalised): -9.69 -5.03 -2.54 -6.33 -6.08 -8.28
sm-nested-dumps       strata-bytes  orjson-bytes     6      -8.06%     +0.06%      -7.84%    -8.43%    -7.12%  0/6
                                    blocks (normalised): -7.12 -8.53 -8.24 -7.12 -7.45 -8.34
sm-nested-dumps       strata-str    orjson-bytes     6      -7.88%     +0.06%      -6.88%    -8.75%    -5.55%  0/6
                                    blocks (normalised): -5.33 -8.81 -5.77 -7.00 -6.77 -8.69
sm-nested-load        strata-load   orjson-load      6      +1.20%     +1.10%      +0.11%    -0.47%    +0.32%  4/6
                                    blocks (normalised): -0.30 -0.65 +0.44 +0.21 +0.21 +0.00
sm-nested-loads       strata-loads  orjson-loads     6      +0.37%     -0.30%      +0.64%    -0.46%    +2.02%  5/6
                                    blocks (normalised): +3.08 +0.08 -1.01 +0.96 +0.41 +0.87
sm-users-dump         strata-dump   orjson-dump      6      -2.28%     +0.50%      -2.70%    -4.41%    -1.99%  0/6
                                    blocks (normalised): -2.45 -4.69 -2.33 -1.66 -2.96 -4.12
sm-users-dumps        strata-bytes  orjson-bytes     6      -4.81%     -0.12%      -4.71%    -5.63%    -3.54%  0/6
                                    blocks (normalised): -5.02 -4.40 -5.83 -5.44 -3.37 -3.71
sm-users-dumps        strata-str    orjson-bytes     6      -4.48%     -0.12%      -3.94%    -4.89%    -3.37%  0/6
                                    blocks (normalised): -4.90 -3.86 -4.87 -4.02 -3.41 -3.34
sm-users-load         strata-load   orjson-load      6      -0.09%     -0.90%      +0.11%    -1.37%    +1.70%  3/6
                                    blocks (normalised): +2.26 +0.49 -1.56 -1.18 -0.28 +1.13
sm-users-loads        strata-loads  orjson-loads     6      -0.01%     +0.31%      -0.25%    -0.95%    +0.83%  2/6
                                    blocks (normalised): +1.50 -1.03 -0.22 -0.86 -0.29 +0.15
sm-users-ndload       strata-ndload orjson-ndload    6      -0.38%     -0.75%      -0.08%    -0.63%    +1.01%  3/6
                                    blocks (normalised): +0.03 -0.79 +0.85 -0.47 +1.17 -0.19
sm-wide_arrays-dump   strata-dump   orjson-dump      6      -0.61%     -0.30%      +0.35%    -1.04%    +2.51%  4/6
                                    blocks (normalised): +0.51 -1.92 +3.49 -0.17 +1.52 +0.19
sm-wide_arrays-dumps  strata-bytes  orjson-bytes     6      -1.98%     -0.70%      -1.38%    -2.02%    -0.65%  0/6
                                    blocks (normalised): -1.29 -1.46 -0.68 -2.42 -0.63 -1.63
sm-wide_arrays-dumps  strata-str    orjson-bytes     6      -1.38%     -0.70%      -0.55%    -2.29%    +0.36%  1/6
                                    blocks (normalised): -0.69 -0.41 +1.01 -2.06 -2.53 -0.29
sm-wide_arrays-load   strata-load   orjson-load      6      +0.28%     -0.20%      +0.37%    -0.49%    +1.25%  4/6
                                    blocks (normalised): -0.52 +0.03 +1.08 -0.46 +0.71 +1.43
sm-wide_arrays-loads  strata-loads  orjson-loads     6      +0.47%     -0.24%      +0.80%    -0.30%    +2.03%  4/6
                                    blocks (normalised): -0.19 +0.03 +2.35 +1.57 +1.71 -0.41

raw strata / raw rival: the same block estimator on the unnormalised medians.
normalised: strata/rival measured in the same process, then blocked.
ci: bootstrap over whole blocks of the median block effect (2000 resamples).

== drift: the trailing baseline launch against the leading one
md-flat-dumps         strata-bytes  strata +0.04%   rival -1.76%   normalised +1.84%
md-flat-dumps         strata-str    strata -0.73%   rival -1.76%   normalised +1.05%
md-mixed-dumps        strata-bytes  strata -0.91%   rival -1.75%   normalised +0.85%
md-mixed-dumps        strata-str    strata -4.30%   rival -1.75%   normalised -2.60%
md-nested-dumps       strata-bytes  strata -3.00%   rival -1.53%   normalised -1.50%
md-nested-dumps       strata-str    strata -2.42%   rival -1.53%   normalised -0.91%
md-users-dumps        strata-bytes  strata -2.45%   rival -1.05%   normalised -1.41%
md-users-dumps        strata-str    strata -0.84%   rival -1.05%   normalised +0.22%
md-wide_arrays-dumps  strata-bytes  strata -0.63%   rival -6.40%   normalised +6.16%
md-wide_arrays-dumps  strata-str    strata +4.83%   rival -6.40%   normalised +12.00%
sm-flat-dump          strata-dump   strata +5.31%   rival +3.64%   normalised +1.61%
sm-flat-dumps         strata-bytes  strata +1.97%   rival +1.21%   normalised +0.74%
sm-flat-dumps         strata-str    strata +2.39%   rival +1.21%   normalised +1.16%
sm-flat-load          strata-load   strata +2.47%   rival +3.58%   normalised -1.07%
sm-flat-loads         strata-loads  strata +3.41%   rival +4.81%   normalised -1.33%
sm-mixed-dump         strata-dump   strata -10.30%   rival -9.70%   normalised -0.67%
sm-mixed-dumps        strata-bytes  strata -3.47%   rival -5.05%   normalised +1.66%
sm-mixed-dumps        strata-str    strata -6.68%   rival -5.05%   normalised -1.73%
sm-mixed-load         strata-load   strata -8.62%   rival -10.17%   normalised +1.72%
sm-mixed-loads        strata-loads  strata -1.79%   rival -2.48%   normalised +0.70%
sm-nested-dump        strata-dump   strata +11.28%   rival +10.33%   normalised +0.86%
sm-nested-dumps       strata-bytes  strata -1.49%   rival -2.84%   normalised +1.40%
sm-nested-dumps       strata-str    strata -2.28%   rival -2.84%   normalised +0.58%
sm-nested-load        strata-load   strata +1.44%   rival +1.16%   normalised +0.28%
sm-nested-loads       strata-loads  strata -0.41%   rival -0.51%   normalised +0.11%
sm-users-dump         strata-dump   strata -1.90%   rival -0.20%   normalised -1.70%
sm-users-dumps        strata-bytes  strata -0.13%   rival +0.08%   normalised -0.21%
sm-users-dumps        strata-str    strata -1.43%   rival +0.08%   normalised -1.51%
sm-users-load         strata-load   strata +3.07%   rival +1.76%   normalised +1.30%
sm-users-loads        strata-loads  strata +4.45%   rival +3.89%   normalised +0.54%
sm-users-ndload       strata-ndload strata -0.67%   rival -1.97%   normalised +1.33%
sm-wide_arrays-dump   strata-dump   strata -3.27%   rival -4.92%   normalised +1.74%
sm-wide_arrays-dumps  strata-bytes  strata -1.59%   rival +0.07%   normalised -1.65%
sm-wide_arrays-dumps  strata-str    strata -2.43%   rival +0.07%   normalised -2.50%
sm-wide_arrays-load   strata-load   strata -1.78%   rival -0.98%   normalised -0.80%
sm-wide_arrays-loads  strata-loads  strata -0.28%   rival +1.08%   normalised -1.35%
