2026-09-29T22:08:38.6109476Z Current runner version: '2.337.0'
2026-09-29T22:08:38.6142327Z ##[group]Runner Image Provisioner
2026-09-29T22:08:38.6143857Z Hosted Compute Agent
2026-09-29T22:08:38.6144501Z Version: 20260828.587
2026-09-29T22:08:38.6145165Z Commit: abac92662cab4cc7352de4f9f9d2e2419aad9c29
2026-09-29T22:08:38.6146069Z Build Date: 2026-08-28T16:44:25Z
2026-09-29T22:08:38.6146779Z Worker ID: {3cbfe5e7-5c54-4f85-9896-b96b7888376d}
2026-09-29T22:08:38.6147534Z Azure Region: eastus2
2026-09-29T22:08:38.6148178Z ##[endgroup]
2026-09-29T22:08:38.6150578Z ##[group]Operating System
2026-09-29T22:08:38.6151442Z Ubuntu
2026-09-29T22:08:38.6151966Z 24.04.5
2026-09-29T22:08:38.6153222Z LTS
2026-09-29T22:08:38.6153786Z ##[endgroup]
2026-09-29T22:08:38.6154354Z ##[group]Runner Image
2026-09-29T22:08:38.6155185Z Image: ubuntu-24.04-arm
2026-09-29T22:08:38.6155781Z Version: 20260920.129.1
2026-09-29T22:08:38.6157195Z Included Software: https://github.com/actions/runner-images/blob/ubuntu24-arm64/20260920.129/images/ubuntu/Ubuntu2404-Arm64-Readme.md
2026-09-29T22:08:38.6158784Z Image Release: https://github.com/actions/runner-images/releases/tag/ubuntu24-arm64%2F20260920.129
2026-09-29T22:08:38.6159907Z ##[endgroup]
2026-09-29T22:08:38.6161114Z ##[group]GITHUB_TOKEN Permissions
2026-09-29T22:08:38.6164476Z Contents: read
2026-09-29T22:08:38.6165127Z Metadata: read
2026-09-29T22:08:38.6165992Z Packages: read
2026-09-29T22:08:38.6166545Z ##[endgroup]
2026-09-29T22:08:38.6169156Z Secret source: Actions
2026-09-29T22:08:38.6170411Z Cache mode: write
2026-09-29T22:08:38.6171383Z Prepare workflow directory
2026-09-29T22:08:38.6557174Z Prepare all required actions
2026-09-29T22:08:38.6609687Z Getting action download info
2026-09-29T22:08:38.9019207Z Download action repository 'actions/checkout@v4' (SHA:11d5960a326750d5838078e36cf38b85af677262)
2026-09-29T22:08:39.0199747Z Download action repository 'actions/setup-python@v5' (SHA:a26af69be951a213d495a4c3e4e4022e16d87065)
2026-09-29T22:08:39.1823055Z Download action repository 'actions/upload-artifact@v4' (SHA:ea165f8d65b6e75b540449e92b4886f43607fa02)
2026-09-29T22:08:39.4484090Z Complete job name: supportability (linux-arm64)
2026-09-29T22:08:39.5360639Z ##[group]Run actions/checkout@v4
2026-09-29T22:08:39.5361930Z with:
2026-09-29T22:08:39.5362764Z   fetch-depth: 0
2026-09-29T22:08:39.5363518Z   repository: PrimeLab-Foundation/strata
2026-09-29T22:08:39.5367277Z   token: ***
2026-09-29T22:08:39.5367962Z   ssh-strict: true
2026-09-29T22:08:39.5368567Z   ssh-user: git
2026-09-29T22:08:39.5369157Z   persist-credentials: true
2026-09-29T22:08:39.5369831Z   clean: true
2026-09-29T22:08:39.5370401Z   sparse-checkout-cone-mode: true
2026-09-29T22:08:39.5371060Z   fetch-tags: false
2026-09-29T22:08:39.5371662Z   show-progress: true
2026-09-29T22:08:39.5372250Z   lfs: false
2026-09-29T22:08:39.5373093Z   submodules: false
2026-09-29T22:08:39.5373676Z   set-safe-directory: true
2026-09-29T22:08:39.5374339Z   allow-unsafe-pr-checkout: false
2026-09-29T22:08:39.5375559Z ##[endgroup]
2026-09-29T22:08:39.6283228Z Syncing repository: PrimeLab-Foundation/strata
2026-09-29T22:08:39.6286450Z ##[group]Getting Git version info
2026-09-29T22:08:39.6290317Z Working directory is '/home/runner/work/strata/strata'
2026-09-29T22:08:39.6291673Z [command]/usr/bin/git version
2026-09-29T22:08:39.6292672Z git version 2.55.0
2026-09-29T22:08:39.6305110Z ##[endgroup]
2026-09-29T22:08:39.6324633Z Temporarily overriding HOME='/home/runner/work/_temp/12c1a553-4d40-437e-9ba2-83acd8eea0fd' before making global git config changes
2026-09-29T22:08:39.6329553Z Adding repository directory to the temporary git global config as a safe directory
2026-09-29T22:08:39.6331629Z [command]/usr/bin/git config --global --add safe.directory /home/runner/work/strata/strata
2026-09-29T22:08:39.6365701Z Deleting the contents of '/home/runner/work/strata/strata'
2026-09-29T22:08:39.6373205Z ##[group]Initializing the repository
2026-09-29T22:08:39.6375955Z [command]/usr/bin/git init /home/runner/work/strata/strata
2026-09-29T22:08:39.6445609Z hint: Using 'master' as the name for the initial branch. This default branch name
2026-09-29T22:08:39.6450034Z hint: will change to "main" in Git 3.0. To configure the initial branch name
2026-09-29T22:08:39.6470384Z hint: to use in all of your new repositories, which will suppress this warning,
2026-09-29T22:08:39.6471565Z hint: call:
2026-09-29T22:08:39.6472141Z hint:
2026-09-29T22:08:39.6473126Z hint: 	git config --global init.defaultBranch <name>
2026-09-29T22:08:39.6473848Z hint:
2026-09-29T22:08:39.6474542Z hint: Names commonly chosen instead of 'master' are 'main', 'trunk' and
2026-09-29T22:08:39.6475656Z hint: 'development'. The just-created branch can be renamed via this command:
2026-09-29T22:08:39.6476532Z hint:
2026-09-29T22:08:39.6477121Z hint: 	git branch -m <name>
2026-09-29T22:08:39.6477734Z hint:
2026-09-29T22:08:39.6478480Z hint: Disable this message with "git config set advice.defaultBranchName false"
2026-09-29T22:08:39.6479663Z Initialized empty Git repository in /home/runner/work/strata/strata/.git/
2026-09-29T22:08:39.6481798Z [command]/usr/bin/git remote add origin https://github.com/PrimeLab-Foundation/strata
2026-09-29T22:08:39.6524526Z ##[endgroup]
2026-09-29T22:08:39.6526013Z ##[group]Disabling automatic garbage collection
2026-09-29T22:08:39.6527346Z [command]/usr/bin/git config --local gc.auto 0
2026-09-29T22:08:39.6585333Z ##[endgroup]
2026-09-29T22:08:39.6586878Z ##[group]Setting up auth
2026-09-29T22:08:39.6591020Z [command]/usr/bin/git config --local --name-only --get-regexp core\.sshCommand
2026-09-29T22:08:39.6631104Z [command]/usr/bin/git submodule foreach --recursive sh -c "git config --local --name-only --get-regexp 'core\.sshCommand' && git config --local --unset-all 'core.sshCommand' || :"
2026-09-29T22:08:39.6931752Z [command]/usr/bin/git config --local --name-only --get-regexp http\.https\:\/\/github\.com\/\.extraheader
2026-09-29T22:08:39.6983305Z [command]/usr/bin/git submodule foreach --recursive sh -c "git config --local --name-only --get-regexp 'http\.https\:\/\/github\.com\/\.extraheader' && git config --local --unset-all 'http.https://github.com/.extraheader' || :"
2026-09-29T22:08:39.7174904Z [command]/usr/bin/git config --local --name-only --get-regexp ^includeIf\.gitdir:
2026-09-29T22:08:39.7199770Z [command]/usr/bin/git submodule foreach --recursive git config --local --show-origin --name-only --get-regexp remote.origin.url
2026-09-29T22:08:39.7402114Z [command]/usr/bin/git config --local http.https://github.com/.extraheader AUTHORIZATION: basic ***
2026-09-29T22:08:39.7440592Z ##[endgroup]
2026-09-29T22:08:39.7441882Z ##[group]Fetching the repository
2026-09-29T22:08:39.7450014Z [command]/usr/bin/git -c protocol.version=2 fetch --prune --no-recurse-submodules origin +refs/heads/*:refs/remotes/origin/* +refs/tags/*:refs/tags/*
2026-09-29T22:08:41.8523124Z From https://github.com/PrimeLab-Foundation/strata
2026-09-29T22:08:41.8524637Z  * [new branch]      exp/ab-historic-base        -> origin/exp/ab-historic-base
2026-09-29T22:08:41.8526043Z  * [new branch]      exp/cold-entry              -> origin/exp/cold-entry
2026-09-29T22:08:41.8527353Z  * [new branch]      exp/cold-slot-interleave    -> origin/exp/cold-slot-interleave
2026-09-29T22:08:41.8528609Z  * [new branch]      exp/cross-sample            -> origin/exp/cross-sample
2026-09-29T22:08:41.8529821Z  * [new branch]      exp/emit-n2                 -> origin/exp/emit-n2
2026-09-29T22:08:41.8531004Z  * [new branch]      exp/m12-ab-arm              -> origin/exp/m12-ab-arm
2026-09-29T22:08:41.8532231Z  * [new branch]      exp/m12-base-pin            -> origin/exp/m12-base-pin
2026-09-29T22:08:41.8533684Z  * [new branch]      exp/m12-base-pin2           -> origin/exp/m12-base-pin2
2026-09-29T22:08:41.8534900Z  * [new branch]      exp/m12-default-hook        -> origin/exp/m12-default-hook
2026-09-29T22:08:41.8536176Z  * [new branch]      exp/m12-default-hook-2      -> origin/exp/m12-default-hook-2
2026-09-29T22:08:41.8537349Z  * [new branch]      exp/m12-source-ab           -> origin/exp/m12-source-ab
2026-09-29T22:08:41.8538480Z  * [new branch]      exp/m12b-ab-arm             -> origin/exp/m12b-ab-arm
2026-09-29T22:08:41.8540380Z  * [new branch]      exp/m12b-dumps-with-default -> origin/exp/m12b-dumps-with-default
2026-09-29T22:08:41.8541725Z  * [new branch]      exp/m13-adapters            -> origin/exp/m13-adapters
2026-09-29T22:08:41.8546837Z  * [new branch]      exp/m15-ab-arm              -> origin/exp/m15-ab-arm
2026-09-29T22:08:41.8547902Z  * [new branch]      exp/main-repair             -> origin/exp/main-repair
2026-09-29T22:08:41.8548890Z  * [new branch]      exp/native-gap              -> origin/exp/native-gap
2026-09-29T22:08:41.8549980Z  * [new branch]      exp/native-types            -> origin/exp/native-types
2026-09-29T22:08:41.8551035Z  * [new branch]      exp/p0-integration          -> origin/exp/p0-integration
2026-09-29T22:08:41.8552164Z  * [new branch]      exp/p0p6-integration        -> origin/exp/p0p6-integration
2026-09-29T22:08:41.8553329Z  * [new branch]      exp/p23-b1                  -> origin/exp/p23-b1
2026-09-29T22:08:41.8554320Z  * [new branch]      exp/p23-b1-tests            -> origin/exp/p23-b1-tests
2026-09-29T22:08:41.8555471Z  * [new branch]      exp/p23-general-tables      -> origin/exp/p23-general-tables
2026-09-29T22:08:41.8556565Z  * [new branch]      exp/p23-tests-only          -> origin/exp/p23-tests-only
2026-09-29T22:08:41.8557633Z  * [new branch]      exp/p24-open-cost           -> origin/exp/p24-open-cost
2026-09-29T22:08:41.8558680Z  * [new branch]      exp/p24-tests-only          -> origin/exp/p24-tests-only
2026-09-29T22:08:41.8559661Z  * [new branch]      exp/p26-tests-arm           -> origin/exp/p26-tests-arm
2026-09-29T22:08:41.8560795Z  * [new branch]      exp/p26-win-abi             -> origin/exp/p26-win-abi
2026-09-29T22:08:41.8561942Z  * [new branch]      exp/p6-acceptance2          -> origin/exp/p6-acceptance2
2026-09-29T22:08:41.8563383Z  * [new branch]      exp/p6-windows-ab           -> origin/exp/p6-windows-ab
2026-09-29T22:08:41.8564421Z  * [new branch]      exp/p6-x86-ab               -> origin/exp/p6-x86-ab
2026-09-29T22:08:41.8565721Z  * [new branch]      exp/p6-x86-regs             -> origin/exp/p6-x86-regs
2026-09-29T22:08:41.8566963Z  * [new branch]      exp/p6p7-integration        -> origin/exp/p6p7-integration
2026-09-29T22:08:41.8568005Z  * [new branch]      exp/p7-x86-nofp             -> origin/exp/p7-x86-nofp
2026-09-29T22:08:41.8569122Z  * [new branch]      exp/p7b-tests-only          -> origin/exp/p7b-tests-only
2026-09-29T22:08:41.8570085Z  * [new branch]      exp/p8-b1                   -> origin/exp/p8-b1
2026-09-29T22:08:41.8571010Z  * [new branch]      exp/p8-b12                  -> origin/exp/p8-b12
2026-09-29T22:08:41.8572037Z  * [new branch]      exp/p8-b2                   -> origin/exp/p8-b2
2026-09-29T22:08:41.8573230Z  * [new branch]      exp/p9-fused-dicts          -> origin/exp/p9-fused-dicts
2026-09-29T22:08:41.8574267Z  * [new branch]      exp/p9-probe-flag           -> origin/exp/p9-probe-flag
2026-09-29T22:08:41.8575449Z  * [new branch]      exp/p9-probe-placement      -> origin/exp/p9-probe-placement
2026-09-29T22:08:41.8576658Z  * [new branch]      exp/pin-discovery-ab        -> origin/exp/pin-discovery-ab
2026-09-29T22:08:41.8577832Z  * [new branch]      exp/pin-discovery-test      -> origin/exp/pin-discovery-test
2026-09-29T22:08:41.8578902Z  * [new branch]      exp/t1-ab                   -> origin/exp/t1-ab
2026-09-29T22:08:41.8580009Z  * [new branch]      exp/t1-private-cache-leak   -> origin/exp/t1-private-cache-leak
2026-09-29T22:08:41.8581134Z  * [new branch]      exp/t1-source-ab            -> origin/exp/t1-source-ab
2026-09-29T22:08:41.8582126Z  * [new branch]      exp/t1-tests-only           -> origin/exp/t1-tests-only
2026-09-29T22:08:41.8584079Z  * [new branch]      exp/t2-evidence-gates       -> origin/exp/t2-evidence-gates
2026-09-29T22:08:41.8585202Z  * [new branch]      exp/t3-ab-estimator         -> origin/exp/t3-ab-estimator
2026-09-29T22:08:41.8586266Z  * [new branch]      exp/win-mixed-probe         -> origin/exp/win-mixed-probe
2026-09-29T22:08:41.8587873Z  * [new branch]      exp/win-rawwalk-check       -> origin/exp/win-rawwalk-check
2026-09-29T22:08:41.8588886Z  * [new branch]      main                        -> origin/main
2026-09-29T22:08:41.8590079Z  * [new branch]      work/benchmark-lead         -> origin/work/benchmark-lead
2026-09-29T22:08:41.8591212Z  * [new branch]      work/september-7-plan       -> origin/work/september-7-plan
2026-09-29T22:08:41.8592279Z  * [new tag]         archive/exp/audit-tests     -> archive/exp/audit-tests
2026-09-29T22:08:41.8593636Z  * [new tag]         archive/exp/cursor          -> archive/exp/cursor
2026-09-29T22:08:41.8594633Z  * [new tag]         archive/exp/cursor2         -> archive/exp/cursor2
2026-09-29T22:08:41.8595651Z  * [new tag]         archive/exp/digitchain      -> archive/exp/digitchain
2026-09-29T22:08:41.8596651Z  * [new tag]         archive/exp/dump-flat-macos -> archive/exp/dump-flat-macos
2026-09-29T22:08:41.8597646Z  * [new tag]         archive/exp/dumps-n2        -> archive/exp/dumps-n2
2026-09-29T22:08:41.8598711Z  * [new tag]         archive/exp/e26-p2-profile  -> archive/exp/e26-p2-profile
2026-09-29T22:08:41.8599924Z  * [new tag]         archive/exp/fix1-reentrant-mutation -> archive/exp/fix1-reentrant-mutation
2026-09-29T22:08:41.8601220Z  * [new tag]         archive/exp/fix1-reentrant-mutation-v2 -> archive/exp/fix1-reentrant-mutation-v2
2026-09-29T22:08:41.8602633Z  * [new tag]         archive/exp/fix1-reentrant-mutation-v3 -> archive/exp/fix1-reentrant-mutation-v3
2026-09-29T22:08:41.8603950Z  * [new tag]         archive/exp/fix1-reentrant-mutation-v4 -> archive/exp/fix1-reentrant-mutation-v4
2026-09-29T22:08:41.8605245Z  * [new tag]         archive/exp/fix2-surrogate-key -> archive/exp/fix2-surrogate-key
2026-09-29T22:08:41.8606371Z  * [new tag]         archive/exp/p0-controls     -> archive/exp/p0-controls
2026-09-29T22:08:41.8607410Z  * [new tag]         archive/exp/p1-attribution  -> archive/exp/p1-attribution
2026-09-29T22:08:41.8608675Z  * [new tag]         archive/exp/shrink-cold-instruction-footprint -> archive/exp/shrink-cold-instruction-footprint
2026-09-29T22:08:41.8610360Z  * [new tag]         archive/exp/shrink-write-stack-frames -> archive/exp/shrink-write-stack-frames
2026-09-29T22:08:41.8611656Z  * [new tag]         archive/exp/terminator      -> archive/exp/terminator
2026-09-29T22:08:41.8613004Z  * [new tag]         archive/exp/width-flat-format-int64-above-1e4 -> archive/exp/width-flat-format-int64-above-1e4
2026-09-29T22:08:41.8614368Z  * [new tag]         archive/main-from-scratch-v1 -> archive/main-from-scratch-v1
2026-09-29T22:08:41.8615346Z  * [new tag]         archive/main-v2             -> archive/main-v2
2026-09-29T22:08:41.8616272Z  * [new tag]         archive/main-v2-0.1         -> archive/main-v2-0.1
2026-09-29T22:08:41.8617395Z  * [new tag]         archive/main-v2-long-run-do-nothing -> archive/main-v2-long-run-do-nothing
2026-09-29T22:08:41.8618492Z  * [new tag]         archive/main-v2-prompt-1    -> archive/main-v2-prompt-1
2026-09-29T22:08:41.8619484Z  * [new tag]         archive/main-v2-prompt-2    -> archive/main-v2-prompt-2
2026-09-29T22:08:41.8620563Z  * [new tag]         archive/main-v2-prompt-3    -> archive/main-v2-prompt-3
2026-09-29T22:08:41.8621612Z  * [new tag]         archive/main-v2-prompt-4    -> archive/main-v2-prompt-4
2026-09-29T22:08:41.8624130Z [command]/usr/bin/git branch --list --remote origin/exp/native-gap
2026-09-29T22:08:41.8624950Z   origin/exp/native-gap
2026-09-29T22:08:41.8626620Z [command]/usr/bin/git rev-parse refs/remotes/origin/exp/native-gap
2026-09-29T22:08:41.8627689Z 33465c22eee0fda8e1b52898c16aac6982901a21
2026-09-29T22:08:41.8629629Z ##[endgroup]
2026-09-29T22:08:41.8630636Z ##[group]Determining the checkout info
2026-09-29T22:08:41.8631904Z ##[endgroup]
2026-09-29T22:08:41.8632700Z [command]/usr/bin/git sparse-checkout disable
2026-09-29T22:08:41.8655899Z [command]/usr/bin/git config --local --unset-all extensions.worktreeConfig
2026-09-29T22:08:41.8683328Z ##[group]Checking out the ref
2026-09-29T22:08:41.8685089Z [command]/usr/bin/git checkout --progress --force -B exp/native-gap refs/remotes/origin/exp/native-gap
2026-09-29T22:08:42.0098508Z Switched to a new branch 'exp/native-gap'
2026-09-29T22:08:42.0100774Z branch 'exp/native-gap' set up to track 'origin/exp/native-gap'.
2026-09-29T22:08:42.0112910Z ##[endgroup]
2026-09-29T22:08:42.0150518Z [command]/usr/bin/git log -1 --format=%H
2026-09-29T22:08:42.0184362Z 33465c22eee0fda8e1b52898c16aac6982901a21
2026-09-29T22:08:42.0511702Z ##[group]Run actions/setup-python@v5
2026-09-29T22:08:42.0513041Z with:
2026-09-29T22:08:42.0513958Z   python-version: 3.12
2026-09-29T22:08:42.0514840Z   check-latest: false
2026-09-29T22:08:42.0522157Z   token: ***
2026-09-29T22:08:42.0523138Z   update-environment: true
2026-09-29T22:08:42.0524058Z   allow-prereleases: false
2026-09-29T22:08:42.0525061Z   freethreaded: false
2026-09-29T22:08:42.0525905Z ##[endgroup]
2026-09-29T22:08:42.1692348Z ##[group]Installed versions
2026-09-29T22:08:42.1781792Z (node:2194) [DEP0040] DeprecationWarning: The `punycode` module is deprecated. Please use a userland alternative instead.
2026-09-29T22:08:42.1784409Z (Use `node --trace-deprecation ...` to show where the warning was created)
2026-09-29T22:08:42.1785780Z Successfully set up CPython (3.12.14)
2026-09-29T22:08:42.1787486Z ##[endgroup]
2026-09-29T22:08:42.1941416Z ##[group]Run sudo apt-get update
2026-09-29T22:08:42.1942803Z sudo apt-get update
2026-09-29T22:08:42.1943948Z sudo apt-get install -y clang llvm cmake
2026-09-29T22:08:42.2056710Z shell: /usr/bin/bash -e {0}
2026-09-29T22:08:42.2057739Z env:
2026-09-29T22:08:42.2058643Z   pythonLocation: /opt/hostedtoolcache/Python/3.12.14/arm64
2026-09-29T22:08:42.2060173Z   PKG_CONFIG_PATH: /opt/hostedtoolcache/Python/3.12.14/arm64/lib/pkgconfig
2026-09-29T22:08:42.2061630Z   Python_ROOT_DIR: /opt/hostedtoolcache/Python/3.12.14/arm64
2026-09-29T22:08:42.2063280Z   Python2_ROOT_DIR: /opt/hostedtoolcache/Python/3.12.14/arm64
2026-09-29T22:08:42.2064631Z   Python3_ROOT_DIR: /opt/hostedtoolcache/Python/3.12.14/arm64
2026-09-29T22:08:42.2066021Z   LD_LIBRARY_PATH: /opt/hostedtoolcache/Python/3.12.14/arm64/lib
2026-09-29T22:08:42.2067215Z ##[endgroup]
2026-09-29T22:08:42.3428035Z Get:1 https://packages.microsoft.com/ubuntu/24.04/prod noble InRelease [3600 B]
2026-09-29T22:08:42.4044156Z Get:2 https://packages.microsoft.com/ubuntu/24.04/prod noble/main amd64 Packages [503 kB]
2026-09-29T22:08:42.4177271Z Get:3 https://packages.microsoft.com/ubuntu/24.04/prod noble/main arm64 Packages [454 kB]
2026-09-29T22:08:42.5281198Z Hit:4 http://ports.ubuntu.com/ubuntu-ports noble InRelease
2026-09-29T22:08:42.6517348Z Get:5 http://ports.ubuntu.com/ubuntu-ports noble-updates InRelease [126 kB]
2026-09-29T22:08:43.1864353Z Get:6 http://ports.ubuntu.com/ubuntu-ports noble-backports InRelease [126 kB]
2026-09-29T22:08:43.4344665Z Get:7 http://ports.ubuntu.com/ubuntu-ports noble-security InRelease [126 kB]
2026-09-29T22:08:43.6029866Z Get:8 http://ports.ubuntu.com/ubuntu-ports noble-updates/main arm64 Packages [1374 kB]
2026-09-29T22:08:44.1658439Z Get:9 http://ports.ubuntu.com/ubuntu-ports noble-updates/main Translation-en [299 kB]
2026-09-29T22:08:44.3143144Z Get:10 http://ports.ubuntu.com/ubuntu-ports noble-updates/main arm64 Components [178 kB]
2026-09-29T22:08:44.4516826Z Get:11 http://ports.ubuntu.com/ubuntu-ports noble-updates/universe arm64 Packages [1734 kB]
2026-09-29T22:08:44.7654950Z Get:12 http://ports.ubuntu.com/ubuntu-ports noble-updates/universe Translation-en [340 kB]
2026-09-29T22:08:44.9034327Z Get:13 http://ports.ubuntu.com/ubuntu-ports noble-updates/universe arm64 Components [387 kB]
2026-09-29T22:08:45.0441250Z Get:14 http://ports.ubuntu.com/ubuntu-ports noble-updates/restricted arm64 Packages [2462 kB]
2026-09-29T22:08:45.3170375Z Get:15 http://ports.ubuntu.com/ubuntu-ports noble-updates/restricted Translation-en [377 kB]
2026-09-29T22:08:45.4482285Z Get:16 http://ports.ubuntu.com/ubuntu-ports noble-backports/main arm64 Packages [40.7 kB]
2026-09-29T22:08:45.5727488Z Get:17 http://ports.ubuntu.com/ubuntu-ports noble-backports/main arm64 Components [3560 B]
2026-09-29T22:08:45.8604388Z Get:18 http://ports.ubuntu.com/ubuntu-ports noble-backports/universe arm64 Packages [31.3 kB]
2026-09-29T22:08:45.9850751Z Get:19 http://ports.ubuntu.com/ubuntu-ports noble-backports/universe Translation-en [18.6 kB]
2026-09-29T22:08:46.1090465Z Get:20 http://ports.ubuntu.com/ubuntu-ports noble-backports/universe arm64 Components [12.6 kB]
2026-09-29T22:08:46.2331235Z Get:21 http://ports.ubuntu.com/ubuntu-ports noble-security/main arm64 Packages [1124 kB]
2026-09-29T22:08:46.3815358Z Get:22 http://ports.ubuntu.com/ubuntu-ports noble-security/main Translation-en [220 kB]
2026-09-29T22:08:46.5095069Z Get:23 http://ports.ubuntu.com/ubuntu-ports noble-security/main arm64 Components [43.3 kB]
2026-09-29T22:08:46.6337148Z Get:24 http://ports.ubuntu.com/ubuntu-ports noble-security/universe arm64 Packages [1286 kB]
2026-09-29T22:08:46.7857450Z Get:25 http://ports.ubuntu.com/ubuntu-ports noble-security/universe Translation-en [244 kB]
2026-09-29T22:08:46.9145573Z Get:26 http://ports.ubuntu.com/ubuntu-ports noble-security/universe arm64 Components [76.3 kB]
2026-09-29T22:08:47.0385866Z Get:27 http://ports.ubuntu.com/ubuntu-ports noble-security/restricted arm64 Packages [2355 kB]
2026-09-29T22:08:47.2155482Z Get:28 http://ports.ubuntu.com/ubuntu-ports noble-security/restricted Translation-en [359 kB]
2026-09-29T22:08:50.7123721Z Fetched 14.3 MB in 5s (2845 kB/s)
2026-09-29T22:08:51.6584012Z Reading package lists...
2026-09-29T22:08:51.6884254Z Reading package lists...
2026-09-29T22:08:51.9440027Z Building dependency tree...
2026-09-29T22:08:51.9446915Z Reading state information...
2026-09-29T22:08:52.1684735Z The following additional packages will be installed:
2026-09-29T22:08:52.1693551Z   cmake-data libjsoncpp25 librhash0 llvm-runtime
2026-09-29T22:08:52.1699529Z Suggested packages:
2026-09-29T22:08:52.1700112Z   cmake-doc cmake-format elpa-cmake-mode ninja-build
2026-09-29T22:08:52.1864254Z The following NEW packages will be installed:
2026-09-29T22:08:52.1871882Z   clang cmake cmake-data libjsoncpp25 librhash0 llvm llvm-runtime
2026-09-29T22:08:52.4137132Z 0 upgraded, 7 newly installed, 0 to remove and 41 not upgraded.
2026-09-29T22:08:52.4138124Z Need to get 12.7 MB of archives.
2026-09-29T22:08:52.4138783Z After this operation, 45.1 MB of additional disk space will be used.
2026-09-29T22:08:52.4139550Z Get:1 http://ports.ubuntu.com/ubuntu-ports noble/universe arm64 clang arm64 1:18.0-59~exp2 [5854 B]
2026-09-29T22:08:52.5180083Z Get:2 http://ports.ubuntu.com/ubuntu-ports noble/main arm64 libjsoncpp25 arm64 1.9.5-6build1 [78.2 kB]
2026-09-29T22:08:52.8445294Z Get:3 http://ports.ubuntu.com/ubuntu-ports noble/main arm64 librhash0 arm64 1.4.3-3build1 [126 kB]
2026-09-29T22:08:53.0766217Z Get:4 http://ports.ubuntu.com/ubuntu-ports noble/main arm64 cmake-data all 3.28.3-1build7 [2155 kB]
2026-09-29T22:08:53.7427066Z Get:5 http://ports.ubuntu.com/ubuntu-ports noble/main arm64 cmake arm64 3.28.3-1build7 [10.3 MB]
2026-09-29T22:08:54.2962971Z Get:6 http://ports.ubuntu.com/ubuntu-ports noble/universe arm64 llvm-runtime arm64 1:18.0-59~exp2 [5498 B]
2026-09-29T22:08:54.4003139Z Get:7 http://ports.ubuntu.com/ubuntu-ports noble/universe arm64 llvm arm64 1:18.0-59~exp2 [4150 B]
2026-09-29T22:08:54.6577110Z Fetched 12.7 MB in 2s (5755 kB/s)
2026-09-29T22:08:54.6784625Z Selecting previously unselected package clang.
2026-09-29T22:08:54.6948237Z (Reading database ... 
2026-09-29T22:08:54.6949181Z (Reading database ... 5%
2026-09-29T22:08:54.6949475Z (Reading database ... 10%
2026-09-29T22:08:54.6949729Z (Reading database ... 15%
2026-09-29T22:08:54.6950117Z (Reading database ... 20%
2026-09-29T22:08:54.6950396Z (Reading database ... 25%
2026-09-29T22:08:54.6951326Z (Reading database ... 30%
2026-09-29T22:08:54.6951595Z (Reading database ... 35%
2026-09-29T22:08:54.6951835Z (Reading database ... 40%
2026-09-29T22:08:54.6952158Z (Reading database ... 45%
2026-09-29T22:08:54.6952553Z (Reading database ... 50%
2026-09-29T22:08:54.7056688Z (Reading database ... 55%
2026-09-29T22:08:54.8396842Z (Reading database ... 60%
2026-09-29T22:08:55.0452385Z (Reading database ... 65%
2026-09-29T22:08:55.2342008Z (Reading database ... 70%
2026-09-29T22:08:55.3907278Z (Reading database ... 75%
2026-09-29T22:08:55.4925291Z (Reading database ... 80%
2026-09-29T22:08:55.6963921Z (Reading database ... 85%
2026-09-29T22:08:55.9487373Z (Reading database ... 90%
2026-09-29T22:08:56.1389991Z (Reading database ... 95%
2026-09-29T22:08:56.1390368Z (Reading database ... 100%
2026-09-29T22:08:56.1390746Z (Reading database ... 201510 files and directories currently installed.)
2026-09-29T22:08:56.1435959Z Preparing to unpack .../0-clang_1%3a18.0-59~exp2_arm64.deb ...
2026-09-29T22:08:56.1500476Z Unpacking clang (1:18.0-59~exp2) ...
2026-09-29T22:08:56.1716706Z Selecting previously unselected package libjsoncpp25:arm64.
2026-09-29T22:08:56.1902812Z Preparing to unpack .../1-libjsoncpp25_1.9.5-6build1_arm64.deb ...
2026-09-29T22:08:56.1918612Z Unpacking libjsoncpp25:arm64 (1.9.5-6build1) ...
2026-09-29T22:08:56.2115390Z Selecting previously unselected package librhash0:arm64.
2026-09-29T22:08:56.2298346Z Preparing to unpack .../2-librhash0_1.4.3-3build1_arm64.deb ...
2026-09-29T22:08:56.2315356Z Unpacking librhash0:arm64 (1.4.3-3build1) ...
2026-09-29T22:08:56.2526994Z Selecting previously unselected package cmake-data.
2026-09-29T22:08:56.2704390Z Preparing to unpack .../3-cmake-data_3.28.3-1build7_all.deb ...
2026-09-29T22:08:56.2768437Z Unpacking cmake-data (3.28.3-1build7) ...
2026-09-29T22:08:56.6333424Z Selecting previously unselected package cmake.
2026-09-29T22:08:56.6512333Z Preparing to unpack .../4-cmake_3.28.3-1build7_arm64.deb ...
2026-09-29T22:08:56.6522520Z Unpacking cmake (3.28.3-1build7) ...
2026-09-29T22:08:56.8187864Z Selecting previously unselected package llvm-runtime:arm64.
2026-09-29T22:08:56.8378830Z Preparing to unpack .../5-llvm-runtime_1%3a18.0-59~exp2_arm64.deb ...
2026-09-29T22:08:56.8388697Z Unpacking llvm-runtime:arm64 (1:18.0-59~exp2) ...
2026-09-29T22:08:56.8576524Z Selecting previously unselected package llvm.
2026-09-29T22:08:56.8766064Z Preparing to unpack .../6-llvm_1%3a18.0-59~exp2_arm64.deb ...
2026-09-29T22:08:56.8796568Z Unpacking llvm (1:18.0-59~exp2) ...
2026-09-29T22:08:56.9244562Z Setting up clang (1:18.0-59~exp2) ...
2026-09-29T22:08:56.9403936Z Setting up llvm-runtime:arm64 (1:18.0-59~exp2) ...
2026-09-29T22:08:56.9419483Z Setting up libjsoncpp25:arm64 (1.9.5-6build1) ...
2026-09-29T22:08:56.9442937Z Setting up llvm (1:18.0-59~exp2) ...
2026-09-29T22:08:56.9463595Z Setting up librhash0:arm64 (1.4.3-3build1) ...
2026-09-29T22:08:56.9481808Z Setting up cmake-data (3.28.3-1build7) ...
2026-09-29T22:08:56.9540357Z Setting up cmake (3.28.3-1build7) ...
2026-09-29T22:08:56.9563665Z Processing triggers for man-db (2.12.0-4build2) ...
2026-09-29T22:08:56.9584392Z Not building database; man-db/auto-update is not 'true'.
2026-09-29T22:08:56.9599804Z Processing triggers for libc-bin (2.39-0ubuntu8.9) ...
2026-09-29T22:08:59.1263904Z 
2026-09-29T22:08:59.1265307Z Running kernel seems to be up-to-date.
2026-09-29T22:08:59.1265672Z 
2026-09-29T22:08:59.1265810Z No services need to be restarted.
2026-09-29T22:08:59.1265989Z 
2026-09-29T22:08:59.1266111Z No containers need to be restarted.
2026-09-29T22:08:59.1266364Z 
2026-09-29T22:08:59.1266602Z No user sessions are running outdated binaries.
2026-09-29T22:08:59.1266835Z 
2026-09-29T22:08:59.1267029Z No VM guests are running outdated hypervisor (qemu) binaries on this host.
2026-09-29T22:09:00.3146882Z ##[group]Run make install-bench
2026-09-29T22:09:00.3147362Z make install-bench
2026-09-29T22:09:00.3190716Z shell: /usr/bin/bash -e {0}
2026-09-29T22:09:00.3191156Z env:
2026-09-29T22:09:00.3191447Z   pythonLocation: /opt/hostedtoolcache/Python/3.12.14/arm64
2026-09-29T22:09:00.3191936Z   PKG_CONFIG_PATH: /opt/hostedtoolcache/Python/3.12.14/arm64/lib/pkgconfig
2026-09-29T22:09:00.3192715Z   Python_ROOT_DIR: /opt/hostedtoolcache/Python/3.12.14/arm64
2026-09-29T22:09:00.3193181Z   Python2_ROOT_DIR: /opt/hostedtoolcache/Python/3.12.14/arm64
2026-09-29T22:09:00.3193983Z   Python3_ROOT_DIR: /opt/hostedtoolcache/Python/3.12.14/arm64
2026-09-29T22:09:00.3194401Z   LD_LIBRARY_PATH: /opt/hostedtoolcache/Python/3.12.14/arm64/lib
2026-09-29T22:09:00.3194765Z   CC: clang
2026-09-29T22:09:00.3194983Z   CXX: clang++
2026-09-29T22:09:00.3195220Z ##[endgroup]
2026-09-29T22:09:00.3282799Z python3 -m venv .venv
2026-09-29T22:09:02.6452602Z .venv/bin/python -m pip install -U pip setuptools wheel
2026-09-29T22:09:02.9664398Z Requirement already satisfied: pip in ./.venv/lib/python3.12/site-packages (25.0.1)
2026-09-29T22:09:03.0433080Z Collecting pip
2026-09-29T22:09:03.0930634Z   Downloading pip-26.2.1-py3-none-any.whl.metadata (4.6 kB)
2026-09-29T22:09:03.1958545Z Collecting setuptools
2026-09-29T22:09:03.2036405Z   Downloading setuptools-84.0.0-py3-none-any.whl.metadata (6.6 kB)
2026-09-29T22:09:03.2302324Z Collecting wheel
2026-09-29T22:09:03.2377998Z   Downloading wheel-0.48.0-py3-none-any.whl.metadata (2.3 kB)
2026-09-29T22:09:03.2571905Z Collecting packaging>=24.0 (from wheel)
2026-09-29T22:09:03.2639769Z   Downloading packaging-26.3-py3-none-any.whl.metadata (3.5 kB)
2026-09-29T22:09:03.2741667Z Downloading pip-26.2.1-py3-none-any.whl (1.8 MB)
2026-09-29T22:09:03.3485336Z    ━━━━━━━━━━━━━━━━━━━━━━━━━━━━━━━━━━━━━━━━ 1.8/1.8 MB 28.6 MB/s eta 0:00:00
2026-09-29T22:09:03.3574730Z Downloading setuptools-84.0.0-py3-none-any.whl (818 kB)
2026-09-29T22:09:03.3798302Z    ━━━━━━━━━━━━━━━━━━━━━━━━━━━━━━━━━━━━━━━━ 818.2/818.2 kB 36.2 MB/s eta 0:00:00
2026-09-29T22:09:03.3874836Z Downloading wheel-0.48.0-py3-none-any.whl (33 kB)
2026-09-29T22:09:03.3969404Z Downloading packaging-26.3-py3-none-any.whl (129 kB)
2026-09-29T22:09:03.4199653Z Installing collected packages: setuptools, pip, packaging, wheel
2026-09-29T22:09:03.7831115Z   Attempting uninstall: pip
2026-09-29T22:09:03.7849359Z     Found existing installation: pip 25.0.1
2026-09-29T22:09:03.8075891Z     Uninstalling pip-25.0.1:
2026-09-29T22:09:03.8118328Z       Successfully uninstalled pip-25.0.1
2026-09-29T22:09:04.5794522Z Successfully installed packaging-26.3 pip-26.2.1 setuptools-84.0.0 wheel-0.48.0
2026-09-29T22:09:04.7209891Z .venv/bin/python -m pip install -e '.[dev,bench]'
2026-09-29T22:09:04.9831492Z Obtaining file:///home/runner/work/strata/strata
2026-09-29T22:09:04.9850074Z   Installing build dependencies: started
2026-09-29T22:09:06.9708382Z   Installing build dependencies: finished with status 'done'
2026-09-29T22:09:06.9714602Z   Checking if build backend supports build_editable: started
2026-09-29T22:09:07.2443152Z   Checking if build backend supports build_editable: finished with status 'done'
2026-09-29T22:09:07.2450531Z   Getting requirements to build editable: started
2026-09-29T22:09:07.5674838Z   Getting requirements to build editable: finished with status 'done'
2026-09-29T22:09:07.5681743Z   Preparing editable metadata (pyproject.toml): started
2026-09-29T22:09:07.7635340Z   Preparing editable metadata (pyproject.toml): finished with status 'done'
2026-09-29T22:09:07.8345107Z Collecting cmake>=3.20 (from strata==2026.8.10)
2026-09-29T22:09:07.8358651Z   Using cached cmake-4.4.3-py3-none-manylinux2014_aarch64.manylinux_2_17_aarch64.whl.metadata (7.0 kB)
2026-09-29T22:09:07.8500856Z Collecting pytest>=7 (from strata==2026.8.10)
2026-09-29T22:09:07.8511587Z   Using cached pytest-9.1.1-py3-none-any.whl.metadata (7.6 kB)
2026-09-29T22:09:07.9242674Z Collecting pytest-cov>=4 (from strata==2026.8.10)
2026-09-29T22:09:07.9879865Z   Downloading pytest_cov-7.1.0-py3-none-any.whl.metadata (32 kB)
2026-09-29T22:09:08.2922631Z Collecting ruff>=0.5 (from strata==2026.8.10)
2026-09-29T22:09:08.3011377Z   Downloading ruff-0.16.9-py3-none-manylinux_2_17_aarch64.manylinux2014_aarch64.whl.metadata (20 kB)
2026-09-29T22:09:08.3300126Z Collecting pre-commit>=3.5 (from strata==2026.8.10)
2026-09-29T22:09:08.3371234Z   Downloading pre_commit-4.6.2-py2.py3-none-any.whl.metadata (1.2 kB)
2026-09-29T22:09:08.3867046Z Collecting clang-format<22,>=21 (from strata==2026.8.10)
2026-09-29T22:09:08.3969918Z   Downloading clang_format-21.1.8-py2.py3-none-manylinux_2_26_aarch64.manylinux_2_28_aarch64.whl.metadata (4.7 kB)
2026-09-29T22:09:08.5783134Z Collecting orjson (from strata==2026.8.10)
2026-09-29T22:09:08.6031436Z   Downloading orjson-3.12.0-cp312-cp312-manylinux_2_17_aarch64.manylinux2014_aarch64.whl.metadata (41 kB)
2026-09-29T22:09:08.6759787Z Collecting msgspec (from strata==2026.8.10)
2026-09-29T22:09:08.6862287Z   Downloading msgspec-0.22.0-cp312-cp312-manylinux2014_aarch64.manylinux_2_17_aarch64.manylinux_2_28_aarch64.whl.metadata (6.0 kB)
2026-09-29T22:09:08.7444071Z Collecting ujson (from strata==2026.8.10)
2026-09-29T22:09:08.7574187Z   Downloading ujson-6.0.0-cp312-cp312-manylinux_2_24_aarch64.manylinux_2_28_aarch64.whl.metadata (10.0 kB)
2026-09-29T22:09:08.7988675Z Collecting pysimdjson (from strata==2026.8.10)
2026-09-29T22:09:08.8134534Z   Downloading pysimdjson-7.0.2-cp312-cp312-manylinux_2_17_aarch64.manylinux2014_aarch64.whl.metadata (1.1 kB)
2026-09-29T22:09:08.8302201Z Collecting jmespath (from strata==2026.8.10)
2026-09-29T22:09:08.8399791Z   Downloading jmespath-1.1.0-py3-none-any.whl.metadata (7.6 kB)
2026-09-29T22:09:08.8548054Z Collecting jsonpath-ng (from strata==2026.8.10)
2026-09-29T22:09:08.8651607Z   Downloading jsonpath_ng-1.8.0-py3-none-any.whl.metadata (18 kB)
2026-09-29T22:09:08.9234709Z Collecting psutil>=5 (from strata==2026.8.10)
2026-09-29T22:09:08.9319713Z   Downloading psutil-7.2.2-cp36-abi3-manylinux2014_aarch64.manylinux_2_17_aarch64.manylinux_2_28_aarch64.whl.metadata (22 kB)
2026-09-29T22:09:08.9503411Z Collecting cfgv>=2.0.0 (from pre-commit>=3.5->strata==2026.8.10)
2026-09-29T22:09:08.9578861Z   Downloading cfgv-3.5.0-py2.py3-none-any.whl.metadata (8.9 kB)
2026-09-29T22:09:08.9878105Z Collecting identify>=1.0.0 (from pre-commit>=3.5->strata==2026.8.10)
2026-09-29T22:09:08.9959351Z   Downloading identify-2.6.20-py2.py3-none-any.whl.metadata (4.4 kB)
2026-09-29T22:09:09.0464597Z Collecting nodeenv>=0.11.1 (from pre-commit>=3.5->strata==2026.8.10)
2026-09-29T22:09:09.0550505Z   Downloading nodeenv-1.11.0-py2.py3-none-any.whl.metadata (40 kB)
2026-09-29T22:09:09.0951382Z Collecting pyyaml>=5.1 (from pre-commit>=3.5->strata==2026.8.10)
2026-09-29T22:09:09.1043539Z   Downloading pyyaml-6.0.3-cp312-cp312-manylinux2014_aarch64.manylinux_2_17_aarch64.manylinux_2_28_aarch64.whl.metadata (2.4 kB)
2026-09-29T22:09:09.1383696Z Collecting virtualenv>=20.10.0 (from pre-commit>=3.5->strata==2026.8.10)
2026-09-29T22:09:09.1461025Z   Downloading virtualenv-21.14.0-py3-none-any.whl.metadata (4.1 kB)
2026-09-29T22:09:09.1541610Z Collecting iniconfig>=1.0.1 (from pytest>=7->strata==2026.8.10)
2026-09-29T22:09:09.1552293Z   Using cached iniconfig-2.3.0-py3-none-any.whl.metadata (2.5 kB)
2026-09-29T22:09:09.1567301Z Requirement already satisfied: packaging>=22 in ./.venv/lib/python3.12/site-packages (from pytest>=7->strata==2026.8.10) (26.3)
2026-09-29T22:09:09.1601117Z Collecting pluggy<2,>=1.5 (from pytest>=7->strata==2026.8.10)
2026-09-29T22:09:09.1611605Z   Using cached pluggy-1.6.0-py3-none-any.whl.metadata (4.8 kB)
2026-09-29T22:09:09.1705422Z Collecting pygments>=2.7.2 (from pytest>=7->strata==2026.8.10)
2026-09-29T22:09:09.1716682Z   Using cached pygments-2.21.0-py3-none-any.whl.metadata (2.5 kB)
2026-09-29T22:09:09.4874302Z Collecting coverage>=7.10.6 (from coverage[toml]>=7.10.6->pytest-cov>=4->strata==2026.8.10)
2026-09-29T22:09:09.5043505Z   Downloading coverage-7.16.2-cp312-cp312-manylinux2014_aarch64.manylinux_2_17_aarch64.manylinux_2_28_aarch64.whl.metadata (8.2 kB)
2026-09-29T22:09:09.5561973Z Collecting distlib<1,>=0.3.7 (from virtualenv>=20.10.0->pre-commit>=3.5->strata==2026.8.10)
2026-09-29T22:09:09.5658841Z   Downloading distlib-0.4.3-py2.py3-none-any.whl.metadata (5.3 kB)
2026-09-29T22:09:09.5999225Z Collecting filelock<5,>=3.24.2 (from virtualenv>=20.10.0->pre-commit>=3.5->strata==2026.8.10)
2026-09-29T22:09:09.6473529Z   Downloading filelock-4.0.6-py3-none-any.whl.metadata (2.0 kB)
2026-09-29T22:09:09.7368804Z Collecting platformdirs<5,>=3.9.1 (from virtualenv>=20.10.0->pre-commit>=3.5->strata==2026.8.10)
2026-09-29T22:09:09.7454363Z   Downloading platformdirs-4.12.2-py3-none-any.whl.metadata (5.5 kB)
2026-09-29T22:09:09.8022957Z Collecting python-discovery>=1.6 (from virtualenv>=20.10.0->pre-commit>=3.5->strata==2026.8.10)
2026-09-29T22:09:09.8098733Z   Downloading python_discovery-1.6.1-py3-none-any.whl.metadata (5.1 kB)
2026-09-29T22:09:09.8531285Z Downloading clang_format-21.1.8-py2.py3-none-manylinux_2_26_aarch64.manylinux_2_28_aarch64.whl (1.7 MB)
2026-09-29T22:09:09.9811228Z    ━━━━━━━━━━━━━━━━━━━━━━━━━━━━━━━━━━━━━━━━ 1.7/1.7 MB 14.4 MB/s  0:00:00
2026-09-29T22:09:09.9822903Z Using cached cmake-4.4.3-py3-none-manylinux2014_aarch64.manylinux_2_17_aarch64.whl (30.3 MB)
2026-09-29T22:09:10.0089510Z Downloading pre_commit-4.6.2-py2.py3-none-any.whl (226 kB)
2026-09-29T22:09:10.1650244Z Downloading cfgv-3.5.0-py2.py3-none-any.whl (7.4 kB)
2026-09-29T22:09:10.7500732Z Downloading identify-2.6.20-py2.py3-none-any.whl (99 kB)
2026-09-29T22:09:10.9587729Z Downloading nodeenv-1.11.0-py2.py3-none-any.whl (34 kB)
2026-09-29T22:09:10.9696472Z Downloading psutil-7.2.2-cp36-abi3-manylinux2014_aarch64.manylinux_2_17_aarch64.manylinux_2_28_aarch64.whl (156 kB)
2026-09-29T22:09:10.9788540Z Using cached pytest-9.1.1-py3-none-any.whl (386 kB)
2026-09-29T22:09:10.9800525Z Using cached pluggy-1.6.0-py3-none-any.whl (20 kB)
2026-09-29T22:09:10.9810979Z Using cached iniconfig-2.3.0-py3-none-any.whl (7.5 kB)
2026-09-29T22:09:10.9821319Z Using cached pygments-2.21.0-py3-none-any.whl (1.3 MB)
2026-09-29T22:09:10.9904061Z Downloading pytest_cov-7.1.0-py3-none-any.whl (22 kB)
2026-09-29T22:09:11.0043893Z Downloading coverage-7.16.2-cp312-cp312-manylinux2014_aarch64.manylinux_2_17_aarch64.manylinux_2_28_aarch64.whl (259 kB)
2026-09-29T22:09:11.0218755Z Downloading pyyaml-6.0.3-cp312-cp312-manylinux2014_aarch64.manylinux_2_17_aarch64.manylinux_2_28_aarch64.whl (775 kB)
2026-09-29T22:09:11.0499009Z    ━━━━━━━━━━━━━━━━━━━━━━━━━━━━━━━━━━━━━━━━ 775.1/775.1 kB 26.2 MB/s  0:00:00
2026-09-29T22:09:11.0641044Z Downloading ruff-0.16.9-py3-none-manylinux_2_17_aarch64.manylinux2014_aarch64.whl (10.0 MB)
2026-09-29T22:09:11.2516737Z    ━━━━━━━━━━━━━━━━━━━━━━━━━━━━━━━━━━━━━━━━ 10.0/10.0 MB 54.4 MB/s  0:00:00
2026-09-29T22:09:11.2591237Z Downloading virtualenv-21.14.0-py3-none-any.whl (5.5 MB)
2026-09-29T22:09:11.3281904Z    ━━━━━━━━━━━━━━━━━━━━━━━━━━━━━━━━━━━━━━━━ 5.5/5.5 MB 78.5 MB/s  0:00:00
2026-09-29T22:09:11.3379563Z Downloading distlib-0.4.3-py2.py3-none-any.whl (470 kB)
2026-09-29T22:09:11.3508410Z Downloading filelock-4.0.6-py3-none-any.whl (109 kB)
2026-09-29T22:09:11.3613523Z Downloading platformdirs-4.12.2-py3-none-any.whl (32 kB)
2026-09-29T22:09:11.3713128Z Downloading python_discovery-1.6.1-py3-none-any.whl (38 kB)
2026-09-29T22:09:11.3807422Z Downloading jmespath-1.1.0-py3-none-any.whl (20 kB)
2026-09-29T22:09:11.3906200Z Downloading jsonpath_ng-1.8.0-py3-none-any.whl (67 kB)
2026-09-29T22:09:11.4122732Z Downloading msgspec-0.22.0-cp312-cp312-manylinux2014_aarch64.manylinux_2_17_aarch64.manylinux_2_28_aarch64.whl (224 kB)
2026-09-29T22:09:11.4242313Z Downloading orjson-3.12.0-cp312-cp312-manylinux_2_17_aarch64.manylinux2014_aarch64.whl (130 kB)
2026-09-29T22:09:11.4484456Z Downloading pysimdjson-7.0.2-cp312-cp312-manylinux_2_17_aarch64.manylinux2014_aarch64.whl (2.8 MB)
2026-09-29T22:09:11.4818622Z    ━━━━━━━━━━━━━━━━━━━━━━━━━━━━━━━━━━━━━━━━ 2.8/2.8 MB 86.6 MB/s  0:00:00
2026-09-29T22:09:11.4916122Z Downloading ujson-6.0.0-cp312-cp312-manylinux_2_24_aarch64.manylinux_2_28_aarch64.whl (57 kB)
2026-09-29T22:09:11.5988843Z Building wheels for collected packages: strata
2026-09-29T22:09:11.5995623Z   Building editable for strata (pyproject.toml): started
2026-09-29T22:10:12.1937671Z   Building editable for strata (pyproject.toml): still running...
2026-09-29T22:11:12.6108657Z   Building editable for strata (pyproject.toml): still running...
2026-09-29T22:12:14.8253624Z   Building editable for strata (pyproject.toml): still running...
2026-09-29T22:12:29.5009048Z   Building editable for strata (pyproject.toml): finished with status 'done'
2026-09-29T22:12:29.5016819Z   Created wheel for strata: filename=strata-2026.8.10-0.editable-cp312-cp312-linux_aarch64.whl size=4450 sha256=f2878bbb4b200ca38acae3e6f021c57c60e2ba86ccf47fbdd8cdffbf888314ee
2026-09-29T22:12:29.5017915Z   Stored in directory: /tmp/pip-ephem-wheel-cache-6evahlim/wheels/ab/73/9c/71109b0f5a731622820d2f6d25f1f3cfd677e39fdd3b3110b6
2026-09-29T22:12:29.5036064Z Successfully built strata
2026-09-29T22:12:29.5701264Z Installing collected packages: jsonpath-ng, distlib, clang-format, ujson, strata, ruff, pyyaml, pysimdjson, pygments, psutil, pluggy, platformdirs, orjson, nodeenv, msgspec, jmespath, iniconfig, identify, filelock, coverage, cmake, cfgv, python-discovery, pytest, virtualenv, pytest-cov, pre-commit
2026-09-29T22:12:31.7473395Z 
2026-09-29T22:12:31.7498020Z Successfully installed cfgv-3.5.0 clang-format-21.1.8 cmake-4.4.3 coverage-7.16.2 distlib-0.4.3 filelock-4.0.6 identify-2.6.20 iniconfig-2.3.0 jmespath-1.1.0 jsonpath-ng-1.8.0 msgspec-0.22.0 nodeenv-1.11.0 orjson-3.12.0 platformdirs-4.12.2 pluggy-1.6.0 pre-commit-4.6.2 psutil-7.2.2 pygments-2.21.0 pysimdjson-7.0.2 pytest-9.1.1 pytest-cov-7.1.0 python-discovery-1.6.1 pyyaml-6.0.3 ruff-0.16.9 strata-2026.8.10 ujson-6.0.0 virtualenv-21.14.0
2026-09-29T22:12:32.0845618Z ##[group]Run make pgo
2026-09-29T22:12:32.0846067Z make pgo
2026-09-29T22:12:32.0884436Z shell: /usr/bin/bash -e {0}
2026-09-29T22:12:32.0884766Z env:
2026-09-29T22:12:32.0885051Z   pythonLocation: /opt/hostedtoolcache/Python/3.12.14/arm64
2026-09-29T22:12:32.0885551Z   PKG_CONFIG_PATH: /opt/hostedtoolcache/Python/3.12.14/arm64/lib/pkgconfig
2026-09-29T22:12:32.0886026Z   Python_ROOT_DIR: /opt/hostedtoolcache/Python/3.12.14/arm64
2026-09-29T22:12:32.0886454Z   Python2_ROOT_DIR: /opt/hostedtoolcache/Python/3.12.14/arm64
2026-09-29T22:12:32.0886885Z   Python3_ROOT_DIR: /opt/hostedtoolcache/Python/3.12.14/arm64
2026-09-29T22:12:32.0887290Z   LD_LIBRARY_PATH: /opt/hostedtoolcache/Python/3.12.14/arm64/lib
2026-09-29T22:12:32.0887686Z   PYTHON: python
2026-09-29T22:12:32.0887900Z   CC: clang
2026-09-29T22:12:32.0888093Z   CXX: clang++
2026-09-29T22:12:32.0888364Z ##[endgroup]
2026-09-29T22:12:32.1118116Z ==> PGO: compiler is clang
2026-09-29T22:12:32.1139045Z ==> PGO phase 1: instrumented build
2026-09-29T22:12:32.3707993Z Obtaining file:///home/runner/work/strata/strata
2026-09-29T22:12:32.3725662Z   Installing build dependencies: started
2026-09-29T22:12:33.6468999Z   Installing build dependencies: finished with status 'done'
2026-09-29T22:12:33.6475618Z   Checking if build backend supports build_editable: started
2026-09-29T22:12:33.8920828Z   Checking if build backend supports build_editable: finished with status 'done'
2026-09-29T22:12:33.8926499Z   Getting requirements to build editable: started
2026-09-29T22:12:34.2047024Z   Getting requirements to build editable: finished with status 'done'
2026-09-29T22:12:34.2055244Z   Preparing editable metadata (pyproject.toml): started
2026-09-29T22:12:34.4054876Z   Preparing editable metadata (pyproject.toml): finished with status 'done'
2026-09-29T22:12:34.4100510Z Building wheels for collected packages: strata
2026-09-29T22:12:34.4107125Z   Building editable for strata (pyproject.toml): started
2026-09-29T22:13:25.4279510Z   Building editable for strata (pyproject.toml): finished with status 'done'
2026-09-29T22:13:25.4287963Z   Created wheel for strata: filename=strata-2026.8.10-0.editable-cp312-cp312-linux_aarch64.whl size=4450 sha256=6e8706139cdcd8223658bd0ac5fe361e3aeeb2f84d79ee0199ae8ee8b72e4bcc
2026-09-29T22:13:25.4289095Z   Stored in directory: /tmp/pip-ephem-wheel-cache-9n30h980/wheels/ab/73/9c/71109b0f5a731622820d2f6d25f1f3cfd677e39fdd3b3110b6
2026-09-29T22:13:25.4311178Z Successfully built strata
2026-09-29T22:13:25.4405476Z Installing collected packages: strata
2026-09-29T22:13:25.4406441Z   Attempting uninstall: strata
2026-09-29T22:13:25.4424310Z     Found existing installation: strata 2026.8.10
2026-09-29T22:13:25.4438006Z     Uninstalling strata-2026.8.10:
2026-09-29T22:13:25.4634889Z       Successfully uninstalled strata-2026.8.10
2026-09-29T22:13:25.4747703Z Successfully installed strata-2026.8.10
2026-09-29T22:13:25.7393314Z ==> PGO: the hook image must carry no profile
2026-09-29T22:13:25.7847172Z + strata._dumps_hook is unprofiled: _dumps_hook.cpython-312-aarch64-linux-gnu.so.build.json records no profile or profile flag,
2026-09-29T22:13:25.7847894Z   and the image links no profile runtime
2026-09-29T22:13:25.7902997Z ==> PGO: generating training data
2026-09-29T22:13:26.1580624Z   build/pgo/train.json (10.0 MB)
2026-09-29T22:13:26.1581236Z   build/pgo/train.ndjson (10.0 MB)
2026-09-29T22:13:26.1634874Z ==> PGO: running the training workload
2026-09-29T22:13:26.3716356Z PGO training workload
2026-09-29T22:13:26.3716967Z   corpus: 4001 records, 10.0 MB
2026-09-29T22:13:26.3717238Z [1/7] loads
2026-09-29T22:13:26.3717498Z   loads(str): 1x in 0.04s
2026-09-29T22:13:26.4390543Z   loads(bytes): 1x in 0.04s
2026-09-29T22:13:26.4718684Z   loads(sample): 5x in 0.01s
2026-09-29T22:13:26.5030748Z   loads(cursor): 5x in 0.01s
2026-09-29T22:13:26.5285619Z   loads(iterator): 3x in 0.01s
2026-09-29T22:13:26.5772743Z [2/7] dumps
2026-09-29T22:13:26.5773156Z   dumps(str): 1x in 0.03s
2026-09-29T22:13:26.6327788Z   dumps(bytes): 3x in 0.03s
2026-09-29T22:13:26.6571771Z   dumps(sample, bytes): 5x in 0.00s
2026-09-29T22:13:26.6802146Z   dumps(sample): 5x in 0.00s
2026-09-29T22:13:26.7025998Z   dumps(parsed sample, bytes): 2x in 0.00s
2026-09-29T22:13:26.7629556Z [3/7] load
2026-09-29T22:13:26.7630773Z   load(json): 1x in 0.04s
2026-09-29T22:13:26.8312017Z   load(ndjson): 1x in 0.04s
2026-09-29T22:13:26.9005748Z   load(ndjson, iterator): 1x in 0.04s
2026-09-29T22:13:26.9316717Z [4/7] dump
2026-09-29T22:13:26.9317350Z   dump(json): 3x in 0.01s
2026-09-29T22:13:26.9529996Z [5/7] query
2026-09-29T22:13:26.9530391Z   query $[0].name: 3x in 0.00s
2026-09-29T22:13:26.9720512Z   query $[*].id: 3x in 0.00s
2026-09-29T22:13:26.9910778Z   query $[*].items[*].sku: 3x in 0.00s
2026-09-29T22:13:27.0099404Z   query $..leaf: 3x in 0.00s
2026-09-29T22:13:27.0280710Z   query $[0:50].score: 3x in 0.00s
2026-09-29T22:13:27.0469674Z   query $[?(@.id > 100)].name: 3x in 0.00s
2026-09-29T22:13:27.0661476Z   query $[?(@.id <= 500)]: 3x in 0.00s
2026-09-29T22:13:27.0848829Z   query $[?(@.name == 'alpha')]: 3x in 0.00s
2026-09-29T22:13:27.1034368Z   query $[?(@.name != 'alpha')].id: 3x in 0.00s
2026-09-29T22:13:27.1213327Z   query $[?(@['id'] >= 0)].name: 3x in 0.00s
2026-09-29T22:13:27.1391249Z   query $[*].nested.child: 3x in 0.00s
2026-09-29T22:13:27.1567998Z   query $[*].tags[0]: 3x in 0.00s
2026-09-29T22:13:27.1741717Z   query $.*: 3x in 0.00s
2026-09-29T22:13:27.1917165Z   query(compiled): 5x in 0.00s
2026-09-29T22:13:27.2267511Z [6/7] search
2026-09-29T22:13:27.2267872Z   search json $[*].id: 1x in 0.02s
2026-09-29T22:13:27.2927869Z   search ndjson $[*].id: 1x in 0.04s
2026-09-29T22:13:27.3613931Z   search json $..leaf: 1x in 0.04s
2026-09-29T22:13:27.4314486Z   search ndjson $..leaf: 1x in 0.05s
2026-09-29T22:13:27.4971447Z   search json $[?(@.id > 100)].name: 1x in 0.04s
2026-09-29T22:13:27.5661379Z   search ndjson $[?(@.id > 100)].name: 1x in 0.04s
2026-09-29T22:13:27.5914325Z [7/7] folder mode
2026-09-29T22:13:27.5914651Z   dump(split_by): 1x in 0.00s
2026-09-29T22:13:27.6125886Z   load(folder): 1x in 0.00s
2026-09-29T22:13:27.6323288Z   search(folder): 1x in 0.00s
2026-09-29T22:13:27.6468150Z PGO training workload complete
2026-09-29T22:13:27.6554052Z ==> PGO: gate tests on the instrumented build
2026-09-29T22:13:27.6818828Z + /home/runner/work/strata/strata/.venv/bin/cmake -S . -B build/cmake -DCMAKE_BUILD_TYPE=Release
2026-09-29T22:13:27.8061700Z -- Configuring done (0.0s)
2026-09-29T22:13:27.8509689Z -- Generating done (0.0s)
2026-09-29T22:13:27.8513212Z -- Build files have been written to: /home/runner/work/strata/strata/build/cmake
2026-09-29T22:13:27.8527593Z + /home/runner/work/strata/strata/.venv/bin/cmake --build build/cmake --config Release
2026-09-29T22:13:27.9722656Z gmake[1]: Entering directory '/home/runner/work/strata/strata/build/cmake'
2026-09-29T22:13:27.9783606Z gmake[2]: Entering directory '/home/runner/work/strata/strata/build/cmake'
2026-09-29T22:13:27.9793361Z gmake[3]: Entering directory '/home/runner/work/strata/strata/build/cmake'
2026-09-29T22:13:27.9884643Z gmake[3]: Leaving directory '/home/runner/work/strata/strata/build/cmake'
2026-09-29T22:13:27.9916716Z gmake[3]: Entering directory '/home/runner/work/strata/strata/build/cmake'
2026-09-29T22:13:27.9943352Z [  0%] Linking CXX executable smoke_tests
2026-09-29T22:13:28.0540994Z gmake[3]: Leaving directory '/home/runner/work/strata/strata/build/cmake'
2026-09-29T22:13:28.0570290Z [  6%] Built target smoke_tests
2026-09-29T22:13:28.0585347Z gmake[3]: Entering directory '/home/runner/work/strata/strata/build/cmake'
2026-09-29T22:13:28.0678898Z gmake[3]: Leaving directory '/home/runner/work/strata/strata/build/cmake'
2026-09-29T22:13:28.0710218Z gmake[3]: Entering directory '/home/runner/work/strata/strata/build/cmake'
2026-09-29T22:13:28.0735838Z [  7%] Linking CXX executable json_core_tests
2026-09-29T22:13:28.1343853Z gmake[3]: Leaving directory '/home/runner/work/strata/strata/build/cmake'
2026-09-29T22:13:28.1373344Z [ 13%] Built target json_core_tests
2026-09-29T22:13:28.1389011Z gmake[3]: Entering directory '/home/runner/work/strata/strata/build/cmake'
2026-09-29T22:13:28.1483706Z gmake[3]: Leaving directory '/home/runner/work/strata/strata/build/cmake'
2026-09-29T22:13:28.1514439Z gmake[3]: Entering directory '/home/runner/work/strata/strata/build/cmake'
2026-09-29T22:13:28.1537684Z [ 13%] Linking CXX executable json_parse_tests
2026-09-29T22:13:28.2133833Z gmake[3]: Leaving directory '/home/runner/work/strata/strata/build/cmake'
2026-09-29T22:13:28.2162982Z [ 19%] Built target json_parse_tests
2026-09-29T22:13:28.2179134Z gmake[3]: Entering directory '/home/runner/work/strata/strata/build/cmake'
2026-09-29T22:13:28.2274949Z gmake[3]: Leaving directory '/home/runner/work/strata/strata/build/cmake'
2026-09-29T22:13:28.2306789Z gmake[3]: Entering directory '/home/runner/work/strata/strata/build/cmake'
2026-09-29T22:13:28.2331112Z [ 20%] Linking CXX executable fast_parse_tests
2026-09-29T22:13:28.2929258Z gmake[3]: Leaving directory '/home/runner/work/strata/strata/build/cmake'
2026-09-29T22:13:28.2958676Z [ 25%] Built target fast_parse_tests
2026-09-29T22:13:28.2974679Z gmake[3]: Entering directory '/home/runner/work/strata/strata/build/cmake'
2026-09-29T22:13:28.3068694Z gmake[3]: Leaving directory '/home/runner/work/strata/strata/build/cmake'
2026-09-29T22:13:28.3100203Z gmake[3]: Entering directory '/home/runner/work/strata/strata/build/cmake'
2026-09-29T22:13:28.3124585Z [ 26%] Linking CXX executable value_cursor_tests
2026-09-29T22:13:28.3723607Z gmake[3]: Leaving directory '/home/runner/work/strata/strata/build/cmake'
2026-09-29T22:13:28.3754263Z [ 32%] Built target value_cursor_tests
2026-09-29T22:13:28.3770184Z gmake[3]: Entering directory '/home/runner/work/strata/strata/build/cmake'
2026-09-29T22:13:28.3866773Z gmake[3]: Leaving directory '/home/runner/work/strata/strata/build/cmake'
2026-09-29T22:13:28.3899679Z gmake[3]: Entering directory '/home/runner/work/strata/strata/build/cmake'
2026-09-29T22:13:28.3923907Z [ 32%] Linking CXX executable json_serialize_tests
2026-09-29T22:13:28.4520654Z gmake[3]: Leaving directory '/home/runner/work/strata/strata/build/cmake'
2026-09-29T22:13:28.4548977Z [ 38%] Built target json_serialize_tests
2026-09-29T22:13:28.4564441Z gmake[3]: Entering directory '/home/runner/work/strata/strata/build/cmake'
2026-09-29T22:13:28.4658706Z gmake[3]: Leaving directory '/home/runner/work/strata/strata/build/cmake'
2026-09-29T22:13:28.4688652Z gmake[3]: Entering directory '/home/runner/work/strata/strata/build/cmake'
2026-09-29T22:13:28.4712025Z [ 39%] Linking CXX executable float_precision_tests
2026-09-29T22:13:28.5307562Z gmake[3]: Leaving directory '/home/runner/work/strata/strata/build/cmake'
2026-09-29T22:13:28.5336934Z [ 44%] Built target float_precision_tests
2026-09-29T22:13:28.5351973Z gmake[3]: Entering directory '/home/runner/work/strata/strata/build/cmake'
2026-09-29T22:13:28.5449995Z gmake[3]: Leaving directory '/home/runner/work/strata/strata/build/cmake'
2026-09-29T22:13:28.5481506Z gmake[3]: Entering directory '/home/runner/work/strata/strata/build/cmake'
2026-09-29T22:13:28.5505533Z [ 45%] Linking CXX executable json_cursor_tests
2026-09-29T22:13:28.6100669Z gmake[3]: Leaving directory '/home/runner/work/strata/strata/build/cmake'
2026-09-29T22:13:28.6129969Z [ 50%] Built target json_cursor_tests
2026-09-29T22:13:28.6144575Z gmake[3]: Entering directory '/home/runner/work/strata/strata/build/cmake'
2026-09-29T22:13:28.6236287Z gmake[3]: Leaving directory '/home/runner/work/strata/strata/build/cmake'
2026-09-29T22:13:28.6266858Z gmake[3]: Entering directory '/home/runner/work/strata/strata/build/cmake'
2026-09-29T22:13:28.6289218Z [ 51%] Linking CXX executable ndjson_tests
2026-09-29T22:13:28.6870761Z gmake[3]: Leaving directory '/home/runner/work/strata/strata/build/cmake'
2026-09-29T22:13:28.6900103Z [ 56%] Built target ndjson_tests
2026-09-29T22:13:28.6915467Z gmake[3]: Entering directory '/home/runner/work/strata/strata/build/cmake'
2026-09-29T22:13:28.7010521Z gmake[3]: Leaving directory '/home/runner/work/strata/strata/build/cmake'
2026-09-29T22:13:28.7043162Z gmake[3]: Entering directory '/home/runner/work/strata/strata/build/cmake'
2026-09-29T22:13:28.7067541Z [ 57%] Linking CXX executable jsonpath_tests
2026-09-29T22:13:28.7662732Z gmake[3]: Leaving directory '/home/runner/work/strata/strata/build/cmake'
2026-09-29T22:13:28.7692512Z [ 63%] Built target jsonpath_tests
2026-09-29T22:13:28.7707379Z gmake[3]: Entering directory '/home/runner/work/strata/strata/build/cmake'
2026-09-29T22:13:28.7801911Z gmake[3]: Leaving directory '/home/runner/work/strata/strata/build/cmake'
2026-09-29T22:13:28.7832241Z gmake[3]: Entering directory '/home/runner/work/strata/strata/build/cmake'
2026-09-29T22:13:28.7854982Z [ 63%] Linking CXX executable jsonpath_stream_tests
2026-09-29T22:13:28.8456918Z gmake[3]: Leaving directory '/home/runner/work/strata/strata/build/cmake'
2026-09-29T22:13:28.8486406Z [ 69%] Built target jsonpath_stream_tests
2026-09-29T22:13:28.8501367Z gmake[3]: Entering directory '/home/runner/work/strata/strata/build/cmake'
2026-09-29T22:13:28.8596909Z gmake[3]: Leaving directory '/home/runner/work/strata/strata/build/cmake'
2026-09-29T22:13:28.8627528Z gmake[3]: Entering directory '/home/runner/work/strata/strata/build/cmake'
2026-09-29T22:13:28.8651638Z [ 69%] Linking CXX executable scan_tests
2026-09-29T22:13:28.9258516Z gmake[3]: Leaving directory '/home/runner/work/strata/strata/build/cmake'
2026-09-29T22:13:28.9287685Z [ 75%] Built target scan_tests
2026-09-29T22:13:28.9303570Z gmake[3]: Entering directory '/home/runner/work/strata/strata/build/cmake'
2026-09-29T22:13:28.9399051Z gmake[3]: Leaving directory '/home/runner/work/strata/strata/build/cmake'
2026-09-29T22:13:28.9431159Z gmake[3]: Entering directory '/home/runner/work/strata/strata/build/cmake'
2026-09-29T22:13:28.9456081Z [ 75%] Linking CXX executable temporal_tests
2026-09-29T22:13:29.0057175Z gmake[3]: Leaving directory '/home/runner/work/strata/strata/build/cmake'
2026-09-29T22:13:29.0086713Z [ 81%] Built target temporal_tests
2026-09-29T22:13:29.0101948Z gmake[3]: Entering directory '/home/runner/work/strata/strata/build/cmake'
2026-09-29T22:13:29.0198043Z gmake[3]: Leaving directory '/home/runner/work/strata/strata/build/cmake'
2026-09-29T22:13:29.0229855Z gmake[3]: Entering directory '/home/runner/work/strata/strata/build/cmake'
2026-09-29T22:13:29.0253421Z [ 81%] Linking CXX executable folder_tests
2026-09-29T22:13:29.0855990Z gmake[3]: Leaving directory '/home/runner/work/strata/strata/build/cmake'
2026-09-29T22:13:29.0884729Z [ 87%] Built target folder_tests
2026-09-29T22:13:29.0900293Z gmake[3]: Entering directory '/home/runner/work/strata/strata/build/cmake'
2026-09-29T22:13:29.0997011Z gmake[3]: Leaving directory '/home/runner/work/strata/strata/build/cmake'
2026-09-29T22:13:29.1028340Z gmake[3]: Entering directory '/home/runner/work/strata/strata/build/cmake'
2026-09-29T22:13:29.1052187Z [ 87%] Linking CXX executable fuzz_corpus_tests
2026-09-29T22:13:29.1648977Z gmake[3]: Leaving directory '/home/runner/work/strata/strata/build/cmake'
2026-09-29T22:13:29.1677183Z [ 93%] Built target fuzz_corpus_tests
2026-09-29T22:13:29.1691988Z gmake[3]: Entering directory '/home/runner/work/strata/strata/build/cmake'
2026-09-29T22:13:29.1783376Z gmake[3]: Leaving directory '/home/runner/work/strata/strata/build/cmake'
2026-09-29T22:13:29.1813974Z gmake[3]: Entering directory '/home/runner/work/strata/strata/build/cmake'
2026-09-29T22:13:29.1836678Z [ 94%] Linking CXX executable stress_deep_tests
2026-09-29T22:13:29.2417311Z gmake[3]: Leaving directory '/home/runner/work/strata/strata/build/cmake'
2026-09-29T22:13:29.2446964Z [100%] Built target stress_deep_tests
2026-09-29T22:13:29.2451539Z gmake[2]: Leaving directory '/home/runner/work/strata/strata/build/cmake'
2026-09-29T22:13:29.2487698Z gmake[1]: Leaving directory '/home/runner/work/strata/strata/build/cmake'
2026-09-29T22:13:29.2498154Z + /home/runner/work/strata/strata/.venv/bin/ctest --test-dir build/cmake --build-config Release --output-on-failure --no-tests=error
2026-09-29T22:13:29.3636266Z Test project /home/runner/work/strata/strata/build/cmake
2026-09-29T22:13:29.3639728Z       Start  1: smoke_tests
2026-09-29T22:13:29.3654958Z  1/16 Test  #1: smoke_tests ......................   Passed    0.00 sec
2026-09-29T22:13:29.3656213Z       Start  2: json_core_tests
2026-09-29T22:13:29.3670660Z  2/16 Test  #2: json_core_tests ..................   Passed    0.00 sec
2026-09-29T22:13:29.3671412Z       Start  3: json_parse_tests
2026-09-29T22:13:29.3685880Z  3/16 Test  #3: json_parse_tests .................   Passed    0.00 sec
2026-09-29T22:13:29.3686639Z       Start  4: fast_parse_tests
2026-09-29T22:13:29.4326059Z  4/16 Test  #4: fast_parse_tests .................   Passed    0.06 sec
2026-09-29T22:13:29.4327488Z       Start  5: value_cursor_tests
2026-09-29T22:13:29.4391617Z  5/16 Test  #5: value_cursor_tests ...............   Passed    0.01 sec
2026-09-29T22:13:29.4392742Z       Start  6: json_serialize_tests
2026-09-29T22:13:29.4408027Z  6/16 Test  #6: json_serialize_tests .............   Passed    0.00 sec
2026-09-29T22:13:29.4409014Z       Start  7: float_precision_tests
2026-09-29T22:13:31.7433845Z  7/16 Test  #7: float_precision_tests ............   Passed    2.30 sec
2026-09-29T22:13:31.7434874Z       Start  8: json_cursor_tests
2026-09-29T22:13:31.7452378Z  8/16 Test  #8: json_cursor_tests ................   Passed    0.00 sec
2026-09-29T22:13:31.7453402Z       Start  9: ndjson_tests
2026-09-29T22:13:31.7495698Z  9/16 Test  #9: ndjson_tests .....................   Passed    0.00 sec
2026-09-29T22:13:31.7496584Z       Start 10: jsonpath_tests
2026-09-29T22:13:31.7510722Z 10/16 Test #10: jsonpath_tests ...................   Passed    0.00 sec
2026-09-29T22:13:31.7511414Z       Start 11: jsonpath_stream_tests
2026-09-29T22:13:31.7528719Z 11/16 Test #11: jsonpath_stream_tests ............   Passed    0.00 sec
2026-09-29T22:13:31.7529650Z       Start 12: scan_tests
2026-09-29T22:13:31.7696811Z 12/16 Test #12: scan_tests .......................   Passed    0.02 sec
2026-09-29T22:13:31.7697651Z       Start 13: temporal_tests
2026-09-29T22:13:31.7835092Z 13/16 Test #13: temporal_tests ...................   Passed    0.01 sec
2026-09-29T22:13:31.7836007Z       Start 14: folder_tests
2026-09-29T22:13:31.7865839Z 14/16 Test #14: folder_tests .....................   Passed    0.00 sec
2026-09-29T22:13:31.7866878Z       Start 15: fuzz_corpus_tests
2026-09-29T22:13:31.7899767Z 15/16 Test #15: fuzz_corpus_tests ................   Passed    0.00 sec
2026-09-29T22:13:31.7900950Z       Start 16: stress_deep_tests
2026-09-29T22:13:31.7928632Z 16/16 Test #16: stress_deep_tests ................   Passed    0.00 sec
2026-09-29T22:13:31.7933336Z 
2026-09-29T22:13:31.7933589Z 100% tests passed out of 16
2026-09-29T22:13:31.7933772Z 
2026-09-29T22:13:31.7934192Z Total Test time (real) =   2.43 sec
2026-09-29T22:13:31.8310730Z + pytest tests/py tests/unit --ignore=tests/unit/native_types --ignore=tests/py/native_types --basetemp=/tmp/pytest-of-runner/t0qpumiw
2026-09-29T22:13:32.3477924Z ============================= test session starts ==============================
2026-09-29T22:13:32.3478505Z platform linux -- Python 3.12.14, pytest-9.1.1, pluggy-1.6.0
2026-09-29T22:13:32.3479120Z rootdir: /home/runner/work/strata/strata
2026-09-29T22:13:32.3479478Z configfile: pyproject.toml
2026-09-29T22:13:32.3479790Z plugins: platformdirs-4.12.2, cov-7.1.0
2026-09-29T22:13:32.3480090Z collected 3183 items
2026-09-29T22:13:32.3480227Z 
2026-09-29T22:13:32.3664112Z tests/py/test_dumps_brace_fold.py .........                              [  0%]
2026-09-29T22:13:32.4028476Z tests/py/test_dumps_cycles_fused.py .................................... [  1%]
2026-09-29T22:13:32.4591185Z ....................................................                     [  3%]
2026-09-29T22:13:32.6618639Z tests/py/test_dumps_general_tables.py ............................       [  3%]
2026-09-29T22:13:33.0358442Z tests/py/test_dumps_with_default.py .................................... [  5%]
2026-09-29T22:13:33.2629546Z .............................ss                                          [  6%]
2026-09-29T22:13:33.2952123Z tests/py/test_dumps_with_default_contract.py ........................... [  6%]
2026-09-29T22:13:33.3951179Z ........................................................................ [  9%]
2026-09-29T22:13:33.4953076Z ........................................................................ [ 11%]
2026-09-29T22:13:33.5459434Z ..........................                                               [ 12%]
2026-09-29T22:13:33.5499045Z tests/py/test_fused_verification.py ..                                   [ 12%]
2026-09-29T22:13:33.5793096Z tests/py/test_json_parity.py ........................................... [ 13%]
2026-09-29T22:13:33.6275877Z ........................................................................ [ 15%]
2026-09-29T22:13:33.6764165Z ........................................................................ [ 18%]
2026-09-29T22:13:33.7242262Z ........................................................................ [ 20%]
2026-09-29T22:13:33.7725866Z ........................................................................ [ 22%]
2026-09-29T22:13:33.8191422Z ........................................................................ [ 24%]
2026-09-29T22:13:33.8666956Z ........................................................................ [ 27%]
2026-09-29T22:13:33.9134481Z ........................................................................ [ 29%]
2026-09-29T22:13:33.9597927Z ........................................................................ [ 31%]
2026-09-29T22:13:34.0073236Z ........................................................................ [ 33%]
2026-09-29T22:13:34.0537929Z ........................................................................ [ 36%]
2026-09-29T22:13:34.1002851Z ........................................................................ [ 38%]
2026-09-29T22:13:34.1462921Z ........................................................................ [ 40%]
2026-09-29T22:13:34.1916439Z ........................................................................ [ 43%]
2026-09-29T22:13:34.2366324Z ........................................................................ [ 45%]
2026-09-29T22:13:34.2821732Z ........................................................................ [ 47%]
2026-09-29T22:13:34.3276743Z ........................................................................ [ 49%]
2026-09-29T22:13:34.3523126Z .................................                                        [ 50%]
2026-09-29T22:13:34.3916109Z tests/py/test_path_dispatch.py ................................          [ 51%]
2026-09-29T22:13:34.3932520Z tests/py/test_py_tests_basetemp.py ..                                    [ 51%]
2026-09-29T22:13:34.3949820Z tests/py/test_smoke.py ...                                               [ 52%]
2026-09-29T22:13:34.7179493Z tests/unit/test_ab_analysis.py ......................................    [ 53%]
2026-09-29T22:13:34.7294426Z tests/unit/test_build_manifest.py ...........                            [ 53%]
2026-09-29T22:13:34.7395162Z tests/unit/test_canonical_builds.py ....                                 [ 53%]
2026-09-29T22:13:34.9026450Z tests/unit/test_ci_fetch.py ........................                     [ 54%]
2026-09-29T22:13:34.9821899Z tests/unit/test_ci_summary.py .......................                    [ 55%]
2026-09-29T22:13:34.9997832Z tests/unit/test_config.py ...........................                    [ 56%]
2026-09-29T22:13:35.0152697Z tests/unit/test_core_purity.py ....                                      [ 56%]
2026-09-29T22:13:35.0255818Z tests/unit/test_cross_sample.py ......                                   [ 56%]
2026-09-29T22:13:35.0741681Z tests/unit/test_dumps.py ............................................... [ 57%]
2026-09-29T22:13:35.0879013Z ..........                                                               [ 58%]
2026-09-29T22:13:35.1059384Z tests/unit/test_dumps_brace_fold.py .........                            [ 58%]
2026-09-29T22:13:35.2920722Z tests/unit/test_dumps_cold_start.py ....                                 [ 58%]
2026-09-29T22:13:35.3209952Z tests/unit/test_dumps_contract.py ...................................... [ 59%]
2026-09-29T22:13:35.3785396Z .............................................................            [ 61%]
2026-09-29T22:13:35.4124089Z tests/unit/test_dumps_cycles_fused.py .................................. [ 62%]
2026-09-29T22:13:35.4698390Z ......................................................                   [ 64%]
2026-09-29T22:13:35.7031108Z tests/unit/test_dumps_general_tables.py ............................     [ 65%]
2026-09-29T22:13:36.0512242Z tests/unit/test_dumps_latch.py ............................              [ 66%]
2026-09-29T22:13:36.1261869Z tests/unit/test_dumps_private_cache.py ................................  [ 67%]
2026-09-29T22:13:36.6387883Z tests/unit/test_dumps_reentrancy.py .................................... [ 68%]
2026-09-29T22:13:37.5664260Z ......................................................................   [ 70%]
2026-09-29T22:13:38.1072218Z tests/unit/test_dumps_reentrancy_review.py ............................. [ 71%]
2026-09-29T22:13:38.2262872Z ..                                                                       [ 71%]
2026-09-29T22:13:38.2676843Z tests/unit/test_dumps_schema_failure.py ...........................      [ 72%]
2026-09-29T22:13:38.6202179Z tests/unit/test_dumps_user_step_counter.py ..........................    [ 73%]
2026-09-29T22:13:38.6455850Z tests/unit/test_dumps_with_default.py .................................. [ 74%]
2026-09-29T22:13:38.7001077Z ........................................................................ [ 76%]
2026-09-29T22:13:38.8163271Z .........................................................                [ 78%]
2026-09-29T22:13:38.8368449Z tests/unit/test_dumps_with_default_state.py ............................ [ 79%]
2026-09-29T22:13:38.9253814Z ........................................................................ [ 81%]
2026-09-29T22:13:39.0460307Z ..............                                                           [ 81%]
2026-09-29T22:13:39.1104539Z tests/unit/test_folder.py .............................................. [ 83%]
2026-09-29T22:13:39.1744929Z .........................................                                [ 84%]
2026-09-29T22:13:39.1783497Z tests/unit/test_fused_verification.py ..                                 [ 84%]
2026-09-29T22:13:39.2230554Z tests/unit/test_hook_build_scope.py ...............................      [ 85%]
2026-09-29T22:13:39.3060620Z tests/unit/test_json_cursor.py ...........................               [ 86%]
2026-09-29T22:13:39.3331989Z tests/unit/test_jsonpath.py ............................................ [ 87%]
2026-09-29T22:13:39.4407479Z .......................................................................  [ 90%]
2026-09-29T22:13:39.5169158Z tests/unit/test_load_dump.py ........................................... [ 91%]
2026-09-29T22:13:39.5173906Z                                                                          [ 91%]
2026-09-29T22:13:39.5484722Z tests/unit/test_loads.py ............................................... [ 92%]
2026-09-29T22:13:39.6270198Z ........................................................................ [ 95%]
2026-09-29T22:13:40.5107328Z ................                                                         [ 95%]
2026-09-29T22:13:40.5156742Z tests/unit/test_native_interleaved_profile.py ...                        [ 95%]
2026-09-29T22:13:40.5798418Z tests/unit/test_nested_container_probe.py ....                           [ 95%]
2026-09-29T22:13:40.6299274Z tests/unit/test_path_dispatch.py ................................        [ 96%]
2026-09-29T22:13:40.6638530Z tests/unit/test_provenance.py ..................                         [ 97%]
2026-09-29T22:13:40.7121705Z tests/unit/test_regression_check.py ..........................           [ 98%]
2026-09-29T22:13:40.8201636Z tests/unit/test_search_stream.py .................                       [ 98%]
2026-09-29T22:13:40.8210858Z tests/unit/test_string_identity_probe.py .                               [ 98%]
2026-09-29T22:13:40.8889336Z tests/unit/test_supplementary.py .............                           [ 99%]
2026-09-29T22:13:40.9383674Z tests/unit/test_supportability_check.py ....................             [ 99%]
2026-09-29T22:13:40.9946069Z tests/unit/test_version.py ....                                          [100%]
2026-09-29T22:13:40.9946794Z 
2026-09-29T22:13:40.9947389Z ======================= 3181 passed, 2 skipped in 8.94s ========================
2026-09-29T22:13:41.1188620Z ==> PGO: merging 17 raw profiles
2026-09-29T22:13:41.2597400Z ==> PGO phase 2: optimized build (profile + LTO)
2026-09-29T22:13:41.5204904Z Obtaining file:///home/runner/work/strata/strata
2026-09-29T22:13:41.5222771Z   Installing build dependencies: started
2026-09-29T22:13:42.8419372Z   Installing build dependencies: finished with status 'done'
2026-09-29T22:13:42.8425104Z   Checking if build backend supports build_editable: started
2026-09-29T22:13:43.0900215Z   Checking if build backend supports build_editable: finished with status 'done'
2026-09-29T22:13:43.0907152Z   Getting requirements to build editable: started
2026-09-29T22:13:43.4053582Z   Getting requirements to build editable: finished with status 'done'
2026-09-29T22:13:43.4062029Z   Preparing editable metadata (pyproject.toml): started
2026-09-29T22:13:43.6080062Z   Preparing editable metadata (pyproject.toml): finished with status 'done'
2026-09-29T22:13:43.6126698Z Building wheels for collected packages: strata
2026-09-29T22:13:43.6133286Z   Building editable for strata (pyproject.toml): started
2026-09-29T22:14:39.9219460Z   Building editable for strata (pyproject.toml): finished with status 'done'
2026-09-29T22:14:39.9227016Z   Created wheel for strata: filename=strata-2026.8.10-0.editable-cp312-cp312-linux_aarch64.whl size=4450 sha256=8698e68a95ce534db9bfc2ba58e3f698cb4785bc39f635a8ec283312abfc3fa2
2026-09-29T22:14:39.9228977Z   Stored in directory: /tmp/pip-ephem-wheel-cache-2d2pe3zm/wheels/ab/73/9c/71109b0f5a731622820d2f6d25f1f3cfd677e39fdd3b3110b6
2026-09-29T22:14:39.9249452Z Successfully built strata
2026-09-29T22:14:39.9342866Z Installing collected packages: strata
2026-09-29T22:14:39.9344268Z   Attempting uninstall: strata
2026-09-29T22:14:39.9361907Z     Found existing installation: strata 2026.8.10
2026-09-29T22:14:39.9375712Z     Uninstalling strata-2026.8.10:
2026-09-29T22:14:39.9567141Z       Successfully uninstalled strata-2026.8.10
2026-09-29T22:14:39.9677220Z Successfully installed strata-2026.8.10
2026-09-29T22:14:40.2391032Z ==> PGO: the hook image must carry no profile
2026-09-29T22:14:40.2806582Z + strata._dumps_hook is unprofiled: _dumps_hook.cpython-312-aarch64-linux-gnu.so.build.json records no profile or profile flag,
2026-09-29T22:14:40.2807734Z   and the image links no profile runtime
2026-09-29T22:14:40.2862732Z ==> PGO: gate tests on the optimized build
2026-09-29T22:14:40.3129026Z + /home/runner/work/strata/strata/.venv/bin/cmake -S . -B build/cmake -DCMAKE_BUILD_TYPE=Release
2026-09-29T22:14:40.4369007Z -- Configuring done (0.0s)
2026-09-29T22:14:40.4791173Z -- Generating done (0.0s)
2026-09-29T22:14:40.4795445Z -- Build files have been written to: /home/runner/work/strata/strata/build/cmake
2026-09-29T22:14:40.4808135Z + /home/runner/work/strata/strata/.venv/bin/cmake --build build/cmake --config Release
2026-09-29T22:14:40.5986630Z gmake[1]: Entering directory '/home/runner/work/strata/strata/build/cmake'
2026-09-29T22:14:40.6047580Z gmake[2]: Entering directory '/home/runner/work/strata/strata/build/cmake'
2026-09-29T22:14:40.6056909Z gmake[3]: Entering directory '/home/runner/work/strata/strata/build/cmake'
2026-09-29T22:14:40.6147204Z gmake[3]: Leaving directory '/home/runner/work/strata/strata/build/cmake'
2026-09-29T22:14:40.6178289Z gmake[3]: Entering directory '/home/runner/work/strata/strata/build/cmake'
2026-09-29T22:14:40.6204547Z [  0%] Linking CXX executable smoke_tests
2026-09-29T22:14:40.6795328Z gmake[3]: Leaving directory '/home/runner/work/strata/strata/build/cmake'
2026-09-29T22:14:40.6824025Z [  6%] Built target smoke_tests
2026-09-29T22:14:40.6839472Z gmake[3]: Entering directory '/home/runner/work/strata/strata/build/cmake'
2026-09-29T22:14:40.6932672Z gmake[3]: Leaving directory '/home/runner/work/strata/strata/build/cmake'
2026-09-29T22:14:40.6963891Z gmake[3]: Entering directory '/home/runner/work/strata/strata/build/cmake'
2026-09-29T22:14:40.6988099Z [  7%] Linking CXX executable json_core_tests
2026-09-29T22:14:40.7575427Z gmake[3]: Leaving directory '/home/runner/work/strata/strata/build/cmake'
2026-09-29T22:14:40.7604648Z [ 13%] Built target json_core_tests
2026-09-29T22:14:40.7620127Z gmake[3]: Entering directory '/home/runner/work/strata/strata/build/cmake'
2026-09-29T22:14:40.7717851Z gmake[3]: Leaving directory '/home/runner/work/strata/strata/build/cmake'
2026-09-29T22:14:40.7748406Z gmake[3]: Entering directory '/home/runner/work/strata/strata/build/cmake'
2026-09-29T22:14:40.7770661Z [ 13%] Linking CXX executable json_parse_tests
2026-09-29T22:14:40.8383584Z gmake[3]: Leaving directory '/home/runner/work/strata/strata/build/cmake'
2026-09-29T22:14:40.8412532Z [ 19%] Built target json_parse_tests
2026-09-29T22:14:40.8428588Z gmake[3]: Entering directory '/home/runner/work/strata/strata/build/cmake'
2026-09-29T22:14:40.8526393Z gmake[3]: Leaving directory '/home/runner/work/strata/strata/build/cmake'
2026-09-29T22:14:40.8558618Z gmake[3]: Entering directory '/home/runner/work/strata/strata/build/cmake'
2026-09-29T22:14:40.8583969Z [ 20%] Linking CXX executable fast_parse_tests
2026-09-29T22:14:40.9195248Z gmake[3]: Leaving directory '/home/runner/work/strata/strata/build/cmake'
2026-09-29T22:14:40.9225069Z [ 25%] Built target fast_parse_tests
2026-09-29T22:14:40.9240200Z gmake[3]: Entering directory '/home/runner/work/strata/strata/build/cmake'
2026-09-29T22:14:40.9335123Z gmake[3]: Leaving directory '/home/runner/work/strata/strata/build/cmake'
2026-09-29T22:14:40.9366055Z gmake[3]: Entering directory '/home/runner/work/strata/strata/build/cmake'
2026-09-29T22:14:40.9390328Z [ 26%] Linking CXX executable value_cursor_tests
2026-09-29T22:14:40.9982079Z gmake[3]: Leaving directory '/home/runner/work/strata/strata/build/cmake'
2026-09-29T22:14:41.0012738Z [ 32%] Built target value_cursor_tests
2026-09-29T22:14:41.0027589Z gmake[3]: Entering directory '/home/runner/work/strata/strata/build/cmake'
2026-09-29T22:14:41.0120525Z gmake[3]: Leaving directory '/home/runner/work/strata/strata/build/cmake'
2026-09-29T22:14:41.0151186Z gmake[3]: Entering directory '/home/runner/work/strata/strata/build/cmake'
2026-09-29T22:14:41.0174798Z [ 32%] Linking CXX executable json_serialize_tests
2026-09-29T22:14:41.0778180Z gmake[3]: Leaving directory '/home/runner/work/strata/strata/build/cmake'
2026-09-29T22:14:41.0806811Z [ 38%] Built target json_serialize_tests
2026-09-29T22:14:41.0821867Z gmake[3]: Entering directory '/home/runner/work/strata/strata/build/cmake'
2026-09-29T22:14:41.0917098Z gmake[3]: Leaving directory '/home/runner/work/strata/strata/build/cmake'
2026-09-29T22:14:41.0947731Z gmake[3]: Entering directory '/home/runner/work/strata/strata/build/cmake'
2026-09-29T22:14:41.0971317Z [ 39%] Linking CXX executable float_precision_tests
2026-09-29T22:14:41.1558258Z gmake[3]: Leaving directory '/home/runner/work/strata/strata/build/cmake'
2026-09-29T22:14:41.1587661Z [ 44%] Built target float_precision_tests
2026-09-29T22:14:41.1602483Z gmake[3]: Entering directory '/home/runner/work/strata/strata/build/cmake'
2026-09-29T22:14:41.1698731Z gmake[3]: Leaving directory '/home/runner/work/strata/strata/build/cmake'
2026-09-29T22:14:41.1730175Z gmake[3]: Entering directory '/home/runner/work/strata/strata/build/cmake'
2026-09-29T22:14:41.1753000Z [ 45%] Linking CXX executable json_cursor_tests
2026-09-29T22:14:41.2349201Z gmake[3]: Leaving directory '/home/runner/work/strata/strata/build/cmake'
2026-09-29T22:14:41.2378796Z [ 50%] Built target json_cursor_tests
2026-09-29T22:14:41.2395711Z gmake[3]: Entering directory '/home/runner/work/strata/strata/build/cmake'
2026-09-29T22:14:41.2487803Z gmake[3]: Leaving directory '/home/runner/work/strata/strata/build/cmake'
2026-09-29T22:14:41.2518359Z gmake[3]: Entering directory '/home/runner/work/strata/strata/build/cmake'
2026-09-29T22:14:41.2542516Z [ 51%] Linking CXX executable ndjson_tests
2026-09-29T22:14:41.3138274Z gmake[3]: Leaving directory '/home/runner/work/strata/strata/build/cmake'
2026-09-29T22:14:41.3167577Z [ 56%] Built target ndjson_tests
2026-09-29T22:14:41.3182588Z gmake[3]: Entering directory '/home/runner/work/strata/strata/build/cmake'
2026-09-29T22:14:41.3279110Z gmake[3]: Leaving directory '/home/runner/work/strata/strata/build/cmake'
2026-09-29T22:14:41.3309528Z gmake[3]: Entering directory '/home/runner/work/strata/strata/build/cmake'
2026-09-29T22:14:41.3332912Z [ 57%] Linking CXX executable jsonpath_tests
2026-09-29T22:14:41.3932269Z gmake[3]: Leaving directory '/home/runner/work/strata/strata/build/cmake'
2026-09-29T22:14:41.3962868Z [ 63%] Built target jsonpath_tests
2026-09-29T22:14:41.3977949Z gmake[3]: Entering directory '/home/runner/work/strata/strata/build/cmake'
2026-09-29T22:14:41.4073720Z gmake[3]: Leaving directory '/home/runner/work/strata/strata/build/cmake'
2026-09-29T22:14:41.4104884Z gmake[3]: Entering directory '/home/runner/work/strata/strata/build/cmake'
2026-09-29T22:14:41.4129472Z [ 63%] Linking CXX executable jsonpath_stream_tests
2026-09-29T22:14:41.4740260Z gmake[3]: Leaving directory '/home/runner/work/strata/strata/build/cmake'
2026-09-29T22:14:41.4769903Z [ 69%] Built target jsonpath_stream_tests
2026-09-29T22:14:41.4785243Z gmake[3]: Entering directory '/home/runner/work/strata/strata/build/cmake'
2026-09-29T22:14:41.4880291Z gmake[3]: Leaving directory '/home/runner/work/strata/strata/build/cmake'
2026-09-29T22:14:41.4910926Z gmake[3]: Entering directory '/home/runner/work/strata/strata/build/cmake'
2026-09-29T22:14:41.4937480Z [ 69%] Linking CXX executable scan_tests
2026-09-29T22:14:41.5536871Z gmake[3]: Leaving directory '/home/runner/work/strata/strata/build/cmake'
2026-09-29T22:14:41.5565968Z [ 75%] Built target scan_tests
2026-09-29T22:14:41.5581276Z gmake[3]: Entering directory '/home/runner/work/strata/strata/build/cmake'
2026-09-29T22:14:41.5677914Z gmake[3]: Leaving directory '/home/runner/work/strata/strata/build/cmake'
2026-09-29T22:14:41.5709583Z gmake[3]: Entering directory '/home/runner/work/strata/strata/build/cmake'
2026-09-29T22:14:41.5733338Z [ 75%] Linking CXX executable temporal_tests
2026-09-29T22:14:41.6353883Z gmake[3]: Leaving directory '/home/runner/work/strata/strata/build/cmake'
2026-09-29T22:14:41.6383495Z [ 81%] Built target temporal_tests
2026-09-29T22:14:41.6399099Z gmake[3]: Entering directory '/home/runner/work/strata/strata/build/cmake'
2026-09-29T22:14:41.6496360Z gmake[3]: Leaving directory '/home/runner/work/strata/strata/build/cmake'
2026-09-29T22:14:41.6528298Z gmake[3]: Entering directory '/home/runner/work/strata/strata/build/cmake'
2026-09-29T22:14:41.6554961Z [ 81%] Linking CXX executable folder_tests
2026-09-29T22:14:41.7162325Z gmake[3]: Leaving directory '/home/runner/work/strata/strata/build/cmake'
2026-09-29T22:14:41.7191216Z [ 87%] Built target folder_tests
2026-09-29T22:14:41.7206297Z gmake[3]: Entering directory '/home/runner/work/strata/strata/build/cmake'
2026-09-29T22:14:41.7301731Z gmake[3]: Leaving directory '/home/runner/work/strata/strata/build/cmake'
2026-09-29T22:14:41.7332570Z gmake[3]: Entering directory '/home/runner/work/strata/strata/build/cmake'
2026-09-29T22:14:41.7355510Z [ 87%] Linking CXX executable fuzz_corpus_tests
2026-09-29T22:14:41.7956431Z gmake[3]: Leaving directory '/home/runner/work/strata/strata/build/cmake'
2026-09-29T22:14:41.7985465Z [ 93%] Built target fuzz_corpus_tests
2026-09-29T22:14:41.8000743Z gmake[3]: Entering directory '/home/runner/work/strata/strata/build/cmake'
2026-09-29T22:14:41.8096883Z gmake[3]: Leaving directory '/home/runner/work/strata/strata/build/cmake'
2026-09-29T22:14:41.8128318Z gmake[3]: Entering directory '/home/runner/work/strata/strata/build/cmake'
2026-09-29T22:14:41.8155290Z [ 94%] Linking CXX executable stress_deep_tests
2026-09-29T22:14:41.8742239Z gmake[3]: Leaving directory '/home/runner/work/strata/strata/build/cmake'
2026-09-29T22:14:41.8883966Z [100%] Built target stress_deep_tests
2026-09-29T22:14:41.8884554Z gmake[2]: Leaving directory '/home/runner/work/strata/strata/build/cmake'
2026-09-29T22:14:41.8885002Z gmake[1]: Leaving directory '/home/runner/work/strata/strata/build/cmake'
2026-09-29T22:14:41.8885651Z + /home/runner/work/strata/strata/.venv/bin/ctest --test-dir build/cmake --build-config Release --output-on-failure --no-tests=error
2026-09-29T22:14:41.9997262Z Test project /home/runner/work/strata/strata/build/cmake
2026-09-29T22:14:42.0002160Z       Start  1: smoke_tests
2026-09-29T22:14:42.0016980Z  1/16 Test  #1: smoke_tests ......................   Passed    0.00 sec
2026-09-29T22:14:42.0018260Z       Start  2: json_core_tests
2026-09-29T22:14:42.0032149Z  2/16 Test  #2: json_core_tests ..................   Passed    0.00 sec
2026-09-29T22:14:42.0033279Z       Start  3: json_parse_tests
2026-09-29T22:14:42.0047379Z  3/16 Test  #3: json_parse_tests .................   Passed    0.00 sec
2026-09-29T22:14:42.0048264Z       Start  4: fast_parse_tests
2026-09-29T22:14:42.0679889Z  4/16 Test  #4: fast_parse_tests .................   Passed    0.06 sec
2026-09-29T22:14:42.0680982Z       Start  5: value_cursor_tests
2026-09-29T22:14:42.0745817Z  5/16 Test  #5: value_cursor_tests ...............   Passed    0.01 sec
2026-09-29T22:14:42.0746802Z       Start  6: json_serialize_tests
2026-09-29T22:14:42.0761763Z  6/16 Test  #6: json_serialize_tests .............   Passed    0.00 sec
2026-09-29T22:14:42.0763149Z       Start  7: float_precision_tests
2026-09-29T22:14:44.3784861Z  7/16 Test  #7: float_precision_tests ............   Passed    2.30 sec
2026-09-29T22:14:44.3785692Z       Start  8: json_cursor_tests
2026-09-29T22:14:44.3803478Z  8/16 Test  #8: json_cursor_tests ................   Passed    0.00 sec
2026-09-29T22:14:44.3804184Z       Start  9: ndjson_tests
2026-09-29T22:14:44.3845610Z  9/16 Test  #9: ndjson_tests .....................   Passed    0.00 sec
2026-09-29T22:14:44.3846827Z       Start 10: jsonpath_tests
2026-09-29T22:14:44.3860584Z 10/16 Test #10: jsonpath_tests ...................   Passed    0.00 sec
2026-09-29T22:14:44.3861453Z       Start 11: jsonpath_stream_tests
2026-09-29T22:14:44.3878990Z 11/16 Test #11: jsonpath_stream_tests ............   Passed    0.00 sec
2026-09-29T22:14:44.3879892Z       Start 12: scan_tests
2026-09-29T22:14:44.4047124Z 12/16 Test #12: scan_tests .......................   Passed    0.02 sec
2026-09-29T22:14:44.4048198Z       Start 13: temporal_tests
2026-09-29T22:14:44.4186934Z 13/16 Test #13: temporal_tests ...................   Passed    0.01 sec
2026-09-29T22:14:44.4187835Z       Start 14: folder_tests
2026-09-29T22:14:44.4214618Z 14/16 Test #14: folder_tests .....................   Passed    0.00 sec
2026-09-29T22:14:44.4215320Z       Start 15: fuzz_corpus_tests
2026-09-29T22:14:44.4247623Z 15/16 Test #15: fuzz_corpus_tests ................   Passed    0.00 sec
2026-09-29T22:14:44.4248330Z       Start 16: stress_deep_tests
2026-09-29T22:14:44.4275005Z 16/16 Test #16: stress_deep_tests ................   Passed    0.00 sec
2026-09-29T22:14:44.4279925Z 
2026-09-29T22:14:44.4280044Z 100% tests passed out of 16
2026-09-29T22:14:44.4280202Z 
2026-09-29T22:14:44.4280299Z Total Test time (real) =   2.43 sec
2026-09-29T22:14:44.4653114Z + pytest tests/py tests/unit --basetemp=/tmp/pytest-of-runner/j12xye6h
2026-09-29T22:14:45.0697216Z ============================= test session starts ==============================
2026-09-29T22:14:45.0697868Z platform linux -- Python 3.12.14, pytest-9.1.1, pluggy-1.6.0
2026-09-29T22:14:45.0698299Z rootdir: /home/runner/work/strata/strata
2026-09-29T22:14:45.0698694Z configfile: pyproject.toml
2026-09-29T22:14:45.0699032Z plugins: platformdirs-4.12.2, cov-7.1.0
2026-09-29T22:14:45.0699368Z collected 3924 items
2026-09-29T22:14:45.0699507Z 
2026-09-29T22:14:45.0865565Z tests/py/native_types/test_native_dump.py ..............                 [  0%]
2026-09-29T22:14:45.1723810Z tests/py/native_types/test_native_fast_paths.py ........ssssssssss...... [  0%]
2026-09-29T22:14:45.3707437Z .............................                                            [  1%]
2026-09-29T22:14:45.4253004Z tests/py/native_types/test_native_import.py ...                          [  1%]
2026-09-29T22:14:45.4650107Z tests/py/native_types/test_native_opt_out.py ........................... [  2%]
2026-09-29T22:14:45.4654642Z                                                                          [  2%]
2026-09-29T22:14:45.5468127Z tests/py/native_types/test_native_oracle.py .........                    [  2%]
2026-09-29T22:14:45.8711173Z tests/py/native_types/test_native_reentrancy.py ........................ [  3%]
2026-09-29T22:14:46.6442045Z ..................................................                       [  4%]
2026-09-29T22:14:46.6795549Z tests/py/native_types/test_parse_types.py .............................. [  5%]
2026-09-29T22:14:47.1363736Z ............................................................             [  6%]
2026-09-29T22:14:47.1537332Z tests/py/test_dumps_brace_fold.py .........                              [  7%]
2026-09-29T22:14:47.1891236Z tests/py/test_dumps_cycles_fused.py .................................... [  8%]
2026-09-29T22:14:47.2442286Z ....................................................                     [  9%]
2026-09-29T22:14:47.4840381Z tests/py/test_dumps_general_tables.py ............................       [ 10%]
2026-09-29T22:14:47.9413824Z tests/py/test_dumps_with_default.py .................................... [ 10%]
2026-09-29T22:14:48.2379003Z .............................ss                                          [ 11%]
2026-09-29T22:14:48.2691919Z tests/py/test_dumps_with_default_contract.py ........................... [ 12%]
2026-09-29T22:14:48.3669794Z ........................................................................ [ 14%]
2026-09-29T22:14:48.4665070Z ........................................................................ [ 16%]
2026-09-29T22:14:48.5156878Z ..........................                                               [ 16%]
2026-09-29T22:14:48.5193808Z tests/py/test_fused_verification.py ..                                   [ 16%]
2026-09-29T22:14:48.5480260Z tests/py/test_json_parity.py ........................................... [ 17%]
2026-09-29T22:14:48.5951997Z ........................................................................ [ 19%]
2026-09-29T22:14:48.6419621Z ........................................................................ [ 21%]
2026-09-29T22:14:48.6887844Z ........................................................................ [ 23%]
2026-09-29T22:14:48.7354831Z ........................................................................ [ 25%]
2026-09-29T22:14:48.7813527Z ........................................................................ [ 27%]
2026-09-29T22:14:48.8274001Z ........................................................................ [ 28%]
2026-09-29T22:14:48.8726749Z ........................................................................ [ 30%]
2026-09-29T22:14:48.9178892Z ........................................................................ [ 32%]
2026-09-29T22:14:48.9636726Z ........................................................................ [ 34%]
2026-09-29T22:14:49.0084952Z ........................................................................ [ 36%]
2026-09-29T22:14:49.0531852Z ........................................................................ [ 38%]
2026-09-29T22:14:49.0974559Z ........................................................................ [ 39%]
2026-09-29T22:14:49.1415345Z ........................................................................ [ 41%]
2026-09-29T22:14:49.1852771Z ........................................................................ [ 43%]
2026-09-29T22:14:49.2293358Z ........................................................................ [ 45%]
2026-09-29T22:14:49.2734178Z ........................................................................ [ 47%]
2026-09-29T22:14:49.2972027Z .................................                                        [ 48%]
2026-09-29T22:14:49.3367870Z tests/py/test_path_dispatch.py ................................          [ 48%]
2026-09-29T22:14:49.3383926Z tests/py/test_py_tests_basetemp.py ..                                    [ 49%]
2026-09-29T22:14:49.3401454Z tests/py/test_smoke.py ...                                               [ 49%]
2026-09-29T22:14:49.3613897Z tests/unit/native_types/test_build_sources.py .......                    [ 49%]
2026-09-29T22:14:49.4859498Z tests/unit/native_types/test_hook_import_gating.py .......               [ 49%]
2026-09-29T22:14:49.5564322Z tests/unit/native_types/test_hook_profile_build.py ...............       [ 49%]
2026-09-29T22:14:49.5664019Z tests/unit/native_types/test_native_benchmark_agreement.py ...........   [ 50%]
2026-09-29T22:14:49.6556517Z tests/unit/native_types/test_native_benchmark_dataset.py .....           [ 50%]
2026-09-29T22:14:49.6599156Z tests/unit/native_types/test_native_benchmark_rows.py .......            [ 50%]
2026-09-29T22:14:49.6727087Z tests/unit/native_types/test_native_ci_fetch.py ....                     [ 50%]
2026-09-29T22:14:49.6835456Z tests/unit/native_types/test_native_ci_summary.py .....                  [ 50%]
2026-09-29T22:14:49.7267975Z tests/unit/native_types/test_native_flag.py ..........................s. [ 51%]
2026-09-29T22:14:49.7608786Z ..                                                                       [ 51%]
2026-09-29T22:14:49.7730211Z tests/unit/native_types/test_native_identity_ab.py .......               [ 51%]
2026-09-29T22:14:49.7941213Z tests/unit/native_types/test_native_opt_out.py ......................... [ 52%]
2026-09-29T22:14:49.8544507Z ........................................................................ [ 54%]
2026-09-29T22:14:49.8934765Z ..................................................                       [ 55%]
2026-09-29T22:14:49.9091728Z tests/unit/native_types/test_parse_contract.py ......................... [ 55%]
2026-09-29T22:14:49.9729083Z .................................................                        [ 57%]
2026-09-29T22:14:49.9861294Z tests/unit/native_types/test_serializer_contract.py .................... [ 57%]
2026-09-29T22:14:50.3195352Z ........................................................................ [ 59%]
2026-09-29T22:14:50.3627270Z ................................................                         [ 60%]
2026-09-29T22:14:50.4079279Z tests/unit/native_types/test_training_scope.py ............              [ 61%]
2026-09-29T22:14:50.7577926Z tests/unit/test_ab_analysis.py ......................................    [ 62%]
2026-09-29T22:14:50.7694955Z tests/unit/test_build_manifest.py ...........                            [ 62%]
2026-09-29T22:14:50.7797883Z tests/unit/test_canonical_builds.py ....                                 [ 62%]
2026-09-29T22:14:50.9444177Z tests/unit/test_ci_fetch.py ........................                     [ 63%]
2026-09-29T22:14:51.0255487Z tests/unit/test_ci_summary.py .......................                    [ 63%]
2026-09-29T22:14:51.0433840Z tests/unit/test_config.py ...........................                    [ 64%]
2026-09-29T22:14:51.0586431Z tests/unit/test_core_purity.py ....                                      [ 64%]
2026-09-29T22:14:51.0694930Z tests/unit/test_cross_sample.py ......                                   [ 64%]
2026-09-29T22:14:51.1195761Z tests/unit/test_dumps.py ............................................... [ 65%]
2026-09-29T22:14:51.1326814Z ..........                                                               [ 66%]
2026-09-29T22:14:51.1503078Z tests/unit/test_dumps_brace_fold.py .........                            [ 66%]
2026-09-29T22:14:51.3365150Z tests/unit/test_dumps_cold_start.py ....                                 [ 66%]
2026-09-29T22:14:51.3662912Z tests/unit/test_dumps_contract.py ...................................... [ 67%]
2026-09-29T22:14:51.4219937Z .............................................................            [ 68%]
2026-09-29T22:14:51.4563743Z tests/unit/test_dumps_cycles_fused.py .................................. [ 69%]
2026-09-29T22:14:51.5149412Z ......................................................                   [ 71%]
2026-09-29T22:14:51.8261548Z tests/unit/test_dumps_general_tables.py ............................     [ 71%]
2026-09-29T22:14:52.2805907Z tests/unit/test_dumps_latch.py ............................              [ 72%]
2026-09-29T22:14:52.3595924Z tests/unit/test_dumps_private_cache.py ................................  [ 73%]
2026-09-29T22:14:53.0350056Z tests/unit/test_dumps_reentrancy.py .................................... [ 74%]
2026-09-29T22:14:54.2777163Z ......................................................................   [ 76%]
2026-09-29T22:14:54.9641842Z tests/unit/test_dumps_reentrancy_review.py ............................. [ 76%]
2026-09-29T22:14:55.1187505Z ..                                                                       [ 76%]
2026-09-29T22:14:55.1683063Z tests/unit/test_dumps_schema_failure.py ...........................      [ 77%]
2026-09-29T22:14:55.6119279Z tests/unit/test_dumps_user_step_counter.py ..........................    [ 78%]
2026-09-29T22:14:55.6381105Z tests/unit/test_dumps_with_default.py .................................. [ 79%]
2026-09-29T22:14:55.6940994Z ........................................................................ [ 80%]
2026-09-29T22:14:55.8103891Z .........................................................                [ 82%]
2026-09-29T22:14:55.8315533Z tests/unit/test_dumps_with_default_state.py ............................ [ 83%]
2026-09-29T22:14:55.9186613Z ........................................................................ [ 84%]
2026-09-29T22:14:56.0405615Z ..............                                                           [ 85%]
2026-09-29T22:14:56.1084527Z tests/unit/test_folder.py .............................................. [ 86%]
2026-09-29T22:14:56.1755141Z .........................................                                [ 87%]
2026-09-29T22:14:56.1793008Z tests/unit/test_fused_verification.py ..                                 [ 87%]
2026-09-29T22:14:56.2250366Z tests/unit/test_hook_build_scope.py ...............................      [ 88%]
2026-09-29T22:14:56.3244566Z tests/unit/test_json_cursor.py ...........................               [ 89%]
2026-09-29T22:14:56.3524676Z tests/unit/test_jsonpath.py ............................................ [ 90%]
2026-09-29T22:14:56.4704924Z .......................................................................  [ 91%]
2026-09-29T22:14:56.5507116Z tests/unit/test_load_dump.py ........................................... [ 93%]
2026-09-29T22:14:56.5511298Z                                                                          [ 93%]
2026-09-29T22:14:56.5834246Z tests/unit/test_loads.py ............................................... [ 94%]
2026-09-29T22:14:56.6630847Z ........................................................................ [ 96%]
2026-09-29T22:14:57.5319521Z ................                                                         [ 96%]
2026-09-29T22:14:57.5373047Z tests/unit/test_native_interleaved_profile.py ...                        [ 96%]
2026-09-29T22:14:57.6080917Z tests/unit/test_nested_container_probe.py ....                           [ 96%]
2026-09-29T22:14:57.6611641Z tests/unit/test_path_dispatch.py ................................        [ 97%]
2026-09-29T22:14:57.6967196Z tests/unit/test_provenance.py ..................                         [ 97%]
2026-09-29T22:14:57.7466527Z tests/unit/test_regression_check.py ..........................           [ 98%]
2026-09-29T22:14:57.8502904Z tests/unit/test_search_stream.py .................                       [ 99%]
2026-09-29T22:14:57.8511412Z tests/unit/test_string_identity_probe.py .                               [ 99%]
2026-09-29T22:14:57.9207633Z tests/unit/test_supplementary.py .............                           [ 99%]
2026-09-29T22:14:57.9723203Z tests/unit/test_supportability_check.py ....................             [ 99%]
2026-09-29T22:14:58.0460292Z tests/unit/test_version.py ....                                          [100%]
2026-09-29T22:14:58.0460644Z 
2026-09-29T22:14:58.0460795Z ====================== 3911 passed, 13 skipped in 13.38s =======================
2026-09-29T22:14:58.2615798Z ==> PGO phase 3a: instrumented hook
2026-09-29T22:14:58.5292236Z Obtaining file:///home/runner/work/strata/strata
2026-09-29T22:14:58.5311064Z   Installing build dependencies: started
2026-09-29T22:14:59.8307486Z   Installing build dependencies: finished with status 'done'
2026-09-29T22:14:59.8313428Z   Checking if build backend supports build_editable: started
2026-09-29T22:15:00.0776975Z   Checking if build backend supports build_editable: finished with status 'done'
2026-09-29T22:15:00.0783354Z   Getting requirements to build editable: started
2026-09-29T22:15:00.3914064Z   Getting requirements to build editable: finished with status 'done'
2026-09-29T22:15:00.3923400Z   Preparing editable metadata (pyproject.toml): started
2026-09-29T22:15:00.5928410Z   Preparing editable metadata (pyproject.toml): finished with status 'done'
2026-09-29T22:15:00.5975050Z Building wheels for collected packages: strata
2026-09-29T22:15:00.5981830Z   Building editable for strata (pyproject.toml): started
2026-09-29T22:15:37.2542167Z   Building editable for strata (pyproject.toml): finished with status 'done'
2026-09-29T22:15:37.2550319Z   Created wheel for strata: filename=strata-2026.8.10-0.editable-cp312-cp312-linux_aarch64.whl size=4450 sha256=d90560d9cdf4f1d45e22bc5f522cb4fa7c8baec501a192c294adfcde0b5e1a82
2026-09-29T22:15:37.2551386Z   Stored in directory: /tmp/pip-ephem-wheel-cache-12_pgtm_/wheels/ab/73/9c/71109b0f5a731622820d2f6d25f1f3cfd677e39fdd3b3110b6
2026-09-29T22:15:37.2574590Z Successfully built strata
2026-09-29T22:15:37.2669298Z Installing collected packages: strata
2026-09-29T22:15:37.2670292Z   Attempting uninstall: strata
2026-09-29T22:15:37.2687811Z     Found existing installation: strata 2026.8.10
2026-09-29T22:15:37.2701398Z     Uninstalling strata-2026.8.10:
2026-09-29T22:15:37.2894854Z       Successfully uninstalled strata-2026.8.10
2026-09-29T22:15:37.3040360Z Successfully installed strata-2026.8.10
2026-09-29T22:15:37.5850090Z ==> PGO: the hook's native training workload
2026-09-29T22:15:38.3528541Z ==> PGO phase 3b: the hook against its own profile (+ LTO)
2026-09-29T22:15:38.6154102Z Obtaining file:///home/runner/work/strata/strata
2026-09-29T22:15:38.6171929Z   Installing build dependencies: started
2026-09-29T22:15:39.9182815Z   Installing build dependencies: finished with status 'done'
2026-09-29T22:15:39.9188447Z   Checking if build backend supports build_editable: started
2026-09-29T22:15:40.1662274Z   Checking if build backend supports build_editable: finished with status 'done'
2026-09-29T22:15:40.1669615Z   Getting requirements to build editable: started
2026-09-29T22:15:40.4740280Z   Getting requirements to build editable: finished with status 'done'
2026-09-29T22:15:40.4748884Z   Preparing editable metadata (pyproject.toml): started
2026-09-29T22:15:40.6729133Z   Preparing editable metadata (pyproject.toml): finished with status 'done'
2026-09-29T22:15:40.6775756Z Building wheels for collected packages: strata
2026-09-29T22:15:40.6782299Z   Building editable for strata (pyproject.toml): started
2026-09-29T22:16:14.6298297Z   Building editable for strata (pyproject.toml): finished with status 'done'
2026-09-29T22:16:14.6306408Z   Created wheel for strata: filename=strata-2026.8.10-0.editable-cp312-cp312-linux_aarch64.whl size=4450 sha256=e495a6b68353ddb761e138978a9f639999b15b953d5357076207cba05e121e04
2026-09-29T22:16:14.6307437Z   Stored in directory: /tmp/pip-ephem-wheel-cache-9sqs5uu3/wheels/ab/73/9c/71109b0f5a731622820d2f6d25f1f3cfd677e39fdd3b3110b6
2026-09-29T22:16:14.6330454Z Successfully built strata
2026-09-29T22:16:14.6426189Z Installing collected packages: strata
2026-09-29T22:16:14.6426776Z   Attempting uninstall: strata
2026-09-29T22:16:14.6444306Z     Found existing installation: strata 2026.8.10
2026-09-29T22:16:14.6457783Z     Uninstalling strata-2026.8.10:
2026-09-29T22:16:14.6650855Z       Successfully uninstalled strata-2026.8.10
2026-09-29T22:16:14.6792191Z Successfully installed strata-2026.8.10
2026-09-29T22:16:14.9659605Z ==> PGO: _strata unchanged, the hook on its own profile alone
2026-09-29T22:16:15.0311622Z + strata._dumps_hook is built against hook.profdata alone and links no profile runtime
2026-09-29T22:16:15.0820007Z + strata._strata is built against strata.profdata alone and links no profile runtime
2026-09-29T22:16:15.0877047Z ==> PGO: gate tests on the optimized hook
2026-09-29T22:16:15.1152221Z + /home/runner/work/strata/strata/.venv/bin/cmake -S . -B build/cmake -DCMAKE_BUILD_TYPE=Release
2026-09-29T22:16:15.2385693Z -- Configuring done (0.0s)
2026-09-29T22:16:15.2816627Z -- Generating done (0.0s)
2026-09-29T22:16:15.2819481Z -- Build files have been written to: /home/runner/work/strata/strata/build/cmake
2026-09-29T22:16:15.2832782Z + /home/runner/work/strata/strata/.venv/bin/cmake --build build/cmake --config Release
2026-09-29T22:16:15.4025431Z gmake[1]: Entering directory '/home/runner/work/strata/strata/build/cmake'
2026-09-29T22:16:15.4087197Z gmake[2]: Entering directory '/home/runner/work/strata/strata/build/cmake'
2026-09-29T22:16:15.4096203Z gmake[3]: Entering directory '/home/runner/work/strata/strata/build/cmake'
2026-09-29T22:16:15.4187529Z gmake[3]: Leaving directory '/home/runner/work/strata/strata/build/cmake'
2026-09-29T22:16:15.4217173Z gmake[3]: Entering directory '/home/runner/work/strata/strata/build/cmake'
2026-09-29T22:16:15.4240010Z [  0%] Linking CXX executable smoke_tests
2026-09-29T22:16:15.4835421Z gmake[3]: Leaving directory '/home/runner/work/strata/strata/build/cmake'
2026-09-29T22:16:15.4865143Z [  6%] Built target smoke_tests
2026-09-29T22:16:15.4880862Z gmake[3]: Entering directory '/home/runner/work/strata/strata/build/cmake'
2026-09-29T22:16:15.4975813Z gmake[3]: Leaving directory '/home/runner/work/strata/strata/build/cmake'
2026-09-29T22:16:15.5006985Z gmake[3]: Entering directory '/home/runner/work/strata/strata/build/cmake'
2026-09-29T22:16:15.5031885Z [  7%] Linking CXX executable json_core_tests
2026-09-29T22:16:15.5646937Z gmake[3]: Leaving directory '/home/runner/work/strata/strata/build/cmake'
2026-09-29T22:16:15.5677640Z [ 13%] Built target json_core_tests
2026-09-29T22:16:15.5693121Z gmake[3]: Entering directory '/home/runner/work/strata/strata/build/cmake'
2026-09-29T22:16:15.5789207Z gmake[3]: Leaving directory '/home/runner/work/strata/strata/build/cmake'
2026-09-29T22:16:15.5821426Z gmake[3]: Entering directory '/home/runner/work/strata/strata/build/cmake'
2026-09-29T22:16:15.5847213Z [ 13%] Linking CXX executable json_parse_tests
2026-09-29T22:16:15.6451761Z gmake[3]: Leaving directory '/home/runner/work/strata/strata/build/cmake'
2026-09-29T22:16:15.6481273Z [ 19%] Built target json_parse_tests
2026-09-29T22:16:15.6496935Z gmake[3]: Entering directory '/home/runner/work/strata/strata/build/cmake'
2026-09-29T22:16:15.6592387Z gmake[3]: Leaving directory '/home/runner/work/strata/strata/build/cmake'
2026-09-29T22:16:15.6623880Z gmake[3]: Entering directory '/home/runner/work/strata/strata/build/cmake'
2026-09-29T22:16:15.6648571Z [ 20%] Linking CXX executable fast_parse_tests
2026-09-29T22:16:15.7255651Z gmake[3]: Leaving directory '/home/runner/work/strata/strata/build/cmake'
2026-09-29T22:16:15.7285100Z [ 25%] Built target fast_parse_tests
2026-09-29T22:16:15.7300556Z gmake[3]: Entering directory '/home/runner/work/strata/strata/build/cmake'
2026-09-29T22:16:15.7394744Z gmake[3]: Leaving directory '/home/runner/work/strata/strata/build/cmake'
2026-09-29T22:16:15.7425641Z gmake[3]: Entering directory '/home/runner/work/strata/strata/build/cmake'
2026-09-29T22:16:15.7450529Z [ 26%] Linking CXX executable value_cursor_tests
2026-09-29T22:16:15.8055943Z gmake[3]: Leaving directory '/home/runner/work/strata/strata/build/cmake'
2026-09-29T22:16:15.8085988Z [ 32%] Built target value_cursor_tests
2026-09-29T22:16:15.8102330Z gmake[3]: Entering directory '/home/runner/work/strata/strata/build/cmake'
2026-09-29T22:16:15.8201789Z gmake[3]: Leaving directory '/home/runner/work/strata/strata/build/cmake'
2026-09-29T22:16:15.8234729Z gmake[3]: Entering directory '/home/runner/work/strata/strata/build/cmake'
2026-09-29T22:16:15.8261496Z [ 32%] Linking CXX executable json_serialize_tests
2026-09-29T22:16:15.8880774Z gmake[3]: Leaving directory '/home/runner/work/strata/strata/build/cmake'
2026-09-29T22:16:15.8909417Z [ 38%] Built target json_serialize_tests
2026-09-29T22:16:15.8925134Z gmake[3]: Entering directory '/home/runner/work/strata/strata/build/cmake'
2026-09-29T22:16:15.9022072Z gmake[3]: Leaving directory '/home/runner/work/strata/strata/build/cmake'
2026-09-29T22:16:15.9054141Z gmake[3]: Entering directory '/home/runner/work/strata/strata/build/cmake'
2026-09-29T22:16:15.9079602Z [ 39%] Linking CXX executable float_precision_tests
2026-09-29T22:16:15.9683114Z gmake[3]: Leaving directory '/home/runner/work/strata/strata/build/cmake'
2026-09-29T22:16:15.9713061Z [ 44%] Built target float_precision_tests
2026-09-29T22:16:15.9728552Z gmake[3]: Entering directory '/home/runner/work/strata/strata/build/cmake'
2026-09-29T22:16:15.9827658Z gmake[3]: Leaving directory '/home/runner/work/strata/strata/build/cmake'
2026-09-29T22:16:15.9860036Z gmake[3]: Entering directory '/home/runner/work/strata/strata/build/cmake'
2026-09-29T22:16:15.9886227Z [ 45%] Linking CXX executable json_cursor_tests
2026-09-29T22:16:16.0476904Z gmake[3]: Leaving directory '/home/runner/work/strata/strata/build/cmake'
2026-09-29T22:16:16.0507856Z [ 50%] Built target json_cursor_tests
2026-09-29T22:16:16.0523122Z gmake[3]: Entering directory '/home/runner/work/strata/strata/build/cmake'
2026-09-29T22:16:16.0617496Z gmake[3]: Leaving directory '/home/runner/work/strata/strata/build/cmake'
2026-09-29T22:16:16.0649091Z gmake[3]: Entering directory '/home/runner/work/strata/strata/build/cmake'
2026-09-29T22:16:16.0676456Z [ 51%] Linking CXX executable ndjson_tests
2026-09-29T22:16:16.1292064Z gmake[3]: Leaving directory '/home/runner/work/strata/strata/build/cmake'
2026-09-29T22:16:16.1322438Z [ 56%] Built target ndjson_tests
2026-09-29T22:16:16.1337993Z gmake[3]: Entering directory '/home/runner/work/strata/strata/build/cmake'
2026-09-29T22:16:16.1433809Z gmake[3]: Leaving directory '/home/runner/work/strata/strata/build/cmake'
2026-09-29T22:16:16.1465045Z gmake[3]: Entering directory '/home/runner/work/strata/strata/build/cmake'
2026-09-29T22:16:16.1489679Z [ 57%] Linking CXX executable jsonpath_tests
2026-09-29T22:16:16.2089218Z gmake[3]: Leaving directory '/home/runner/work/strata/strata/build/cmake'
2026-09-29T22:16:16.2119211Z [ 63%] Built target jsonpath_tests
2026-09-29T22:16:16.2134659Z gmake[3]: Entering directory '/home/runner/work/strata/strata/build/cmake'
2026-09-29T22:16:16.2228670Z gmake[3]: Leaving directory '/home/runner/work/strata/strata/build/cmake'
2026-09-29T22:16:16.2259944Z gmake[3]: Entering directory '/home/runner/work/strata/strata/build/cmake'
2026-09-29T22:16:16.2283439Z [ 63%] Linking CXX executable jsonpath_stream_tests
2026-09-29T22:16:16.2876796Z gmake[3]: Leaving directory '/home/runner/work/strata/strata/build/cmake'
2026-09-29T22:16:16.2905736Z [ 69%] Built target jsonpath_stream_tests
2026-09-29T22:16:16.2921301Z gmake[3]: Entering directory '/home/runner/work/strata/strata/build/cmake'
2026-09-29T22:16:16.3014926Z gmake[3]: Leaving directory '/home/runner/work/strata/strata/build/cmake'
2026-09-29T22:16:16.3045895Z gmake[3]: Entering directory '/home/runner/work/strata/strata/build/cmake'
2026-09-29T22:16:16.3069578Z [ 69%] Linking CXX executable scan_tests
2026-09-29T22:16:16.3678950Z gmake[3]: Leaving directory '/home/runner/work/strata/strata/build/cmake'
2026-09-29T22:16:16.3708383Z [ 75%] Built target scan_tests
2026-09-29T22:16:16.3723838Z gmake[3]: Entering directory '/home/runner/work/strata/strata/build/cmake'
2026-09-29T22:16:16.3821555Z gmake[3]: Leaving directory '/home/runner/work/strata/strata/build/cmake'
2026-09-29T22:16:16.3853312Z gmake[3]: Entering directory '/home/runner/work/strata/strata/build/cmake'
2026-09-29T22:16:16.3876772Z [ 75%] Linking CXX executable temporal_tests
2026-09-29T22:16:16.4490899Z gmake[3]: Leaving directory '/home/runner/work/strata/strata/build/cmake'
2026-09-29T22:16:16.4520600Z [ 81%] Built target temporal_tests
2026-09-29T22:16:16.4536984Z gmake[3]: Entering directory '/home/runner/work/strata/strata/build/cmake'
2026-09-29T22:16:16.4633972Z gmake[3]: Leaving directory '/home/runner/work/strata/strata/build/cmake'
2026-09-29T22:16:16.4666166Z gmake[3]: Entering directory '/home/runner/work/strata/strata/build/cmake'
2026-09-29T22:16:16.4691141Z [ 81%] Linking CXX executable folder_tests
2026-09-29T22:16:16.5303961Z gmake[3]: Leaving directory '/home/runner/work/strata/strata/build/cmake'
2026-09-29T22:16:16.5333565Z [ 87%] Built target folder_tests
2026-09-29T22:16:16.5348912Z gmake[3]: Entering directory '/home/runner/work/strata/strata/build/cmake'
2026-09-29T22:16:16.5447778Z gmake[3]: Leaving directory '/home/runner/work/strata/strata/build/cmake'
2026-09-29T22:16:16.5479035Z gmake[3]: Entering directory '/home/runner/work/strata/strata/build/cmake'
2026-09-29T22:16:16.5502988Z [ 87%] Linking CXX executable fuzz_corpus_tests
2026-09-29T22:16:16.6105871Z gmake[3]: Leaving directory '/home/runner/work/strata/strata/build/cmake'
2026-09-29T22:16:16.6135324Z [ 93%] Built target fuzz_corpus_tests
2026-09-29T22:16:16.6150668Z gmake[3]: Entering directory '/home/runner/work/strata/strata/build/cmake'
2026-09-29T22:16:16.6244437Z gmake[3]: Leaving directory '/home/runner/work/strata/strata/build/cmake'
2026-09-29T22:16:16.6275845Z gmake[3]: Entering directory '/home/runner/work/strata/strata/build/cmake'
2026-09-29T22:16:16.6299960Z [ 94%] Linking CXX executable stress_deep_tests
2026-09-29T22:16:16.6911311Z gmake[3]: Leaving directory '/home/runner/work/strata/strata/build/cmake'
2026-09-29T22:16:16.6942371Z [100%] Built target stress_deep_tests
2026-09-29T22:16:16.6946597Z gmake[2]: Leaving directory '/home/runner/work/strata/strata/build/cmake'
2026-09-29T22:16:16.6984890Z gmake[1]: Leaving directory '/home/runner/work/strata/strata/build/cmake'
2026-09-29T22:16:16.6995520Z + /home/runner/work/strata/strata/.venv/bin/ctest --test-dir build/cmake --build-config Release --output-on-failure --no-tests=error
2026-09-29T22:16:16.8160886Z Test project /home/runner/work/strata/strata/build/cmake
2026-09-29T22:16:16.8166889Z       Start  1: smoke_tests
2026-09-29T22:16:16.8182310Z  1/16 Test  #1: smoke_tests ......................   Passed    0.00 sec
2026-09-29T22:16:16.8183512Z       Start  2: json_core_tests
2026-09-29T22:16:16.8197715Z  2/16 Test  #2: json_core_tests ..................   Passed    0.00 sec
2026-09-29T22:16:16.8198834Z       Start  3: json_parse_tests
2026-09-29T22:16:16.8214014Z  3/16 Test  #3: json_parse_tests .................   Passed    0.00 sec
2026-09-29T22:16:16.8215180Z       Start  4: fast_parse_tests
2026-09-29T22:16:16.8856938Z  4/16 Test  #4: fast_parse_tests .................   Passed    0.06 sec
2026-09-29T22:16:16.8857336Z       Start  5: value_cursor_tests
2026-09-29T22:16:16.8923056Z  5/16 Test  #5: value_cursor_tests ...............   Passed    0.01 sec
2026-09-29T22:16:16.8923500Z       Start  6: json_serialize_tests
2026-09-29T22:16:16.8939538Z  6/16 Test  #6: json_serialize_tests .............   Passed    0.00 sec
2026-09-29T22:16:16.8940382Z       Start  7: float_precision_tests
2026-09-29T22:16:19.1967238Z  7/16 Test  #7: float_precision_tests ............   Passed    2.30 sec
2026-09-29T22:16:19.1968106Z       Start  8: json_cursor_tests
2026-09-29T22:16:19.1985528Z  8/16 Test  #8: json_cursor_tests ................   Passed    0.00 sec
2026-09-29T22:16:19.1986628Z       Start  9: ndjson_tests
2026-09-29T22:16:19.2028063Z  9/16 Test  #9: ndjson_tests .....................   Passed    0.00 sec
2026-09-29T22:16:19.2029637Z       Start 10: jsonpath_tests
2026-09-29T22:16:19.2043170Z 10/16 Test #10: jsonpath_tests ...................   Passed    0.00 sec
2026-09-29T22:16:19.2044252Z       Start 11: jsonpath_stream_tests
2026-09-29T22:16:19.2061496Z 11/16 Test #11: jsonpath_stream_tests ............   Passed    0.00 sec
2026-09-29T22:16:19.2062091Z       Start 12: scan_tests
2026-09-29T22:16:19.2229784Z 12/16 Test #12: scan_tests .......................   Passed    0.02 sec
2026-09-29T22:16:19.2230822Z       Start 13: temporal_tests
2026-09-29T22:16:19.2364719Z 13/16 Test #13: temporal_tests ...................   Passed    0.01 sec
2026-09-29T22:16:19.2365835Z       Start 14: folder_tests
2026-09-29T22:16:19.2393440Z 14/16 Test #14: folder_tests .....................   Passed    0.00 sec
2026-09-29T22:16:19.2394803Z       Start 15: fuzz_corpus_tests
2026-09-29T22:16:19.2427900Z 15/16 Test #15: fuzz_corpus_tests ................   Passed    0.00 sec
2026-09-29T22:16:19.2428509Z       Start 16: stress_deep_tests
2026-09-29T22:16:19.2455724Z 16/16 Test #16: stress_deep_tests ................   Passed    0.00 sec
2026-09-29T22:16:19.2460454Z 
2026-09-29T22:16:19.2460577Z 100% tests passed out of 16
2026-09-29T22:16:19.2460737Z 
2026-09-29T22:16:19.2460834Z Total Test time (real) =   2.43 sec
2026-09-29T22:16:19.2847914Z + pytest tests/py tests/unit --basetemp=/tmp/pytest-of-runner/ly722l16
2026-09-29T22:16:19.8957403Z ============================= test session starts ==============================
2026-09-29T22:16:19.8958395Z platform linux -- Python 3.12.14, pytest-9.1.1, pluggy-1.6.0
2026-09-29T22:16:19.8958785Z rootdir: /home/runner/work/strata/strata
2026-09-29T22:16:19.8959046Z configfile: pyproject.toml
2026-09-29T22:16:19.8959276Z plugins: platformdirs-4.12.2, cov-7.1.0
2026-09-29T22:16:19.8959563Z collected 3924 items
2026-09-29T22:16:19.8959689Z 
2026-09-29T22:16:19.9118132Z tests/py/native_types/test_native_dump.py ..............                 [  0%]
2026-09-29T22:16:19.9976941Z tests/py/native_types/test_native_fast_paths.py ........ssssssssss...... [  0%]
2026-09-29T22:16:20.1979456Z .............................                                            [  1%]
2026-09-29T22:16:20.2526615Z tests/py/native_types/test_native_import.py ...                          [  1%]
2026-09-29T22:16:20.2929876Z tests/py/native_types/test_native_opt_out.py ........................... [  2%]
2026-09-29T22:16:20.2934026Z                                                                          [  2%]
2026-09-29T22:16:20.3755322Z tests/py/native_types/test_native_oracle.py .........                    [  2%]
2026-09-29T22:16:20.7131299Z tests/py/native_types/test_native_reentrancy.py ........................ [  3%]
2026-09-29T22:16:21.5094564Z ..................................................                       [  4%]
2026-09-29T22:16:21.5437674Z tests/py/native_types/test_parse_types.py .............................. [  5%]
2026-09-29T22:16:22.0158515Z ............................................................             [  6%]
2026-09-29T22:16:22.0333813Z tests/py/test_dumps_brace_fold.py .........                              [  7%]
2026-09-29T22:16:22.0696467Z tests/py/test_dumps_cycles_fused.py .................................... [  8%]
2026-09-29T22:16:22.1253446Z ....................................................                     [  9%]
2026-09-29T22:16:22.3696971Z tests/py/test_dumps_general_tables.py ............................       [ 10%]
2026-09-29T22:16:22.8319405Z tests/py/test_dumps_with_default.py .................................... [ 10%]
2026-09-29T22:16:23.1446099Z .............................ss                                          [ 11%]
2026-09-29T22:16:23.1752746Z tests/py/test_dumps_with_default_contract.py ........................... [ 12%]
2026-09-29T22:16:23.2733255Z ........................................................................ [ 14%]
2026-09-29T22:16:23.3749479Z ........................................................................ [ 16%]
2026-09-29T22:16:23.4244520Z ..........................                                               [ 16%]
2026-09-29T22:16:23.4281451Z tests/py/test_fused_verification.py ..                                   [ 16%]
2026-09-29T22:16:23.4574643Z tests/py/test_json_parity.py ........................................... [ 17%]
2026-09-29T22:16:23.5057507Z ........................................................................ [ 19%]
2026-09-29T22:16:23.5537003Z ........................................................................ [ 21%]
2026-09-29T22:16:23.6009238Z ........................................................................ [ 23%]
2026-09-29T22:16:23.6484581Z ........................................................................ [ 25%]
2026-09-29T22:16:23.6948049Z ........................................................................ [ 27%]
2026-09-29T22:16:23.7418825Z ........................................................................ [ 28%]
2026-09-29T22:16:23.7881511Z ........................................................................ [ 30%]
2026-09-29T22:16:23.8341628Z ........................................................................ [ 32%]
2026-09-29T22:16:23.8813393Z ........................................................................ [ 34%]
2026-09-29T22:16:23.9274579Z ........................................................................ [ 36%]
2026-09-29T22:16:23.9728831Z ........................................................................ [ 38%]
2026-09-29T22:16:24.0181788Z ........................................................................ [ 39%]
2026-09-29T22:16:24.0629729Z ........................................................................ [ 41%]
2026-09-29T22:16:24.1076726Z ........................................................................ [ 43%]
2026-09-29T22:16:24.1529303Z ........................................................................ [ 45%]
2026-09-29T22:16:24.1974269Z ........................................................................ [ 47%]
2026-09-29T22:16:24.2218338Z .................................                                        [ 48%]
2026-09-29T22:16:24.2620499Z tests/py/test_path_dispatch.py ................................          [ 48%]
2026-09-29T22:16:24.2636004Z tests/py/test_py_tests_basetemp.py ..                                    [ 49%]
2026-09-29T22:16:24.2652975Z tests/py/test_smoke.py ...                                               [ 49%]
2026-09-29T22:16:24.2867324Z tests/unit/native_types/test_build_sources.py .......                    [ 49%]
2026-09-29T22:16:24.4128527Z tests/unit/native_types/test_hook_import_gating.py .......               [ 49%]
2026-09-29T22:16:24.4832591Z tests/unit/native_types/test_hook_profile_build.py ...............       [ 49%]
2026-09-29T22:16:24.4935190Z tests/unit/native_types/test_native_benchmark_agreement.py ...........   [ 50%]
2026-09-29T22:16:24.5823880Z tests/unit/native_types/test_native_benchmark_dataset.py .....           [ 50%]
2026-09-29T22:16:24.5866391Z tests/unit/native_types/test_native_benchmark_rows.py .......            [ 50%]
2026-09-29T22:16:24.5998601Z tests/unit/native_types/test_native_ci_fetch.py ....                     [ 50%]
2026-09-29T22:16:24.6110136Z tests/unit/native_types/test_native_ci_summary.py .....                  [ 50%]
2026-09-29T22:16:24.6548833Z tests/unit/native_types/test_native_flag.py ..........................s. [ 51%]
2026-09-29T22:16:24.6884115Z ..                                                                       [ 51%]
2026-09-29T22:16:24.7008627Z tests/unit/native_types/test_native_identity_ab.py .......               [ 51%]
2026-09-29T22:16:24.7224983Z tests/unit/native_types/test_native_opt_out.py ......................... [ 52%]
2026-09-29T22:16:24.7843155Z ........................................................................ [ 54%]
2026-09-29T22:16:24.8243979Z ..................................................                       [ 55%]
2026-09-29T22:16:24.8407452Z tests/unit/native_types/test_parse_contract.py ......................... [ 55%]
2026-09-29T22:16:24.9048494Z .................................................                        [ 57%]
2026-09-29T22:16:24.9184363Z tests/unit/native_types/test_serializer_contract.py .................... [ 57%]
2026-09-29T22:16:25.2594291Z ........................................................................ [ 59%]
2026-09-29T22:16:25.3023572Z ................................................                         [ 60%]
2026-09-29T22:16:25.3478949Z tests/unit/native_types/test_training_scope.py ............              [ 61%]
2026-09-29T22:16:25.6924753Z tests/unit/test_ab_analysis.py ......................................    [ 62%]
2026-09-29T22:16:25.7043647Z tests/unit/test_build_manifest.py ...........                            [ 62%]
2026-09-29T22:16:25.7147925Z tests/unit/test_canonical_builds.py ....                                 [ 62%]
2026-09-29T22:16:25.8810949Z tests/unit/test_ci_fetch.py ........................                     [ 63%]
2026-09-29T22:16:25.9639094Z tests/unit/test_ci_summary.py .......................                    [ 63%]
2026-09-29T22:16:25.9822961Z tests/unit/test_config.py ...........................                    [ 64%]
2026-09-29T22:16:25.9978191Z tests/unit/test_core_purity.py ....                                      [ 64%]
2026-09-29T22:16:26.0088784Z tests/unit/test_cross_sample.py ......                                   [ 64%]
2026-09-29T22:16:26.0579351Z tests/unit/test_dumps.py ............................................... [ 65%]
2026-09-29T22:16:26.0710635Z ..........                                                               [ 66%]
2026-09-29T22:16:26.0887212Z tests/unit/test_dumps_brace_fold.py .........                            [ 66%]
2026-09-29T22:16:26.2725113Z tests/unit/test_dumps_cold_start.py ....                                 [ 66%]
2026-09-29T22:16:26.3023111Z tests/unit/test_dumps_contract.py ...................................... [ 67%]
2026-09-29T22:16:26.3590925Z .............................................................            [ 68%]
2026-09-29T22:16:26.3949126Z tests/unit/test_dumps_cycles_fused.py .................................. [ 69%]
2026-09-29T22:16:26.4547249Z ......................................................                   [ 71%]
2026-09-29T22:16:26.7560424Z tests/unit/test_dumps_general_tables.py ............................     [ 71%]
2026-09-29T22:16:27.1953927Z tests/unit/test_dumps_latch.py ............................              [ 72%]
2026-09-29T22:16:27.2733463Z tests/unit/test_dumps_private_cache.py ................................  [ 73%]
2026-09-29T22:16:27.9171351Z tests/unit/test_dumps_reentrancy.py .................................... [ 74%]
2026-09-29T22:16:29.1552948Z ......................................................................   [ 76%]
2026-09-29T22:16:29.8449328Z tests/unit/test_dumps_reentrancy_review.py ............................. [ 76%]
2026-09-29T22:16:30.0000386Z ..                                                                       [ 76%]
2026-09-29T22:16:30.0480524Z tests/unit/test_dumps_schema_failure.py ...........................      [ 77%]
2026-09-29T22:16:30.4995242Z tests/unit/test_dumps_user_step_counter.py ..........................    [ 78%]
2026-09-29T22:16:30.5254059Z tests/unit/test_dumps_with_default.py .................................. [ 79%]
2026-09-29T22:16:30.5798114Z ........................................................................ [ 80%]
2026-09-29T22:16:30.6962938Z .........................................................                [ 82%]
2026-09-29T22:16:30.7169514Z tests/unit/test_dumps_with_default_state.py ............................ [ 83%]
2026-09-29T22:16:30.8023924Z ........................................................................ [ 84%]
2026-09-29T22:16:30.9241470Z ..............                                                           [ 85%]
2026-09-29T22:16:30.9910800Z tests/unit/test_folder.py .............................................. [ 86%]
2026-09-29T22:16:31.0575853Z .........................................                                [ 87%]
2026-09-29T22:16:31.0611438Z tests/unit/test_fused_verification.py ..                                 [ 87%]
2026-09-29T22:16:31.1066740Z tests/unit/test_hook_build_scope.py ...............................      [ 88%]
2026-09-29T22:16:31.2068650Z tests/unit/test_json_cursor.py ...........................               [ 89%]
2026-09-29T22:16:31.2347059Z tests/unit/test_jsonpath.py ............................................ [ 90%]
2026-09-29T22:16:31.3519024Z .......................................................................  [ 91%]
2026-09-29T22:16:31.4309338Z tests/unit/test_load_dump.py ........................................... [ 93%]
2026-09-29T22:16:31.4312110Z                                                                          [ 93%]
2026-09-29T22:16:31.4627327Z tests/unit/test_loads.py ............................................... [ 94%]
2026-09-29T22:16:31.5413750Z ........................................................................ [ 96%]
2026-09-29T22:16:32.3997262Z ................                                                         [ 96%]
2026-09-29T22:16:32.4050114Z tests/unit/test_native_interleaved_profile.py ...                        [ 96%]
2026-09-29T22:16:32.4767886Z tests/unit/test_nested_container_probe.py ....                           [ 96%]
2026-09-29T22:16:32.5291430Z tests/unit/test_path_dispatch.py ................................        [ 97%]
2026-09-29T22:16:32.5643557Z tests/unit/test_provenance.py ..................                         [ 97%]
2026-09-29T22:16:32.6132116Z tests/unit/test_regression_check.py ..........................           [ 98%]
2026-09-29T22:16:32.7202084Z tests/unit/test_search_stream.py .................                       [ 99%]
2026-09-29T22:16:32.7211183Z tests/unit/test_string_identity_probe.py .                               [ 99%]
2026-09-29T22:16:32.7913418Z tests/unit/test_supplementary.py .............                           [ 99%]
2026-09-29T22:16:32.8437957Z tests/unit/test_supportability_check.py ....................             [ 99%]
2026-09-29T22:16:32.9202790Z tests/unit/test_version.py ....                                          [100%]
2026-09-29T22:16:32.9203147Z 
2026-09-29T22:16:32.9203429Z ====================== 3911 passed, 13 skipped in 13.43s =======================
2026-09-29T22:16:33.0998173Z ==> PGO: generating benchmark data
2026-09-29T22:16:33.1012318Z make[1]: Entering directory '/home/runner/work/strata/strata'
2026-09-29T22:16:33.1013238Z PYTHONPATH=. .venv/bin/python -m benchmarks.data.generate_bench_data --out-dir benchmarks/data/generated/small  --num-users 1000 --max-orders 10 --max-items 5  --records 500
2026-09-29T22:16:33.3449434Z   benchmarks/data/generated/small/users.json  (1680 KB)
2026-09-29T22:16:33.3450271Z   benchmarks/data/generated/small/users.ndjson  (1679 KB)
2026-09-29T22:16:33.3450613Z   benchmarks/data/generated/small/flat.json  (209 KB)
2026-09-29T22:16:33.3450943Z   benchmarks/data/generated/small/nested.json  (148 KB)
2026-09-29T22:16:33.3451315Z   benchmarks/data/generated/small/wide_arrays.json  (1218 KB)
2026-09-29T22:16:33.3451665Z   benchmarks/data/generated/small/mixed.json  (34 KB)
2026-09-29T22:16:33.3516216Z PYTHONPATH=. .venv/bin/python -m benchmarks.data.generate_bench_data --out-dir benchmarks/data/generated/medium --num-users 2000 --max-orders 20 --max-items 10 --records 2000
2026-09-29T22:16:34.5387095Z   benchmarks/data/generated/medium/users.json  (9883 KB)
2026-09-29T22:16:34.5387538Z   benchmarks/data/generated/medium/users.ndjson  (9881 KB)
2026-09-29T22:16:34.5387886Z   benchmarks/data/generated/medium/flat.json  (836 KB)
2026-09-29T22:16:34.5388221Z   benchmarks/data/generated/medium/nested.json  (594 KB)
2026-09-29T22:16:34.5388588Z   benchmarks/data/generated/medium/wide_arrays.json  (4874 KB)
2026-09-29T22:16:34.5388992Z   benchmarks/data/generated/medium/mixed.json  (138 KB)
2026-09-29T22:16:34.5460883Z PYTHONPATH=. .venv/bin/python -m benchmarks.data.generate_bench_data --out-dir benchmarks/data/generated/large  --num-users 4000 --max-orders 40 --max-items 20 --records 5000
2026-09-29T22:16:41.7461181Z   benchmarks/data/generated/large/users.json  (68083 KB)
2026-09-29T22:16:41.7461641Z   benchmarks/data/generated/large/users.ndjson  (68079 KB)
2026-09-29T22:16:41.7461997Z   benchmarks/data/generated/large/flat.json  (2092 KB)
2026-09-29T22:16:41.7462332Z   benchmarks/data/generated/large/nested.json  (1488 KB)
2026-09-29T22:16:41.7462882Z   benchmarks/data/generated/large/wide_arrays.json  (12185 KB)
2026-09-29T22:16:41.7463241Z   benchmarks/data/generated/large/mixed.json  (347 KB)
2026-09-29T22:16:41.7546803Z make[1]: Leaving directory '/home/runner/work/strata/strata'
2026-09-29T22:16:41.7548376Z ==> PGO: verification benchmarks
2026-09-29T22:17:00.7527913Z wrote build/pgo/bench_results_pgo.md
2026-09-29T22:17:00.7709745Z ==> PGO complete
2026-09-29T22:17:00.7710126Z     profile: /home/runner/work/strata/strata/build/pgo/strata.profdata
2026-09-29T22:17:00.7710528Z     results: build/pgo/bench_results_pgo.md
2026-09-29T22:17:00.7710833Z     The installed extension is now the PGO+LTO build.
2026-09-29T22:17:00.7750075Z ##[group]Run PYTHONPATH=. .venv/bin/python -m benchmarks.data.generate_bench_data \
2026-09-29T22:17:00.7750686Z PYTHONPATH=. .venv/bin/python -m benchmarks.data.generate_bench_data \
2026-09-29T22:17:00.7751100Z   --out-dir benchmarks/data/generated/small \
2026-09-29T22:17:00.7751468Z   --num-users 1000 --max-orders 10 --max-items 5 --records 500
2026-09-29T22:17:00.7789657Z shell: /usr/bin/bash -e {0}
2026-09-29T22:17:00.7789884Z env:
2026-09-29T22:17:00.7790125Z   pythonLocation: /opt/hostedtoolcache/Python/3.12.14/arm64
2026-09-29T22:17:00.7790532Z   PKG_CONFIG_PATH: /opt/hostedtoolcache/Python/3.12.14/arm64/lib/pkgconfig
2026-09-29T22:17:00.7790959Z   Python_ROOT_DIR: /opt/hostedtoolcache/Python/3.12.14/arm64
2026-09-29T22:17:00.7791317Z   Python2_ROOT_DIR: /opt/hostedtoolcache/Python/3.12.14/arm64
2026-09-29T22:17:00.7791677Z   Python3_ROOT_DIR: /opt/hostedtoolcache/Python/3.12.14/arm64
2026-09-29T22:17:00.7792079Z   LD_LIBRARY_PATH: /opt/hostedtoolcache/Python/3.12.14/arm64/lib
2026-09-29T22:17:00.7792384Z ##[endgroup]
2026-09-29T22:17:01.0283871Z   benchmarks/data/generated/small/users.json  (1680 KB)
2026-09-29T22:17:01.0284314Z   benchmarks/data/generated/small/users.ndjson  (1679 KB)
2026-09-29T22:17:01.0284663Z   benchmarks/data/generated/small/flat.json  (209 KB)
2026-09-29T22:17:01.0284989Z   benchmarks/data/generated/small/nested.json  (148 KB)
2026-09-29T22:17:01.0285342Z   benchmarks/data/generated/small/wide_arrays.json  (1218 KB)
2026-09-29T22:17:01.0285694Z   benchmarks/data/generated/small/mixed.json  (34 KB)
2026-09-29T22:17:01.0375457Z ##[group]Run PYTHONPATH=. .venv/bin/python -m benchmarks.bench_main \
2026-09-29T22:17:01.0376190Z PYTHONPATH=. .venv/bin/python -m benchmarks.bench_main \
2026-09-29T22:17:01.0376531Z   --name "ci-linux-arm64" \
2026-09-29T22:17:01.0376780Z   --repeat 10 --warmup 2 \
2026-09-29T22:17:01.0377087Z   --dataset benchmarks/data/generated/small/users.json \
2026-09-29T22:17:01.0377478Z   --dataset benchmarks/data/generated/small/users.ndjson \
2026-09-29T22:17:01.0377867Z   --dataset benchmarks/data/generated/small/flat.json \
2026-09-29T22:17:01.0378252Z   --dataset benchmarks/data/generated/small/nested.json \
2026-09-29T22:17:01.0378657Z   --dataset benchmarks/data/generated/small/wide_arrays.json \
2026-09-29T22:17:01.0379063Z   --dataset benchmarks/data/generated/small/mixed.json \
2026-09-29T22:17:01.0379400Z   --output "bench_ci_linux-arm64.md"
2026-09-29T22:17:01.0416316Z shell: /usr/bin/bash -e {0}
2026-09-29T22:17:01.0416548Z env:
2026-09-29T22:17:01.0416821Z   pythonLocation: /opt/hostedtoolcache/Python/3.12.14/arm64
2026-09-29T22:17:01.0417225Z   PKG_CONFIG_PATH: /opt/hostedtoolcache/Python/3.12.14/arm64/lib/pkgconfig
2026-09-29T22:17:01.0417628Z   Python_ROOT_DIR: /opt/hostedtoolcache/Python/3.12.14/arm64
2026-09-29T22:17:01.0417985Z   Python2_ROOT_DIR: /opt/hostedtoolcache/Python/3.12.14/arm64
2026-09-29T22:17:01.0418347Z   Python3_ROOT_DIR: /opt/hostedtoolcache/Python/3.12.14/arm64
2026-09-29T22:17:01.0418716Z   LD_LIBRARY_PATH: /opt/hostedtoolcache/Python/3.12.14/arm64/lib
2026-09-29T22:17:01.0419020Z   PGO_MODE: use
2026-09-29T22:17:01.0419198Z   STRATA_ENABLE_LTO: 1
2026-09-29T22:17:01.0419384Z ##[endgroup]
2026-09-29T22:17:24.1083211Z wrote bench_ci_linux-arm64.md
2026-09-29T22:17:24.1308527Z ##[group]Run PYTHONPATH=. .venv/bin/python -m benchmarks.supportability_check \
2026-09-29T22:17:24.1309074Z PYTHONPATH=. .venv/bin/python -m benchmarks.supportability_check \
2026-09-29T22:17:24.1309444Z   "bench_ci_linux-arm64.md"
2026-09-29T22:17:24.1345244Z shell: /usr/bin/bash -e {0}
2026-09-29T22:17:24.1345463Z env:
2026-09-29T22:17:24.1345700Z   pythonLocation: /opt/hostedtoolcache/Python/3.12.14/arm64
2026-09-29T22:17:24.1346107Z   PKG_CONFIG_PATH: /opt/hostedtoolcache/Python/3.12.14/arm64/lib/pkgconfig
2026-09-29T22:17:24.1346508Z   Python_ROOT_DIR: /opt/hostedtoolcache/Python/3.12.14/arm64
2026-09-29T22:17:24.1346875Z   Python2_ROOT_DIR: /opt/hostedtoolcache/Python/3.12.14/arm64
2026-09-29T22:17:24.1347236Z   Python3_ROOT_DIR: /opt/hostedtoolcache/Python/3.12.14/arm64
2026-09-29T22:17:24.1347604Z   LD_LIBRARY_PATH: /opt/hostedtoolcache/Python/3.12.14/arm64/lib
2026-09-29T22:17:24.1347903Z ##[endgroup]
2026-09-29T22:17:24.2138904Z supportability: bench_ci_linux-arm64.md: 27/27 declared rows, no problems; 27 rows within 3.0x, no ERROR rows
2026-09-29T22:17:24.2290554Z ##[group]Run PYTHONPATH=. .venv/bin/python -m benchmarks.native_v1 \
2026-09-29T22:17:24.2291034Z PYTHONPATH=. .venv/bin/python -m benchmarks.native_v1 \
2026-09-29T22:17:24.2291436Z   --data benchmarks/data/generated --tiers small \
2026-09-29T22:17:24.2291738Z   --repeat 30 --warmup 2 \
2026-09-29T22:17:24.2291999Z   --output "bench_native_linux-arm64.md"
2026-09-29T22:17:24.2327829Z shell: /usr/bin/bash -e {0}
2026-09-29T22:17:24.2328047Z env:
2026-09-29T22:17:24.2328284Z   pythonLocation: /opt/hostedtoolcache/Python/3.12.14/arm64
2026-09-29T22:17:24.2328688Z   PKG_CONFIG_PATH: /opt/hostedtoolcache/Python/3.12.14/arm64/lib/pkgconfig
2026-09-29T22:17:24.2329092Z   Python_ROOT_DIR: /opt/hostedtoolcache/Python/3.12.14/arm64
2026-09-29T22:17:24.2329450Z   Python2_ROOT_DIR: /opt/hostedtoolcache/Python/3.12.14/arm64
2026-09-29T22:17:24.2329809Z   Python3_ROOT_DIR: /opt/hostedtoolcache/Python/3.12.14/arm64
2026-09-29T22:17:24.2330247Z   LD_LIBRARY_PATH: /opt/hostedtoolcache/Python/3.12.14/arm64/lib
2026-09-29T22:17:24.2330548Z   PGO_MODE: use
2026-09-29T22:17:24.2330722Z   STRATA_ENABLE_LTO: 1
2026-09-29T22:17:24.2331158Z ##[endgroup]
2026-09-29T22:17:25.9646886Z native-v1: 2/2 declared rows, 1 extra
2026-09-29T22:17:25.9647585Z native-v1: 1/1 declared rows, 2 extra
2026-09-29T22:17:25.9653144Z native-v1: 1/1 declared rows, 2 extra
2026-09-29T22:17:25.9860344Z ##[group]Run PYTHONPATH=. .venv/bin/python scripts/identity_ab.py \
2026-09-29T22:17:25.9860824Z PYTHONPATH=. .venv/bin/python scripts/identity_ab.py \
2026-09-29T22:17:25.9861206Z   --base "234ea15861d2f37b1b55c6251281a49021864441" \
2026-09-29T22:17:25.9861556Z   --arm-dir "/home/runner/work/_temp/identity-arm" \
2026-09-29T22:17:25.9861876Z   --out "identity-linux-arm64"
2026-09-29T22:17:25.9862234Z cp "identity-linux-arm64/identity.txt" "identity-linux-arm64.txt"
2026-09-29T22:17:25.9899602Z shell: /usr/bin/bash -e {0}
2026-09-29T22:17:25.9899828Z env:
2026-09-29T22:17:25.9900068Z   pythonLocation: /opt/hostedtoolcache/Python/3.12.14/arm64
2026-09-29T22:17:25.9900469Z   PKG_CONFIG_PATH: /opt/hostedtoolcache/Python/3.12.14/arm64/lib/pkgconfig
2026-09-29T22:17:25.9900897Z   Python_ROOT_DIR: /opt/hostedtoolcache/Python/3.12.14/arm64
2026-09-29T22:17:25.9901256Z   Python2_ROOT_DIR: /opt/hostedtoolcache/Python/3.12.14/arm64
2026-09-29T22:17:25.9901654Z   Python3_ROOT_DIR: /opt/hostedtoolcache/Python/3.12.14/arm64
2026-09-29T22:17:25.9902025Z   LD_LIBRARY_PATH: /opt/hostedtoolcache/Python/3.12.14/arm64/lib
2026-09-29T22:17:25.9902325Z ##[endgroup]
2026-09-29T22:17:26.0268449Z + git worktree add --force --detach /home/runner/work/_temp/identity-arm 234ea15861d2f37b1b55c6251281a49021864441
2026-09-29T22:17:26.0281568Z Preparing worktree (detached HEAD 234ea15)
2026-09-29T22:17:26.1585774Z HEAD is now at 234ea15 Merge M13: framework adapters, reconciled with native precedence
2026-09-29T22:17:26.1604019Z + make install-bench
2026-09-29T22:17:26.1620437Z python3 -m venv .venv
2026-09-29T22:17:28.1615909Z .venv/bin/python -m pip install -U pip setuptools wheel
2026-09-29T22:17:28.4844029Z Requirement already satisfied: pip in ./.venv/lib/python3.12/site-packages (25.0.1)
2026-09-29T22:17:28.5475627Z Collecting pip
2026-09-29T22:17:28.5487803Z   Using cached pip-26.2.1-py3-none-any.whl.metadata (4.6 kB)
2026-09-29T22:17:28.6487542Z Collecting setuptools
2026-09-29T22:17:28.6499033Z   Using cached setuptools-84.0.0-py3-none-any.whl.metadata (6.6 kB)
2026-09-29T22:17:28.6731681Z Collecting wheel
2026-09-29T22:17:28.6741757Z   Using cached wheel-0.48.0-py3-none-any.whl.metadata (2.3 kB)
2026-09-29T22:17:28.6913559Z Collecting packaging>=24.0 (from wheel)
2026-09-29T22:17:28.6923023Z   Using cached packaging-26.3-py3-none-any.whl.metadata (3.5 kB)
2026-09-29T22:17:28.6949053Z Using cached pip-26.2.1-py3-none-any.whl (1.8 MB)
2026-09-29T22:17:28.6964194Z Using cached setuptools-84.0.0-py3-none-any.whl (818 kB)
2026-09-29T22:17:28.6975771Z Using cached wheel-0.48.0-py3-none-any.whl (33 kB)
2026-09-29T22:17:28.6984591Z Using cached packaging-26.3-py3-none-any.whl (129 kB)
2026-09-29T22:17:28.7185804Z Installing collected packages: setuptools, pip, packaging, wheel
2026-09-29T22:17:29.0801091Z   Attempting uninstall: pip
2026-09-29T22:17:29.0820032Z     Found existing installation: pip 25.0.1
2026-09-29T22:17:29.1047053Z     Uninstalling pip-25.0.1:
2026-09-29T22:17:29.1089063Z       Successfully uninstalled pip-25.0.1
2026-09-29T22:17:29.8685446Z Successfully installed packaging-26.3 pip-26.2.1 setuptools-84.0.0 wheel-0.48.0
2026-09-29T22:17:30.0126127Z .venv/bin/python -m pip install -e '.[dev,bench]'
2026-09-29T22:17:30.2837996Z Obtaining file:///home/runner/work/_temp/identity-arm
2026-09-29T22:17:30.2856081Z   Installing build dependencies: started
2026-09-29T22:17:31.5544749Z   Installing build dependencies: finished with status 'done'
2026-09-29T22:17:31.5550029Z   Checking if build backend supports build_editable: started
2026-09-29T22:17:31.7993806Z   Checking if build backend supports build_editable: finished with status 'done'
2026-09-29T22:17:31.8001047Z   Getting requirements to build editable: started
2026-09-29T22:17:32.1054488Z   Getting requirements to build editable: finished with status 'done'
2026-09-29T22:17:32.1062990Z   Preparing editable metadata (pyproject.toml): started
2026-09-29T22:17:32.3010810Z   Preparing editable metadata (pyproject.toml): finished with status 'done'
2026-09-29T22:17:32.3719131Z Collecting cmake>=3.20 (from strata==2026.8.10)
2026-09-29T22:17:32.3734116Z   Using cached cmake-4.4.3-py3-none-manylinux2014_aarch64.manylinux_2_17_aarch64.whl.metadata (7.0 kB)
2026-09-29T22:17:32.3876077Z Collecting pytest>=7 (from strata==2026.8.10)
2026-09-29T22:17:32.3886909Z   Using cached pytest-9.1.1-py3-none-any.whl.metadata (7.6 kB)
2026-09-29T22:17:32.3952222Z Collecting pytest-cov>=4 (from strata==2026.8.10)
2026-09-29T22:17:32.3962872Z   Using cached pytest_cov-7.1.0-py3-none-any.whl.metadata (32 kB)
2026-09-29T22:17:32.6227097Z Collecting ruff>=0.5 (from strata==2026.8.10)
2026-09-29T22:17:32.6241638Z   Using cached ruff-0.16.9-py3-none-manylinux_2_17_aarch64.manylinux2014_aarch64.whl.metadata (20 kB)
2026-09-29T22:17:32.6397323Z Collecting pre-commit>=3.5 (from strata==2026.8.10)
2026-09-29T22:17:32.6408790Z   Using cached pre_commit-4.6.2-py2.py3-none-any.whl.metadata (1.2 kB)
2026-09-29T22:17:32.6751868Z Collecting clang-format<22,>=21 (from strata==2026.8.10)
2026-09-29T22:17:32.6764938Z   Using cached clang_format-21.1.8-py2.py3-none-manylinux_2_26_aarch64.manylinux_2_28_aarch64.whl.metadata (4.7 kB)
2026-09-29T22:17:32.8289516Z Collecting orjson (from strata==2026.8.10)
2026-09-29T22:17:32.8300680Z   Using cached orjson-3.12.0-cp312-cp312-manylinux_2_17_aarch64.manylinux2014_aarch64.whl.metadata (41 kB)
2026-09-29T22:17:32.8842390Z Collecting msgspec (from strata==2026.8.10)
2026-09-29T22:17:32.8855031Z   Using cached msgspec-0.22.0-cp312-cp312-manylinux2014_aarch64.manylinux_2_17_aarch64.manylinux_2_28_aarch64.whl.metadata (6.0 kB)
2026-09-29T22:17:32.9296329Z Collecting ujson (from strata==2026.8.10)
2026-09-29T22:17:32.9307110Z   Using cached ujson-6.0.0-cp312-cp312-manylinux_2_24_aarch64.manylinux_2_28_aarch64.whl.metadata (10.0 kB)
2026-09-29T22:17:32.9576355Z Collecting pysimdjson (from strata==2026.8.10)
2026-09-29T22:17:32.9588303Z   Using cached pysimdjson-7.0.2-cp312-cp312-manylinux_2_17_aarch64.manylinux2014_aarch64.whl.metadata (1.1 kB)
2026-09-29T22:17:32.9631025Z Collecting jmespath (from strata==2026.8.10)
2026-09-29T22:17:32.9641815Z   Using cached jmespath-1.1.0-py3-none-any.whl.metadata (7.6 kB)
2026-09-29T22:17:32.9684342Z Collecting jsonpath-ng (from strata==2026.8.10)
2026-09-29T22:17:32.9694945Z   Using cached jsonpath_ng-1.8.0-py3-none-any.whl.metadata (18 kB)
2026-09-29T22:17:33.0112691Z Collecting psutil>=5 (from strata==2026.8.10)
2026-09-29T22:17:33.0126536Z   Using cached psutil-7.2.2-cp36-abi3-manylinux2014_aarch64.manylinux_2_17_aarch64.manylinux_2_28_aarch64.whl.metadata (22 kB)
2026-09-29T22:17:33.0207911Z Collecting cfgv>=2.0.0 (from pre-commit>=3.5->strata==2026.8.10)
2026-09-29T22:17:33.0218810Z   Using cached cfgv-3.5.0-py2.py3-none-any.whl.metadata (8.9 kB)
2026-09-29T22:17:33.0411963Z Collecting identify>=1.0.0 (from pre-commit>=3.5->strata==2026.8.10)
2026-09-29T22:17:33.0423243Z   Using cached identify-2.6.20-py2.py3-none-any.whl.metadata (4.4 kB)
2026-09-29T22:17:33.0480198Z Collecting nodeenv>=0.11.1 (from pre-commit>=3.5->strata==2026.8.10)
2026-09-29T22:17:33.0490636Z   Using cached nodeenv-1.11.0-py2.py3-none-any.whl.metadata (40 kB)
2026-09-29T22:17:33.0720955Z Collecting pyyaml>=5.1 (from pre-commit>=3.5->strata==2026.8.10)
2026-09-29T22:17:33.0733526Z   Using cached pyyaml-6.0.3-cp312-cp312-manylinux2014_aarch64.manylinux_2_17_aarch64.manylinux_2_28_aarch64.whl.metadata (2.4 kB)
2026-09-29T22:17:33.0959013Z Collecting virtualenv>=20.10.0 (from pre-commit>=3.5->strata==2026.8.10)
2026-09-29T22:17:33.0971993Z   Using cached virtualenv-21.14.0-py3-none-any.whl.metadata (4.1 kB)
2026-09-29T22:17:33.1029310Z Collecting iniconfig>=1.0.1 (from pytest>=7->strata==2026.8.10)
2026-09-29T22:17:33.1039939Z   Using cached iniconfig-2.3.0-py3-none-any.whl.metadata (2.5 kB)
2026-09-29T22:17:33.1054855Z Requirement already satisfied: packaging>=22 in ./.venv/lib/python3.12/site-packages (from pytest>=7->strata==2026.8.10) (26.3)
2026-09-29T22:17:33.1095055Z Collecting pluggy<2,>=1.5 (from pytest>=7->strata==2026.8.10)
2026-09-29T22:17:33.1105072Z   Using cached pluggy-1.6.0-py3-none-any.whl.metadata (4.8 kB)
2026-09-29T22:17:33.1188965Z Collecting pygments>=2.7.2 (from pytest>=7->strata==2026.8.10)
2026-09-29T22:17:33.1199347Z   Using cached pygments-2.21.0-py3-none-any.whl.metadata (2.5 kB)
2026-09-29T22:17:33.4086297Z Collecting coverage>=7.10.6 (from coverage[toml]>=7.10.6->pytest-cov>=4->strata==2026.8.10)
2026-09-29T22:17:33.4099290Z   Using cached coverage-7.16.2-cp312-cp312-manylinux2014_aarch64.manylinux_2_17_aarch64.manylinux_2_28_aarch64.whl.metadata (8.2 kB)
2026-09-29T22:17:33.4173177Z Collecting distlib<1,>=0.3.7 (from virtualenv>=20.10.0->pre-commit>=3.5->strata==2026.8.10)
2026-09-29T22:17:33.4183971Z   Using cached distlib-0.4.3-py2.py3-none-any.whl.metadata (5.3 kB)
2026-09-29T22:17:33.4296527Z Collecting filelock<5,>=3.24.2 (from virtualenv>=20.10.0->pre-commit>=3.5->strata==2026.8.10)
2026-09-29T22:17:33.4307072Z   Using cached filelock-4.0.6-py3-none-any.whl.metadata (2.0 kB)
2026-09-29T22:17:33.4399563Z Collecting platformdirs<5,>=3.9.1 (from virtualenv>=20.10.0->pre-commit>=3.5->strata==2026.8.10)
2026-09-29T22:17:33.4410318Z   Using cached platformdirs-4.12.2-py3-none-any.whl.metadata (5.5 kB)
2026-09-29T22:17:33.4452224Z Collecting python-discovery>=1.6 (from virtualenv>=20.10.0->pre-commit>=3.5->strata==2026.8.10)
2026-09-29T22:17:33.4462708Z   Using cached python_discovery-1.6.1-py3-none-any.whl.metadata (5.1 kB)
2026-09-29T22:17:33.4540304Z Using cached clang_format-21.1.8-py2.py3-none-manylinux_2_26_aarch64.manylinux_2_28_aarch64.whl (1.7 MB)
2026-09-29T22:17:33.4556536Z Using cached cmake-4.4.3-py3-none-manylinux2014_aarch64.manylinux_2_17_aarch64.whl (30.3 MB)
2026-09-29T22:17:33.4672981Z Using cached pre_commit-4.6.2-py2.py3-none-any.whl (226 kB)
2026-09-29T22:17:33.4684251Z Using cached cfgv-3.5.0-py2.py3-none-any.whl (7.4 kB)
2026-09-29T22:17:33.4694267Z Using cached identify-2.6.20-py2.py3-none-any.whl (99 kB)
2026-09-29T22:17:33.4704905Z Using cached nodeenv-1.11.0-py2.py3-none-any.whl (34 kB)
2026-09-29T22:17:33.4715261Z Using cached psutil-7.2.2-cp36-abi3-manylinux2014_aarch64.manylinux_2_17_aarch64.manylinux_2_28_aarch64.whl (156 kB)
2026-09-29T22:17:33.4725602Z Using cached pytest-9.1.1-py3-none-any.whl (386 kB)
2026-09-29T22:17:33.4736815Z Using cached pluggy-1.6.0-py3-none-any.whl (20 kB)
2026-09-29T22:17:33.4746808Z Using cached iniconfig-2.3.0-py3-none-any.whl (7.5 kB)
2026-09-29T22:17:33.4756782Z Using cached pygments-2.21.0-py3-none-any.whl (1.3 MB)
2026-09-29T22:17:33.4770674Z Using cached pytest_cov-7.1.0-py3-none-any.whl (22 kB)
2026-09-29T22:17:33.4781071Z Using cached coverage-7.16.2-cp312-cp312-manylinux2014_aarch64.manylinux_2_17_aarch64.manylinux_2_28_aarch64.whl (259 kB)
2026-09-29T22:17:33.4792004Z Using cached pyyaml-6.0.3-cp312-cp312-manylinux2014_aarch64.manylinux_2_17_aarch64.manylinux_2_28_aarch64.whl (775 kB)
2026-09-29T22:17:33.4804764Z Using cached ruff-0.16.9-py3-none-manylinux_2_17_aarch64.manylinux2014_aarch64.whl (10.0 MB)
2026-09-29T22:17:33.4851813Z Using cached virtualenv-21.14.0-py3-none-any.whl (5.5 MB)
2026-09-29T22:17:33.4879819Z Using cached distlib-0.4.3-py2.py3-none-any.whl (470 kB)
2026-09-29T22:17:33.4891343Z Using cached filelock-4.0.6-py3-none-any.whl (109 kB)
2026-09-29T22:17:33.4901812Z Using cached platformdirs-4.12.2-py3-none-any.whl (32 kB)
2026-09-29T22:17:33.4911706Z Using cached python_discovery-1.6.1-py3-none-any.whl (38 kB)
2026-09-29T22:17:33.4921722Z Using cached jmespath-1.1.0-py3-none-any.whl (20 kB)
2026-09-29T22:17:33.4931729Z Using cached jsonpath_ng-1.8.0-py3-none-any.whl (67 kB)
2026-09-29T22:17:33.4942470Z Using cached msgspec-0.22.0-cp312-cp312-manylinux2014_aarch64.manylinux_2_17_aarch64.manylinux_2_28_aarch64.whl (224 kB)
2026-09-29T22:17:33.4952908Z Using cached orjson-3.12.0-cp312-cp312-manylinux_2_17_aarch64.manylinux2014_aarch64.whl (130 kB)
2026-09-29T22:17:33.4963790Z Using cached pysimdjson-7.0.2-cp312-cp312-manylinux_2_17_aarch64.manylinux2014_aarch64.whl (2.8 MB)
2026-09-29T22:17:33.4981876Z Using cached ujson-6.0.0-cp312-cp312-manylinux_2_24_aarch64.manylinux_2_28_aarch64.whl (57 kB)
2026-09-29T22:17:33.6041340Z Building wheels for collected packages: strata
2026-09-29T22:17:33.6048765Z   Building editable for strata (pyproject.toml): started
2026-09-29T22:18:33.6484660Z   Building editable for strata (pyproject.toml): still running...
2026-09-29T22:19:33.6990768Z   Building editable for strata (pyproject.toml): still running...
2026-09-29T22:20:33.7149573Z   Building editable for strata (pyproject.toml): still running...
2026-09-29T22:20:42.7646088Z   Building editable for strata (pyproject.toml): finished with status 'done'
2026-09-29T22:20:42.7653310Z   Created wheel for strata: filename=strata-2026.8.10-0.editable-cp312-cp312-linux_aarch64.whl size=4459 sha256=666bbb33ab2533c44ffea51f3c31050f88a9cde1606e3f60e877a58f432f0223
2026-09-29T22:20:42.7656412Z   Stored in directory: /tmp/pip-ephem-wheel-cache-_4hoiobr/wheels/4b/14/de/c01d5c98e482dba508ed0b80beaf37c3b37034de18f4d8fbd4
2026-09-29T22:20:42.7672233Z Successfully built strata
2026-09-29T22:20:42.8331986Z Installing collected packages: jsonpath-ng, distlib, clang-format, ujson, strata, ruff, pyyaml, pysimdjson, pygments, psutil, pluggy, platformdirs, orjson, nodeenv, msgspec, jmespath, iniconfig, identify, filelock, coverage, cmake, cfgv, python-discovery, pytest, virtualenv, pytest-cov, pre-commit
2026-09-29T22:20:45.0468740Z 
2026-09-29T22:20:45.0494078Z Successfully installed cfgv-3.5.0 clang-format-21.1.8 cmake-4.4.3 coverage-7.16.2 distlib-0.4.3 filelock-4.0.6 identify-2.6.20 iniconfig-2.3.0 jmespath-1.1.0 jsonpath-ng-1.8.0 msgspec-0.22.0 nodeenv-1.11.0 orjson-3.12.0 platformdirs-4.12.2 pluggy-1.6.0 pre-commit-4.6.2 psutil-7.2.2 pygments-2.21.0 pysimdjson-7.0.2 pytest-9.1.1 pytest-cov-7.1.0 python-discovery-1.6.1 pyyaml-6.0.3 ruff-0.16.9 strata-2026.8.10 ujson-6.0.0 virtualenv-21.14.0
2026-09-29T22:20:45.3873970Z + make pgo
2026-09-29T22:20:45.4050362Z ==> PGO: compiler is clang
2026-09-29T22:20:45.4071499Z ==> PGO phase 1: instrumented build
2026-09-29T22:20:45.6795804Z Obtaining file:///home/runner/work/_temp/identity-arm
2026-09-29T22:20:45.6814134Z   Installing build dependencies: started
2026-09-29T22:20:47.0955272Z   Installing build dependencies: finished with status 'done'
2026-09-29T22:20:47.0961289Z   Checking if build backend supports build_editable: started
2026-09-29T22:20:47.3459863Z   Checking if build backend supports build_editable: finished with status 'done'
2026-09-29T22:20:47.3468122Z   Getting requirements to build editable: started
2026-09-29T22:20:47.6634018Z   Getting requirements to build editable: finished with status 'done'
2026-09-29T22:20:47.6642049Z   Preparing editable metadata (pyproject.toml): started
2026-09-29T22:20:47.8685937Z   Preparing editable metadata (pyproject.toml): finished with status 'done'
2026-09-29T22:20:47.8733859Z Building wheels for collected packages: strata
2026-09-29T22:20:47.8740700Z   Building editable for strata (pyproject.toml): started
2026-09-29T22:21:38.6028861Z   Building editable for strata (pyproject.toml): finished with status 'done'
2026-09-29T22:21:38.6036793Z   Created wheel for strata: filename=strata-2026.8.10-0.editable-cp312-cp312-linux_aarch64.whl size=4459 sha256=9192de4bcb559f2708a1efec13b86869537b9f8cf77ba2122fcc9de333130c34
2026-09-29T22:21:38.6037804Z   Stored in directory: /tmp/pip-ephem-wheel-cache-pg92brhj/wheels/4b/14/de/c01d5c98e482dba508ed0b80beaf37c3b37034de18f4d8fbd4
2026-09-29T22:21:38.6061341Z Successfully built strata
2026-09-29T22:21:38.6159993Z Installing collected packages: strata
2026-09-29T22:21:38.6161065Z   Attempting uninstall: strata
2026-09-29T22:21:38.6180384Z     Found existing installation: strata 2026.8.10
2026-09-29T22:21:38.6194877Z     Uninstalling strata-2026.8.10:
2026-09-29T22:21:38.6396338Z       Successfully uninstalled strata-2026.8.10
2026-09-29T22:21:38.6507711Z Successfully installed strata-2026.8.10
2026-09-29T22:21:38.9262814Z ==> PGO: the hook image must carry no profile
2026-09-29T22:21:38.9719550Z + strata._dumps_hook is unprofiled: _dumps_hook.cpython-312-aarch64-linux-gnu.so.build.json records no profile or profile flag,
2026-09-29T22:21:38.9720185Z   and the image links no profile runtime
2026-09-29T22:21:38.9779488Z ==> PGO: generating training data
2026-09-29T22:21:39.3480327Z   build/pgo/train.json (10.0 MB)
2026-09-29T22:21:39.3480643Z   build/pgo/train.ndjson (10.0 MB)
2026-09-29T22:21:39.3536521Z ==> PGO: running the training workload
2026-09-29T22:21:39.5605754Z PGO training workload
2026-09-29T22:21:39.5606025Z   corpus: 4001 records, 10.0 MB
2026-09-29T22:21:39.5606243Z [1/7] loads
2026-09-29T22:21:39.5606410Z   loads(str): 1x in 0.04s
2026-09-29T22:21:39.6278575Z   loads(bytes): 1x in 0.04s
2026-09-29T22:21:39.6600708Z   loads(sample): 5x in 0.01s
2026-09-29T22:21:39.6909326Z   loads(cursor): 5x in 0.01s
2026-09-29T22:21:39.7154374Z   loads(iterator): 3x in 0.01s
2026-09-29T22:21:39.7631478Z [2/7] dumps
2026-09-29T22:21:39.7631718Z   dumps(str): 1x in 0.03s
2026-09-29T22:21:39.8169492Z   dumps(bytes): 3x in 0.03s
2026-09-29T22:21:39.8406446Z   dumps(sample, bytes): 5x in 0.00s
2026-09-29T22:21:39.8625634Z   dumps(sample): 5x in 0.00s
2026-09-29T22:21:39.8814199Z   dumps(parsed sample, bytes): 2x in 0.00s
2026-09-29T22:21:39.9400147Z [3/7] load
2026-09-29T22:21:39.9400925Z   load(json): 1x in 0.04s
2026-09-29T22:21:40.0073794Z   load(ndjson): 1x in 0.04s
2026-09-29T22:21:40.0751460Z   load(ndjson, iterator): 1x in 0.04s
2026-09-29T22:21:40.1019429Z [4/7] dump
2026-09-29T22:21:40.1019666Z   dump(json): 3x in 0.00s
2026-09-29T22:21:40.1207985Z [5/7] query
2026-09-29T22:21:40.1209007Z   query $[0].name: 3x in 0.00s
2026-09-29T22:21:40.1390915Z   query $[*].id: 3x in 0.00s
2026-09-29T22:21:40.1576392Z   query $[*].items[*].sku: 3x in 0.00s
2026-09-29T22:21:40.1759171Z   query $..leaf: 3x in 0.00s
2026-09-29T22:21:40.1933453Z   query $[0:50].score: 3x in 0.00s
2026-09-29T22:21:40.2103437Z   query $[?(@.id > 100)].name: 3x in 0.00s
2026-09-29T22:21:40.2270218Z   query $[?(@.id <= 500)]: 3x in 0.00s
2026-09-29T22:21:40.2445662Z   query $[?(@.name == 'alpha')]: 3x in 0.00s
2026-09-29T22:21:40.2620526Z   query $[?(@.name != 'alpha')].id: 3x in 0.00s
2026-09-29T22:21:40.2792264Z   query $[?(@['id'] >= 0)].name: 3x in 0.00s
2026-09-29T22:21:40.2961152Z   query $[*].nested.child: 3x in 0.00s
2026-09-29T22:21:40.3130331Z   query $[*].tags[0]: 3x in 0.00s
2026-09-29T22:21:40.3298064Z   query $.*: 3x in 0.00s
2026-09-29T22:21:40.3461957Z   query(compiled): 5x in 0.00s
2026-09-29T22:21:40.3792066Z [6/7] search
2026-09-29T22:21:40.3792725Z   search json $[*].id: 1x in 0.02s
2026-09-29T22:21:40.4423416Z   search ndjson $[*].id: 1x in 0.04s
2026-09-29T22:21:40.5105068Z   search json $..leaf: 1x in 0.04s
2026-09-29T22:21:40.5816241Z   search ndjson $..leaf: 1x in 0.05s
2026-09-29T22:21:40.6481367Z   search json $[?(@.id > 100)].name: 1x in 0.04s
2026-09-29T22:21:40.7178027Z   search ndjson $[?(@.id > 100)].name: 1x in 0.04s
2026-09-29T22:21:40.7438228Z [7/7] folder mode
2026-09-29T22:21:40.7438494Z   dump(split_by): 1x in 0.00s
2026-09-29T22:21:40.7650241Z   load(folder): 1x in 0.00s
2026-09-29T22:21:40.7848156Z   search(folder): 1x in 0.00s
2026-09-29T22:21:40.7982195Z PGO training workload complete
2026-09-29T22:21:40.8063162Z ==> PGO: gate tests on the instrumented build
2026-09-29T22:21:40.8337219Z + /home/runner/work/_temp/identity-arm/.venv/bin/cmake -S . -B build/cmake -DCMAKE_BUILD_TYPE=Release
2026-09-29T22:21:40.9571272Z -- Configuring done (0.0s)
2026-09-29T22:21:41.0001398Z -- Generating done (0.0s)
2026-09-29T22:21:41.0004990Z -- Build files have been written to: /home/runner/work/_temp/identity-arm/build/cmake
2026-09-29T22:21:41.0017836Z + /home/runner/work/_temp/identity-arm/.venv/bin/cmake --build build/cmake --config Release
2026-09-29T22:21:41.1201096Z gmake[1]: Entering directory '/home/runner/work/_temp/identity-arm/build/cmake'
2026-09-29T22:21:41.1259971Z gmake[2]: Entering directory '/home/runner/work/_temp/identity-arm/build/cmake'
2026-09-29T22:21:41.1269700Z gmake[3]: Entering directory '/home/runner/work/_temp/identity-arm/build/cmake'
2026-09-29T22:21:41.1361515Z gmake[3]: Leaving directory '/home/runner/work/_temp/identity-arm/build/cmake'
2026-09-29T22:21:41.1392111Z gmake[3]: Entering directory '/home/runner/work/_temp/identity-arm/build/cmake'
2026-09-29T22:21:41.1416805Z [  0%] Linking CXX executable smoke_tests
2026-09-29T22:21:41.1996592Z gmake[3]: Leaving directory '/home/runner/work/_temp/identity-arm/build/cmake'
2026-09-29T22:21:41.2024819Z [  6%] Built target smoke_tests
2026-09-29T22:21:41.2040368Z gmake[3]: Entering directory '/home/runner/work/_temp/identity-arm/build/cmake'
2026-09-29T22:21:41.2134091Z gmake[3]: Leaving directory '/home/runner/work/_temp/identity-arm/build/cmake'
2026-09-29T22:21:41.2165306Z gmake[3]: Entering directory '/home/runner/work/_temp/identity-arm/build/cmake'
2026-09-29T22:21:41.2189481Z [  7%] Linking CXX executable json_core_tests
2026-09-29T22:21:41.2789508Z gmake[3]: Leaving directory '/home/runner/work/_temp/identity-arm/build/cmake'
2026-09-29T22:21:41.2818558Z [ 13%] Built target json_core_tests
2026-09-29T22:21:41.2834510Z gmake[3]: Entering directory '/home/runner/work/_temp/identity-arm/build/cmake'
2026-09-29T22:21:41.2928777Z gmake[3]: Leaving directory '/home/runner/work/_temp/identity-arm/build/cmake'
2026-09-29T22:21:41.2959758Z gmake[3]: Entering directory '/home/runner/work/_temp/identity-arm/build/cmake'
2026-09-29T22:21:41.2982272Z [ 13%] Linking CXX executable json_parse_tests
2026-09-29T22:21:41.3573711Z gmake[3]: Leaving directory '/home/runner/work/_temp/identity-arm/build/cmake'
2026-09-29T22:21:41.3601195Z [ 19%] Built target json_parse_tests
2026-09-29T22:21:41.3616346Z gmake[3]: Entering directory '/home/runner/work/_temp/identity-arm/build/cmake'
2026-09-29T22:21:41.3709895Z gmake[3]: Leaving directory '/home/runner/work/_temp/identity-arm/build/cmake'
2026-09-29T22:21:41.3740183Z gmake[3]: Entering directory '/home/runner/work/_temp/identity-arm/build/cmake'
2026-09-29T22:21:41.3762309Z [ 20%] Linking CXX executable fast_parse_tests
2026-09-29T22:21:41.4347173Z gmake[3]: Leaving directory '/home/runner/work/_temp/identity-arm/build/cmake'
2026-09-29T22:21:41.4376663Z [ 25%] Built target fast_parse_tests
2026-09-29T22:21:41.4391521Z gmake[3]: Entering directory '/home/runner/work/_temp/identity-arm/build/cmake'
2026-09-29T22:21:41.4485525Z gmake[3]: Leaving directory '/home/runner/work/_temp/identity-arm/build/cmake'
2026-09-29T22:21:41.4516338Z gmake[3]: Entering directory '/home/runner/work/_temp/identity-arm/build/cmake'
2026-09-29T22:21:41.4539526Z [ 26%] Linking CXX executable value_cursor_tests
2026-09-29T22:21:41.5119023Z gmake[3]: Leaving directory '/home/runner/work/_temp/identity-arm/build/cmake'
2026-09-29T22:21:41.5147508Z [ 32%] Built target value_cursor_tests
2026-09-29T22:21:41.5162226Z gmake[3]: Entering directory '/home/runner/work/_temp/identity-arm/build/cmake'
2026-09-29T22:21:41.5258680Z gmake[3]: Leaving directory '/home/runner/work/_temp/identity-arm/build/cmake'
2026-09-29T22:21:41.5289593Z gmake[3]: Entering directory '/home/runner/work/_temp/identity-arm/build/cmake'
2026-09-29T22:21:41.5312936Z [ 32%] Linking CXX executable json_serialize_tests
2026-09-29T22:21:41.5894615Z gmake[3]: Leaving directory '/home/runner/work/_temp/identity-arm/build/cmake'
2026-09-29T22:21:41.5923714Z [ 38%] Built target json_serialize_tests
2026-09-29T22:21:41.5939111Z gmake[3]: Entering directory '/home/runner/work/_temp/identity-arm/build/cmake'
2026-09-29T22:21:41.6037116Z gmake[3]: Leaving directory '/home/runner/work/_temp/identity-arm/build/cmake'
2026-09-29T22:21:41.6068862Z gmake[3]: Entering directory '/home/runner/work/_temp/identity-arm/build/cmake'
2026-09-29T22:21:41.6093048Z [ 39%] Linking CXX executable float_precision_tests
2026-09-29T22:21:41.6698308Z gmake[3]: Leaving directory '/home/runner/work/_temp/identity-arm/build/cmake'
2026-09-29T22:21:41.6727672Z [ 44%] Built target float_precision_tests
2026-09-29T22:21:41.6743142Z gmake[3]: Entering directory '/home/runner/work/_temp/identity-arm/build/cmake'
2026-09-29T22:21:41.6838994Z gmake[3]: Leaving directory '/home/runner/work/_temp/identity-arm/build/cmake'
2026-09-29T22:21:41.6870674Z gmake[3]: Entering directory '/home/runner/work/_temp/identity-arm/build/cmake'
2026-09-29T22:21:41.6894632Z [ 45%] Linking CXX executable json_cursor_tests
2026-09-29T22:21:41.7476676Z gmake[3]: Leaving directory '/home/runner/work/_temp/identity-arm/build/cmake'
2026-09-29T22:21:41.7506446Z [ 50%] Built target json_cursor_tests
2026-09-29T22:21:41.7521094Z gmake[3]: Entering directory '/home/runner/work/_temp/identity-arm/build/cmake'
2026-09-29T22:21:41.7615087Z gmake[3]: Leaving directory '/home/runner/work/_temp/identity-arm/build/cmake'
2026-09-29T22:21:41.7645139Z gmake[3]: Entering directory '/home/runner/work/_temp/identity-arm/build/cmake'
2026-09-29T22:21:41.7668091Z [ 51%] Linking CXX executable ndjson_tests
2026-09-29T22:21:41.8264726Z gmake[3]: Leaving directory '/home/runner/work/_temp/identity-arm/build/cmake'
2026-09-29T22:21:41.8294946Z [ 56%] Built target ndjson_tests
2026-09-29T22:21:41.8309991Z gmake[3]: Entering directory '/home/runner/work/_temp/identity-arm/build/cmake'
2026-09-29T22:21:41.8406397Z gmake[3]: Leaving directory '/home/runner/work/_temp/identity-arm/build/cmake'
2026-09-29T22:21:41.8437961Z gmake[3]: Entering directory '/home/runner/work/_temp/identity-arm/build/cmake'
2026-09-29T22:21:41.8462640Z [ 57%] Linking CXX executable jsonpath_tests
2026-09-29T22:21:41.9058083Z gmake[3]: Leaving directory '/home/runner/work/_temp/identity-arm/build/cmake'
2026-09-29T22:21:41.9088277Z [ 63%] Built target jsonpath_tests
2026-09-29T22:21:41.9104336Z gmake[3]: Entering directory '/home/runner/work/_temp/identity-arm/build/cmake'
2026-09-29T22:21:41.9200724Z gmake[3]: Leaving directory '/home/runner/work/_temp/identity-arm/build/cmake'
2026-09-29T22:21:41.9231915Z gmake[3]: Entering directory '/home/runner/work/_temp/identity-arm/build/cmake'
2026-09-29T22:21:41.9255618Z [ 63%] Linking CXX executable jsonpath_stream_tests
2026-09-29T22:21:41.9848950Z gmake[3]: Leaving directory '/home/runner/work/_temp/identity-arm/build/cmake'
2026-09-29T22:21:41.9877263Z [ 69%] Built target jsonpath_stream_tests
2026-09-29T22:21:41.9891798Z gmake[3]: Entering directory '/home/runner/work/_temp/identity-arm/build/cmake'
2026-09-29T22:21:41.9985355Z gmake[3]: Leaving directory '/home/runner/work/_temp/identity-arm/build/cmake'
2026-09-29T22:21:42.0015053Z gmake[3]: Entering directory '/home/runner/work/_temp/identity-arm/build/cmake'
2026-09-29T22:21:42.0037116Z [ 69%] Linking CXX executable scan_tests
2026-09-29T22:21:42.0626384Z gmake[3]: Leaving directory '/home/runner/work/_temp/identity-arm/build/cmake'
2026-09-29T22:21:42.0655883Z [ 75%] Built target scan_tests
2026-09-29T22:21:42.0670787Z gmake[3]: Entering directory '/home/runner/work/_temp/identity-arm/build/cmake'
2026-09-29T22:21:42.0767002Z gmake[3]: Leaving directory '/home/runner/work/_temp/identity-arm/build/cmake'
2026-09-29T22:21:42.0798070Z gmake[3]: Entering directory '/home/runner/work/_temp/identity-arm/build/cmake'
2026-09-29T22:21:42.0821294Z [ 75%] Linking CXX executable temporal_tests
2026-09-29T22:21:42.1409555Z gmake[3]: Leaving directory '/home/runner/work/_temp/identity-arm/build/cmake'
2026-09-29T22:21:42.1438725Z [ 81%] Built target temporal_tests
2026-09-29T22:21:42.1454019Z gmake[3]: Entering directory '/home/runner/work/_temp/identity-arm/build/cmake'
2026-09-29T22:21:42.1549581Z gmake[3]: Leaving directory '/home/runner/work/_temp/identity-arm/build/cmake'
2026-09-29T22:21:42.1580559Z gmake[3]: Entering directory '/home/runner/work/_temp/identity-arm/build/cmake'
2026-09-29T22:21:42.1603600Z [ 81%] Linking CXX executable folder_tests
2026-09-29T22:21:42.2191980Z gmake[3]: Leaving directory '/home/runner/work/_temp/identity-arm/build/cmake'
2026-09-29T22:21:42.2220678Z [ 87%] Built target folder_tests
2026-09-29T22:21:42.2236095Z gmake[3]: Entering directory '/home/runner/work/_temp/identity-arm/build/cmake'
2026-09-29T22:21:42.2331436Z gmake[3]: Leaving directory '/home/runner/work/_temp/identity-arm/build/cmake'
2026-09-29T22:21:42.2364957Z gmake[3]: Entering directory '/home/runner/work/_temp/identity-arm/build/cmake'
2026-09-29T22:21:42.2388698Z [ 87%] Linking CXX executable fuzz_corpus_tests
2026-09-29T22:21:42.2989684Z gmake[3]: Leaving directory '/home/runner/work/_temp/identity-arm/build/cmake'
2026-09-29T22:21:42.3019172Z [ 93%] Built target fuzz_corpus_tests
2026-09-29T22:21:42.3035347Z gmake[3]: Entering directory '/home/runner/work/_temp/identity-arm/build/cmake'
2026-09-29T22:21:42.3131052Z gmake[3]: Leaving directory '/home/runner/work/_temp/identity-arm/build/cmake'
2026-09-29T22:21:42.3161428Z gmake[3]: Entering directory '/home/runner/work/_temp/identity-arm/build/cmake'
2026-09-29T22:21:42.3184283Z [ 94%] Linking CXX executable stress_deep_tests
2026-09-29T22:21:42.3768094Z gmake[3]: Leaving directory '/home/runner/work/_temp/identity-arm/build/cmake'
2026-09-29T22:21:42.3797516Z [100%] Built target stress_deep_tests
2026-09-29T22:21:42.3801822Z gmake[2]: Leaving directory '/home/runner/work/_temp/identity-arm/build/cmake'
2026-09-29T22:21:42.3839518Z gmake[1]: Leaving directory '/home/runner/work/_temp/identity-arm/build/cmake'
2026-09-29T22:21:42.3849650Z + /home/runner/work/_temp/identity-arm/.venv/bin/ctest --test-dir build/cmake --build-config Release --output-on-failure --no-tests=error
2026-09-29T22:21:42.4994936Z Test project /home/runner/work/_temp/identity-arm/build/cmake
2026-09-29T22:21:42.4999210Z       Start  1: smoke_tests
2026-09-29T22:21:42.5013750Z  1/16 Test  #1: smoke_tests ......................   Passed    0.00 sec
2026-09-29T22:21:42.5014610Z       Start  2: json_core_tests
2026-09-29T22:21:42.5029070Z  2/16 Test  #2: json_core_tests ..................   Passed    0.00 sec
2026-09-29T22:21:42.5030082Z       Start  3: json_parse_tests
2026-09-29T22:21:42.5043406Z  3/16 Test  #3: json_parse_tests .................   Passed    0.00 sec
2026-09-29T22:21:42.5044194Z       Start  4: fast_parse_tests
2026-09-29T22:21:42.5681274Z  4/16 Test  #4: fast_parse_tests .................   Passed    0.06 sec
2026-09-29T22:21:42.5681703Z       Start  5: value_cursor_tests
2026-09-29T22:21:42.5746217Z  5/16 Test  #5: value_cursor_tests ...............   Passed    0.01 sec
2026-09-29T22:21:42.5747105Z       Start  6: json_serialize_tests
2026-09-29T22:21:42.5761856Z  6/16 Test  #6: json_serialize_tests .............   Passed    0.00 sec
2026-09-29T22:21:42.5762891Z       Start  7: float_precision_tests
2026-09-29T22:21:44.8794523Z  7/16 Test  #7: float_precision_tests ............   Passed    2.30 sec
2026-09-29T22:21:44.8795598Z       Start  8: json_cursor_tests
2026-09-29T22:21:44.8814929Z  8/16 Test  #8: json_cursor_tests ................   Passed    0.00 sec
2026-09-29T22:21:44.8815295Z       Start  9: ndjson_tests
2026-09-29T22:21:44.8856393Z  9/16 Test  #9: ndjson_tests .....................   Passed    0.00 sec
2026-09-29T22:21:44.8856939Z       Start 10: jsonpath_tests
2026-09-29T22:21:44.8871430Z 10/16 Test #10: jsonpath_tests ...................   Passed    0.00 sec
2026-09-29T22:21:44.8872244Z       Start 11: jsonpath_stream_tests
2026-09-29T22:21:44.8889930Z 11/16 Test #11: jsonpath_stream_tests ............   Passed    0.00 sec
2026-09-29T22:21:44.8890853Z       Start 12: scan_tests
2026-09-29T22:21:44.9057708Z 12/16 Test #12: scan_tests .......................   Passed    0.02 sec
2026-09-29T22:21:44.9058866Z       Start 13: temporal_tests
2026-09-29T22:21:44.9073891Z 13/16 Test #13: temporal_tests ...................   Passed    0.00 sec
2026-09-29T22:21:44.9074662Z       Start 14: folder_tests
2026-09-29T22:21:44.9101300Z 14/16 Test #14: folder_tests .....................   Passed    0.00 sec
2026-09-29T22:21:44.9102001Z       Start 15: fuzz_corpus_tests
2026-09-29T22:21:44.9135013Z 15/16 Test #15: fuzz_corpus_tests ................   Passed    0.00 sec
2026-09-29T22:21:44.9136188Z       Start 16: stress_deep_tests
2026-09-29T22:21:44.9163581Z 16/16 Test #16: stress_deep_tests ................   Passed    0.00 sec
2026-09-29T22:21:44.9168619Z 
2026-09-29T22:21:44.9168818Z 100% tests passed out of 16
2026-09-29T22:21:44.9169235Z 
2026-09-29T22:21:44.9169363Z Total Test time (real) =   2.42 sec
2026-09-29T22:21:44.9550421Z + pytest tests/py tests/unit --ignore=tests/unit/native_types --ignore=tests/py/native_types --basetemp=/tmp/pytest-of-runner/cwgjoifd
2026-09-29T22:21:45.4733927Z ============================= test session starts ==============================
2026-09-29T22:21:45.4734398Z platform linux -- Python 3.12.14, pytest-9.1.1, pluggy-1.6.0
2026-09-29T22:21:45.4734736Z rootdir: /home/runner/work/_temp/identity-arm
2026-09-29T22:21:45.4735014Z configfile: pyproject.toml
2026-09-29T22:21:45.4735246Z plugins: platformdirs-4.12.2, cov-7.1.0
2026-09-29T22:21:45.4735488Z collected 3183 items
2026-09-29T22:21:45.4735615Z 
2026-09-29T22:21:45.4923050Z tests/py/test_dumps_brace_fold.py .........                              [  0%]
2026-09-29T22:21:45.5294705Z tests/py/test_dumps_cycles_fused.py .................................... [  1%]
2026-09-29T22:21:45.5853644Z ....................................................                     [  3%]
2026-09-29T22:21:45.7865723Z tests/py/test_dumps_general_tables.py ............................       [  3%]
2026-09-29T22:21:46.1678674Z tests/py/test_dumps_with_default.py .................................... [  5%]
2026-09-29T22:21:46.4056028Z .............................ss                                          [  6%]
2026-09-29T22:21:46.4378902Z tests/py/test_dumps_with_default_contract.py ........................... [  6%]
2026-09-29T22:21:46.5399544Z ........................................................................ [  9%]
2026-09-29T22:21:46.6437029Z ........................................................................ [ 11%]
2026-09-29T22:21:46.6957235Z ..........................                                               [ 12%]
2026-09-29T22:21:46.6996883Z tests/py/test_fused_verification.py ..                                   [ 12%]
2026-09-29T22:21:46.7300457Z tests/py/test_json_parity.py ........................................... [ 13%]
2026-09-29T22:21:46.7796742Z ........................................................................ [ 15%]
2026-09-29T22:21:46.8293570Z ........................................................................ [ 18%]
2026-09-29T22:21:46.8775638Z ........................................................................ [ 20%]
2026-09-29T22:21:46.9263335Z ........................................................................ [ 22%]
2026-09-29T22:21:46.9740114Z ........................................................................ [ 24%]
2026-09-29T22:21:47.0223306Z ........................................................................ [ 27%]
2026-09-29T22:21:47.0698090Z ........................................................................ [ 29%]
2026-09-29T22:21:47.1166076Z ........................................................................ [ 31%]
2026-09-29T22:21:47.1646032Z ........................................................................ [ 33%]
2026-09-29T22:21:47.2113832Z ........................................................................ [ 36%]
2026-09-29T22:21:47.2578563Z ........................................................................ [ 38%]
2026-09-29T22:21:47.3042177Z ........................................................................ [ 40%]
2026-09-29T22:21:47.3504046Z ........................................................................ [ 43%]
2026-09-29T22:21:47.3961934Z ........................................................................ [ 45%]
2026-09-29T22:21:47.4424987Z ........................................................................ [ 47%]
2026-09-29T22:21:47.4888626Z ........................................................................ [ 49%]
2026-09-29T22:21:47.5137387Z .................................                                        [ 50%]
2026-09-29T22:21:47.5536045Z tests/py/test_path_dispatch.py ................................          [ 51%]
2026-09-29T22:21:47.5552158Z tests/py/test_py_tests_basetemp.py ..                                    [ 51%]
2026-09-29T22:21:47.5569943Z tests/py/test_smoke.py ...                                               [ 52%]
2026-09-29T22:21:47.8905995Z tests/unit/test_ab_analysis.py ......................................    [ 53%]
2026-09-29T22:21:47.9021856Z tests/unit/test_build_manifest.py ...........                            [ 53%]
2026-09-29T22:21:47.9121210Z tests/unit/test_canonical_builds.py ....                                 [ 53%]
2026-09-29T22:21:48.0742383Z tests/unit/test_ci_fetch.py ........................                     [ 54%]
2026-09-29T22:21:48.1532214Z tests/unit/test_ci_summary.py .......................                    [ 55%]
2026-09-29T22:21:48.1707841Z tests/unit/test_config.py ...........................                    [ 56%]
2026-09-29T22:21:48.1859624Z tests/unit/test_core_purity.py ....                                      [ 56%]
2026-09-29T22:21:48.1962722Z tests/unit/test_cross_sample.py ......                                   [ 56%]
2026-09-29T22:21:48.2448072Z tests/unit/test_dumps.py ............................................... [ 57%]
2026-09-29T22:21:48.2583368Z ..........                                                               [ 58%]
2026-09-29T22:21:48.2762235Z tests/unit/test_dumps_brace_fold.py .........                            [ 58%]
2026-09-29T22:21:48.4653174Z tests/unit/test_dumps_cold_start.py ....                                 [ 58%]
2026-09-29T22:21:48.4945403Z tests/unit/test_dumps_contract.py ...................................... [ 59%]
2026-09-29T22:21:48.5526204Z .............................................................            [ 61%]
2026-09-29T22:21:48.5874672Z tests/unit/test_dumps_cycles_fused.py .................................. [ 62%]
2026-09-29T22:21:48.6449964Z ......................................................                   [ 64%]
2026-09-29T22:21:48.8818466Z tests/unit/test_dumps_general_tables.py ............................     [ 65%]
2026-09-29T22:21:49.2170914Z tests/unit/test_dumps_latch.py ............................              [ 66%]
2026-09-29T22:21:49.2878773Z tests/unit/test_dumps_private_cache.py ................................  [ 67%]
2026-09-29T22:21:49.7787104Z tests/unit/test_dumps_reentrancy.py .................................... [ 68%]
2026-09-29T22:21:50.6963680Z ......................................................................   [ 70%]
2026-09-29T22:21:51.2355401Z tests/unit/test_dumps_reentrancy_review.py ............................. [ 71%]
2026-09-29T22:21:51.3535733Z ..                                                                       [ 71%]
2026-09-29T22:21:51.3939456Z tests/unit/test_dumps_schema_failure.py ...........................      [ 72%]
2026-09-29T22:21:51.7360999Z tests/unit/test_dumps_user_step_counter.py ..........................    [ 73%]
2026-09-29T22:21:51.7615013Z tests/unit/test_dumps_with_default.py .................................. [ 74%]
2026-09-29T22:21:51.8153985Z ........................................................................ [ 76%]
2026-09-29T22:21:51.9309157Z .........................................................                [ 78%]
2026-09-29T22:21:51.9513638Z tests/unit/test_dumps_with_default_state.py ............................ [ 79%]
2026-09-29T22:21:52.0381097Z ........................................................................ [ 81%]
2026-09-29T22:21:52.1590643Z ..............                                                           [ 81%]
2026-09-29T22:21:52.2222179Z tests/unit/test_folder.py .............................................. [ 83%]
2026-09-29T22:21:52.2850792Z .........................................                                [ 84%]
2026-09-29T22:21:52.2888410Z tests/unit/test_fused_verification.py ..                                 [ 84%]
2026-09-29T22:21:52.3314097Z tests/unit/test_hook_build_scope.py ...............................      [ 85%]
2026-09-29T22:21:52.4150950Z tests/unit/test_json_cursor.py ...........................               [ 86%]
2026-09-29T22:21:52.4425841Z tests/unit/test_jsonpath.py ............................................ [ 87%]
2026-09-29T22:21:52.5490793Z .......................................................................  [ 90%]
2026-09-29T22:21:52.6240483Z tests/unit/test_load_dump.py ........................................... [ 91%]
2026-09-29T22:21:52.6243744Z                                                                          [ 91%]
2026-09-29T22:21:52.6550126Z tests/unit/test_loads.py ............................................... [ 92%]
2026-09-29T22:21:52.7336523Z ........................................................................ [ 95%]
2026-09-29T22:21:53.6189443Z ................                                                         [ 95%]
2026-09-29T22:21:53.6240135Z tests/unit/test_native_interleaved_profile.py ...                        [ 95%]
2026-09-29T22:21:53.6877180Z tests/unit/test_nested_container_probe.py ....                           [ 95%]
2026-09-29T22:21:53.7370322Z tests/unit/test_path_dispatch.py ................................        [ 96%]
2026-09-29T22:21:53.7704251Z tests/unit/test_provenance.py ..................                         [ 97%]
2026-09-29T22:21:53.8185403Z tests/unit/test_regression_check.py ..........................           [ 98%]
2026-09-29T22:21:53.9330090Z tests/unit/test_search_stream.py .................                       [ 98%]
2026-09-29T22:21:53.9338694Z tests/unit/test_string_identity_probe.py .                               [ 98%]
2026-09-29T22:21:54.0019044Z tests/unit/test_supplementary.py .............                           [ 99%]
2026-09-29T22:21:54.0517562Z tests/unit/test_supportability_check.py ....................             [ 99%]
2026-09-29T22:21:54.1084330Z tests/unit/test_version.py ....                                          [100%]
2026-09-29T22:21:54.1084697Z 
2026-09-29T22:21:54.1084848Z ======================= 3181 passed, 2 skipped in 8.93s ========================
2026-09-29T22:21:54.2303069Z ==> PGO: merging 17 raw profiles
2026-09-29T22:21:54.3069208Z ==> PGO phase 2: optimized build (profile + LTO)
2026-09-29T22:21:54.5759594Z Obtaining file:///home/runner/work/_temp/identity-arm
2026-09-29T22:21:54.5777594Z   Installing build dependencies: started
2026-09-29T22:21:55.8496293Z   Installing build dependencies: finished with status 'done'
2026-09-29T22:21:55.8502047Z   Checking if build backend supports build_editable: started
2026-09-29T22:21:56.0953474Z   Checking if build backend supports build_editable: finished with status 'done'
2026-09-29T22:21:56.0960609Z   Getting requirements to build editable: started
2026-09-29T22:21:56.4069143Z   Getting requirements to build editable: finished with status 'done'
2026-09-29T22:21:56.4077446Z   Preparing editable metadata (pyproject.toml): started
2026-09-29T22:21:56.6080571Z   Preparing editable metadata (pyproject.toml): finished with status 'done'
2026-09-29T22:21:56.6127337Z Building wheels for collected packages: strata
2026-09-29T22:21:56.6133642Z   Building editable for strata (pyproject.toml): started
2026-09-29T22:22:50.6358417Z   Building editable for strata (pyproject.toml): finished with status 'done'
2026-09-29T22:22:50.6366245Z   Created wheel for strata: filename=strata-2026.8.10-0.editable-cp312-cp312-linux_aarch64.whl size=4459 sha256=5797f40dddc8a04e85ebc6be6ba8318149461963485baa418e4ef8a078b3b803
2026-09-29T22:22:50.6367253Z   Stored in directory: /tmp/pip-ephem-wheel-cache-wwvayzmf/wheels/4b/14/de/c01d5c98e482dba508ed0b80beaf37c3b37034de18f4d8fbd4
2026-09-29T22:22:50.6390251Z Successfully built strata
2026-09-29T22:22:50.6484995Z Installing collected packages: strata
2026-09-29T22:22:50.6485972Z   Attempting uninstall: strata
2026-09-29T22:22:50.6504773Z     Found existing installation: strata 2026.8.10
2026-09-29T22:22:50.6518404Z     Uninstalling strata-2026.8.10:
2026-09-29T22:22:50.6710790Z       Successfully uninstalled strata-2026.8.10
2026-09-29T22:22:50.6801030Z Successfully installed strata-2026.8.10
2026-09-29T22:22:50.9601331Z ==> PGO: the hook image must carry no profile
2026-09-29T22:22:51.0010384Z + strata._dumps_hook is unprofiled: _dumps_hook.cpython-312-aarch64-linux-gnu.so.build.json records no profile or profile flag,
2026-09-29T22:22:51.0011029Z   and the image links no profile runtime
2026-09-29T22:22:51.0065231Z ==> PGO: gate tests on the optimized build
2026-09-29T22:22:51.0337671Z + /home/runner/work/_temp/identity-arm/.venv/bin/cmake -S . -B build/cmake -DCMAKE_BUILD_TYPE=Release
2026-09-29T22:22:51.1579893Z -- Configuring done (0.0s)
2026-09-29T22:22:51.2007165Z -- Generating done (0.0s)
2026-09-29T22:22:51.2009337Z -- Build files have been written to: /home/runner/work/_temp/identity-arm/build/cmake
2026-09-29T22:22:51.2024344Z + /home/runner/work/_temp/identity-arm/.venv/bin/cmake --build build/cmake --config Release
2026-09-29T22:22:51.3199761Z gmake[1]: Entering directory '/home/runner/work/_temp/identity-arm/build/cmake'
2026-09-29T22:22:51.3259593Z gmake[2]: Entering directory '/home/runner/work/_temp/identity-arm/build/cmake'
2026-09-29T22:22:51.3269464Z gmake[3]: Entering directory '/home/runner/work/_temp/identity-arm/build/cmake'
2026-09-29T22:22:51.3360458Z gmake[3]: Leaving directory '/home/runner/work/_temp/identity-arm/build/cmake'
2026-09-29T22:22:51.3390907Z gmake[3]: Entering directory '/home/runner/work/_temp/identity-arm/build/cmake'
2026-09-29T22:22:51.3413627Z [  0%] Linking CXX executable smoke_tests
2026-09-29T22:22:51.4012093Z gmake[3]: Leaving directory '/home/runner/work/_temp/identity-arm/build/cmake'
2026-09-29T22:22:51.4040092Z [  6%] Built target smoke_tests
2026-09-29T22:22:51.4055735Z gmake[3]: Entering directory '/home/runner/work/_temp/identity-arm/build/cmake'
2026-09-29T22:22:51.4149136Z gmake[3]: Leaving directory '/home/runner/work/_temp/identity-arm/build/cmake'
2026-09-29T22:22:51.4179732Z gmake[3]: Entering directory '/home/runner/work/_temp/identity-arm/build/cmake'
2026-09-29T22:22:51.4201925Z [  7%] Linking CXX executable json_core_tests
2026-09-29T22:22:51.4777560Z gmake[3]: Leaving directory '/home/runner/work/_temp/identity-arm/build/cmake'
2026-09-29T22:22:51.4806058Z [ 13%] Built target json_core_tests
2026-09-29T22:22:51.4821305Z gmake[3]: Entering directory '/home/runner/work/_temp/identity-arm/build/cmake'
2026-09-29T22:22:51.4914367Z gmake[3]: Leaving directory '/home/runner/work/_temp/identity-arm/build/cmake'
2026-09-29T22:22:51.4945314Z gmake[3]: Entering directory '/home/runner/work/_temp/identity-arm/build/cmake'
2026-09-29T22:22:51.4967212Z [ 13%] Linking CXX executable json_parse_tests
2026-09-29T22:22:51.5546625Z gmake[3]: Leaving directory '/home/runner/work/_temp/identity-arm/build/cmake'
2026-09-29T22:22:51.5575943Z [ 19%] Built target json_parse_tests
2026-09-29T22:22:51.5590907Z gmake[3]: Entering directory '/home/runner/work/_temp/identity-arm/build/cmake'
2026-09-29T22:22:51.5687997Z gmake[3]: Leaving directory '/home/runner/work/_temp/identity-arm/build/cmake'
2026-09-29T22:22:51.5719044Z gmake[3]: Entering directory '/home/runner/work/_temp/identity-arm/build/cmake'
2026-09-29T22:22:51.5743079Z [ 20%] Linking CXX executable fast_parse_tests
2026-09-29T22:22:51.6332610Z gmake[3]: Leaving directory '/home/runner/work/_temp/identity-arm/build/cmake'
2026-09-29T22:22:51.6361424Z [ 25%] Built target fast_parse_tests
2026-09-29T22:22:51.6377413Z gmake[3]: Entering directory '/home/runner/work/_temp/identity-arm/build/cmake'
2026-09-29T22:22:51.6470597Z gmake[3]: Leaving directory '/home/runner/work/_temp/identity-arm/build/cmake'
2026-09-29T22:22:51.6501788Z gmake[3]: Entering directory '/home/runner/work/_temp/identity-arm/build/cmake'
2026-09-29T22:22:51.6525182Z [ 26%] Linking CXX executable value_cursor_tests
2026-09-29T22:22:51.7133502Z gmake[3]: Leaving directory '/home/runner/work/_temp/identity-arm/build/cmake'
2026-09-29T22:22:51.7163418Z [ 32%] Built target value_cursor_tests
2026-09-29T22:22:51.7179312Z gmake[3]: Entering directory '/home/runner/work/_temp/identity-arm/build/cmake'
2026-09-29T22:22:51.7273817Z gmake[3]: Leaving directory '/home/runner/work/_temp/identity-arm/build/cmake'
2026-09-29T22:22:51.7304614Z gmake[3]: Entering directory '/home/runner/work/_temp/identity-arm/build/cmake'
2026-09-29T22:22:51.7327177Z [ 32%] Linking CXX executable json_serialize_tests
2026-09-29T22:22:51.7927979Z gmake[3]: Leaving directory '/home/runner/work/_temp/identity-arm/build/cmake'
2026-09-29T22:22:51.7956871Z [ 38%] Built target json_serialize_tests
2026-09-29T22:22:51.7971920Z gmake[3]: Entering directory '/home/runner/work/_temp/identity-arm/build/cmake'
2026-09-29T22:22:51.8067183Z gmake[3]: Leaving directory '/home/runner/work/_temp/identity-arm/build/cmake'
2026-09-29T22:22:51.8098922Z gmake[3]: Entering directory '/home/runner/work/_temp/identity-arm/build/cmake'
2026-09-29T22:22:51.8123722Z [ 39%] Linking CXX executable float_precision_tests
2026-09-29T22:22:51.8724988Z gmake[3]: Leaving directory '/home/runner/work/_temp/identity-arm/build/cmake'
2026-09-29T22:22:51.8754643Z [ 44%] Built target float_precision_tests
2026-09-29T22:22:51.8769802Z gmake[3]: Entering directory '/home/runner/work/_temp/identity-arm/build/cmake'
2026-09-29T22:22:51.8865920Z gmake[3]: Leaving directory '/home/runner/work/_temp/identity-arm/build/cmake'
2026-09-29T22:22:51.8897252Z gmake[3]: Entering directory '/home/runner/work/_temp/identity-arm/build/cmake'
2026-09-29T22:22:51.8921981Z [ 45%] Linking CXX executable json_cursor_tests
2026-09-29T22:22:51.9521451Z gmake[3]: Leaving directory '/home/runner/work/_temp/identity-arm/build/cmake'
2026-09-29T22:22:51.9550840Z [ 50%] Built target json_cursor_tests
2026-09-29T22:22:51.9566773Z gmake[3]: Entering directory '/home/runner/work/_temp/identity-arm/build/cmake'
2026-09-29T22:22:51.9659814Z gmake[3]: Leaving directory '/home/runner/work/_temp/identity-arm/build/cmake'
2026-09-29T22:22:51.9690343Z gmake[3]: Entering directory '/home/runner/work/_temp/identity-arm/build/cmake'
2026-09-29T22:22:51.9713849Z [ 51%] Linking CXX executable ndjson_tests
2026-09-29T22:22:52.0302371Z gmake[3]: Leaving directory '/home/runner/work/_temp/identity-arm/build/cmake'
2026-09-29T22:22:52.0332072Z [ 56%] Built target ndjson_tests
2026-09-29T22:22:52.0347061Z gmake[3]: Entering directory '/home/runner/work/_temp/identity-arm/build/cmake'
2026-09-29T22:22:52.0441944Z gmake[3]: Leaving directory '/home/runner/work/_temp/identity-arm/build/cmake'
2026-09-29T22:22:52.0473075Z gmake[3]: Entering directory '/home/runner/work/_temp/identity-arm/build/cmake'
2026-09-29T22:22:52.0495950Z [ 57%] Linking CXX executable jsonpath_tests
2026-09-29T22:22:52.1073631Z gmake[3]: Leaving directory '/home/runner/work/_temp/identity-arm/build/cmake'
2026-09-29T22:22:52.1102478Z [ 63%] Built target jsonpath_tests
2026-09-29T22:22:52.1118062Z gmake[3]: Entering directory '/home/runner/work/_temp/identity-arm/build/cmake'
2026-09-29T22:22:52.1210423Z gmake[3]: Leaving directory '/home/runner/work/_temp/identity-arm/build/cmake'
2026-09-29T22:22:52.1240970Z gmake[3]: Entering directory '/home/runner/work/_temp/identity-arm/build/cmake'
2026-09-29T22:22:52.1262746Z [ 63%] Linking CXX executable jsonpath_stream_tests
2026-09-29T22:22:52.1839112Z gmake[3]: Leaving directory '/home/runner/work/_temp/identity-arm/build/cmake'
2026-09-29T22:22:52.1867529Z [ 69%] Built target jsonpath_stream_tests
2026-09-29T22:22:52.1882884Z gmake[3]: Entering directory '/home/runner/work/_temp/identity-arm/build/cmake'
2026-09-29T22:22:52.1975469Z gmake[3]: Leaving directory '/home/runner/work/_temp/identity-arm/build/cmake'
2026-09-29T22:22:52.2006141Z gmake[3]: Entering directory '/home/runner/work/_temp/identity-arm/build/cmake'
2026-09-29T22:22:52.2028405Z [ 69%] Linking CXX executable scan_tests
2026-09-29T22:22:52.2603957Z gmake[3]: Leaving directory '/home/runner/work/_temp/identity-arm/build/cmake'
2026-09-29T22:22:52.2632628Z [ 75%] Built target scan_tests
2026-09-29T22:22:52.2648285Z gmake[3]: Entering directory '/home/runner/work/_temp/identity-arm/build/cmake'
2026-09-29T22:22:52.2742174Z gmake[3]: Leaving directory '/home/runner/work/_temp/identity-arm/build/cmake'
2026-09-29T22:22:52.2774430Z gmake[3]: Entering directory '/home/runner/work/_temp/identity-arm/build/cmake'
2026-09-29T22:22:52.2797589Z [ 75%] Linking CXX executable temporal_tests
2026-09-29T22:22:52.3374557Z gmake[3]: Leaving directory '/home/runner/work/_temp/identity-arm/build/cmake'
2026-09-29T22:22:52.3402046Z [ 81%] Built target temporal_tests
2026-09-29T22:22:52.3417116Z gmake[3]: Entering directory '/home/runner/work/_temp/identity-arm/build/cmake'
2026-09-29T22:22:52.3511577Z gmake[3]: Leaving directory '/home/runner/work/_temp/identity-arm/build/cmake'
2026-09-29T22:22:52.3542473Z gmake[3]: Entering directory '/home/runner/work/_temp/identity-arm/build/cmake'
2026-09-29T22:22:52.3564756Z [ 81%] Linking CXX executable folder_tests
2026-09-29T22:22:52.4159133Z gmake[3]: Leaving directory '/home/runner/work/_temp/identity-arm/build/cmake'
2026-09-29T22:22:52.4186744Z [ 87%] Built target folder_tests
2026-09-29T22:22:52.4201388Z gmake[3]: Entering directory '/home/runner/work/_temp/identity-arm/build/cmake'
2026-09-29T22:22:52.4295387Z gmake[3]: Leaving directory '/home/runner/work/_temp/identity-arm/build/cmake'
2026-09-29T22:22:52.4327015Z gmake[3]: Entering directory '/home/runner/work/_temp/identity-arm/build/cmake'
2026-09-29T22:22:52.4348944Z [ 87%] Linking CXX executable fuzz_corpus_tests
2026-09-29T22:22:52.4928811Z gmake[3]: Leaving directory '/home/runner/work/_temp/identity-arm/build/cmake'
2026-09-29T22:22:52.4957825Z [ 93%] Built target fuzz_corpus_tests
2026-09-29T22:22:52.4972968Z gmake[3]: Entering directory '/home/runner/work/_temp/identity-arm/build/cmake'
2026-09-29T22:22:52.5067009Z gmake[3]: Leaving directory '/home/runner/work/_temp/identity-arm/build/cmake'
2026-09-29T22:22:52.5097073Z gmake[3]: Entering directory '/home/runner/work/_temp/identity-arm/build/cmake'
2026-09-29T22:22:52.5120623Z [ 94%] Linking CXX executable stress_deep_tests
2026-09-29T22:22:52.5713360Z gmake[3]: Leaving directory '/home/runner/work/_temp/identity-arm/build/cmake'
2026-09-29T22:22:52.5741654Z [100%] Built target stress_deep_tests
2026-09-29T22:22:52.5746871Z gmake[2]: Leaving directory '/home/runner/work/_temp/identity-arm/build/cmake'
2026-09-29T22:22:52.5782313Z gmake[1]: Leaving directory '/home/runner/work/_temp/identity-arm/build/cmake'
2026-09-29T22:22:52.5792113Z + /home/runner/work/_temp/identity-arm/.venv/bin/ctest --test-dir build/cmake --build-config Release --output-on-failure --no-tests=error
2026-09-29T22:22:52.6964813Z Test project /home/runner/work/_temp/identity-arm/build/cmake
2026-09-29T22:22:52.6969763Z       Start  1: smoke_tests
2026-09-29T22:22:52.6983290Z  1/16 Test  #1: smoke_tests ......................   Passed    0.00 sec
2026-09-29T22:22:52.6984747Z       Start  2: json_core_tests
2026-09-29T22:22:52.6998725Z  2/16 Test  #2: json_core_tests ..................   Passed    0.00 sec
2026-09-29T22:22:52.6999248Z       Start  3: json_parse_tests
2026-09-29T22:22:52.7012981Z  3/16 Test  #3: json_parse_tests .................   Passed    0.00 sec
2026-09-29T22:22:52.7013806Z       Start  4: fast_parse_tests
2026-09-29T22:22:52.7648753Z  4/16 Test  #4: fast_parse_tests .................   Passed    0.06 sec
2026-09-29T22:22:52.7650291Z       Start  5: value_cursor_tests
2026-09-29T22:22:52.7715734Z  5/16 Test  #5: value_cursor_tests ...............   Passed    0.01 sec
2026-09-29T22:22:52.7716810Z       Start  6: json_serialize_tests
2026-09-29T22:22:52.7731584Z  6/16 Test  #6: json_serialize_tests .............   Passed    0.00 sec
2026-09-29T22:22:52.7732382Z       Start  7: float_precision_tests
2026-09-29T22:22:55.0760890Z  7/16 Test  #7: float_precision_tests ............   Passed    2.30 sec
2026-09-29T22:22:55.0761299Z       Start  8: json_cursor_tests
2026-09-29T22:22:55.0779688Z  8/16 Test  #8: json_cursor_tests ................   Passed    0.00 sec
2026-09-29T22:22:55.0780063Z       Start  9: ndjson_tests
2026-09-29T22:22:55.0821461Z  9/16 Test  #9: ndjson_tests .....................   Passed    0.00 sec
2026-09-29T22:22:55.0822230Z       Start 10: jsonpath_tests
2026-09-29T22:22:55.0835973Z 10/16 Test #10: jsonpath_tests ...................   Passed    0.00 sec
2026-09-29T22:22:55.0836968Z       Start 11: jsonpath_stream_tests
2026-09-29T22:22:55.0853535Z 11/16 Test #11: jsonpath_stream_tests ............   Passed    0.00 sec
2026-09-29T22:22:55.0854189Z       Start 12: scan_tests
2026-09-29T22:22:55.1020837Z 12/16 Test #12: scan_tests .......................   Passed    0.02 sec
2026-09-29T22:22:55.1021540Z       Start 13: temporal_tests
2026-09-29T22:22:55.1036004Z 13/16 Test #13: temporal_tests ...................   Passed    0.00 sec
2026-09-29T22:22:55.1036756Z       Start 14: folder_tests
2026-09-29T22:22:55.1062747Z 14/16 Test #14: folder_tests .....................   Passed    0.00 sec
2026-09-29T22:22:55.1063658Z       Start 15: fuzz_corpus_tests
2026-09-29T22:22:55.1096146Z 15/16 Test #15: fuzz_corpus_tests ................   Passed    0.00 sec
2026-09-29T22:22:55.1096726Z       Start 16: stress_deep_tests
2026-09-29T22:22:55.1123754Z 16/16 Test #16: stress_deep_tests ................   Passed    0.00 sec
2026-09-29T22:22:55.1128337Z 
2026-09-29T22:22:55.1128475Z 100% tests passed out of 16
2026-09-29T22:22:55.1128631Z 
2026-09-29T22:22:55.1128723Z Total Test time (real) =   2.42 sec
2026-09-29T22:22:55.1503814Z + pytest tests/py tests/unit --basetemp=/tmp/pytest-of-runner/hd_ygdpo
2026-09-29T22:22:55.7536529Z ============================= test session starts ==============================
2026-09-29T22:22:55.7536997Z platform linux -- Python 3.12.14, pytest-9.1.1, pluggy-1.6.0
2026-09-29T22:22:55.7537344Z rootdir: /home/runner/work/_temp/identity-arm
2026-09-29T22:22:55.7537616Z configfile: pyproject.toml
2026-09-29T22:22:55.7537852Z plugins: platformdirs-4.12.2, cov-7.1.0
2026-09-29T22:22:55.7538095Z collected 3848 items
2026-09-29T22:22:55.7538224Z 
2026-09-29T22:22:55.7700868Z tests/py/native_types/test_native_dump.py ..............                 [  0%]
2026-09-29T22:22:55.8545649Z tests/py/native_types/test_native_fast_paths.py ........ssssssssss..     [  0%]
2026-09-29T22:22:55.9088554Z tests/py/native_types/test_native_import.py ...                          [  0%]
2026-09-29T22:22:55.9495032Z tests/py/native_types/test_native_opt_out.py ........................... [  1%]
2026-09-29T22:22:55.9499031Z                                                                          [  1%]
2026-09-29T22:22:56.0338357Z tests/py/native_types/test_native_oracle.py .........                    [  1%]
2026-09-29T22:22:56.3214769Z tests/py/native_types/test_native_reentrancy.py ........................ [  2%]
2026-09-29T22:22:57.0271338Z ..................................................                       [  3%]
2026-09-29T22:22:57.0618400Z tests/py/native_types/test_parse_types.py .............................. [  4%]
2026-09-29T22:22:57.4969527Z ............................................................             [  6%]
2026-09-29T22:22:57.5145345Z tests/py/test_dumps_brace_fold.py .........                              [  6%]
2026-09-29T22:22:57.5524731Z tests/py/test_dumps_cycles_fused.py .................................... [  7%]
2026-09-29T22:22:57.6098546Z ....................................................                     [  8%]
2026-09-29T22:22:57.8386974Z tests/py/test_dumps_general_tables.py ............................       [  9%]
2026-09-29T22:22:58.2711422Z tests/py/test_dumps_with_default.py .................................... [ 10%]
2026-09-29T22:22:58.5504493Z .............................ss                                          [ 11%]
2026-09-29T22:22:58.5823367Z tests/py/test_dumps_with_default_contract.py ........................... [ 11%]
2026-09-29T22:22:58.6820893Z ........................................................................ [ 13%]
2026-09-29T22:22:58.7824754Z ........................................................................ [ 15%]
2026-09-29T22:22:58.8310376Z ..........................                                               [ 16%]
2026-09-29T22:22:58.8348222Z tests/py/test_fused_verification.py ..                                   [ 16%]
2026-09-29T22:22:58.8643432Z tests/py/test_json_parity.py ........................................... [ 17%]
2026-09-29T22:22:58.9131275Z ........................................................................ [ 19%]
2026-09-29T22:22:58.9618914Z ........................................................................ [ 21%]
2026-09-29T22:22:59.0099587Z ........................................................................ [ 23%]
2026-09-29T22:22:59.0579610Z ........................................................................ [ 24%]
2026-09-29T22:22:59.1052661Z ........................................................................ [ 26%]
2026-09-29T22:22:59.1528039Z ........................................................................ [ 28%]
2026-09-29T22:22:59.1997820Z ........................................................................ [ 30%]
2026-09-29T22:22:59.2464606Z ........................................................................ [ 32%]
2026-09-29T22:22:59.2942359Z ........................................................................ [ 34%]
2026-09-29T22:22:59.3410526Z ........................................................................ [ 36%]
2026-09-29T22:22:59.3876037Z ........................................................................ [ 38%]
2026-09-29T22:22:59.4337463Z ........................................................................ [ 39%]
2026-09-29T22:22:59.4790679Z ........................................................................ [ 41%]
2026-09-29T22:22:59.5241131Z ........................................................................ [ 43%]
2026-09-29T22:22:59.5700868Z ........................................................................ [ 45%]
2026-09-29T22:22:59.6159479Z ........................................................................ [ 47%]
2026-09-29T22:22:59.6405807Z .................................                                        [ 48%]
2026-09-29T22:22:59.6817625Z tests/py/test_path_dispatch.py ................................          [ 49%]
2026-09-29T22:22:59.6833870Z tests/py/test_py_tests_basetemp.py ..                                    [ 49%]
2026-09-29T22:22:59.6851557Z tests/py/test_smoke.py ...                                               [ 49%]
2026-09-29T22:22:59.7051469Z tests/unit/native_types/test_build_sources.py .......                    [ 49%]
2026-09-29T22:22:59.8301787Z tests/unit/native_types/test_hook_import_gating.py .......               [ 49%]
2026-09-29T22:22:59.8406299Z tests/unit/native_types/test_native_benchmark_agreement.py ...........   [ 49%]
2026-09-29T22:22:59.9294207Z tests/unit/native_types/test_native_benchmark_dataset.py .....           [ 49%]
2026-09-29T22:22:59.9338400Z tests/unit/native_types/test_native_benchmark_rows.py .......            [ 50%]
2026-09-29T22:22:59.9472252Z tests/unit/native_types/test_native_ci_fetch.py ....                     [ 50%]
2026-09-29T22:22:59.9581915Z tests/unit/native_types/test_native_ci_summary.py .....                  [ 50%]
2026-09-29T22:23:00.0014965Z tests/unit/native_types/test_native_flag.py ..........................s. [ 51%]
2026-09-29T22:23:00.0340106Z ..                                                                       [ 51%]
2026-09-29T22:23:00.0465341Z tests/unit/native_types/test_native_identity_ab.py .......               [ 51%]
2026-09-29T22:23:00.0679968Z tests/unit/native_types/test_native_opt_out.py ......................... [ 52%]
2026-09-29T22:23:00.1303988Z ........................................................................ [ 53%]
2026-09-29T22:23:00.1708781Z ..................................................                       [ 55%]
2026-09-29T22:23:00.1872326Z tests/unit/native_types/test_parse_contract.py ......................... [ 55%]
2026-09-29T22:23:00.2500365Z .................................................                        [ 57%]
2026-09-29T22:23:00.2638407Z tests/unit/native_types/test_serializer_contract.py .................... [ 57%]
2026-09-29T22:23:00.6080584Z ........................................................................ [ 59%]
2026-09-29T22:23:00.6252241Z ....................                                                     [ 60%]
2026-09-29T22:23:00.6667800Z tests/unit/native_types/test_training_scope.py ............              [ 60%]
2026-09-29T22:23:01.0122736Z tests/unit/test_ab_analysis.py ......................................    [ 61%]
2026-09-29T22:23:01.0242765Z tests/unit/test_build_manifest.py ...........                            [ 61%]
2026-09-29T22:23:01.0352187Z tests/unit/test_canonical_builds.py ....                                 [ 61%]
2026-09-29T22:23:01.2030405Z tests/unit/test_ci_fetch.py ........................                     [ 62%]
2026-09-29T22:23:01.2857631Z tests/unit/test_ci_summary.py .......................                    [ 62%]
2026-09-29T22:23:01.3040965Z tests/unit/test_config.py ...........................                    [ 63%]
2026-09-29T22:23:01.3194929Z tests/unit/test_core_purity.py ....                                      [ 63%]
2026-09-29T22:23:01.3305482Z tests/unit/test_cross_sample.py ......                                   [ 63%]
2026-09-29T22:23:01.3805290Z tests/unit/test_dumps.py ............................................... [ 65%]
2026-09-29T22:23:01.3938674Z ..........                                                               [ 65%]
2026-09-29T22:23:01.4114701Z tests/unit/test_dumps_brace_fold.py .........                            [ 65%]
2026-09-29T22:23:01.5965888Z tests/unit/test_dumps_cold_start.py ....                                 [ 65%]
2026-09-29T22:23:01.6268096Z tests/unit/test_dumps_contract.py ...................................... [ 66%]
2026-09-29T22:23:01.6834536Z .............................................................            [ 68%]
2026-09-29T22:23:01.7183525Z tests/unit/test_dumps_cycles_fused.py .................................. [ 69%]
2026-09-29T22:23:01.7769622Z ......................................................                   [ 70%]
2026-09-29T22:23:02.0650437Z tests/unit/test_dumps_general_tables.py ............................     [ 71%]
2026-09-29T22:23:02.4712113Z tests/unit/test_dumps_latch.py ............................              [ 72%]
2026-09-29T22:23:02.5471759Z tests/unit/test_dumps_private_cache.py ................................  [ 72%]
2026-09-29T22:23:03.1590282Z tests/unit/test_dumps_reentrancy.py .................................... [ 73%]
2026-09-29T22:23:04.2945659Z ......................................................................   [ 75%]
2026-09-29T22:23:04.9714740Z tests/unit/test_dumps_reentrancy_review.py ............................. [ 76%]
2026-09-29T22:23:05.1228304Z ..                                                                       [ 76%]
2026-09-29T22:23:05.1690984Z tests/unit/test_dumps_schema_failure.py ...........................      [ 77%]
2026-09-29T22:23:05.6044830Z tests/unit/test_dumps_user_step_counter.py ..........................    [ 77%]
2026-09-29T22:23:05.6314341Z tests/unit/test_dumps_with_default.py .................................. [ 78%]
2026-09-29T22:23:05.6877449Z ........................................................................ [ 80%]
2026-09-29T22:23:05.8045085Z .........................................................                [ 82%]
2026-09-29T22:23:05.8256989Z tests/unit/test_dumps_with_default_state.py ............................ [ 82%]
2026-09-29T22:23:05.9121903Z ........................................................................ [ 84%]
2026-09-29T22:23:06.0319244Z ..............                                                           [ 84%]
2026-09-29T22:23:06.1012606Z tests/unit/test_folder.py .............................................. [ 86%]
2026-09-29T22:23:06.1691186Z .........................................                                [ 87%]
2026-09-29T22:23:06.1730115Z tests/unit/test_fused_verification.py ..                                 [ 87%]
2026-09-29T22:23:06.2174000Z tests/unit/test_hook_build_scope.py ...............................      [ 88%]
2026-09-29T22:23:06.3150360Z tests/unit/test_json_cursor.py ...........................               [ 88%]
2026-09-29T22:23:06.3444084Z tests/unit/test_jsonpath.py ............................................ [ 89%]
2026-09-29T22:23:06.4649076Z .......................................................................  [ 91%]
2026-09-29T22:23:06.5456209Z tests/unit/test_load_dump.py ........................................... [ 92%]
2026-09-29T22:23:06.5460053Z                                                                          [ 92%]
2026-09-29T22:23:06.5791590Z tests/unit/test_loads.py ............................................... [ 94%]
2026-09-29T22:23:06.6600790Z ........................................................................ [ 95%]
2026-09-29T22:23:07.5227614Z ................                                                         [ 96%]
2026-09-29T22:23:07.5280717Z tests/unit/test_native_interleaved_profile.py ...                        [ 96%]
2026-09-29T22:23:07.5975911Z tests/unit/test_nested_container_probe.py ....                           [ 96%]
2026-09-29T22:23:07.6521722Z tests/unit/test_path_dispatch.py ................................        [ 97%]
2026-09-29T22:23:07.6885034Z tests/unit/test_provenance.py ..................                         [ 97%]
2026-09-29T22:23:07.7393211Z tests/unit/test_regression_check.py ..........................           [ 98%]
2026-09-29T22:23:07.8518721Z tests/unit/test_search_stream.py .................                       [ 99%]
2026-09-29T22:23:07.8526115Z tests/unit/test_string_identity_probe.py .                               [ 99%]
2026-09-29T22:23:07.9226252Z tests/unit/test_supplementary.py .............                           [ 99%]
2026-09-29T22:23:07.9747688Z tests/unit/test_supportability_check.py ....................             [ 99%]
2026-09-29T22:23:08.0458571Z tests/unit/test_version.py ....                                          [100%]
2026-09-29T22:23:08.0458941Z 
2026-09-29T22:23:08.0459096Z ====================== 3835 passed, 13 skipped in 12.69s =======================
2026-09-29T22:23:08.2106958Z ==> PGO: generating benchmark data
2026-09-29T22:23:08.2121188Z make[1]: Entering directory '/home/runner/work/_temp/identity-arm'
2026-09-29T22:23:08.2121990Z PYTHONPATH=. .venv/bin/python -m benchmarks.data.generate_bench_data --out-dir benchmarks/data/generated/small  --num-users 1000 --max-orders 10 --max-items 5  --records 500
2026-09-29T22:23:08.4571882Z   benchmarks/data/generated/small/users.json  (1680 KB)
2026-09-29T22:23:08.4572852Z   benchmarks/data/generated/small/users.ndjson  (1679 KB)
2026-09-29T22:23:08.4573269Z   benchmarks/data/generated/small/flat.json  (209 KB)
2026-09-29T22:23:08.4573610Z   benchmarks/data/generated/small/nested.json  (148 KB)
2026-09-29T22:23:08.4573966Z   benchmarks/data/generated/small/wide_arrays.json  (1218 KB)
2026-09-29T22:23:08.4574317Z   benchmarks/data/generated/small/mixed.json  (34 KB)
2026-09-29T22:23:08.4635743Z PYTHONPATH=. .venv/bin/python -m benchmarks.data.generate_bench_data --out-dir benchmarks/data/generated/medium --num-users 2000 --max-orders 20 --max-items 10 --records 2000
2026-09-29T22:23:09.6403865Z   benchmarks/data/generated/medium/users.json  (9883 KB)
2026-09-29T22:23:09.6404825Z   benchmarks/data/generated/medium/users.ndjson  (9881 KB)
2026-09-29T22:23:09.6405455Z   benchmarks/data/generated/medium/flat.json  (836 KB)
2026-09-29T22:23:09.6405806Z   benchmarks/data/generated/medium/nested.json  (594 KB)
2026-09-29T22:23:09.6406169Z   benchmarks/data/generated/medium/wide_arrays.json  (4874 KB)
2026-09-29T22:23:09.6406539Z   benchmarks/data/generated/medium/mixed.json  (138 KB)
2026-09-29T22:23:09.6474878Z PYTHONPATH=. .venv/bin/python -m benchmarks.data.generate_bench_data --out-dir benchmarks/data/generated/large  --num-users 4000 --max-orders 40 --max-items 20 --records 5000
2026-09-29T22:23:16.7546991Z   benchmarks/data/generated/large/users.json  (68083 KB)
2026-09-29T22:23:16.7547964Z   benchmarks/data/generated/large/users.ndjson  (68079 KB)
2026-09-29T22:23:16.7548315Z   benchmarks/data/generated/large/flat.json  (2092 KB)
2026-09-29T22:23:16.7548825Z   benchmarks/data/generated/large/nested.json  (1488 KB)
2026-09-29T22:23:16.7549202Z   benchmarks/data/generated/large/wide_arrays.json  (12185 KB)
2026-09-29T22:23:16.7549557Z   benchmarks/data/generated/large/mixed.json  (347 KB)
2026-09-29T22:23:16.7631624Z make[1]: Leaving directory '/home/runner/work/_temp/identity-arm'
2026-09-29T22:23:16.7633846Z ==> PGO: verification benchmarks
2026-09-29T22:23:35.9152289Z wrote build/pgo/bench_results_pgo.md
2026-09-29T22:23:35.9338503Z ==> PGO complete
2026-09-29T22:23:35.9338893Z     profile: /home/runner/work/_temp/identity-arm/build/pgo/strata.profdata
2026-09-29T22:23:35.9339291Z     results: build/pgo/bench_results_pgo.md
2026-09-29T22:23:35.9339589Z     The installed extension is now the PGO+LTO build.
2026-09-29T22:23:35.9358881Z + git worktree remove --force /home/runner/work/_temp/identity-arm
2026-09-29T22:23:36.3639569Z + git worktree prune
2026-09-29T22:23:36.3652836Z + git worktree add --force --detach /home/runner/work/_temp/identity-arm HEAD
2026-09-29T22:23:36.3663046Z Preparing worktree (detached HEAD 33465c2)
2026-09-29T22:23:36.5026169Z HEAD is now at 33465c2 Record M15c's five-leg sample 36632472320
2026-09-29T22:23:36.5040856Z + make install-bench
2026-09-29T22:23:36.5055537Z python3 -m venv .venv
2026-09-29T22:23:38.5087855Z .venv/bin/python -m pip install -U pip setuptools wheel
2026-09-29T22:23:38.8250919Z Requirement already satisfied: pip in ./.venv/lib/python3.12/site-packages (25.0.1)
2026-09-29T22:23:38.8870741Z Collecting pip
2026-09-29T22:23:38.8882819Z   Using cached pip-26.2.1-py3-none-any.whl.metadata (4.6 kB)
2026-09-29T22:23:38.9773577Z Collecting setuptools
2026-09-29T22:23:38.9783843Z   Using cached setuptools-84.0.0-py3-none-any.whl.metadata (6.6 kB)
2026-09-29T22:23:39.0013734Z Collecting wheel
2026-09-29T22:23:39.0023816Z   Using cached wheel-0.48.0-py3-none-any.whl.metadata (2.3 kB)
2026-09-29T22:23:39.0188547Z Collecting packaging>=24.0 (from wheel)
2026-09-29T22:23:39.0198301Z   Using cached packaging-26.3-py3-none-any.whl.metadata (3.5 kB)
2026-09-29T22:23:39.0224161Z Using cached pip-26.2.1-py3-none-any.whl (1.8 MB)
2026-09-29T22:23:39.0238690Z Using cached setuptools-84.0.0-py3-none-any.whl (818 kB)
2026-09-29T22:23:39.0250261Z Using cached wheel-0.48.0-py3-none-any.whl (33 kB)
2026-09-29T22:23:39.0259260Z Using cached packaging-26.3-py3-none-any.whl (129 kB)
2026-09-29T22:23:39.0459469Z Installing collected packages: setuptools, pip, packaging, wheel
2026-09-29T22:23:39.4018959Z   Attempting uninstall: pip
2026-09-29T22:23:39.4037681Z     Found existing installation: pip 25.0.1
2026-09-29T22:23:39.4262114Z     Uninstalling pip-25.0.1:
2026-09-29T22:23:39.4302652Z       Successfully uninstalled pip-25.0.1
2026-09-29T22:23:40.1878118Z Successfully installed packaging-26.3 pip-26.2.1 setuptools-84.0.0 wheel-0.48.0
2026-09-29T22:23:40.2642030Z .venv/bin/python -m pip install -e '.[dev,bench]'
2026-09-29T22:23:40.5311067Z Obtaining file:///home/runner/work/_temp/identity-arm
2026-09-29T22:23:40.5330029Z   Installing build dependencies: started
2026-09-29T22:23:41.7998908Z   Installing build dependencies: finished with status 'done'
2026-09-29T22:23:41.8005195Z   Checking if build backend supports build_editable: started
2026-09-29T22:23:42.0384809Z   Checking if build backend supports build_editable: finished with status 'done'
2026-09-29T22:23:42.0391994Z   Getting requirements to build editable: started
2026-09-29T22:23:42.3365826Z   Getting requirements to build editable: finished with status 'done'
2026-09-29T22:23:42.3373287Z   Preparing editable metadata (pyproject.toml): started
2026-09-29T22:23:42.5288875Z   Preparing editable metadata (pyproject.toml): finished with status 'done'
2026-09-29T22:23:42.6004921Z Collecting cmake>=3.20 (from strata==2026.8.10)
2026-09-29T22:23:42.6018575Z   Using cached cmake-4.4.3-py3-none-manylinux2014_aarch64.manylinux_2_17_aarch64.whl.metadata (7.0 kB)
2026-09-29T22:23:42.6159841Z Collecting pytest>=7 (from strata==2026.8.10)
2026-09-29T22:23:42.6171024Z   Using cached pytest-9.1.1-py3-none-any.whl.metadata (7.6 kB)
2026-09-29T22:23:42.6915830Z Collecting pytest-cov>=4 (from strata==2026.8.10)
2026-09-29T22:23:42.6927151Z   Using cached pytest_cov-7.1.0-py3-none-any.whl.metadata (32 kB)
2026-09-29T22:23:42.9298372Z Collecting ruff>=0.5 (from strata==2026.8.10)
2026-09-29T22:23:42.9311014Z   Using cached ruff-0.16.9-py3-none-manylinux_2_17_aarch64.manylinux2014_aarch64.whl.metadata (20 kB)
2026-09-29T22:23:42.9544768Z Collecting pre-commit>=3.5 (from strata==2026.8.10)
2026-09-29T22:23:42.9555853Z   Using cached pre_commit-4.6.2-py2.py3-none-any.whl.metadata (1.2 kB)
2026-09-29T22:23:42.9987422Z Collecting clang-format<22,>=21 (from strata==2026.8.10)
2026-09-29T22:23:42.9998559Z   Using cached clang_format-21.1.8-py2.py3-none-manylinux_2_26_aarch64.manylinux_2_28_aarch64.whl.metadata (4.7 kB)
2026-09-29T22:23:43.1606747Z Collecting orjson (from strata==2026.8.10)
2026-09-29T22:23:43.1618358Z   Using cached orjson-3.12.0-cp312-cp312-manylinux_2_17_aarch64.manylinux2014_aarch64.whl.metadata (41 kB)
2026-09-29T22:23:43.2226633Z Collecting msgspec (from strata==2026.8.10)
2026-09-29T22:23:43.2236686Z   Using cached msgspec-0.22.0-cp312-cp312-manylinux2014_aarch64.manylinux_2_17_aarch64.manylinux_2_28_aarch64.whl.metadata (6.0 kB)
2026-09-29T22:23:43.2754590Z Collecting ujson (from strata==2026.8.10)
2026-09-29T22:23:43.2766883Z   Using cached ujson-6.0.0-cp312-cp312-manylinux_2_24_aarch64.manylinux_2_28_aarch64.whl.metadata (10.0 kB)
2026-09-29T22:23:43.3137780Z Collecting pysimdjson (from strata==2026.8.10)
2026-09-29T22:23:43.3148353Z   Using cached pysimdjson-7.0.2-cp312-cp312-manylinux_2_17_aarch64.manylinux2014_aarch64.whl.metadata (1.1 kB)
2026-09-29T22:23:43.3272656Z Collecting jmespath (from strata==2026.8.10)
2026-09-29T22:23:43.3283425Z   Using cached jmespath-1.1.0-py3-none-any.whl.metadata (7.6 kB)
2026-09-29T22:23:43.3404626Z Collecting jsonpath-ng (from strata==2026.8.10)
2026-09-29T22:23:43.3414900Z   Using cached jsonpath_ng-1.8.0-py3-none-any.whl.metadata (18 kB)
2026-09-29T22:23:43.3906155Z Collecting psutil>=5 (from strata==2026.8.10)
2026-09-29T22:23:43.3918273Z   Using cached psutil-7.2.2-cp36-abi3-manylinux2014_aarch64.manylinux_2_17_aarch64.manylinux_2_28_aarch64.whl.metadata (22 kB)
2026-09-29T22:23:43.4077265Z Collecting cfgv>=2.0.0 (from pre-commit>=3.5->strata==2026.8.10)
2026-09-29T22:23:43.4088031Z   Using cached cfgv-3.5.0-py2.py3-none-any.whl.metadata (8.9 kB)
2026-09-29T22:23:43.4390476Z Collecting identify>=1.0.0 (from pre-commit>=3.5->strata==2026.8.10)
2026-09-29T22:23:43.4402582Z   Using cached identify-2.6.20-py2.py3-none-any.whl.metadata (4.4 kB)
2026-09-29T22:23:43.4539866Z Collecting nodeenv>=0.11.1 (from pre-commit>=3.5->strata==2026.8.10)
2026-09-29T22:23:43.4551616Z   Using cached nodeenv-1.11.0-py2.py3-none-any.whl.metadata (40 kB)
2026-09-29T22:23:43.4869552Z Collecting pyyaml>=5.1 (from pre-commit>=3.5->strata==2026.8.10)
2026-09-29T22:23:43.4881487Z   Using cached pyyaml-6.0.3-cp312-cp312-manylinux2014_aarch64.manylinux_2_17_aarch64.manylinux_2_28_aarch64.whl.metadata (2.4 kB)
2026-09-29T22:23:43.5183543Z Collecting virtualenv>=20.10.0 (from pre-commit>=3.5->strata==2026.8.10)
2026-09-29T22:23:43.5195115Z   Using cached virtualenv-21.14.0-py3-none-any.whl.metadata (4.1 kB)
2026-09-29T22:23:43.5251723Z Collecting iniconfig>=1.0.1 (from pytest>=7->strata==2026.8.10)
2026-09-29T22:23:43.5262091Z   Using cached iniconfig-2.3.0-py3-none-any.whl.metadata (2.5 kB)
2026-09-29T22:23:43.5277136Z Requirement already satisfied: packaging>=22 in ./.venv/lib/python3.12/site-packages (from pytest>=7->strata==2026.8.10) (26.3)
2026-09-29T22:23:43.5316630Z Collecting pluggy<2,>=1.5 (from pytest>=7->strata==2026.8.10)
2026-09-29T22:23:43.5326970Z   Using cached pluggy-1.6.0-py3-none-any.whl.metadata (4.8 kB)
2026-09-29T22:23:43.5410982Z Collecting pygments>=2.7.2 (from pytest>=7->strata==2026.8.10)
2026-09-29T22:23:43.5421440Z   Using cached pygments-2.21.0-py3-none-any.whl.metadata (2.5 kB)
2026-09-29T22:23:43.8355279Z Collecting coverage>=7.10.6 (from coverage[toml]>=7.10.6->pytest-cov>=4->strata==2026.8.10)
2026-09-29T22:23:43.8368995Z   Using cached coverage-7.16.2-cp312-cp312-manylinux2014_aarch64.manylinux_2_17_aarch64.manylinux_2_28_aarch64.whl.metadata (8.2 kB)
2026-09-29T22:23:43.8525604Z Collecting distlib<1,>=0.3.7 (from virtualenv>=20.10.0->pre-commit>=3.5->strata==2026.8.10)
2026-09-29T22:23:43.8535531Z   Using cached distlib-0.4.3-py2.py3-none-any.whl.metadata (5.3 kB)
2026-09-29T22:23:43.8730629Z Collecting filelock<5,>=3.24.2 (from virtualenv>=20.10.0->pre-commit>=3.5->strata==2026.8.10)
2026-09-29T22:23:43.8741866Z   Using cached filelock-4.0.6-py3-none-any.whl.metadata (2.0 kB)
2026-09-29T22:23:43.8919873Z Collecting platformdirs<5,>=3.9.1 (from virtualenv>=20.10.0->pre-commit>=3.5->strata==2026.8.10)
2026-09-29T22:23:43.8930957Z   Using cached platformdirs-4.12.2-py3-none-any.whl.metadata (5.5 kB)
2026-09-29T22:23:43.9089103Z Collecting python-discovery>=1.6 (from virtualenv>=20.10.0->pre-commit>=3.5->strata==2026.8.10)
2026-09-29T22:23:43.9100454Z   Using cached python_discovery-1.6.1-py3-none-any.whl.metadata (5.1 kB)
2026-09-29T22:23:43.9179296Z Using cached clang_format-21.1.8-py2.py3-none-manylinux_2_26_aarch64.manylinux_2_28_aarch64.whl (1.7 MB)
2026-09-29T22:23:43.9195912Z Using cached cmake-4.4.3-py3-none-manylinux2014_aarch64.manylinux_2_17_aarch64.whl (30.3 MB)
2026-09-29T22:23:43.9314927Z Using cached pre_commit-4.6.2-py2.py3-none-any.whl (226 kB)
2026-09-29T22:23:43.9325901Z Using cached cfgv-3.5.0-py2.py3-none-any.whl (7.4 kB)
2026-09-29T22:23:43.9335931Z Using cached identify-2.6.20-py2.py3-none-any.whl (99 kB)
2026-09-29T22:23:43.9346379Z Using cached nodeenv-1.11.0-py2.py3-none-any.whl (34 kB)
2026-09-29T22:23:43.9356861Z Using cached psutil-7.2.2-cp36-abi3-manylinux2014_aarch64.manylinux_2_17_aarch64.manylinux_2_28_aarch64.whl (156 kB)
2026-09-29T22:23:43.9367216Z Using cached pytest-9.1.1-py3-none-any.whl (386 kB)
2026-09-29T22:23:43.9378811Z Using cached pluggy-1.6.0-py3-none-any.whl (20 kB)
2026-09-29T22:23:43.9388913Z Using cached iniconfig-2.3.0-py3-none-any.whl (7.5 kB)
2026-09-29T22:23:43.9398835Z Using cached pygments-2.21.0-py3-none-any.whl (1.3 MB)
2026-09-29T22:23:43.9412824Z Using cached pytest_cov-7.1.0-py3-none-any.whl (22 kB)
2026-09-29T22:23:43.9423183Z Using cached coverage-7.16.2-cp312-cp312-manylinux2014_aarch64.manylinux_2_17_aarch64.manylinux_2_28_aarch64.whl (259 kB)
2026-09-29T22:23:43.9435070Z Using cached pyyaml-6.0.3-cp312-cp312-manylinux2014_aarch64.manylinux_2_17_aarch64.manylinux_2_28_aarch64.whl (775 kB)
2026-09-29T22:23:43.9447692Z Using cached ruff-0.16.9-py3-none-manylinux_2_17_aarch64.manylinux2014_aarch64.whl (10.0 MB)
2026-09-29T22:23:43.9497551Z Using cached virtualenv-21.14.0-py3-none-any.whl (5.5 MB)
2026-09-29T22:23:43.9525492Z Using cached distlib-0.4.3-py2.py3-none-any.whl (470 kB)
2026-09-29T22:23:43.9537035Z Using cached filelock-4.0.6-py3-none-any.whl (109 kB)
2026-09-29T22:23:43.9547444Z Using cached platformdirs-4.12.2-py3-none-any.whl (32 kB)
2026-09-29T22:23:43.9557430Z Using cached python_discovery-1.6.1-py3-none-any.whl (38 kB)
2026-09-29T22:23:43.9567676Z Using cached jmespath-1.1.0-py3-none-any.whl (20 kB)
2026-09-29T22:23:43.9577724Z Using cached jsonpath_ng-1.8.0-py3-none-any.whl (67 kB)
2026-09-29T22:23:43.9588338Z Using cached msgspec-0.22.0-cp312-cp312-manylinux2014_aarch64.manylinux_2_17_aarch64.manylinux_2_28_aarch64.whl (224 kB)
2026-09-29T22:23:43.9599156Z Using cached orjson-3.12.0-cp312-cp312-manylinux_2_17_aarch64.manylinux2014_aarch64.whl (130 kB)
2026-09-29T22:23:43.9609696Z Using cached pysimdjson-7.0.2-cp312-cp312-manylinux_2_17_aarch64.manylinux2014_aarch64.whl (2.8 MB)
2026-09-29T22:23:43.9628368Z Using cached ujson-6.0.0-cp312-cp312-manylinux_2_24_aarch64.manylinux_2_28_aarch64.whl (57 kB)
2026-09-29T22:23:44.0667699Z Building wheels for collected packages: strata
2026-09-29T22:23:44.0673391Z   Building editable for strata (pyproject.toml): started
2026-09-29T22:24:44.3468637Z   Building editable for strata (pyproject.toml): still running...
2026-09-29T22:25:45.0277780Z   Building editable for strata (pyproject.toml): still running...
2026-09-29T22:26:45.2179866Z   Building editable for strata (pyproject.toml): still running...
2026-09-29T22:26:52.4348308Z   Building editable for strata (pyproject.toml): finished with status 'done'
2026-09-29T22:26:52.4355820Z   Created wheel for strata: filename=strata-2026.8.10-0.editable-cp312-cp312-linux_aarch64.whl size=4459 sha256=89e6b1c16e0d8d43b3f1d8f2fe06e2328cfbb30a5857465cb2bbd77bbe603e4f
2026-09-29T22:26:52.4356838Z   Stored in directory: /tmp/pip-ephem-wheel-cache-72tink8_/wheels/4b/14/de/c01d5c98e482dba508ed0b80beaf37c3b37034de18f4d8fbd4
2026-09-29T22:26:52.4374818Z Successfully built strata
2026-09-29T22:26:52.5028807Z Installing collected packages: jsonpath-ng, distlib, clang-format, ujson, strata, ruff, pyyaml, pysimdjson, pygments, psutil, pluggy, platformdirs, orjson, nodeenv, msgspec, jmespath, iniconfig, identify, filelock, coverage, cmake, cfgv, python-discovery, pytest, virtualenv, pytest-cov, pre-commit
2026-09-29T22:26:54.6469140Z 
2026-09-29T22:26:54.6503538Z Successfully installed cfgv-3.5.0 clang-format-21.1.8 cmake-4.4.3 coverage-7.16.2 distlib-0.4.3 filelock-4.0.6 identify-2.6.20 iniconfig-2.3.0 jmespath-1.1.0 jsonpath-ng-1.8.0 msgspec-0.22.0 nodeenv-1.11.0 orjson-3.12.0 platformdirs-4.12.2 pluggy-1.6.0 pre-commit-4.6.2 psutil-7.2.2 pygments-2.21.0 pysimdjson-7.0.2 pytest-9.1.1 pytest-cov-7.1.0 python-discovery-1.6.1 pyyaml-6.0.3 ruff-0.16.9 strata-2026.8.10 ujson-6.0.0 virtualenv-21.14.0
2026-09-29T22:26:54.9794099Z + /home/runner/work/_temp/identity-arm/.venv/bin/python -m pip install --force-reinstall --no-deps -e .
2026-09-29T22:26:55.2468931Z Obtaining file:///home/runner/work/_temp/identity-arm
2026-09-29T22:26:55.2487140Z   Installing build dependencies: started
2026-09-29T22:26:56.5464811Z   Installing build dependencies: finished with status 'done'
2026-09-29T22:26:56.5470776Z   Checking if build backend supports build_editable: started
2026-09-29T22:26:56.7912245Z   Checking if build backend supports build_editable: finished with status 'done'
2026-09-29T22:26:56.7918884Z   Getting requirements to build editable: started
2026-09-29T22:26:57.1029161Z   Getting requirements to build editable: finished with status 'done'
2026-09-29T22:26:57.1037089Z   Preparing editable metadata (pyproject.toml): started
2026-09-29T22:26:57.3035167Z   Preparing editable metadata (pyproject.toml): finished with status 'done'
2026-09-29T22:26:57.3080405Z Building wheels for collected packages: strata
2026-09-29T22:26:57.3086746Z   Building editable for strata (pyproject.toml): started
2026-09-29T22:27:52.2881470Z   Building editable for strata (pyproject.toml): finished with status 'done'
2026-09-29T22:27:52.2888258Z   Created wheel for strata: filename=strata-2026.8.10-0.editable-cp312-cp312-linux_aarch64.whl size=4459 sha256=1a810d3c10c3710986b39cfbd5a33515807b24bbf68c3ab3daf65b9a3be2ce4f
2026-09-29T22:27:52.2891245Z   Stored in directory: /tmp/pip-ephem-wheel-cache-ubdogf_f/wheels/4b/14/de/c01d5c98e482dba508ed0b80beaf37c3b37034de18f4d8fbd4
2026-09-29T22:27:52.2912199Z Successfully built strata
2026-09-29T22:27:52.3006201Z Installing collected packages: strata
2026-09-29T22:27:52.3007273Z   Attempting uninstall: strata
2026-09-29T22:27:52.3026029Z     Found existing installation: strata 2026.8.10
2026-09-29T22:27:52.3040042Z     Uninstalling strata-2026.8.10:
2026-09-29T22:27:52.3236998Z       Successfully uninstalled strata-2026.8.10
2026-09-29T22:27:52.3360129Z Successfully installed strata-2026.8.10
2026-09-29T22:27:52.5940163Z + git worktree remove --force /home/runner/work/_temp/identity-arm
2026-09-29T22:27:53.0084265Z .data                            4741f7805d4d501d 4741f7805d4d501d identical
2026-09-29T22:27:53.0084694Z .data.rel.ro                     1e925ac6d527636d 1e925ac6d527636d identical
2026-09-29T22:27:53.0085081Z .dynamic                         9d62dd7ac677227d 9d62dd7ac677227d identical
2026-09-29T22:27:53.0085816Z .dynstr                          015c4778a45ee1db 015c4778a45ee1db identical
2026-09-29T22:27:53.0086338Z .dynsym                          043450d7ce2ffbbf 043450d7ce2ffbbf identical
2026-09-29T22:27:53.0086729Z .eh_frame                        99ac00466a1ca54c 99ac00466a1ca54c identical
2026-09-29T22:27:53.0087109Z .eh_frame_hdr                    62da2a70ab8bbb74 62da2a70ab8bbb74 identical
2026-09-29T22:27:53.0087478Z .fini                            7d39706b791b17f4 7d39706b791b17f4 identical
2026-09-29T22:27:53.0087848Z .fini_array                      5bd5defdd823db81 5bd5defdd823db81 identical
2026-09-29T22:27:53.0088241Z .gcc_except_table                6ec9430ce8d45f7f 6ec9430ce8d45f7f identical
2026-09-29T22:27:53.0088622Z .gnu.hash                        1331b1064561f369 1331b1064561f369 identical
2026-09-29T22:27:53.0088987Z .gnu.version                     16446b28a45c6bc8 16446b28a45c6bc8 identical
2026-09-29T22:27:53.0089384Z .gnu.version_r                   7fbd8ba05eceed2d 7fbd8ba05eceed2d identical
2026-09-29T22:27:53.0089757Z .got                             f1245aadee06ad80 f1245aadee06ad80 identical
2026-09-29T22:27:53.0090122Z .got.plt                         07d7cb47f327ebb4 07d7cb47f327ebb4 identical
2026-09-29T22:27:53.0090483Z .init                            151bfb4b8a72c6a4 151bfb4b8a72c6a4 identical
2026-09-29T22:27:53.0090849Z .init_array                      31ced2a6b695d2d9 31ced2a6b695d2d9 identical
2026-09-29T22:27:53.0091239Z .note.gnu.build-id               1f138952c3fe7ace 93c872046f7aa1e6 differs
2026-09-29T22:27:53.0091617Z .plt                             595f9a88daebfe63 595f9a88daebfe63 identical
2026-09-29T22:27:53.0091983Z .rela.dyn                        9e7e8adae178589f 9e7e8adae178589f identical
2026-09-29T22:27:53.0092351Z .rela.plt                        bb40816ed2363807 bb40816ed2363807 identical
2026-09-29T22:27:53.0093077Z .rodata                          2d6ea751a4b8a829 2d6ea751a4b8a829 identical
2026-09-29T22:27:53.0093451Z .tdata                           fef02424157f106b fef02424157f106b identical
2026-09-29T22:27:53.0093811Z .text                            e63e428e6a0c8bd5 e63e428e6a0c8bd5 identical
2026-09-29T22:27:53.0094102Z CODE IDENTICAL
2026-09-29T22:27:53.0094327Z .data                            993481905c244d07 993481905c244d07 identical
2026-09-29T22:27:53.0094756Z .data.rel.ro                     8e1c2cb62e6ccb9e 8e1c2cb62e6ccb9e identical
2026-09-29T22:27:53.0095131Z .dynamic                         999c78f49a58df27 999c78f49a58df27 identical
2026-09-29T22:27:53.0095496Z .dynstr                          a28f7c2930bcd055 a28f7c2930bcd055 identical
2026-09-29T22:27:53.0095854Z .dynsym                          3730be440d7a22e3 3730be440d7a22e3 identical
2026-09-29T22:27:53.0096217Z .eh_frame                        5a440c9f308bb7f0 5a440c9f308bb7f0 identical
2026-09-29T22:27:53.0096589Z .eh_frame_hdr                    174a0eb074cc33b6 174a0eb074cc33b6 identical
2026-09-29T22:27:53.0096956Z .fini                            7d39706b791b17f4 7d39706b791b17f4 identical
2026-09-29T22:27:53.0097316Z .fini_array                      ab807c986ceef063 ab807c986ceef063 identical
2026-09-29T22:27:53.0097709Z .gcc_except_table                6566cba12431f4bc 6566cba12431f4bc identical
2026-09-29T22:27:53.0098088Z .gnu.hash                        d095c1787016715c d095c1787016715c identical
2026-09-29T22:27:53.0098466Z .gnu.version                     8edaacfaa70a9e46 8edaacfaa70a9e46 identical
2026-09-29T22:27:53.0098855Z .gnu.version_r                   84ee111f5128462c 84ee111f5128462c identical
2026-09-29T22:27:53.0099219Z .got                             55b6c22750b56db7 55b6c22750b56db7 identical
2026-09-29T22:27:53.0099572Z .got.plt                         11a2b161bace73f7 11a2b161bace73f7 identical
2026-09-29T22:27:53.0099935Z .init                            c4dffdb9bb3ed4d9 c4dffdb9bb3ed4d9 identical
2026-09-29T22:27:53.0100306Z .init_array                      ddc519962e0c16e8 ddc519962e0c16e8 identical
2026-09-29T22:27:53.0100931Z .note.gnu.build-id               1ca5132799342d71 38162b1a8819edd1 differs
2026-09-29T22:27:53.0101381Z .plt                             52058f85e7a5ebc4 52058f85e7a5ebc4 identical
2026-09-29T22:27:53.0101747Z .rela.dyn                        8d14dff8e6d62627 8d14dff8e6d62627 identical
2026-09-29T22:27:53.0102109Z .rela.plt                        9bb1a4d7a756d3de e2f572faf678098c differs
2026-09-29T22:27:53.0102673Z .rodata                          0bc6ec939d9d7100 0bc6ec939d9d7100 identical
2026-09-29T22:27:53.0103050Z .tdata                           fef02424157f106b fef02424157f106b identical
2026-09-29T22:27:53.0103417Z .text                            455c72fb60ad08b0 29162c16bc922799 DIFFERS (gate)
2026-09-29T22:27:53.0103737Z CODE DIFFERS: stop before timing
2026-09-29T22:27:53.0103948Z {
2026-09-29T22:27:53.0104142Z  "base": "234ea15861d2f37b1b55c6251281a49021864441",
2026-09-29T22:27:53.0104403Z  "plain_exit": 0,
2026-09-29T22:27:53.0104655Z  "held_pgo_exit": 1
2026-09-29T22:27:53.0104827Z }
2026-09-29T22:27:53.0104981Z plain build: exit 0
2026-09-29T22:27:53.0105187Z held-profile pgo+lto build: exit 1
2026-09-29T22:27:53.0105349Z 
2026-09-29T22:27:53.0165499Z ##[error]Process completed with exit code 1.
2026-09-29T22:27:53.0243866Z ##[group]Run actions/upload-artifact@v4
2026-09-29T22:27:53.0244151Z with:
2026-09-29T22:27:53.0244342Z   name: benchmark-linux-arm64
2026-09-29T22:27:53.0244703Z   path: bench_ci_*.md
bench_ci_*.json
bench_native_*.md
bench_native_*.json
identity-*.txt

2026-09-29T22:27:53.0245099Z   if-no-files-found: ignore
2026-09-29T22:27:53.0245313Z   compression-level: 6
2026-09-29T22:27:53.0245505Z   overwrite: false
2026-09-29T22:27:53.0245695Z   include-hidden-files: false
2026-09-29T22:27:53.0245901Z env:
2026-09-29T22:27:53.0246126Z   pythonLocation: /opt/hostedtoolcache/Python/3.12.14/arm64
2026-09-29T22:27:53.0246526Z   PKG_CONFIG_PATH: /opt/hostedtoolcache/Python/3.12.14/arm64/lib/pkgconfig
2026-09-29T22:27:53.0246940Z   Python_ROOT_DIR: /opt/hostedtoolcache/Python/3.12.14/arm64
2026-09-29T22:27:53.0247295Z   Python2_ROOT_DIR: /opt/hostedtoolcache/Python/3.12.14/arm64
2026-09-29T22:27:53.0247657Z   Python3_ROOT_DIR: /opt/hostedtoolcache/Python/3.12.14/arm64
2026-09-29T22:27:53.0248071Z   LD_LIBRARY_PATH: /opt/hostedtoolcache/Python/3.12.14/arm64/lib
2026-09-29T22:27:53.0248378Z ##[endgroup]
2026-09-29T22:27:53.1662956Z (node:19626) [DEP0040] DeprecationWarning: The `punycode` module is deprecated. Please use a userland alternative instead.
2026-09-29T22:27:53.1663632Z (Use `node --trace-deprecation ...` to show where the warning was created)
2026-09-29T22:27:53.1739681Z With the provided path, there will be 4 files uploaded
2026-09-29T22:27:53.1745929Z Artifact name is valid!
2026-09-29T22:27:53.1746858Z Root directory input is valid!
2026-09-29T22:27:53.3778560Z Beginning upload of artifact content to blob storage
2026-09-29T22:27:53.4042144Z (node:19626) [DEP0169] DeprecationWarning: `url.parse()` behavior is not standardized and prone to errors that have security implications. Use the WHATWG URL API instead. CVEs are not issued for `url.parse()` vulnerabilities.
2026-09-29T22:27:53.4401703Z Uploaded bytes 65918
2026-09-29T22:27:53.4536684Z Finished uploading artifact content to blob storage!
2026-09-29T22:27:53.4537286Z SHA256 digest of uploaded artifact zip is e8b3891ab4ade981b4ed5d9abcb0e4b8b45e601b7ed6d9969d66131e4c4fbb0f
2026-09-29T22:27:53.4538561Z Finalizing artifact upload
2026-09-29T22:27:53.6779052Z Artifact benchmark-linux-arm64.zip successfully finalized. Artifact ID 11066415258
2026-09-29T22:27:53.6779745Z Artifact benchmark-linux-arm64 has been successfully uploaded! Final size is 65918 bytes. Artifact ID is 11066415258
2026-09-29T22:27:53.6780537Z Artifact download URL: https://github.com/PrimeLab-Foundation/strata/actions/runs/36637770136/artifacts/11066415258
2026-09-29T22:27:53.6922121Z Post job cleanup.
2026-09-29T22:27:53.7656736Z [command]/usr/bin/git version
2026-09-29T22:27:53.7695167Z git version 2.55.0
2026-09-29T22:27:53.7729208Z Temporarily overriding HOME='/home/runner/work/_temp/4cb98add-1992-4f54-8fc3-995d0797198b' before making global git config changes
2026-09-29T22:27:53.7730137Z Adding repository directory to the temporary git global config as a safe directory
2026-09-29T22:27:53.7735081Z [command]/usr/bin/git config --global --add safe.directory /home/runner/work/strata/strata
2026-09-29T22:27:53.7773665Z [command]/usr/bin/git config --local --name-only --get-regexp core\.sshCommand
2026-09-29T22:27:53.7804447Z [command]/usr/bin/git submodule foreach --recursive sh -c "git config --local --name-only --get-regexp 'core\.sshCommand' && git config --local --unset-all 'core.sshCommand' || :"
2026-09-29T22:27:53.8007098Z [command]/usr/bin/git config --local --name-only --get-regexp http\.https\:\/\/github\.com\/\.extraheader
2026-09-29T22:27:53.8039706Z http.https://github.com/.extraheader
2026-09-29T22:27:53.8041287Z [command]/usr/bin/git config --local --unset-all http.https://github.com/.extraheader
2026-09-29T22:27:53.8090098Z [command]/usr/bin/git submodule foreach --recursive sh -c "git config --local --name-only --get-regexp 'http\.https\:\/\/github\.com\/\.extraheader' && git config --local --unset-all 'http.https://github.com/.extraheader' || :"
2026-09-29T22:27:53.8301430Z [command]/usr/bin/git config --local --name-only --get-regexp ^includeIf\.gitdir:
2026-09-29T22:27:53.8331213Z [command]/usr/bin/git submodule foreach --recursive git config --local --show-origin --name-only --get-regexp remote.origin.url
2026-09-29T22:27:53.8664940Z Cleaning up orphan processes
2026-09-29T22:27:53.9004818Z ##[warning]Node.js 20 is deprecated. The following actions target Node.js 20 but are being forced to run on Node.js 24: actions/checkout@v4, actions/setup-python@v5, actions/upload-artifact@v4. For more information see: https://github.blog/changelog/2025-09-19-deprecation-of-node-20-on-github-actions-runners/
