2026-09-29T22:08:36.0260789Z Current runner version: '2.337.0'
2026-09-29T22:08:36.0286309Z ##[group]Runner Image Provisioner
2026-09-29T22:08:36.0287260Z Hosted Compute Agent
2026-09-29T22:08:36.0287906Z Version: 20260828.587
2026-09-29T22:08:36.0288539Z Commit: abac92662cab4cc7352de4f9f9d2e2419aad9c29
2026-09-29T22:08:36.0289437Z Build Date: 2026-08-28T16:44:25Z
2026-09-29T22:08:36.0290189Z Worker ID: {756d1e0f-37dd-44a5-ba64-1f7539b705cd}
2026-09-29T22:08:36.0291039Z Azure Region: eastus
2026-09-29T22:08:36.0291672Z ##[endgroup]
2026-09-29T22:08:36.0293193Z ##[group]Operating System
2026-09-29T22:08:36.0294357Z Ubuntu
2026-09-29T22:08:36.0294882Z 24.04.5
2026-09-29T22:08:36.0295986Z LTS
2026-09-29T22:08:36.0296554Z ##[endgroup]
2026-09-29T22:08:36.0297139Z ##[group]Runner Image
2026-09-29T22:08:36.0297786Z Image: ubuntu-24.04
2026-09-29T22:08:36.0298352Z Version: 20260920.314.1
2026-09-29T22:08:36.0299702Z Included Software: https://github.com/actions/runner-images/blob/ubuntu24/20260920.314/images/ubuntu/Ubuntu2404-Readme.md
2026-09-29T22:08:36.0301309Z Image Release: https://github.com/actions/runner-images/releases/tag/ubuntu24%2F20260920.314
2026-09-29T22:08:36.0302411Z ##[endgroup]
2026-09-29T22:08:36.0303598Z ##[group]GITHUB_TOKEN Permissions
2026-09-29T22:08:36.0306118Z Contents: read
2026-09-29T22:08:36.0306758Z Metadata: read
2026-09-29T22:08:36.0307446Z Packages: read
2026-09-29T22:08:36.0308044Z ##[endgroup]
2026-09-29T22:08:36.0310249Z Secret source: Actions
2026-09-29T22:08:36.0311279Z Cache mode: write
2026-09-29T22:08:36.0312076Z Prepare workflow directory
2026-09-29T22:08:36.0826082Z Prepare all required actions
2026-09-29T22:08:36.0875096Z Getting action download info
2026-09-29T22:08:36.3293763Z Download action repository 'actions/checkout@v4' (SHA:11d5960a326750d5838078e36cf38b85af677262)
2026-09-29T22:08:36.4338757Z Download action repository 'actions/setup-python@v5' (SHA:a26af69be951a213d495a4c3e4e4022e16d87065)
2026-09-29T22:08:36.5166055Z Download action repository 'actions/upload-artifact@v4' (SHA:ea165f8d65b6e75b540449e92b4886f43607fa02)
2026-09-29T22:08:36.7177975Z Complete job name: supportability (linux-x86_64)
2026-09-29T22:08:36.7926030Z ##[group]Run actions/checkout@v4
2026-09-29T22:08:36.7926983Z with:
2026-09-29T22:08:36.7927409Z   fetch-depth: 0
2026-09-29T22:08:36.7927893Z   repository: PrimeLab-Foundation/strata
2026-09-29T22:08:36.7931674Z   token: ***
2026-09-29T22:08:36.7932124Z   ssh-strict: true
2026-09-29T22:08:36.7932560Z   ssh-user: git
2026-09-29T22:08:36.7933004Z   persist-credentials: true
2026-09-29T22:08:36.7933480Z   clean: true
2026-09-29T22:08:36.7933919Z   sparse-checkout-cone-mode: true
2026-09-29T22:08:36.7934433Z   fetch-tags: false
2026-09-29T22:08:36.7934870Z   show-progress: true
2026-09-29T22:08:36.7935307Z   lfs: false
2026-09-29T22:08:36.7935902Z   submodules: false
2026-09-29T22:08:36.7936355Z   set-safe-directory: true
2026-09-29T22:08:36.7936860Z   allow-unsafe-pr-checkout: false
2026-09-29T22:08:36.7937612Z env:
2026-09-29T22:08:36.7938015Z   ARCHFLAGS: 
2026-09-29T22:08:36.7938453Z ##[endgroup]
2026-09-29T22:08:36.8958558Z Syncing repository: PrimeLab-Foundation/strata
2026-09-29T22:08:36.8961273Z ##[group]Getting Git version info
2026-09-29T22:08:36.8962385Z Working directory is '/home/runner/work/strata/strata'
2026-09-29T22:08:36.8964035Z [command]/usr/bin/git version
2026-09-29T22:08:36.9026014Z git version 2.55.0
2026-09-29T22:08:36.9050616Z ##[endgroup]
2026-09-29T22:08:36.9070398Z Temporarily overriding HOME='/home/runner/work/_temp/e7aea72c-1c70-4590-9ae6-0a1d30cdac98' before making global git config changes
2026-09-29T22:08:36.9072830Z Adding repository directory to the temporary git global config as a safe directory
2026-09-29T22:08:36.9077519Z [command]/usr/bin/git config --global --add safe.directory /home/runner/work/strata/strata
2026-09-29T22:08:36.9138683Z Deleting the contents of '/home/runner/work/strata/strata'
2026-09-29T22:08:36.9144810Z ##[group]Initializing the repository
2026-09-29T22:08:36.9146230Z [command]/usr/bin/git init /home/runner/work/strata/strata
2026-09-29T22:08:36.9241220Z hint: Using 'master' as the name for the initial branch. This default branch name
2026-09-29T22:08:36.9242894Z hint: will change to "main" in Git 3.0. To configure the initial branch name
2026-09-29T22:08:36.9244471Z hint: to use in all of your new repositories, which will suppress this warning,
2026-09-29T22:08:36.9245381Z hint: call:
2026-09-29T22:08:36.9246467Z hint:
2026-09-29T22:08:36.9247333Z hint: 	git config --global init.defaultBranch <name>
2026-09-29T22:08:36.9248332Z hint:
2026-09-29T22:08:36.9249262Z hint: Names commonly chosen instead of 'master' are 'main', 'trunk' and
2026-09-29T22:08:36.9250889Z hint: 'development'. The just-created branch can be renamed via this command:
2026-09-29T22:08:36.9252177Z hint:
2026-09-29T22:08:36.9252883Z hint: 	git branch -m <name>
2026-09-29T22:08:36.9253709Z hint:
2026-09-29T22:08:36.9254795Z hint: Disable this message with "git config set advice.defaultBranchName false"
2026-09-29T22:08:36.9256784Z Initialized empty Git repository in /home/runner/work/strata/strata/.git/
2026-09-29T22:08:36.9266222Z [command]/usr/bin/git remote add origin https://github.com/PrimeLab-Foundation/strata
2026-09-29T22:08:36.9324612Z ##[endgroup]
2026-09-29T22:08:36.9326203Z ##[group]Disabling automatic garbage collection
2026-09-29T22:08:36.9330510Z [command]/usr/bin/git config --local gc.auto 0
2026-09-29T22:08:36.9364671Z ##[endgroup]
2026-09-29T22:08:36.9366436Z ##[group]Setting up auth
2026-09-29T22:08:36.9371436Z [command]/usr/bin/git config --local --name-only --get-regexp core\.sshCommand
2026-09-29T22:08:36.9410192Z [command]/usr/bin/git submodule foreach --recursive sh -c "git config --local --name-only --get-regexp 'core\.sshCommand' && git config --local --unset-all 'core.sshCommand' || :"
2026-09-29T22:08:36.9797405Z [command]/usr/bin/git config --local --name-only --get-regexp http\.https\:\/\/github\.com\/\.extraheader
2026-09-29T22:08:36.9848469Z [command]/usr/bin/git submodule foreach --recursive sh -c "git config --local --name-only --get-regexp 'http\.https\:\/\/github\.com\/\.extraheader' && git config --local --unset-all 'http.https://github.com/.extraheader' || :"
2026-09-29T22:08:37.0098268Z [command]/usr/bin/git config --local --name-only --get-regexp ^includeIf\.gitdir:
2026-09-29T22:08:37.0137273Z [command]/usr/bin/git submodule foreach --recursive git config --local --show-origin --name-only --get-regexp remote.origin.url
2026-09-29T22:08:37.0400178Z [command]/usr/bin/git config --local http.https://github.com/.extraheader AUTHORIZATION: basic ***
2026-09-29T22:08:37.0436741Z ##[endgroup]
2026-09-29T22:08:37.0438329Z ##[group]Fetching the repository
2026-09-29T22:08:37.0447716Z [command]/usr/bin/git -c protocol.version=2 fetch --prune --no-recurse-submodules origin +refs/heads/*:refs/remotes/origin/* +refs/tags/*:refs/tags/*
2026-09-29T22:08:39.0309396Z From https://github.com/PrimeLab-Foundation/strata
2026-09-29T22:08:39.0311403Z  * [new branch]      exp/ab-historic-base        -> origin/exp/ab-historic-base
2026-09-29T22:08:39.0313253Z  * [new branch]      exp/cold-entry              -> origin/exp/cold-entry
2026-09-29T22:08:39.0314939Z  * [new branch]      exp/cold-slot-interleave    -> origin/exp/cold-slot-interleave
2026-09-29T22:08:39.0316300Z  * [new branch]      exp/cross-sample            -> origin/exp/cross-sample
2026-09-29T22:08:39.0317384Z  * [new branch]      exp/emit-n2                 -> origin/exp/emit-n2
2026-09-29T22:08:39.0318409Z  * [new branch]      exp/m12-ab-arm              -> origin/exp/m12-ab-arm
2026-09-29T22:08:39.0319516Z  * [new branch]      exp/m12-base-pin            -> origin/exp/m12-base-pin
2026-09-29T22:08:39.0320643Z  * [new branch]      exp/m12-base-pin2           -> origin/exp/m12-base-pin2
2026-09-29T22:08:39.0321801Z  * [new branch]      exp/m12-default-hook        -> origin/exp/m12-default-hook
2026-09-29T22:08:39.0323080Z  * [new branch]      exp/m12-default-hook-2      -> origin/exp/m12-default-hook-2
2026-09-29T22:08:39.0324654Z  * [new branch]      exp/m12-source-ab           -> origin/exp/m12-source-ab
2026-09-29T22:08:39.0326283Z  * [new branch]      exp/m12b-ab-arm             -> origin/exp/m12b-ab-arm
2026-09-29T22:08:39.0327335Z  * [new branch]      exp/m12b-dumps-with-default -> origin/exp/m12b-dumps-with-default
2026-09-29T22:08:39.0328467Z  * [new branch]      exp/m13-adapters            -> origin/exp/m13-adapters
2026-09-29T22:08:39.0329517Z  * [new branch]      exp/m15-ab-arm              -> origin/exp/m15-ab-arm
2026-09-29T22:08:39.0330455Z  * [new branch]      exp/main-repair             -> origin/exp/main-repair
2026-09-29T22:08:39.0331398Z  * [new branch]      exp/native-gap              -> origin/exp/native-gap
2026-09-29T22:08:39.0332559Z  * [new branch]      exp/native-types            -> origin/exp/native-types
2026-09-29T22:08:39.0333552Z  * [new branch]      exp/p0-integration          -> origin/exp/p0-integration
2026-09-29T22:08:39.0334575Z  * [new branch]      exp/p0p6-integration        -> origin/exp/p0p6-integration
2026-09-29T22:08:39.0335551Z  * [new branch]      exp/p23-b1                  -> origin/exp/p23-b1
2026-09-29T22:08:39.0337629Z  * [new branch]      exp/p23-b1-tests            -> origin/exp/p23-b1-tests
2026-09-29T22:08:39.0339558Z  * [new branch]      exp/p23-general-tables      -> origin/exp/p23-general-tables
2026-09-29T22:08:39.0341203Z  * [new branch]      exp/p23-tests-only          -> origin/exp/p23-tests-only
2026-09-29T22:08:39.0342714Z  * [new branch]      exp/p24-open-cost           -> origin/exp/p24-open-cost
2026-09-29T22:08:39.0344212Z  * [new branch]      exp/p24-tests-only          -> origin/exp/p24-tests-only
2026-09-29T22:08:39.0346101Z  * [new branch]      exp/p26-tests-arm           -> origin/exp/p26-tests-arm
2026-09-29T22:08:39.0347729Z  * [new branch]      exp/p26-win-abi             -> origin/exp/p26-win-abi
2026-09-29T22:08:39.0349488Z  * [new branch]      exp/p6-acceptance2          -> origin/exp/p6-acceptance2
2026-09-29T22:08:39.0351289Z  * [new branch]      exp/p6-windows-ab           -> origin/exp/p6-windows-ab
2026-09-29T22:08:39.0352857Z  * [new branch]      exp/p6-x86-ab               -> origin/exp/p6-x86-ab
2026-09-29T22:08:39.0354637Z  * [new branch]      exp/p6-x86-regs             -> origin/exp/p6-x86-regs
2026-09-29T22:08:39.0356574Z  * [new branch]      exp/p6p7-integration        -> origin/exp/p6p7-integration
2026-09-29T22:08:39.0358194Z  * [new branch]      exp/p7-x86-nofp             -> origin/exp/p7-x86-nofp
2026-09-29T22:08:39.0359775Z  * [new branch]      exp/p7b-tests-only          -> origin/exp/p7b-tests-only
2026-09-29T22:08:39.0361407Z  * [new branch]      exp/p8-b1                   -> origin/exp/p8-b1
2026-09-29T22:08:39.0365507Z  * [new branch]      exp/p8-b12                  -> origin/exp/p8-b12
2026-09-29T22:08:39.0367217Z  * [new branch]      exp/p8-b2                   -> origin/exp/p8-b2
2026-09-29T22:08:39.0368895Z  * [new branch]      exp/p9-fused-dicts          -> origin/exp/p9-fused-dicts
2026-09-29T22:08:39.0371283Z  * [new branch]      exp/p9-probe-flag           -> origin/exp/p9-probe-flag
2026-09-29T22:08:39.0373125Z  * [new branch]      exp/p9-probe-placement      -> origin/exp/p9-probe-placement
2026-09-29T22:08:39.0375062Z  * [new branch]      exp/pin-discovery-ab        -> origin/exp/pin-discovery-ab
2026-09-29T22:08:39.0377353Z  * [new branch]      exp/pin-discovery-test      -> origin/exp/pin-discovery-test
2026-09-29T22:08:39.0379002Z  * [new branch]      exp/t1-ab                   -> origin/exp/t1-ab
2026-09-29T22:08:39.0380565Z  * [new branch]      exp/t1-private-cache-leak   -> origin/exp/t1-private-cache-leak
2026-09-29T22:08:39.0382546Z  * [new branch]      exp/t1-source-ab            -> origin/exp/t1-source-ab
2026-09-29T22:08:39.0384065Z  * [new branch]      exp/t1-tests-only           -> origin/exp/t1-tests-only
2026-09-29T22:08:39.0385681Z  * [new branch]      exp/t2-evidence-gates       -> origin/exp/t2-evidence-gates
2026-09-29T22:08:39.0387682Z  * [new branch]      exp/t3-ab-estimator         -> origin/exp/t3-ab-estimator
2026-09-29T22:08:39.0389353Z  * [new branch]      exp/win-mixed-probe         -> origin/exp/win-mixed-probe
2026-09-29T22:08:39.0391311Z  * [new branch]      exp/win-rawwalk-check       -> origin/exp/win-rawwalk-check
2026-09-29T22:08:39.0392890Z  * [new branch]      main                        -> origin/main
2026-09-29T22:08:39.0394321Z  * [new branch]      work/benchmark-lead         -> origin/work/benchmark-lead
2026-09-29T22:08:39.0396233Z  * [new branch]      work/september-7-plan       -> origin/work/september-7-plan
2026-09-29T22:08:39.0397839Z  * [new tag]         archive/exp/audit-tests     -> archive/exp/audit-tests
2026-09-29T22:08:39.0399306Z  * [new tag]         archive/exp/cursor          -> archive/exp/cursor
2026-09-29T22:08:39.0400767Z  * [new tag]         archive/exp/cursor2         -> archive/exp/cursor2
2026-09-29T22:08:39.0402275Z  * [new tag]         archive/exp/digitchain      -> archive/exp/digitchain
2026-09-29T22:08:39.0404105Z  * [new tag]         archive/exp/dump-flat-macos -> archive/exp/dump-flat-macos
2026-09-29T22:08:39.0406042Z  * [new tag]         archive/exp/dumps-n2        -> archive/exp/dumps-n2
2026-09-29T22:08:39.0407787Z  * [new tag]         archive/exp/e26-p2-profile  -> archive/exp/e26-p2-profile
2026-09-29T22:08:39.0410010Z  * [new tag]         archive/exp/fix1-reentrant-mutation -> archive/exp/fix1-reentrant-mutation
2026-09-29T22:08:39.0412557Z  * [new tag]         archive/exp/fix1-reentrant-mutation-v2 -> archive/exp/fix1-reentrant-mutation-v2
2026-09-29T22:08:39.0416082Z  * [new tag]         archive/exp/fix1-reentrant-mutation-v3 -> archive/exp/fix1-reentrant-mutation-v3
2026-09-29T22:08:39.0419035Z  * [new tag]         archive/exp/fix1-reentrant-mutation-v4 -> archive/exp/fix1-reentrant-mutation-v4
2026-09-29T22:08:39.0422073Z  * [new tag]         archive/exp/fix2-surrogate-key -> archive/exp/fix2-surrogate-key
2026-09-29T22:08:39.0424257Z  * [new tag]         archive/exp/p0-controls     -> archive/exp/p0-controls
2026-09-29T22:08:39.0427014Z  * [new tag]         archive/exp/p1-attribution  -> archive/exp/p1-attribution
2026-09-29T22:08:39.0430110Z  * [new tag]         archive/exp/shrink-cold-instruction-footprint -> archive/exp/shrink-cold-instruction-footprint
2026-09-29T22:08:39.0433152Z  * [new tag]         archive/exp/shrink-write-stack-frames -> archive/exp/shrink-write-stack-frames
2026-09-29T22:08:39.0435457Z  * [new tag]         archive/exp/terminator      -> archive/exp/terminator
2026-09-29T22:08:39.0438253Z  * [new tag]         archive/exp/width-flat-format-int64-above-1e4 -> archive/exp/width-flat-format-int64-above-1e4
2026-09-29T22:08:39.0440926Z  * [new tag]         archive/main-from-scratch-v1 -> archive/main-from-scratch-v1
2026-09-29T22:08:39.0442847Z  * [new tag]         archive/main-v2             -> archive/main-v2
2026-09-29T22:08:39.0444597Z  * [new tag]         archive/main-v2-0.1         -> archive/main-v2-0.1
2026-09-29T22:08:39.0447202Z  * [new tag]         archive/main-v2-long-run-do-nothing -> archive/main-v2-long-run-do-nothing
2026-09-29T22:08:39.0449486Z  * [new tag]         archive/main-v2-prompt-1    -> archive/main-v2-prompt-1
2026-09-29T22:08:39.0451522Z  * [new tag]         archive/main-v2-prompt-2    -> archive/main-v2-prompt-2
2026-09-29T22:08:39.0453526Z  * [new tag]         archive/main-v2-prompt-3    -> archive/main-v2-prompt-3
2026-09-29T22:08:39.0455571Z  * [new tag]         archive/main-v2-prompt-4    -> archive/main-v2-prompt-4
2026-09-29T22:08:39.0459567Z [command]/usr/bin/git branch --list --remote origin/exp/native-gap
2026-09-29T22:08:39.0461242Z   origin/exp/native-gap
2026-09-29T22:08:39.0463804Z [command]/usr/bin/git rev-parse refs/remotes/origin/exp/native-gap
2026-09-29T22:08:39.0465403Z 33465c22eee0fda8e1b52898c16aac6982901a21
2026-09-29T22:08:39.0554352Z ##[endgroup]
2026-09-29T22:08:39.0556294Z ##[group]Determining the checkout info
2026-09-29T22:08:39.0557391Z ##[endgroup]
2026-09-29T22:08:39.0558176Z [command]/usr/bin/git sparse-checkout disable
2026-09-29T22:08:39.0560797Z [command]/usr/bin/git config --local --unset-all extensions.worktreeConfig
2026-09-29T22:08:39.0563033Z ##[group]Checking out the ref
2026-09-29T22:08:39.0564151Z [command]/usr/bin/git checkout --progress --force -B exp/native-gap refs/remotes/origin/exp/native-gap
2026-09-29T22:08:39.2570781Z Switched to a new branch 'exp/native-gap'
2026-09-29T22:08:39.2577640Z branch 'exp/native-gap' set up to track 'origin/exp/native-gap'.
2026-09-29T22:08:39.2600430Z ##[endgroup]
2026-09-29T22:08:39.2650873Z [command]/usr/bin/git log -1 --format=%H
2026-09-29T22:08:39.2680719Z 33465c22eee0fda8e1b52898c16aac6982901a21
2026-09-29T22:08:39.3007094Z ##[group]Run actions/setup-python@v5
2026-09-29T22:08:39.3007978Z with:
2026-09-29T22:08:39.3008512Z   python-version: 3.12
2026-09-29T22:08:39.3009170Z   check-latest: false
2026-09-29T22:08:39.3018442Z   token: ***
2026-09-29T22:08:39.3019037Z   update-environment: true
2026-09-29T22:08:39.3019768Z   allow-prereleases: false
2026-09-29T22:08:39.3020476Z   freethreaded: false
2026-09-29T22:08:39.3021071Z env:
2026-09-29T22:08:39.3021553Z   ARCHFLAGS: 
2026-09-29T22:08:39.3022109Z ##[endgroup]
2026-09-29T22:08:39.4398348Z ##[group]Installed versions
2026-09-29T22:08:39.4494305Z (node:2232) [DEP0040] DeprecationWarning: The `punycode` module is deprecated. Please use a userland alternative instead.
2026-09-29T22:08:39.4498057Z (Use `node --trace-deprecation ...` to show where the warning was created)
2026-09-29T22:08:39.4500595Z Successfully set up CPython (3.12.14)
2026-09-29T22:08:39.4502906Z ##[endgroup]
2026-09-29T22:08:39.4677076Z ##[group]Run sudo apt-get update
2026-09-29T22:08:39.4677997Z sudo apt-get update
2026-09-29T22:08:39.4678878Z sudo apt-get install -y clang llvm cmake
2026-09-29T22:08:39.5099152Z shell: /usr/bin/bash -e {0}
2026-09-29T22:08:39.5099911Z env:
2026-09-29T22:08:39.5100422Z   ARCHFLAGS: 
2026-09-29T22:08:39.5101213Z   pythonLocation: /opt/hostedtoolcache/Python/3.12.14/x64
2026-09-29T22:08:39.5102674Z   PKG_CONFIG_PATH: /opt/hostedtoolcache/Python/3.12.14/x64/lib/pkgconfig
2026-09-29T22:08:39.5104107Z   Python_ROOT_DIR: /opt/hostedtoolcache/Python/3.12.14/x64
2026-09-29T22:08:39.5105400Z   Python2_ROOT_DIR: /opt/hostedtoolcache/Python/3.12.14/x64
2026-09-29T22:08:39.5106892Z   Python3_ROOT_DIR: /opt/hostedtoolcache/Python/3.12.14/x64
2026-09-29T22:08:39.5108197Z   LD_LIBRARY_PATH: /opt/hostedtoolcache/Python/3.12.14/x64/lib
2026-09-29T22:08:39.5109245Z ##[endgroup]
2026-09-29T22:08:39.6008857Z Get:1 file:/etc/apt/apt-mirrors.txt Mirrorlist [144 B]
2026-09-29T22:08:39.6272079Z Hit:2 http://azure.archive.ubuntu.com/ubuntu noble InRelease
2026-09-29T22:08:39.6274207Z Get:6 https://packages.microsoft.com/ubuntu/24.04/prod noble InRelease [3600 B]
2026-09-29T22:08:39.6297647Z Get:3 http://azure.archive.ubuntu.com/ubuntu noble-updates InRelease [126 kB]
2026-09-29T22:08:39.6337532Z Get:4 http://azure.archive.ubuntu.com/ubuntu noble-backports InRelease [126 kB]
2026-09-29T22:08:39.6358733Z Get:5 http://azure.archive.ubuntu.com/ubuntu noble-security InRelease [126 kB]
2026-09-29T22:08:39.7625974Z Get:7 https://packages.microsoft.com/ubuntu/24.04/prod noble/main amd64 Packages [503 kB]
2026-09-29T22:08:39.7808793Z Get:8 https://packages.microsoft.com/ubuntu/24.04/prod noble/main arm64 Packages [454 kB]
2026-09-29T22:08:39.8189142Z Get:9 http://azure.archive.ubuntu.com/ubuntu noble-updates/main amd64 Packages [1318 kB]
2026-09-29T22:08:39.8272800Z Get:10 http://azure.archive.ubuntu.com/ubuntu noble-updates/main Translation-en [299 kB]
2026-09-29T22:08:39.8301890Z Get:11 http://azure.archive.ubuntu.com/ubuntu noble-updates/main amd64 Components [181 kB]
2026-09-29T22:08:39.8323208Z Get:12 http://azure.archive.ubuntu.com/ubuntu noble-updates/universe amd64 Packages [1698 kB]
2026-09-29T22:08:39.8439040Z Get:13 http://azure.archive.ubuntu.com/ubuntu noble-updates/universe Translation-en [340 kB]
2026-09-29T22:08:39.8459515Z Get:14 http://azure.archive.ubuntu.com/ubuntu noble-updates/universe amd64 Components [388 kB]
2026-09-29T22:08:39.8498183Z Get:15 http://azure.archive.ubuntu.com/ubuntu noble-updates/restricted amd64 Packages [1654 kB]
2026-09-29T22:08:39.8618556Z Get:16 http://azure.archive.ubuntu.com/ubuntu noble-updates/restricted Translation-en [377 kB]
2026-09-29T22:08:39.8638497Z Get:17 http://azure.archive.ubuntu.com/ubuntu noble-updates/multiverse amd64 Components [940 B]
2026-09-29T22:08:39.8839969Z Get:18 http://azure.archive.ubuntu.com/ubuntu noble-backports/main amd64 Packages [40.6 kB]
2026-09-29T22:08:39.9278601Z Get:19 http://azure.archive.ubuntu.com/ubuntu noble-backports/main amd64 Components [5788 B]
2026-09-29T22:08:39.9291404Z Get:20 http://azure.archive.ubuntu.com/ubuntu noble-backports/universe amd64 Packages [31.0 kB]
2026-09-29T22:08:39.9337915Z Get:21 http://azure.archive.ubuntu.com/ubuntu noble-backports/universe Translation-en [18.6 kB]
2026-09-29T22:08:39.9342620Z Get:22 http://azure.archive.ubuntu.com/ubuntu noble-backports/universe amd64 Components [12.6 kB]
2026-09-29T22:08:39.9350516Z Get:23 http://azure.archive.ubuntu.com/ubuntu noble-security/main amd64 Packages [1063 kB]
2026-09-29T22:08:39.9417289Z Get:24 http://azure.archive.ubuntu.com/ubuntu noble-security/main Translation-en [220 kB]
2026-09-29T22:08:39.9440911Z Get:25 http://azure.archive.ubuntu.com/ubuntu noble-security/main amd64 Components [46.3 kB]
2026-09-29T22:08:39.9452722Z Get:26 http://azure.archive.ubuntu.com/ubuntu noble-security/universe amd64 Packages [1216 kB]
2026-09-29T22:08:39.9528866Z Get:27 http://azure.archive.ubuntu.com/ubuntu noble-security/universe Translation-en [244 kB]
2026-09-29T22:08:39.9546754Z Get:28 http://azure.archive.ubuntu.com/ubuntu noble-security/universe amd64 Components [76.3 kB]
2026-09-29T22:08:39.9567800Z Get:29 http://azure.archive.ubuntu.com/ubuntu noble-security/restricted amd64 Packages [1559 kB]
2026-09-29T22:08:39.9644156Z Get:30 http://azure.archive.ubuntu.com/ubuntu noble-security/restricted Translation-en [359 kB]
2026-09-29T22:08:44.3044173Z Fetched 12.5 MB in 1s (9110 kB/s)
2026-09-29T22:08:45.1382514Z Reading package lists...
2026-09-29T22:08:45.1692761Z Reading package lists...
2026-09-29T22:08:45.3608781Z Building dependency tree...
2026-09-29T22:08:45.3619408Z Reading state information...
2026-09-29T22:08:45.5093067Z The following additional packages will be installed:
2026-09-29T22:08:45.5100755Z   cmake-data libjsoncpp25 librhash0 llvm-runtime
2026-09-29T22:08:45.5107909Z Suggested packages:
2026-09-29T22:08:45.5108555Z   cmake-doc cmake-format elpa-cmake-mode ninja-build
2026-09-29T22:08:45.5289858Z The following NEW packages will be installed:
2026-09-29T22:08:45.5297786Z   clang cmake cmake-data libjsoncpp25 librhash0 llvm llvm-runtime
2026-09-29T22:08:45.5478954Z 0 upgraded, 7 newly installed, 0 to remove and 42 not upgraded.
2026-09-29T22:08:45.5479601Z Need to get 13.6 MB of archives.
2026-09-29T22:08:45.5479991Z After this operation, 49.2 MB of additional disk space will be used.
2026-09-29T22:08:45.5480464Z Get:1 file:/etc/apt/apt-mirrors.txt Mirrorlist [144 B]
2026-09-29T22:08:45.5717305Z Get:2 http://azure.archive.ubuntu.com/ubuntu noble/universe amd64 clang amd64 1:18.0-59~exp2 [5846 B]
2026-09-29T22:08:45.5802842Z Get:3 http://azure.archive.ubuntu.com/ubuntu noble/main amd64 libjsoncpp25 amd64 1.9.5-6build1 [82.8 kB]
2026-09-29T22:08:45.5963176Z Get:4 http://azure.archive.ubuntu.com/ubuntu noble/main amd64 librhash0 amd64 1.4.3-3build1 [129 kB]
2026-09-29T22:08:45.6181394Z Get:5 http://azure.archive.ubuntu.com/ubuntu noble/main amd64 cmake-data all 3.28.3-1build7 [2155 kB]
2026-09-29T22:08:45.8277022Z Get:6 http://azure.archive.ubuntu.com/ubuntu noble/main amd64 cmake amd64 3.28.3-1build7 [11.2 MB]
2026-09-29T22:08:46.9828839Z Get:7 http://azure.archive.ubuntu.com/ubuntu noble/universe amd64 llvm-runtime amd64 1:18.0-59~exp2 [5496 B]
2026-09-29T22:08:47.0296559Z Get:8 http://azure.archive.ubuntu.com/ubuntu noble/universe amd64 llvm amd64 1:18.0-59~exp2 [4146 B]
2026-09-29T22:08:47.5780125Z Fetched 13.6 MB in 1s (9089 kB/s)
2026-09-29T22:08:47.9158792Z Selecting previously unselected package clang.
2026-09-29T22:08:48.1908168Z (Reading database ... 
2026-09-29T22:08:48.1908758Z (Reading database ... 5%
2026-09-29T22:08:48.1909647Z (Reading database ... 10%
2026-09-29T22:08:48.1910094Z (Reading database ... 15%
2026-09-29T22:08:48.1910501Z (Reading database ... 20%
2026-09-29T22:08:48.1910902Z (Reading database ... 25%
2026-09-29T22:08:48.1911334Z (Reading database ... 30%
2026-09-29T22:08:48.1911703Z (Reading database ... 35%
2026-09-29T22:08:48.1912082Z (Reading database ... 40%
2026-09-29T22:08:48.1912461Z (Reading database ... 45%
2026-09-29T22:08:48.1912878Z (Reading database ... 50%
2026-09-29T22:08:48.1960907Z (Reading database ... 55%
2026-09-29T22:08:48.2703307Z (Reading database ... 60%
2026-09-29T22:08:48.4759535Z (Reading database ... 65%
2026-09-29T22:08:48.6717767Z (Reading database ... 70%
2026-09-29T22:08:48.8774959Z (Reading database ... 75%
2026-09-29T22:08:49.2708684Z (Reading database ... 80%
2026-09-29T22:08:49.4372527Z (Reading database ... 85%
2026-09-29T22:08:49.5900522Z (Reading database ... 90%
2026-09-29T22:08:49.7351238Z (Reading database ... 95%
2026-09-29T22:08:49.7351599Z (Reading database ... 100%
2026-09-29T22:08:49.7352057Z (Reading database ... 202190 files and directories currently installed.)
2026-09-29T22:08:49.7396866Z Preparing to unpack .../0-clang_1%3a18.0-59~exp2_amd64.deb ...
2026-09-29T22:08:49.7428120Z Unpacking clang (1:18.0-59~exp2) ...
2026-09-29T22:08:49.7661767Z Selecting previously unselected package libjsoncpp25:amd64.
2026-09-29T22:08:49.7788880Z Preparing to unpack .../1-libjsoncpp25_1.9.5-6build1_amd64.deb ...
2026-09-29T22:08:49.7809227Z Unpacking libjsoncpp25:amd64 (1.9.5-6build1) ...
2026-09-29T22:08:49.8034177Z Selecting previously unselected package librhash0:amd64.
2026-09-29T22:08:49.8160074Z Preparing to unpack .../2-librhash0_1.4.3-3build1_amd64.deb ...
2026-09-29T22:08:49.8169809Z Unpacking librhash0:amd64 (1.4.3-3build1) ...
2026-09-29T22:08:49.8421503Z Selecting previously unselected package cmake-data.
2026-09-29T22:08:49.8547580Z Preparing to unpack .../3-cmake-data_3.28.3-1build7_all.deb ...
2026-09-29T22:08:49.8620805Z Unpacking cmake-data (3.28.3-1build7) ...
2026-09-29T22:08:50.3407537Z Selecting previously unselected package cmake.
2026-09-29T22:08:50.3547032Z Preparing to unpack .../4-cmake_3.28.3-1build7_amd64.deb ...
2026-09-29T22:08:50.3556719Z Unpacking cmake (3.28.3-1build7) ...
2026-09-29T22:08:50.5207622Z Selecting previously unselected package llvm-runtime:amd64.
2026-09-29T22:08:50.5334806Z Preparing to unpack .../5-llvm-runtime_1%3a18.0-59~exp2_amd64.deb ...
2026-09-29T22:08:50.5344186Z Unpacking llvm-runtime:amd64 (1:18.0-59~exp2) ...
2026-09-29T22:08:50.5551091Z Selecting previously unselected package llvm.
2026-09-29T22:08:50.5679220Z Preparing to unpack .../6-llvm_1%3a18.0-59~exp2_amd64.deb ...
2026-09-29T22:08:50.5711813Z Unpacking llvm (1:18.0-59~exp2) ...
2026-09-29T22:08:50.6252489Z Setting up clang (1:18.0-59~exp2) ...
2026-09-29T22:08:50.6462511Z Setting up llvm-runtime:amd64 (1:18.0-59~exp2) ...
2026-09-29T22:08:50.6486207Z Setting up libjsoncpp25:amd64 (1.9.5-6build1) ...
2026-09-29T22:08:50.6510110Z Setting up llvm (1:18.0-59~exp2) ...
2026-09-29T22:08:50.6534465Z Setting up librhash0:amd64 (1.4.3-3build1) ...
2026-09-29T22:08:50.6558562Z Setting up cmake-data (3.28.3-1build7) ...
2026-09-29T22:08:50.6627587Z Setting up cmake (3.28.3-1build7) ...
2026-09-29T22:08:50.6652431Z Processing triggers for man-db (2.12.0-4build2) ...
2026-09-29T22:08:50.6675495Z Not building database; man-db/auto-update is not 'true'.
2026-09-29T22:08:50.6688963Z Processing triggers for libc-bin (2.39-0ubuntu8.9) ...
2026-09-29T22:08:51.3574010Z 
2026-09-29T22:08:51.3574795Z Running kernel seems to be up-to-date.
2026-09-29T22:08:51.3575285Z 
2026-09-29T22:08:51.3575502Z No services need to be restarted.
2026-09-29T22:08:51.3576140Z 
2026-09-29T22:08:51.3576361Z No containers need to be restarted.
2026-09-29T22:08:51.3576743Z 
2026-09-29T22:08:51.3577000Z No user sessions are running outdated binaries.
2026-09-29T22:08:51.3577452Z 
2026-09-29T22:08:51.3577859Z No VM guests are running outdated hypervisor (qemu) binaries on this host.
2026-09-29T22:08:52.2910203Z ##[group]Run make install-bench
2026-09-29T22:08:52.2910516Z make install-bench
2026-09-29T22:08:52.2981655Z shell: /usr/bin/bash -e {0}
2026-09-29T22:08:52.2981911Z env:
2026-09-29T22:08:52.2982095Z   ARCHFLAGS: 
2026-09-29T22:08:52.2982373Z   pythonLocation: /opt/hostedtoolcache/Python/3.12.14/x64
2026-09-29T22:08:52.2982815Z   PKG_CONFIG_PATH: /opt/hostedtoolcache/Python/3.12.14/x64/lib/pkgconfig
2026-09-29T22:08:52.2983240Z   Python_ROOT_DIR: /opt/hostedtoolcache/Python/3.12.14/x64
2026-09-29T22:08:52.2983616Z   Python2_ROOT_DIR: /opt/hostedtoolcache/Python/3.12.14/x64
2026-09-29T22:08:52.2984000Z   Python3_ROOT_DIR: /opt/hostedtoolcache/Python/3.12.14/x64
2026-09-29T22:08:52.2984379Z   LD_LIBRARY_PATH: /opt/hostedtoolcache/Python/3.12.14/x64/lib
2026-09-29T22:08:52.2984709Z   CC: clang
2026-09-29T22:08:52.2984891Z   CXX: clang++
2026-09-29T22:08:52.2985079Z ##[endgroup]
2026-09-29T22:08:52.3099145Z python3 -m venv .venv
2026-09-29T22:08:56.1885976Z .venv/bin/python -m pip install -U pip setuptools wheel
2026-09-29T22:08:56.5585559Z Requirement already satisfied: pip in ./.venv/lib/python3.12/site-packages (25.0.1)
2026-09-29T22:08:56.6320440Z Collecting pip
2026-09-29T22:08:56.6794917Z   Downloading pip-26.2.1-py3-none-any.whl.metadata (4.6 kB)
2026-09-29T22:08:56.8047713Z Collecting setuptools
2026-09-29T22:08:56.8082342Z   Downloading setuptools-84.0.0-py3-none-any.whl.metadata (6.6 kB)
2026-09-29T22:08:56.8388398Z Collecting wheel
2026-09-29T22:08:56.8419874Z   Downloading wheel-0.48.0-py3-none-any.whl.metadata (2.3 kB)
2026-09-29T22:08:56.8640217Z Collecting packaging>=24.0 (from wheel)
2026-09-29T22:08:56.8673781Z   Downloading packaging-26.3-py3-none-any.whl.metadata (3.5 kB)
2026-09-29T22:08:56.8753079Z Downloading pip-26.2.1-py3-none-any.whl (1.8 MB)
2026-09-29T22:08:56.9106720Z    ━━━━━━━━━━━━━━━━━━━━━━━━━━━━━━━━━━━━━━━━ 1.8/1.8 MB 77.3 MB/s eta 0:00:00
2026-09-29T22:08:56.9145161Z Downloading setuptools-84.0.0-py3-none-any.whl (818 kB)
2026-09-29T22:08:56.9253221Z    ━━━━━━━━━━━━━━━━━━━━━━━━━━━━━━━━━━━━━━━━ 818.2/818.2 kB 81.4 MB/s eta 0:00:00
2026-09-29T22:08:56.9285423Z Downloading wheel-0.48.0-py3-none-any.whl (33 kB)
2026-09-29T22:08:56.9341322Z Downloading packaging-26.3-py3-none-any.whl (129 kB)
2026-09-29T22:08:56.9636219Z Installing collected packages: setuptools, pip, packaging, wheel
2026-09-29T22:08:57.4434725Z   Attempting uninstall: pip
2026-09-29T22:08:57.4458354Z     Found existing installation: pip 25.0.1
2026-09-29T22:08:57.4820990Z     Uninstalling pip-25.0.1:
2026-09-29T22:08:57.4880084Z       Successfully uninstalled pip-25.0.1
2026-09-29T22:08:58.4986685Z Successfully installed packaging-26.3 pip-26.2.1 setuptools-84.0.0 wheel-0.48.0
2026-09-29T22:08:58.6339237Z .venv/bin/python -m pip install -e '.[dev,bench]'
2026-09-29T22:08:58.9660360Z Obtaining file:///home/runner/work/strata/strata
2026-09-29T22:08:58.9681736Z   Installing build dependencies: started
2026-09-29T22:09:01.1752823Z   Installing build dependencies: finished with status 'done'
2026-09-29T22:09:01.1758957Z   Checking if build backend supports build_editable: started
2026-09-29T22:09:01.5223314Z   Checking if build backend supports build_editable: finished with status 'done'
2026-09-29T22:09:01.5231088Z   Getting requirements to build editable: started
2026-09-29T22:09:01.9214764Z   Getting requirements to build editable: finished with status 'done'
2026-09-29T22:09:01.9223715Z   Preparing editable metadata (pyproject.toml): started
2026-09-29T22:09:02.1664796Z   Preparing editable metadata (pyproject.toml): finished with status 'done'
2026-09-29T22:09:02.2729814Z Collecting cmake>=3.20 (from strata==2026.8.10)
2026-09-29T22:09:02.2746434Z   Using cached cmake-4.4.3-py3-none-manylinux2014_x86_64.manylinux_2_17_x86_64.whl.metadata (7.0 kB)
2026-09-29T22:09:02.2940471Z Collecting pytest>=7 (from strata==2026.8.10)
2026-09-29T22:09:02.2953435Z   Using cached pytest-9.1.1-py3-none-any.whl.metadata (7.6 kB)
2026-09-29T22:09:02.3543446Z Collecting pytest-cov>=4 (from strata==2026.8.10)
2026-09-29T22:09:02.4018621Z   Downloading pytest_cov-7.1.0-py3-none-any.whl.metadata (32 kB)
2026-09-29T22:09:02.7498256Z Collecting ruff>=0.5 (from strata==2026.8.10)
2026-09-29T22:09:02.7541541Z   Downloading ruff-0.16.9-py3-none-manylinux_2_17_x86_64.manylinux2014_x86_64.whl.metadata (20 kB)
2026-09-29T22:09:02.7817421Z Collecting pre-commit>=3.5 (from strata==2026.8.10)
2026-09-29T22:09:02.7854071Z   Downloading pre_commit-4.6.2-py2.py3-none-any.whl.metadata (1.2 kB)
2026-09-29T22:09:02.8436868Z Collecting clang-format<22,>=21 (from strata==2026.8.10)
2026-09-29T22:09:02.8492370Z   Downloading clang_format-21.1.8-py2.py3-none-manylinux_2_27_x86_64.manylinux_2_28_x86_64.whl.metadata (4.7 kB)
2026-09-29T22:09:03.0728962Z Collecting orjson (from strata==2026.8.10)
2026-09-29T22:09:03.0770487Z   Downloading orjson-3.12.0-cp312-cp312-manylinux_2_17_x86_64.manylinux2014_x86_64.whl.metadata (41 kB)
2026-09-29T22:09:03.1531547Z Collecting msgspec (from strata==2026.8.10)
2026-09-29T22:09:03.1576635Z   Downloading msgspec-0.22.0-cp312-cp312-manylinux2014_x86_64.manylinux_2_17_x86_64.manylinux_2_28_x86_64.whl.metadata (6.0 kB)
2026-09-29T22:09:03.2370641Z Collecting ujson (from strata==2026.8.10)
2026-09-29T22:09:03.2416204Z   Downloading ujson-6.0.0-cp312-cp312-manylinux_2_24_x86_64.manylinux_2_28_x86_64.whl.metadata (10.0 kB)
2026-09-29T22:09:03.2848585Z Collecting pysimdjson (from strata==2026.8.10)
2026-09-29T22:09:03.2904967Z   Downloading pysimdjson-7.0.2-cp312-cp312-manylinux_2_17_x86_64.manylinux2014_x86_64.whl.metadata (1.1 kB)
2026-09-29T22:09:03.3042957Z Collecting jmespath (from strata==2026.8.10)
2026-09-29T22:09:03.3082933Z   Downloading jmespath-1.1.0-py3-none-any.whl.metadata (7.6 kB)
2026-09-29T22:09:03.3216084Z Collecting jsonpath-ng (from strata==2026.8.10)
2026-09-29T22:09:03.3258476Z   Downloading jsonpath_ng-1.8.0-py3-none-any.whl.metadata (18 kB)
2026-09-29T22:09:03.3903109Z Collecting psutil>=5 (from strata==2026.8.10)
2026-09-29T22:09:03.3949035Z   Downloading psutil-7.2.2-cp36-abi3-manylinux2010_x86_64.manylinux_2_12_x86_64.manylinux_2_28_x86_64.whl.metadata (22 kB)
2026-09-29T22:09:03.4119990Z Collecting cfgv>=2.0.0 (from pre-commit>=3.5->strata==2026.8.10)
2026-09-29T22:09:03.4177689Z   Downloading cfgv-3.5.0-py2.py3-none-any.whl.metadata (8.9 kB)
2026-09-29T22:09:03.4506750Z Collecting identify>=1.0.0 (from pre-commit>=3.5->strata==2026.8.10)
2026-09-29T22:09:03.4549669Z   Downloading identify-2.6.20-py2.py3-none-any.whl.metadata (4.4 kB)
2026-09-29T22:09:03.4690101Z Collecting nodeenv>=0.11.1 (from pre-commit>=3.5->strata==2026.8.10)
2026-09-29T22:09:03.4732208Z   Downloading nodeenv-1.11.0-py2.py3-none-any.whl.metadata (40 kB)
2026-09-29T22:09:03.5125648Z Collecting pyyaml>=5.1 (from pre-commit>=3.5->strata==2026.8.10)
2026-09-29T22:09:03.5193246Z   Downloading pyyaml-6.0.3-cp312-cp312-manylinux2014_x86_64.manylinux_2_17_x86_64.manylinux_2_28_x86_64.whl.metadata (2.4 kB)
2026-09-29T22:09:03.5582800Z Collecting virtualenv>=20.10.0 (from pre-commit>=3.5->strata==2026.8.10)
2026-09-29T22:09:03.5620803Z   Downloading virtualenv-21.14.0-py3-none-any.whl.metadata (4.1 kB)
2026-09-29T22:09:03.5711710Z Collecting iniconfig>=1.0.1 (from pytest>=7->strata==2026.8.10)
2026-09-29T22:09:03.5723615Z   Using cached iniconfig-2.3.0-py3-none-any.whl.metadata (2.5 kB)
2026-09-29T22:09:03.5741221Z Requirement already satisfied: packaging>=22 in ./.venv/lib/python3.12/site-packages (from pytest>=7->strata==2026.8.10) (26.3)
2026-09-29T22:09:03.5783522Z Collecting pluggy<2,>=1.5 (from pytest>=7->strata==2026.8.10)
2026-09-29T22:09:03.5795085Z   Using cached pluggy-1.6.0-py3-none-any.whl.metadata (4.8 kB)
2026-09-29T22:09:03.5907996Z Collecting pygments>=2.7.2 (from pytest>=7->strata==2026.8.10)
2026-09-29T22:09:03.5920158Z   Using cached pygments-2.21.0-py3-none-any.whl.metadata (2.5 kB)
2026-09-29T22:09:04.0112763Z Collecting coverage>=7.10.6 (from coverage[toml]>=7.10.6->pytest-cov>=4->strata==2026.8.10)
2026-09-29T22:09:04.0153303Z   Downloading coverage-7.16.2-cp312-cp312-manylinux1_x86_64.manylinux_2_28_x86_64.manylinux_2_5_x86_64.whl.metadata (8.2 kB)
2026-09-29T22:09:04.0318700Z Collecting distlib<1,>=0.3.7 (from virtualenv>=20.10.0->pre-commit>=3.5->strata==2026.8.10)
2026-09-29T22:09:04.0407858Z   Downloading distlib-0.4.3-py2.py3-none-any.whl.metadata (5.3 kB)
2026-09-29T22:09:04.0623028Z Collecting filelock<5,>=3.24.2 (from virtualenv>=20.10.0->pre-commit>=3.5->strata==2026.8.10)
2026-09-29T22:09:04.0661399Z   Downloading filelock-4.0.6-py3-none-any.whl.metadata (2.0 kB)
2026-09-29T22:09:04.0886717Z Collecting platformdirs<5,>=3.9.1 (from virtualenv>=20.10.0->pre-commit>=3.5->strata==2026.8.10)
2026-09-29T22:09:04.0922423Z   Downloading platformdirs-4.12.2-py3-none-any.whl.metadata (5.5 kB)
2026-09-29T22:09:04.1035896Z Collecting python-discovery>=1.6 (from virtualenv>=20.10.0->pre-commit>=3.5->strata==2026.8.10)
2026-09-29T22:09:04.1072961Z   Downloading python_discovery-1.6.1-py3-none-any.whl.metadata (5.1 kB)
2026-09-29T22:09:04.1251084Z Downloading clang_format-21.1.8-py2.py3-none-manylinux_2_27_x86_64.manylinux_2_28_x86_64.whl (1.8 MB)
2026-09-29T22:09:04.1423734Z    ━━━━━━━━━━━━━━━━━━━━━━━━━━━━━━━━━━━━━━━━ 1.8/1.8 MB 134.5 MB/s  0:00:00
2026-09-29T22:09:04.1436016Z Using cached cmake-4.4.3-py3-none-manylinux2014_x86_64.manylinux_2_17_x86_64.whl (30.2 MB)
2026-09-29T22:09:04.1582775Z Downloading pre_commit-4.6.2-py2.py3-none-any.whl (226 kB)
2026-09-29T22:09:04.1646460Z Downloading cfgv-3.5.0-py2.py3-none-any.whl (7.4 kB)
2026-09-29T22:09:04.1704982Z Downloading identify-2.6.20-py2.py3-none-any.whl (99 kB)
2026-09-29T22:09:04.1759730Z Downloading nodeenv-1.11.0-py2.py3-none-any.whl (34 kB)
2026-09-29T22:09:04.1814222Z Downloading psutil-7.2.2-cp36-abi3-manylinux2010_x86_64.manylinux_2_12_x86_64.manylinux_2_28_x86_64.whl (155 kB)
2026-09-29T22:09:04.1847006Z Using cached pytest-9.1.1-py3-none-any.whl (386 kB)
2026-09-29T22:09:04.1860129Z Using cached pluggy-1.6.0-py3-none-any.whl (20 kB)
2026-09-29T22:09:04.1871772Z Using cached iniconfig-2.3.0-py3-none-any.whl (7.5 kB)
2026-09-29T22:09:04.1883446Z Using cached pygments-2.21.0-py3-none-any.whl (1.3 MB)
2026-09-29T22:09:04.1923953Z Downloading pytest_cov-7.1.0-py3-none-any.whl (22 kB)
2026-09-29T22:09:04.1977844Z Downloading coverage-7.16.2-cp312-cp312-manylinux1_x86_64.manylinux_2_28_x86_64.manylinux_2_5_x86_64.whl (258 kB)
2026-09-29T22:09:04.2034589Z Downloading pyyaml-6.0.3-cp312-cp312-manylinux2014_x86_64.manylinux_2_17_x86_64.manylinux_2_28_x86_64.whl (807 kB)
2026-09-29T22:09:04.2092330Z    ━━━━━━━━━━━━━━━━━━━━━━━━━━━━━━━━━━━━━━━━ 807.9/807.9 kB 162.7 MB/s  0:00:00
2026-09-29T22:09:04.2127488Z Downloading ruff-0.16.9-py3-none-manylinux_2_17_x86_64.manylinux2014_x86_64.whl (10.4 MB)
2026-09-29T22:09:04.2490566Z    ━━━━━━━━━━━━━━━━━━━━━━━━━━━━━━━━━━━━━━━━ 10.4/10.4 MB 299.9 MB/s  0:00:00
2026-09-29T22:09:04.2534307Z Downloading virtualenv-21.14.0-py3-none-any.whl (5.5 MB)
2026-09-29T22:09:04.2751071Z    ━━━━━━━━━━━━━━━━━━━━━━━━━━━━━━━━━━━━━━━━ 5.5/5.5 MB 296.0 MB/s  0:00:00
2026-09-29T22:09:04.2791327Z Downloading distlib-0.4.3-py2.py3-none-any.whl (470 kB)
2026-09-29T22:09:04.2861825Z Downloading filelock-4.0.6-py3-none-any.whl (109 kB)
2026-09-29T22:09:04.2919935Z Downloading platformdirs-4.12.2-py3-none-any.whl (32 kB)
2026-09-29T22:09:04.2974958Z Downloading python_discovery-1.6.1-py3-none-any.whl (38 kB)
2026-09-29T22:09:04.3045279Z Downloading jmespath-1.1.0-py3-none-any.whl (20 kB)
2026-09-29T22:09:04.3100330Z Downloading jsonpath_ng-1.8.0-py3-none-any.whl (67 kB)
2026-09-29T22:09:04.3174554Z Downloading msgspec-0.22.0-cp312-cp312-manylinux2014_x86_64.manylinux_2_17_x86_64.manylinux_2_28_x86_64.whl (230 kB)
2026-09-29T22:09:04.3238116Z Downloading orjson-3.12.0-cp312-cp312-manylinux_2_17_x86_64.manylinux2014_x86_64.whl (131 kB)
2026-09-29T22:09:04.3302036Z Downloading pysimdjson-7.0.2-cp312-cp312-manylinux_2_17_x86_64.manylinux2014_x86_64.whl (3.2 MB)
2026-09-29T22:09:04.3495975Z    ━━━━━━━━━━━━━━━━━━━━━━━━━━━━━━━━━━━━━━━━ 3.2/3.2 MB 178.4 MB/s  0:00:00
2026-09-29T22:09:04.3534072Z Downloading ujson-6.0.0-cp312-cp312-manylinux_2_24_x86_64.manylinux_2_28_x86_64.whl (56 kB)
2026-09-29T22:09:04.4807282Z Building wheels for collected packages: strata
2026-09-29T22:09:04.4816351Z   Building editable for strata (pyproject.toml): started
2026-09-29T22:10:04.6673659Z   Building editable for strata (pyproject.toml): still running...
2026-09-29T22:11:05.3136403Z   Building editable for strata (pyproject.toml): still running...
2026-09-29T22:12:05.5015657Z   Building editable for strata (pyproject.toml): still running...
2026-09-29T22:12:58.3895531Z   Building editable for strata (pyproject.toml): finished with status 'done'
2026-09-29T22:12:58.3904554Z   Created wheel for strata: filename=strata-2026.8.10-0.editable-cp312-cp312-linux_x86_64.whl size=4445 sha256=ab9f3860a2e717ec4eb6f6153b5b4ddbbd53a08c4f709ceb6d3a146bfb359db1
2026-09-29T22:12:58.3906612Z   Stored in directory: /tmp/pip-ephem-wheel-cache-xgf3okm3/wheels/ab/73/9c/71109b0f5a731622820d2f6d25f1f3cfd677e39fdd3b3110b6
2026-09-29T22:12:58.3930592Z Successfully built strata
2026-09-29T22:12:58.4755130Z Installing collected packages: jsonpath-ng, distlib, clang-format, ujson, strata, ruff, pyyaml, pysimdjson, pygments, psutil, pluggy, platformdirs, orjson, nodeenv, msgspec, jmespath, iniconfig, identify, filelock, coverage, cmake, cfgv, python-discovery, pytest, virtualenv, pytest-cov, pre-commit
2026-09-29T22:13:01.3769328Z 
2026-09-29T22:13:01.3800086Z Successfully installed cfgv-3.5.0 clang-format-21.1.8 cmake-4.4.3 coverage-7.16.2 distlib-0.4.3 filelock-4.0.6 identify-2.6.20 iniconfig-2.3.0 jmespath-1.1.0 jsonpath-ng-1.8.0 msgspec-0.22.0 nodeenv-1.11.0 orjson-3.12.0 platformdirs-4.12.2 pluggy-1.6.0 pre-commit-4.6.2 psutil-7.2.2 pygments-2.21.0 pysimdjson-7.0.2 pytest-9.1.1 pytest-cov-7.1.0 python-discovery-1.6.1 pyyaml-6.0.3 ruff-0.16.9 strata-2026.8.10 ujson-6.0.0 virtualenv-21.14.0
2026-09-29T22:13:02.3777258Z ##[group]Run make pgo
2026-09-29T22:13:02.3777540Z make pgo
2026-09-29T22:13:02.3843666Z shell: /usr/bin/bash -e {0}
2026-09-29T22:13:02.3843916Z env:
2026-09-29T22:13:02.3844102Z   ARCHFLAGS: 
2026-09-29T22:13:02.3844402Z   pythonLocation: /opt/hostedtoolcache/Python/3.12.14/x64
2026-09-29T22:13:02.3844848Z   PKG_CONFIG_PATH: /opt/hostedtoolcache/Python/3.12.14/x64/lib/pkgconfig
2026-09-29T22:13:02.3845284Z   Python_ROOT_DIR: /opt/hostedtoolcache/Python/3.12.14/x64
2026-09-29T22:13:02.3845811Z   Python2_ROOT_DIR: /opt/hostedtoolcache/Python/3.12.14/x64
2026-09-29T22:13:02.3846221Z   Python3_ROOT_DIR: /opt/hostedtoolcache/Python/3.12.14/x64
2026-09-29T22:13:02.3846628Z   LD_LIBRARY_PATH: /opt/hostedtoolcache/Python/3.12.14/x64/lib
2026-09-29T22:13:02.3846957Z   PYTHON: python
2026-09-29T22:13:02.3847153Z   CC: clang
2026-09-29T22:13:02.3847335Z   CXX: clang++
2026-09-29T22:13:02.3847523Z ##[endgroup]
2026-09-29T22:13:02.4180101Z ==> PGO: compiler is clang
2026-09-29T22:13:02.4206133Z ==> PGO phase 1: instrumented build
2026-09-29T22:13:02.7591556Z Obtaining file:///home/runner/work/strata/strata
2026-09-29T22:13:02.7613256Z   Installing build dependencies: started
2026-09-29T22:13:04.5887208Z   Installing build dependencies: finished with status 'done'
2026-09-29T22:13:04.5894026Z   Checking if build backend supports build_editable: started
2026-09-29T22:13:04.8827537Z   Checking if build backend supports build_editable: finished with status 'done'
2026-09-29T22:13:04.8836429Z   Getting requirements to build editable: started
2026-09-29T22:13:05.2742185Z   Getting requirements to build editable: finished with status 'done'
2026-09-29T22:13:05.2751385Z   Preparing editable metadata (pyproject.toml): started
2026-09-29T22:13:05.5206975Z   Preparing editable metadata (pyproject.toml): finished with status 'done'
2026-09-29T22:13:05.5263413Z Building wheels for collected packages: strata
2026-09-29T22:13:05.5272235Z   Building editable for strata (pyproject.toml): started
2026-09-29T22:14:06.1061763Z   Building editable for strata (pyproject.toml): still running...
2026-09-29T22:14:10.4166733Z   Building editable for strata (pyproject.toml): finished with status 'done'
2026-09-29T22:14:10.4175345Z   Created wheel for strata: filename=strata-2026.8.10-0.editable-cp312-cp312-linux_x86_64.whl size=4445 sha256=9ed2209a67510d739955eeadcf16dc3f08346391d9c8f36d9451438dea1b7697
2026-09-29T22:14:10.4187192Z   Stored in directory: /tmp/pip-ephem-wheel-cache-e2wpdh5x/wheels/ab/73/9c/71109b0f5a731622820d2f6d25f1f3cfd677e39fdd3b3110b6
2026-09-29T22:14:10.4204134Z Successfully built strata
2026-09-29T22:14:10.4316058Z Installing collected packages: strata
2026-09-29T22:14:10.4318504Z   Attempting uninstall: strata
2026-09-29T22:14:10.4339569Z     Found existing installation: strata 2026.8.10
2026-09-29T22:14:10.4357420Z     Uninstalling strata-2026.8.10:
2026-09-29T22:14:10.4644620Z       Successfully uninstalled strata-2026.8.10
2026-09-29T22:14:10.4766666Z Successfully installed strata-2026.8.10
2026-09-29T22:14:11.4037455Z ==> PGO: the hook image must carry no profile
2026-09-29T22:14:11.4584282Z + strata._dumps_hook is unprofiled: _dumps_hook.cpython-312-x86_64-linux-gnu.so.build.json records no profile or profile flag,
2026-09-29T22:14:11.4585098Z   and the image links no profile runtime
2026-09-29T22:14:11.4647460Z ==> PGO: generating training data
2026-09-29T22:14:11.9356375Z   build/pgo/train.json (10.0 MB)
2026-09-29T22:14:11.9356902Z   build/pgo/train.ndjson (10.0 MB)
2026-09-29T22:14:11.9413594Z ==> PGO: running the training workload
2026-09-29T22:14:12.1893897Z PGO training workload
2026-09-29T22:14:12.1894347Z   corpus: 4001 records, 10.0 MB
2026-09-29T22:14:12.1894709Z [1/7] loads
2026-09-29T22:14:12.1894990Z   loads(str): 1x in 0.05s
2026-09-29T22:14:12.2723245Z   loads(bytes): 1x in 0.05s
2026-09-29T22:14:12.3099203Z   loads(sample): 5x in 0.01s
2026-09-29T22:14:12.3441658Z   loads(cursor): 5x in 0.01s
2026-09-29T22:14:12.3743265Z   loads(iterator): 3x in 0.01s
2026-09-29T22:14:12.4167360Z [2/7] dumps
2026-09-29T22:14:12.4167865Z   dumps(str): 1x in 0.02s
2026-09-29T22:14:12.4749746Z   dumps(bytes): 3x in 0.03s
2026-09-29T22:14:12.5041571Z   dumps(sample, bytes): 5x in 0.00s
2026-09-29T22:14:12.5301465Z   dumps(sample): 5x in 0.00s
2026-09-29T22:14:12.5534798Z   dumps(parsed sample, bytes): 2x in 0.00s
2026-09-29T22:14:12.6281561Z [3/7] load
2026-09-29T22:14:12.6281889Z   load(json): 1x in 0.05s
2026-09-29T22:14:12.7116537Z   load(ndjson): 1x in 0.06s
2026-09-29T22:14:12.7950707Z   load(ndjson, iterator): 1x in 0.06s
2026-09-29T22:14:12.8288689Z [4/7] dump
2026-09-29T22:14:12.8289028Z   dump(json): 3x in 0.00s
2026-09-29T22:14:12.8558280Z [5/7] query
2026-09-29T22:14:12.8558647Z   query $[0].name: 3x in 0.00s
2026-09-29T22:14:12.8793632Z   query $[*].id: 3x in 0.00s
2026-09-29T22:14:12.9014401Z   query $[*].items[*].sku: 3x in 0.00s
2026-09-29T22:14:12.9234182Z   query $..leaf: 3x in 0.00s
2026-09-29T22:14:12.9438744Z   query $[0:50].score: 3x in 0.00s
2026-09-29T22:14:12.9644195Z   query $[?(@.id > 100)].name: 3x in 0.00s
2026-09-29T22:14:12.9855859Z   query $[?(@.id <= 500)]: 3x in 0.00s
2026-09-29T22:14:13.0082652Z   query $[?(@.name == 'alpha')]: 3x in 0.00s
2026-09-29T22:14:13.0298824Z   query $[?(@.name != 'alpha')].id: 3x in 0.00s
2026-09-29T22:14:13.0510749Z   query $[?(@['id'] >= 0)].name: 3x in 0.00s
2026-09-29T22:14:13.0750228Z   query $[*].nested.child: 3x in 0.00s
2026-09-29T22:14:13.0985838Z   query $[*].tags[0]: 3x in 0.00s
2026-09-29T22:14:13.1204467Z   query $.*: 3x in 0.00s
2026-09-29T22:14:13.1409602Z   query(compiled): 5x in 0.00s
2026-09-29T22:14:13.1789914Z [6/7] search
2026-09-29T22:14:13.1790283Z   search json $[*].id: 1x in 0.02s
2026-09-29T22:14:13.2636839Z   search ndjson $[*].id: 1x in 0.06s
2026-09-29T22:14:13.3471947Z   search json $..leaf: 1x in 0.06s
2026-09-29T22:14:13.4331512Z   search ndjson $..leaf: 1x in 0.06s
2026-09-29T22:14:13.5151100Z   search json $[?(@.id > 100)].name: 1x in 0.05s
2026-09-29T22:14:13.5969305Z   search ndjson $[?(@.id > 100)].name: 1x in 0.06s
2026-09-29T22:14:13.6270415Z [7/7] folder mode
2026-09-29T22:14:13.6270824Z   dump(split_by): 1x in 0.00s
2026-09-29T22:14:13.6524237Z   load(folder): 1x in 0.00s
2026-09-29T22:14:13.6752607Z   search(folder): 1x in 0.00s
2026-09-29T22:14:13.6992580Z PGO training workload complete
2026-09-29T22:14:13.7080153Z ==> PGO: gate tests on the instrumented build
2026-09-29T22:14:13.7413878Z + /home/runner/work/strata/strata/.venv/bin/cmake -S . -B build/cmake -DCMAKE_BUILD_TYPE=Release
2026-09-29T22:14:13.9018334Z -- Configuring done (0.0s)
2026-09-29T22:14:13.9637669Z -- Generating done (0.1s)
2026-09-29T22:14:13.9644904Z -- Build files have been written to: /home/runner/work/strata/strata/build/cmake
2026-09-29T22:14:13.9657519Z + /home/runner/work/strata/strata/.venv/bin/cmake --build build/cmake --config Release
2026-09-29T22:14:14.1243031Z gmake[1]: Entering directory '/home/runner/work/strata/strata/build/cmake'
2026-09-29T22:14:14.1316390Z gmake[2]: Entering directory '/home/runner/work/strata/strata/build/cmake'
2026-09-29T22:14:14.1329640Z gmake[3]: Entering directory '/home/runner/work/strata/strata/build/cmake'
2026-09-29T22:14:14.1453444Z gmake[3]: Leaving directory '/home/runner/work/strata/strata/build/cmake'
2026-09-29T22:14:14.1495637Z gmake[3]: Entering directory '/home/runner/work/strata/strata/build/cmake'
2026-09-29T22:14:14.1524155Z [  0%] Linking CXX executable smoke_tests
2026-09-29T22:14:14.2170893Z gmake[3]: Leaving directory '/home/runner/work/strata/strata/build/cmake'
2026-09-29T22:14:14.2206599Z [  6%] Built target smoke_tests
2026-09-29T22:14:14.2225678Z gmake[3]: Entering directory '/home/runner/work/strata/strata/build/cmake'
2026-09-29T22:14:14.2354059Z gmake[3]: Leaving directory '/home/runner/work/strata/strata/build/cmake'
2026-09-29T22:14:14.2399121Z gmake[3]: Entering directory '/home/runner/work/strata/strata/build/cmake'
2026-09-29T22:14:14.2430632Z [  7%] Linking CXX executable json_core_tests
2026-09-29T22:14:14.3097649Z gmake[3]: Leaving directory '/home/runner/work/strata/strata/build/cmake'
2026-09-29T22:14:14.3134117Z [ 13%] Built target json_core_tests
2026-09-29T22:14:14.3152715Z gmake[3]: Entering directory '/home/runner/work/strata/strata/build/cmake'
2026-09-29T22:14:14.3280499Z gmake[3]: Leaving directory '/home/runner/work/strata/strata/build/cmake'
2026-09-29T22:14:14.3324480Z gmake[3]: Entering directory '/home/runner/work/strata/strata/build/cmake'
2026-09-29T22:14:14.3352952Z [ 13%] Linking CXX executable json_parse_tests
2026-09-29T22:14:14.4009053Z gmake[3]: Leaving directory '/home/runner/work/strata/strata/build/cmake'
2026-09-29T22:14:14.4045226Z [ 19%] Built target json_parse_tests
2026-09-29T22:14:14.4063434Z gmake[3]: Entering directory '/home/runner/work/strata/strata/build/cmake'
2026-09-29T22:14:14.4190117Z gmake[3]: Leaving directory '/home/runner/work/strata/strata/build/cmake'
2026-09-29T22:14:14.4232594Z gmake[3]: Entering directory '/home/runner/work/strata/strata/build/cmake'
2026-09-29T22:14:14.4262154Z [ 20%] Linking CXX executable fast_parse_tests
2026-09-29T22:14:14.4904662Z gmake[3]: Leaving directory '/home/runner/work/strata/strata/build/cmake'
2026-09-29T22:14:14.4940771Z [ 25%] Built target fast_parse_tests
2026-09-29T22:14:14.4959001Z gmake[3]: Entering directory '/home/runner/work/strata/strata/build/cmake'
2026-09-29T22:14:14.5082979Z gmake[3]: Leaving directory '/home/runner/work/strata/strata/build/cmake'
2026-09-29T22:14:14.5125340Z gmake[3]: Entering directory '/home/runner/work/strata/strata/build/cmake'
2026-09-29T22:14:14.5153897Z [ 26%] Linking CXX executable value_cursor_tests
2026-09-29T22:14:14.5806203Z gmake[3]: Leaving directory '/home/runner/work/strata/strata/build/cmake'
2026-09-29T22:14:14.5842297Z [ 32%] Built target value_cursor_tests
2026-09-29T22:14:14.5860560Z gmake[3]: Entering directory '/home/runner/work/strata/strata/build/cmake'
2026-09-29T22:14:14.5989996Z gmake[3]: Leaving directory '/home/runner/work/strata/strata/build/cmake'
2026-09-29T22:14:14.6032958Z gmake[3]: Entering directory '/home/runner/work/strata/strata/build/cmake'
2026-09-29T22:14:14.6061794Z [ 32%] Linking CXX executable json_serialize_tests
2026-09-29T22:14:14.6699527Z gmake[3]: Leaving directory '/home/runner/work/strata/strata/build/cmake'
2026-09-29T22:14:14.6736546Z [ 38%] Built target json_serialize_tests
2026-09-29T22:14:14.6754276Z gmake[3]: Entering directory '/home/runner/work/strata/strata/build/cmake'
2026-09-29T22:14:14.6895262Z gmake[3]: Leaving directory '/home/runner/work/strata/strata/build/cmake'
2026-09-29T22:14:14.6938872Z gmake[3]: Entering directory '/home/runner/work/strata/strata/build/cmake'
2026-09-29T22:14:14.6968778Z [ 39%] Linking CXX executable float_precision_tests
2026-09-29T22:14:14.7615189Z gmake[3]: Leaving directory '/home/runner/work/strata/strata/build/cmake'
2026-09-29T22:14:14.7652444Z [ 44%] Built target float_precision_tests
2026-09-29T22:14:14.7671128Z gmake[3]: Entering directory '/home/runner/work/strata/strata/build/cmake'
2026-09-29T22:14:14.7797437Z gmake[3]: Leaving directory '/home/runner/work/strata/strata/build/cmake'
2026-09-29T22:14:14.7840471Z gmake[3]: Entering directory '/home/runner/work/strata/strata/build/cmake'
2026-09-29T22:14:14.7871337Z [ 45%] Linking CXX executable json_cursor_tests
2026-09-29T22:14:14.8516283Z gmake[3]: Leaving directory '/home/runner/work/strata/strata/build/cmake'
2026-09-29T22:14:14.8552486Z [ 50%] Built target json_cursor_tests
2026-09-29T22:14:14.8571047Z gmake[3]: Entering directory '/home/runner/work/strata/strata/build/cmake'
2026-09-29T22:14:14.8697805Z gmake[3]: Leaving directory '/home/runner/work/strata/strata/build/cmake'
2026-09-29T22:14:14.8740895Z gmake[3]: Entering directory '/home/runner/work/strata/strata/build/cmake'
2026-09-29T22:14:14.8772222Z [ 51%] Linking CXX executable ndjson_tests
2026-09-29T22:14:14.9431641Z gmake[3]: Leaving directory '/home/runner/work/strata/strata/build/cmake'
2026-09-29T22:14:14.9470858Z [ 56%] Built target ndjson_tests
2026-09-29T22:14:14.9490621Z gmake[3]: Entering directory '/home/runner/work/strata/strata/build/cmake'
2026-09-29T22:14:14.9624877Z gmake[3]: Leaving directory '/home/runner/work/strata/strata/build/cmake'
2026-09-29T22:14:14.9669184Z gmake[3]: Entering directory '/home/runner/work/strata/strata/build/cmake'
2026-09-29T22:14:14.9701471Z [ 57%] Linking CXX executable jsonpath_tests
2026-09-29T22:14:15.0351777Z gmake[3]: Leaving directory '/home/runner/work/strata/strata/build/cmake'
2026-09-29T22:14:15.0388357Z [ 63%] Built target jsonpath_tests
2026-09-29T22:14:15.0406353Z gmake[3]: Entering directory '/home/runner/work/strata/strata/build/cmake'
2026-09-29T22:14:15.0533193Z gmake[3]: Leaving directory '/home/runner/work/strata/strata/build/cmake'
2026-09-29T22:14:15.0576131Z gmake[3]: Entering directory '/home/runner/work/strata/strata/build/cmake'
2026-09-29T22:14:15.0605982Z [ 63%] Linking CXX executable jsonpath_stream_tests
2026-09-29T22:14:15.1250341Z gmake[3]: Leaving directory '/home/runner/work/strata/strata/build/cmake'
2026-09-29T22:14:15.1286509Z [ 69%] Built target jsonpath_stream_tests
2026-09-29T22:14:15.1304076Z gmake[3]: Entering directory '/home/runner/work/strata/strata/build/cmake'
2026-09-29T22:14:15.1427665Z gmake[3]: Leaving directory '/home/runner/work/strata/strata/build/cmake'
2026-09-29T22:14:15.1469410Z gmake[3]: Entering directory '/home/runner/work/strata/strata/build/cmake'
2026-09-29T22:14:15.1498428Z [ 69%] Linking CXX executable scan_tests
2026-09-29T22:14:15.2148668Z gmake[3]: Leaving directory '/home/runner/work/strata/strata/build/cmake'
2026-09-29T22:14:15.2184284Z [ 75%] Built target scan_tests
2026-09-29T22:14:15.2202513Z gmake[3]: Entering directory '/home/runner/work/strata/strata/build/cmake'
2026-09-29T22:14:15.2329967Z gmake[3]: Leaving directory '/home/runner/work/strata/strata/build/cmake'
2026-09-29T22:14:15.2373273Z gmake[3]: Entering directory '/home/runner/work/strata/strata/build/cmake'
2026-09-29T22:14:15.2402736Z [ 75%] Linking CXX executable temporal_tests
2026-09-29T22:14:15.3036828Z gmake[3]: Leaving directory '/home/runner/work/strata/strata/build/cmake'
2026-09-29T22:14:15.3074208Z [ 81%] Built target temporal_tests
2026-09-29T22:14:15.3091639Z gmake[3]: Entering directory '/home/runner/work/strata/strata/build/cmake'
2026-09-29T22:14:15.3218625Z gmake[3]: Leaving directory '/home/runner/work/strata/strata/build/cmake'
2026-09-29T22:14:15.3261935Z gmake[3]: Entering directory '/home/runner/work/strata/strata/build/cmake'
2026-09-29T22:14:15.3292114Z [ 81%] Linking CXX executable folder_tests
2026-09-29T22:14:15.3945582Z gmake[3]: Leaving directory '/home/runner/work/strata/strata/build/cmake'
2026-09-29T22:14:15.3981701Z [ 87%] Built target folder_tests
2026-09-29T22:14:15.4000304Z gmake[3]: Entering directory '/home/runner/work/strata/strata/build/cmake'
2026-09-29T22:14:15.4126719Z gmake[3]: Leaving directory '/home/runner/work/strata/strata/build/cmake'
2026-09-29T22:14:15.4171782Z gmake[3]: Entering directory '/home/runner/work/strata/strata/build/cmake'
2026-09-29T22:14:15.4200716Z [ 87%] Linking CXX executable fuzz_corpus_tests
2026-09-29T22:14:15.4849879Z gmake[3]: Leaving directory '/home/runner/work/strata/strata/build/cmake'
2026-09-29T22:14:15.4889930Z [ 93%] Built target fuzz_corpus_tests
2026-09-29T22:14:15.4908826Z gmake[3]: Entering directory '/home/runner/work/strata/strata/build/cmake'
2026-09-29T22:14:15.5036835Z gmake[3]: Leaving directory '/home/runner/work/strata/strata/build/cmake'
2026-09-29T22:14:15.5082254Z gmake[3]: Entering directory '/home/runner/work/strata/strata/build/cmake'
2026-09-29T22:14:15.5115177Z [ 94%] Linking CXX executable stress_deep_tests
2026-09-29T22:14:15.5774665Z gmake[3]: Leaving directory '/home/runner/work/strata/strata/build/cmake'
2026-09-29T22:14:15.5813006Z [100%] Built target stress_deep_tests
2026-09-29T22:14:15.5817993Z gmake[2]: Leaving directory '/home/runner/work/strata/strata/build/cmake'
2026-09-29T22:14:15.5872959Z gmake[1]: Leaving directory '/home/runner/work/strata/strata/build/cmake'
2026-09-29T22:14:15.5883862Z + /home/runner/work/strata/strata/.venv/bin/ctest --test-dir build/cmake --build-config Release --output-on-failure --no-tests=error
2026-09-29T22:14:15.7402796Z Test project /home/runner/work/strata/strata/build/cmake
2026-09-29T22:14:15.7408996Z       Start  1: smoke_tests
2026-09-29T22:14:15.7427781Z  1/16 Test  #1: smoke_tests ......................   Passed    0.00 sec
2026-09-29T22:14:15.7429566Z       Start  2: json_core_tests
2026-09-29T22:14:15.7446219Z  2/16 Test  #2: json_core_tests ..................   Passed    0.00 sec
2026-09-29T22:14:15.7447620Z       Start  3: json_parse_tests
2026-09-29T22:14:15.7464019Z  3/16 Test  #3: json_parse_tests .................   Passed    0.00 sec
2026-09-29T22:14:15.7465450Z       Start  4: fast_parse_tests
2026-09-29T22:14:15.8189966Z  4/16 Test  #4: fast_parse_tests .................   Passed    0.07 sec
2026-09-29T22:14:15.8192043Z       Start  5: value_cursor_tests
2026-09-29T22:14:15.8269605Z  5/16 Test  #5: value_cursor_tests ...............   Passed    0.01 sec
2026-09-29T22:14:15.8270855Z       Start  6: json_serialize_tests
2026-09-29T22:14:15.8288755Z  6/16 Test  #6: json_serialize_tests .............   Passed    0.00 sec
2026-09-29T22:14:15.8290112Z       Start  7: float_precision_tests
2026-09-29T22:14:18.9107062Z  7/16 Test  #7: float_precision_tests ............   Passed    3.08 sec
2026-09-29T22:14:18.9110252Z       Start  8: json_cursor_tests
2026-09-29T22:14:18.9131125Z  8/16 Test  #8: json_cursor_tests ................   Passed    0.00 sec
2026-09-29T22:14:18.9132682Z       Start  9: ndjson_tests
2026-09-29T22:14:18.9182385Z  9/16 Test  #9: ndjson_tests .....................   Passed    0.00 sec
2026-09-29T22:14:18.9183738Z       Start 10: jsonpath_tests
2026-09-29T22:14:18.9200950Z 10/16 Test #10: jsonpath_tests ...................   Passed    0.00 sec
2026-09-29T22:14:18.9202197Z       Start 11: jsonpath_stream_tests
2026-09-29T22:14:18.9223017Z 11/16 Test #11: jsonpath_stream_tests ............   Passed    0.00 sec
2026-09-29T22:14:18.9224255Z       Start 12: scan_tests
2026-09-29T22:14:18.9402105Z 12/16 Test #12: scan_tests .......................   Passed    0.02 sec
2026-09-29T22:14:18.9403231Z       Start 13: temporal_tests
2026-09-29T22:14:18.9568066Z 13/16 Test #13: temporal_tests ...................   Passed    0.02 sec
2026-09-29T22:14:18.9569336Z       Start 14: folder_tests
2026-09-29T22:14:18.9614230Z 14/16 Test #14: folder_tests .....................   Passed    0.00 sec
2026-09-29T22:14:18.9616152Z       Start 15: fuzz_corpus_tests
2026-09-29T22:14:18.9657064Z 15/16 Test #15: fuzz_corpus_tests ................   Passed    0.00 sec
2026-09-29T22:14:18.9658365Z       Start 16: stress_deep_tests
2026-09-29T22:14:18.9690747Z 16/16 Test #16: stress_deep_tests ................   Passed    0.00 sec
2026-09-29T22:14:18.9715598Z 
2026-09-29T22:14:18.9715954Z 100% tests passed out of 16
2026-09-29T22:14:18.9716230Z 
2026-09-29T22:14:18.9716391Z Total Test time (real) =   3.23 sec
2026-09-29T22:14:19.0188009Z + pytest tests/py tests/unit --ignore=tests/unit/native_types --ignore=tests/py/native_types --basetemp=/tmp/pytest-of-runner/c_pz394e
2026-09-29T22:14:19.7170843Z ============================= test session starts ==============================
2026-09-29T22:14:19.7171629Z platform linux -- Python 3.12.14, pytest-9.1.1, pluggy-1.6.0
2026-09-29T22:14:19.7172339Z rootdir: /home/runner/work/strata/strata
2026-09-29T22:14:19.7172921Z configfile: pyproject.toml
2026-09-29T22:14:19.7173416Z plugins: platformdirs-4.12.2, cov-7.1.0
2026-09-29T22:14:19.7173924Z collected 3183 items
2026-09-29T22:14:19.7382291Z 
2026-09-29T22:14:19.7382818Z tests/py/test_dumps_brace_fold.py .........                              [  0%]
2026-09-29T22:14:19.7786551Z tests/py/test_dumps_cycles_fused.py .................................... [  1%]
2026-09-29T22:14:19.8381582Z ....................................................                     [  3%]
2026-09-29T22:14:20.0807677Z tests/py/test_dumps_general_tables.py ............................       [  3%]
2026-09-29T22:14:20.5134169Z tests/py/test_dumps_with_default.py .................................... [  5%]
2026-09-29T22:14:20.7711865Z .............................ss                                          [  6%]
2026-09-29T22:14:20.8074295Z tests/py/test_dumps_with_default_contract.py ........................... [  6%]
2026-09-29T22:14:20.9093942Z ........................................................................ [  9%]
2026-09-29T22:14:21.0112198Z ........................................................................ [ 11%]
2026-09-29T22:14:21.0674975Z ..........................                                               [ 12%]
2026-09-29T22:14:21.0719728Z tests/py/test_fused_verification.py ..                                   [ 12%]
2026-09-29T22:14:21.1054621Z tests/py/test_json_parity.py ........................................... [ 13%]
2026-09-29T22:14:21.1606977Z ........................................................................ [ 15%]
2026-09-29T22:14:21.2168219Z ........................................................................ [ 18%]
2026-09-29T22:14:21.2720478Z ........................................................................ [ 20%]
2026-09-29T22:14:21.3279709Z ........................................................................ [ 22%]
2026-09-29T22:14:21.3824380Z ........................................................................ [ 24%]
2026-09-29T22:14:21.4369137Z ........................................................................ [ 27%]
2026-09-29T22:14:21.4904746Z ........................................................................ [ 29%]
2026-09-29T22:14:21.5440723Z ........................................................................ [ 31%]
2026-09-29T22:14:21.5980759Z ........................................................................ [ 33%]
2026-09-29T22:14:21.6510590Z ........................................................................ [ 36%]
2026-09-29T22:14:21.7040349Z ........................................................................ [ 38%]
2026-09-29T22:14:21.7571023Z ........................................................................ [ 40%]
2026-09-29T22:14:21.8093718Z ........................................................................ [ 43%]
2026-09-29T22:14:21.8613699Z ........................................................................ [ 45%]
2026-09-29T22:14:21.9138501Z ........................................................................ [ 47%]
2026-09-29T22:14:21.9661942Z ........................................................................ [ 49%]
2026-09-29T22:14:21.9945014Z .................................                                        [ 50%]
2026-09-29T22:14:22.0393482Z tests/py/test_path_dispatch.py ................................          [ 51%]
2026-09-29T22:14:22.0413653Z tests/py/test_py_tests_basetemp.py ..                                    [ 51%]
2026-09-29T22:14:22.0435967Z tests/py/test_smoke.py ...                                               [ 52%]
2026-09-29T22:14:22.4803286Z tests/unit/test_ab_analysis.py ......................................    [ 53%]
2026-09-29T22:14:22.4949980Z tests/unit/test_build_manifest.py ...........                            [ 53%]
2026-09-29T22:14:22.5083426Z tests/unit/test_canonical_builds.py ....                                 [ 53%]
2026-09-29T22:14:22.7170434Z tests/unit/test_ci_fetch.py ........................                     [ 54%]
2026-09-29T22:14:22.8133380Z tests/unit/test_ci_summary.py .......................                    [ 55%]
2026-09-29T22:14:22.8331249Z tests/unit/test_config.py ...........................                    [ 56%]
2026-09-29T22:14:22.8520022Z tests/unit/test_core_purity.py ....                                      [ 56%]
2026-09-29T22:14:22.8641501Z tests/unit/test_cross_sample.py ......                                   [ 56%]
2026-09-29T22:14:22.9214245Z tests/unit/test_dumps.py ............................................... [ 57%]
2026-09-29T22:14:22.9376922Z ..........                                                               [ 58%]
2026-09-29T22:14:22.9575496Z tests/unit/test_dumps_brace_fold.py .........                            [ 58%]
2026-09-29T22:14:23.1791318Z tests/unit/test_dumps_cold_start.py ....                                 [ 58%]
2026-09-29T22:14:23.2151392Z tests/unit/test_dumps_contract.py ...................................... [ 59%]
2026-09-29T22:14:23.2772444Z .............................................................            [ 61%]
2026-09-29T22:14:23.3118747Z tests/unit/test_dumps_cycles_fused.py .................................. [ 62%]
2026-09-29T22:14:23.3703152Z ......................................................                   [ 64%]
2026-09-29T22:14:23.6337496Z tests/unit/test_dumps_general_tables.py ............................     [ 65%]
2026-09-29T22:14:24.0280981Z tests/unit/test_dumps_latch.py ............................              [ 66%]
2026-09-29T22:14:24.1094647Z tests/unit/test_dumps_private_cache.py ................................  [ 67%]
2026-09-29T22:14:24.7053885Z tests/unit/test_dumps_reentrancy.py .................................... [ 68%]
2026-09-29T22:14:25.8660880Z ......................................................................   [ 70%]
2026-09-29T22:14:26.6336794Z tests/unit/test_dumps_reentrancy_review.py ............................. [ 71%]
2026-09-29T22:14:26.8195507Z ..                                                                       [ 71%]
2026-09-29T22:14:26.8733982Z tests/unit/test_dumps_schema_failure.py ...........................      [ 72%]
2026-09-29T22:14:27.3190128Z tests/unit/test_dumps_user_step_counter.py ..........................    [ 73%]
2026-09-29T22:14:27.3482453Z tests/unit/test_dumps_with_default.py .................................. [ 74%]
2026-09-29T22:14:27.4084144Z ........................................................................ [ 76%]
2026-09-29T22:14:27.5495078Z .........................................................                [ 78%]
2026-09-29T22:14:27.5719369Z tests/unit/test_dumps_with_default_state.py ............................ [ 79%]
2026-09-29T22:14:27.6622657Z ........................................................................ [ 81%]
2026-09-29T22:14:27.8025493Z ..............                                                           [ 81%]
2026-09-29T22:14:27.8786790Z tests/unit/test_folder.py .............................................. [ 83%]
2026-09-29T22:14:27.9581274Z .........................................                                [ 84%]
2026-09-29T22:14:27.9622978Z tests/unit/test_fused_verification.py ..                                 [ 84%]
2026-09-29T22:14:28.0159335Z tests/unit/test_hook_build_scope.py ...............................      [ 85%]
2026-09-29T22:14:28.1170820Z tests/unit/test_json_cursor.py ...........................               [ 86%]
2026-09-29T22:14:28.1479237Z tests/unit/test_jsonpath.py ............................................ [ 87%]
2026-09-29T22:14:28.2760059Z .......................................................................  [ 90%]
2026-09-29T22:14:28.3690887Z tests/unit/test_load_dump.py ........................................... [ 91%]
2026-09-29T22:14:28.3696870Z                                                                          [ 91%]
2026-09-29T22:14:28.4041921Z tests/unit/test_loads.py ............................................... [ 92%]
2026-09-29T22:14:28.4987998Z ........................................................................ [ 95%]
2026-09-29T22:14:29.5607980Z ................                                                         [ 95%]
2026-09-29T22:14:29.5670610Z tests/unit/test_native_interleaved_profile.py ...                        [ 95%]
2026-09-29T22:14:29.6442339Z tests/unit/test_nested_container_probe.py ....                           [ 95%]
2026-09-29T22:14:29.7044495Z tests/unit/test_path_dispatch.py ................................        [ 96%]
2026-09-29T22:14:29.7451421Z tests/unit/test_provenance.py ..................                         [ 97%]
2026-09-29T22:14:29.8038959Z tests/unit/test_regression_check.py ..........................           [ 98%]
2026-09-29T22:14:29.9639384Z tests/unit/test_search_stream.py .................                       [ 98%]
2026-09-29T22:14:29.9649900Z tests/unit/test_string_identity_probe.py .                               [ 98%]
2026-09-29T22:14:30.0469773Z tests/unit/test_supplementary.py .............                           [ 99%]
2026-09-29T22:14:30.1069673Z tests/unit/test_supportability_check.py ....................             [ 99%]
2026-09-29T22:14:30.1812120Z tests/unit/test_version.py ....                                          [100%]
2026-09-29T22:14:30.1812535Z 
2026-09-29T22:14:30.1812731Z ======================= 3181 passed, 2 skipped in 10.88s =======================
2026-09-29T22:14:30.3453283Z ==> PGO: merging 17 raw profiles
2026-09-29T22:14:30.5849692Z ==> PGO phase 2: optimized build (profile + LTO)
2026-09-29T22:14:30.9032193Z Obtaining file:///home/runner/work/strata/strata
2026-09-29T22:14:30.9053021Z   Installing build dependencies: started
2026-09-29T22:14:32.7045093Z   Installing build dependencies: finished with status 'done'
2026-09-29T22:14:32.7050702Z   Checking if build backend supports build_editable: started
2026-09-29T22:14:32.9948835Z   Checking if build backend supports build_editable: finished with status 'done'
2026-09-29T22:14:32.9957323Z   Getting requirements to build editable: started
2026-09-29T22:14:33.3823916Z   Getting requirements to build editable: finished with status 'done'
2026-09-29T22:14:33.3833375Z   Preparing editable metadata (pyproject.toml): started
2026-09-29T22:14:33.6279550Z   Preparing editable metadata (pyproject.toml): finished with status 'done'
2026-09-29T22:14:33.6336057Z Building wheels for collected packages: strata
2026-09-29T22:14:33.6343593Z   Building editable for strata (pyproject.toml): started
2026-09-29T22:15:33.6718495Z   Building editable for strata (pyproject.toml): still running...
2026-09-29T22:15:46.4760696Z   Building editable for strata (pyproject.toml): finished with status 'done'
2026-09-29T22:15:46.4770445Z   Created wheel for strata: filename=strata-2026.8.10-0.editable-cp312-cp312-linux_x86_64.whl size=4445 sha256=7dba8fc7f13fc62b095db7b1c43f9d88a965b95f51819cdb09c7333f2e10ef98
2026-09-29T22:15:46.4773025Z   Stored in directory: /tmp/pip-ephem-wheel-cache-iv82b7a2/wheels/ab/73/9c/71109b0f5a731622820d2f6d25f1f3cfd677e39fdd3b3110b6
2026-09-29T22:15:46.4799430Z Successfully built strata
2026-09-29T22:15:46.4912942Z Installing collected packages: strata
2026-09-29T22:15:46.4914879Z   Attempting uninstall: strata
2026-09-29T22:15:46.4936525Z     Found existing installation: strata 2026.8.10
2026-09-29T22:15:46.4953625Z     Uninstalling strata-2026.8.10:
2026-09-29T22:15:46.5243274Z       Successfully uninstalled strata-2026.8.10
2026-09-29T22:15:46.5354578Z Successfully installed strata-2026.8.10
2026-09-29T22:15:47.3774586Z ==> PGO: the hook image must carry no profile
2026-09-29T22:15:47.4283860Z + strata._dumps_hook is unprofiled: _dumps_hook.cpython-312-x86_64-linux-gnu.so.build.json records no profile or profile flag,
2026-09-29T22:15:47.4284896Z   and the image links no profile runtime
2026-09-29T22:15:47.4348422Z ==> PGO: gate tests on the optimized build
2026-09-29T22:15:47.4682153Z + /home/runner/work/strata/strata/.venv/bin/cmake -S . -B build/cmake -DCMAKE_BUILD_TYPE=Release
2026-09-29T22:15:47.6333780Z -- Configuring done (0.0s)
2026-09-29T22:15:47.6973716Z -- Generating done (0.1s)
2026-09-29T22:15:47.6979413Z -- Build files have been written to: /home/runner/work/strata/strata/build/cmake
2026-09-29T22:15:47.6993446Z + /home/runner/work/strata/strata/.venv/bin/cmake --build build/cmake --config Release
2026-09-29T22:15:47.8567168Z gmake[1]: Entering directory '/home/runner/work/strata/strata/build/cmake'
2026-09-29T22:15:47.8643089Z gmake[2]: Entering directory '/home/runner/work/strata/strata/build/cmake'
2026-09-29T22:15:47.8656084Z gmake[3]: Entering directory '/home/runner/work/strata/strata/build/cmake'
2026-09-29T22:15:47.8782322Z gmake[3]: Leaving directory '/home/runner/work/strata/strata/build/cmake'
2026-09-29T22:15:47.8826388Z gmake[3]: Entering directory '/home/runner/work/strata/strata/build/cmake'
2026-09-29T22:15:47.8856141Z [  0%] Linking CXX executable smoke_tests
2026-09-29T22:15:47.9509077Z gmake[3]: Leaving directory '/home/runner/work/strata/strata/build/cmake'
2026-09-29T22:15:47.9545214Z [  6%] Built target smoke_tests
2026-09-29T22:15:47.9563760Z gmake[3]: Entering directory '/home/runner/work/strata/strata/build/cmake'
2026-09-29T22:15:47.9715149Z gmake[3]: Leaving directory '/home/runner/work/strata/strata/build/cmake'
2026-09-29T22:15:47.9758132Z gmake[3]: Entering directory '/home/runner/work/strata/strata/build/cmake'
2026-09-29T22:15:47.9788254Z [  7%] Linking CXX executable json_core_tests
2026-09-29T22:15:48.0467101Z gmake[3]: Leaving directory '/home/runner/work/strata/strata/build/cmake'
2026-09-29T22:15:48.0505242Z [ 13%] Built target json_core_tests
2026-09-29T22:15:48.0523777Z gmake[3]: Entering directory '/home/runner/work/strata/strata/build/cmake'
2026-09-29T22:15:48.0654177Z gmake[3]: Leaving directory '/home/runner/work/strata/strata/build/cmake'
2026-09-29T22:15:48.0698100Z gmake[3]: Entering directory '/home/runner/work/strata/strata/build/cmake'
2026-09-29T22:15:48.0729363Z [ 13%] Linking CXX executable json_parse_tests
2026-09-29T22:15:48.1402290Z gmake[3]: Leaving directory '/home/runner/work/strata/strata/build/cmake'
2026-09-29T22:15:48.1439518Z [ 19%] Built target json_parse_tests
2026-09-29T22:15:48.1458138Z gmake[3]: Entering directory '/home/runner/work/strata/strata/build/cmake'
2026-09-29T22:15:48.1587025Z gmake[3]: Leaving directory '/home/runner/work/strata/strata/build/cmake'
2026-09-29T22:15:48.1631455Z gmake[3]: Entering directory '/home/runner/work/strata/strata/build/cmake'
2026-09-29T22:15:48.1664474Z [ 20%] Linking CXX executable fast_parse_tests
2026-09-29T22:15:48.2339697Z gmake[3]: Leaving directory '/home/runner/work/strata/strata/build/cmake'
2026-09-29T22:15:48.2379632Z [ 25%] Built target fast_parse_tests
2026-09-29T22:15:48.2399001Z gmake[3]: Entering directory '/home/runner/work/strata/strata/build/cmake'
2026-09-29T22:15:48.2531967Z gmake[3]: Leaving directory '/home/runner/work/strata/strata/build/cmake'
2026-09-29T22:15:48.2575467Z gmake[3]: Entering directory '/home/runner/work/strata/strata/build/cmake'
2026-09-29T22:15:48.2607300Z [ 26%] Linking CXX executable value_cursor_tests
2026-09-29T22:15:48.3279502Z gmake[3]: Leaving directory '/home/runner/work/strata/strata/build/cmake'
2026-09-29T22:15:48.3318565Z [ 32%] Built target value_cursor_tests
2026-09-29T22:15:48.3346151Z gmake[3]: Entering directory '/home/runner/work/strata/strata/build/cmake'
2026-09-29T22:15:48.3474643Z gmake[3]: Leaving directory '/home/runner/work/strata/strata/build/cmake'
2026-09-29T22:15:48.3520436Z gmake[3]: Entering directory '/home/runner/work/strata/strata/build/cmake'
2026-09-29T22:15:48.3551107Z [ 32%] Linking CXX executable json_serialize_tests
2026-09-29T22:15:48.4201378Z gmake[3]: Leaving directory '/home/runner/work/strata/strata/build/cmake'
2026-09-29T22:15:48.4238193Z [ 38%] Built target json_serialize_tests
2026-09-29T22:15:48.4257045Z gmake[3]: Entering directory '/home/runner/work/strata/strata/build/cmake'
2026-09-29T22:15:48.4386870Z gmake[3]: Leaving directory '/home/runner/work/strata/strata/build/cmake'
2026-09-29T22:15:48.4433517Z gmake[3]: Entering directory '/home/runner/work/strata/strata/build/cmake'
2026-09-29T22:15:48.4467181Z [ 39%] Linking CXX executable float_precision_tests
2026-09-29T22:15:48.5117624Z gmake[3]: Leaving directory '/home/runner/work/strata/strata/build/cmake'
2026-09-29T22:15:48.5156407Z [ 44%] Built target float_precision_tests
2026-09-29T22:15:48.5174651Z gmake[3]: Entering directory '/home/runner/work/strata/strata/build/cmake'
2026-09-29T22:15:48.5303284Z gmake[3]: Leaving directory '/home/runner/work/strata/strata/build/cmake'
2026-09-29T22:15:48.5347525Z gmake[3]: Entering directory '/home/runner/work/strata/strata/build/cmake'
2026-09-29T22:15:48.5378835Z [ 45%] Linking CXX executable json_cursor_tests
2026-09-29T22:15:48.6033484Z gmake[3]: Leaving directory '/home/runner/work/strata/strata/build/cmake'
2026-09-29T22:15:48.6070428Z [ 50%] Built target json_cursor_tests
2026-09-29T22:15:48.6088764Z gmake[3]: Entering directory '/home/runner/work/strata/strata/build/cmake'
2026-09-29T22:15:48.6215269Z gmake[3]: Leaving directory '/home/runner/work/strata/strata/build/cmake'
2026-09-29T22:15:48.6258103Z gmake[3]: Entering directory '/home/runner/work/strata/strata/build/cmake'
2026-09-29T22:15:48.6288843Z [ 51%] Linking CXX executable ndjson_tests
2026-09-29T22:15:48.6945093Z gmake[3]: Leaving directory '/home/runner/work/strata/strata/build/cmake'
2026-09-29T22:15:48.6982722Z [ 56%] Built target ndjson_tests
2026-09-29T22:15:48.7001591Z gmake[3]: Entering directory '/home/runner/work/strata/strata/build/cmake'
2026-09-29T22:15:48.7130000Z gmake[3]: Leaving directory '/home/runner/work/strata/strata/build/cmake'
2026-09-29T22:15:48.7173622Z gmake[3]: Entering directory '/home/runner/work/strata/strata/build/cmake'
2026-09-29T22:15:48.7204310Z [ 57%] Linking CXX executable jsonpath_tests
2026-09-29T22:15:48.7856896Z gmake[3]: Leaving directory '/home/runner/work/strata/strata/build/cmake'
2026-09-29T22:15:48.7894217Z [ 63%] Built target jsonpath_tests
2026-09-29T22:15:48.7913141Z gmake[3]: Entering directory '/home/runner/work/strata/strata/build/cmake'
2026-09-29T22:15:48.8040220Z gmake[3]: Leaving directory '/home/runner/work/strata/strata/build/cmake'
2026-09-29T22:15:48.8084246Z gmake[3]: Entering directory '/home/runner/work/strata/strata/build/cmake'
2026-09-29T22:15:48.8115459Z [ 63%] Linking CXX executable jsonpath_stream_tests
2026-09-29T22:15:48.8776458Z gmake[3]: Leaving directory '/home/runner/work/strata/strata/build/cmake'
2026-09-29T22:15:48.8813466Z [ 69%] Built target jsonpath_stream_tests
2026-09-29T22:15:48.8831470Z gmake[3]: Entering directory '/home/runner/work/strata/strata/build/cmake'
2026-09-29T22:15:48.8957254Z gmake[3]: Leaving directory '/home/runner/work/strata/strata/build/cmake'
2026-09-29T22:15:48.9001436Z gmake[3]: Entering directory '/home/runner/work/strata/strata/build/cmake'
2026-09-29T22:15:48.9033779Z [ 69%] Linking CXX executable scan_tests
2026-09-29T22:15:48.9737663Z gmake[3]: Leaving directory '/home/runner/work/strata/strata/build/cmake'
2026-09-29T22:15:48.9775279Z [ 75%] Built target scan_tests
2026-09-29T22:15:48.9793727Z gmake[3]: Entering directory '/home/runner/work/strata/strata/build/cmake'
2026-09-29T22:15:48.9924088Z gmake[3]: Leaving directory '/home/runner/work/strata/strata/build/cmake'
2026-09-29T22:15:48.9971688Z gmake[3]: Entering directory '/home/runner/work/strata/strata/build/cmake'
2026-09-29T22:15:49.0004035Z [ 75%] Linking CXX executable temporal_tests
2026-09-29T22:15:49.0665199Z gmake[3]: Leaving directory '/home/runner/work/strata/strata/build/cmake'
2026-09-29T22:15:49.0703134Z [ 81%] Built target temporal_tests
2026-09-29T22:15:49.0721715Z gmake[3]: Entering directory '/home/runner/work/strata/strata/build/cmake'
2026-09-29T22:15:49.0854030Z gmake[3]: Leaving directory '/home/runner/work/strata/strata/build/cmake'
2026-09-29T22:15:49.0899311Z gmake[3]: Entering directory '/home/runner/work/strata/strata/build/cmake'
2026-09-29T22:15:49.0931750Z [ 81%] Linking CXX executable folder_tests
2026-09-29T22:15:49.1594276Z gmake[3]: Leaving directory '/home/runner/work/strata/strata/build/cmake'
2026-09-29T22:15:49.1631758Z [ 87%] Built target folder_tests
2026-09-29T22:15:49.1650752Z gmake[3]: Entering directory '/home/runner/work/strata/strata/build/cmake'
2026-09-29T22:15:49.1780644Z gmake[3]: Leaving directory '/home/runner/work/strata/strata/build/cmake'
2026-09-29T22:15:49.1824327Z gmake[3]: Entering directory '/home/runner/work/strata/strata/build/cmake'
2026-09-29T22:15:49.1853773Z [ 87%] Linking CXX executable fuzz_corpus_tests
2026-09-29T22:15:49.2512821Z gmake[3]: Leaving directory '/home/runner/work/strata/strata/build/cmake'
2026-09-29T22:15:49.2550344Z [ 93%] Built target fuzz_corpus_tests
2026-09-29T22:15:49.2570410Z gmake[3]: Entering directory '/home/runner/work/strata/strata/build/cmake'
2026-09-29T22:15:49.2697355Z gmake[3]: Leaving directory '/home/runner/work/strata/strata/build/cmake'
2026-09-29T22:15:49.2741039Z gmake[3]: Entering directory '/home/runner/work/strata/strata/build/cmake'
2026-09-29T22:15:49.2772307Z [ 94%] Linking CXX executable stress_deep_tests
2026-09-29T22:15:49.3427490Z gmake[3]: Leaving directory '/home/runner/work/strata/strata/build/cmake'
2026-09-29T22:15:49.3465648Z [100%] Built target stress_deep_tests
2026-09-29T22:15:49.3471044Z gmake[2]: Leaving directory '/home/runner/work/strata/strata/build/cmake'
2026-09-29T22:15:49.3534670Z gmake[1]: Leaving directory '/home/runner/work/strata/strata/build/cmake'
2026-09-29T22:15:49.3546051Z + /home/runner/work/strata/strata/.venv/bin/ctest --test-dir build/cmake --build-config Release --output-on-failure --no-tests=error
2026-09-29T22:15:49.5095176Z Test project /home/runner/work/strata/strata/build/cmake
2026-09-29T22:15:49.5101106Z       Start  1: smoke_tests
2026-09-29T22:15:49.5119105Z  1/16 Test  #1: smoke_tests ......................   Passed    0.00 sec
2026-09-29T22:15:49.5120887Z       Start  2: json_core_tests
2026-09-29T22:15:49.5137751Z  2/16 Test  #2: json_core_tests ..................   Passed    0.00 sec
2026-09-29T22:15:49.5139353Z       Start  3: json_parse_tests
2026-09-29T22:15:49.5156228Z  3/16 Test  #3: json_parse_tests .................   Passed    0.00 sec
2026-09-29T22:15:49.5157918Z       Start  4: fast_parse_tests
2026-09-29T22:15:49.5878034Z  4/16 Test  #4: fast_parse_tests .................   Passed    0.07 sec
2026-09-29T22:15:49.5879615Z       Start  5: value_cursor_tests
2026-09-29T22:15:49.5957823Z  5/16 Test  #5: value_cursor_tests ...............   Passed    0.01 sec
2026-09-29T22:15:49.5959391Z       Start  6: json_serialize_tests
2026-09-29T22:15:49.5977317Z  6/16 Test  #6: json_serialize_tests .............   Passed    0.00 sec
2026-09-29T22:15:49.5978864Z       Start  7: float_precision_tests
2026-09-29T22:15:52.6760551Z  7/16 Test  #7: float_precision_tests ............   Passed    3.08 sec
2026-09-29T22:15:52.6762560Z       Start  8: json_cursor_tests
2026-09-29T22:15:52.6784277Z  8/16 Test  #8: json_cursor_tests ................   Passed    0.00 sec
2026-09-29T22:15:52.6785977Z       Start  9: ndjson_tests
2026-09-29T22:15:52.6836181Z  9/16 Test  #9: ndjson_tests .....................   Passed    0.00 sec
2026-09-29T22:15:52.6837869Z       Start 10: jsonpath_tests
2026-09-29T22:15:52.6855998Z 10/16 Test #10: jsonpath_tests ...................   Passed    0.00 sec
2026-09-29T22:15:52.6857614Z       Start 11: jsonpath_stream_tests
2026-09-29T22:15:52.6879247Z 11/16 Test #11: jsonpath_stream_tests ............   Passed    0.00 sec
2026-09-29T22:15:52.6880601Z       Start 12: scan_tests
2026-09-29T22:15:52.7059830Z 12/16 Test #12: scan_tests .......................   Passed    0.02 sec
2026-09-29T22:15:52.7061155Z       Start 13: temporal_tests
2026-09-29T22:15:52.7242495Z 13/16 Test #13: temporal_tests ...................   Passed    0.02 sec
2026-09-29T22:15:52.7243879Z       Start 14: folder_tests
2026-09-29T22:15:52.7289248Z 14/16 Test #14: folder_tests .....................   Passed    0.00 sec
2026-09-29T22:15:52.7290578Z       Start 15: fuzz_corpus_tests
2026-09-29T22:15:52.7332911Z 15/16 Test #15: fuzz_corpus_tests ................   Passed    0.00 sec
2026-09-29T22:15:52.7334246Z       Start 16: stress_deep_tests
2026-09-29T22:15:52.7367972Z 16/16 Test #16: stress_deep_tests ................   Passed    0.00 sec
2026-09-29T22:15:52.7373303Z 
2026-09-29T22:15:52.7373615Z 100% tests passed out of 16
2026-09-29T22:15:52.7373849Z 
2026-09-29T22:15:52.7373953Z Total Test time (real) =   3.23 sec
2026-09-29T22:15:52.7814815Z + pytest tests/py tests/unit --basetemp=/tmp/pytest-of-runner/lfc_a4et
2026-09-29T22:15:53.5892335Z ============================= test session starts ==============================
2026-09-29T22:15:53.5893059Z platform linux -- Python 3.12.14, pytest-9.1.1, pluggy-1.6.0
2026-09-29T22:15:53.5893518Z rootdir: /home/runner/work/strata/strata
2026-09-29T22:15:53.5894517Z configfile: pyproject.toml
2026-09-29T22:15:53.5894853Z plugins: platformdirs-4.12.2, cov-7.1.0
2026-09-29T22:15:53.5895181Z collected 3924 items
2026-09-29T22:15:53.5895342Z 
2026-09-29T22:15:53.6080477Z tests/py/native_types/test_native_dump.py ..............                 [  0%]
2026-09-29T22:15:53.7120895Z tests/py/native_types/test_native_fast_paths.py ........ssssssssss...... [  0%]
2026-09-29T22:15:53.9767452Z .............................                                            [  1%]
2026-09-29T22:15:54.0438938Z tests/py/native_types/test_native_import.py ...                          [  1%]
2026-09-29T22:15:54.0926460Z tests/py/native_types/test_native_opt_out.py ........................... [  2%]
2026-09-29T22:15:54.0932436Z                                                                          [  2%]
2026-09-29T22:15:54.1971067Z tests/py/native_types/test_native_oracle.py .........                    [  2%]
2026-09-29T22:15:54.6617378Z tests/py/native_types/test_native_reentrancy.py ........................ [  3%]
2026-09-29T22:15:55.6523685Z ..................................................                       [  4%]
2026-09-29T22:15:55.6950538Z tests/py/native_types/test_parse_types.py .............................. [  5%]
2026-09-29T22:15:56.0994216Z ............................................................             [  6%]
2026-09-29T22:15:56.1189244Z tests/py/test_dumps_brace_fold.py .........                              [  7%]
2026-09-29T22:15:56.1555311Z tests/py/test_dumps_cycles_fused.py .................................... [  8%]
2026-09-29T22:15:56.2136213Z ....................................................                     [  9%]
2026-09-29T22:15:56.5142479Z tests/py/test_dumps_general_tables.py ............................       [ 10%]
2026-09-29T22:15:57.1947397Z tests/py/test_dumps_with_default.py .................................... [ 10%]
2026-09-29T22:15:57.5918736Z .............................ss                                          [ 11%]
2026-09-29T22:15:57.6281130Z tests/py/test_dumps_with_default_contract.py ........................... [ 12%]
2026-09-29T22:15:57.7284804Z ........................................................................ [ 14%]
2026-09-29T22:15:57.8307409Z ........................................................................ [ 16%]
2026-09-29T22:15:57.8853346Z ..........................                                               [ 16%]
2026-09-29T22:15:57.8893372Z tests/py/test_fused_verification.py ..                                   [ 16%]
2026-09-29T22:15:57.9223914Z tests/py/test_json_parity.py ........................................... [ 17%]
2026-09-29T22:15:57.9760874Z ........................................................................ [ 19%]
2026-09-29T22:15:58.0301598Z ........................................................................ [ 21%]
2026-09-29T22:15:58.0840060Z ........................................................................ [ 23%]
2026-09-29T22:15:58.1378711Z ........................................................................ [ 25%]
2026-09-29T22:15:58.1907654Z ........................................................................ [ 27%]
2026-09-29T22:15:58.2438986Z ........................................................................ [ 28%]
2026-09-29T22:15:58.2962061Z ........................................................................ [ 30%]
2026-09-29T22:15:58.3484625Z ........................................................................ [ 32%]
2026-09-29T22:15:58.4024822Z ........................................................................ [ 34%]
2026-09-29T22:15:58.4568747Z ........................................................................ [ 36%]
2026-09-29T22:15:58.5109240Z ........................................................................ [ 38%]
2026-09-29T22:15:58.5621995Z ........................................................................ [ 39%]
2026-09-29T22:15:58.6132729Z ........................................................................ [ 41%]
2026-09-29T22:15:58.6643580Z ........................................................................ [ 43%]
2026-09-29T22:15:58.7161761Z ........................................................................ [ 45%]
2026-09-29T22:15:58.7682809Z ........................................................................ [ 47%]
2026-09-29T22:15:58.7964070Z .................................                                        [ 48%]
2026-09-29T22:15:58.8439486Z tests/py/test_path_dispatch.py ................................          [ 48%]
2026-09-29T22:15:58.8460558Z tests/py/test_py_tests_basetemp.py ..                                    [ 49%]
2026-09-29T22:15:58.8484011Z tests/py/test_smoke.py ...                                               [ 49%]
2026-09-29T22:15:58.8742806Z tests/unit/native_types/test_build_sources.py .......                    [ 49%]
2026-09-29T22:15:59.0280844Z tests/unit/native_types/test_hook_import_gating.py .......               [ 49%]
2026-09-29T22:15:59.1159069Z tests/unit/native_types/test_hook_profile_build.py ...............       [ 49%]
2026-09-29T22:15:59.1279049Z tests/unit/native_types/test_native_benchmark_agreement.py ...........   [ 50%]
2026-09-29T22:15:59.2484056Z tests/unit/native_types/test_native_benchmark_dataset.py .....           [ 50%]
2026-09-29T22:15:59.2538675Z tests/unit/native_types/test_native_benchmark_rows.py .......            [ 50%]
2026-09-29T22:15:59.2713108Z tests/unit/native_types/test_native_ci_fetch.py ....                     [ 50%]
2026-09-29T22:15:59.2850272Z tests/unit/native_types/test_native_ci_summary.py .....                  [ 50%]
2026-09-29T22:15:59.3379487Z tests/unit/native_types/test_native_flag.py ..........................s. [ 51%]
2026-09-29T22:15:59.3795352Z ..                                                                       [ 51%]
2026-09-29T22:15:59.3948230Z tests/unit/native_types/test_native_identity_ab.py .......               [ 51%]
2026-09-29T22:15:59.4201662Z tests/unit/native_types/test_native_opt_out.py ......................... [ 52%]
2026-09-29T22:15:59.4922650Z ........................................................................ [ 54%]
2026-09-29T22:15:59.5392637Z ..................................................                       [ 55%]
2026-09-29T22:15:59.5575183Z tests/unit/native_types/test_parse_contract.py ......................... [ 55%]
2026-09-29T22:15:59.6339363Z .................................................                        [ 57%]
2026-09-29T22:15:59.6499900Z tests/unit/native_types/test_serializer_contract.py .................... [ 57%]
2026-09-29T22:16:00.1400561Z ........................................................................ [ 59%]
2026-09-29T22:16:00.1905443Z ................................................                         [ 60%]
2026-09-29T22:16:00.2460574Z tests/unit/native_types/test_training_scope.py ............              [ 61%]
2026-09-29T22:16:00.6985934Z tests/unit/test_ab_analysis.py ......................................    [ 62%]
2026-09-29T22:16:00.7137940Z tests/unit/test_build_manifest.py ...........                            [ 62%]
2026-09-29T22:16:00.7280124Z tests/unit/test_canonical_builds.py ....                                 [ 62%]
2026-09-29T22:16:00.9438104Z tests/unit/test_ci_fetch.py ........................                     [ 63%]
2026-09-29T22:16:01.0453293Z tests/unit/test_ci_summary.py .......................                    [ 63%]
2026-09-29T22:16:01.0666788Z tests/unit/test_config.py ...........................                    [ 64%]
2026-09-29T22:16:01.0857411Z tests/unit/test_core_purity.py ....                                      [ 64%]
2026-09-29T22:16:01.0991268Z tests/unit/test_cross_sample.py ......                                   [ 64%]
2026-09-29T22:16:01.1586710Z tests/unit/test_dumps.py ............................................... [ 65%]
2026-09-29T22:16:01.1746261Z ..........                                                               [ 66%]
2026-09-29T22:16:01.1945393Z tests/unit/test_dumps_brace_fold.py .........                            [ 66%]
2026-09-29T22:16:01.4181810Z tests/unit/test_dumps_cold_start.py ....                                 [ 66%]
2026-09-29T22:16:01.4530331Z tests/unit/test_dumps_contract.py ...................................... [ 67%]
2026-09-29T22:16:01.5165361Z .............................................................            [ 68%]
2026-09-29T22:16:01.5535192Z tests/unit/test_dumps_cycles_fused.py .................................. [ 69%]
2026-09-29T22:16:01.6154637Z ......................................................                   [ 71%]
2026-09-29T22:16:02.1567090Z tests/unit/test_dumps_general_tables.py ............................     [ 71%]
2026-09-29T22:16:02.8967777Z tests/unit/test_dumps_latch.py ............................              [ 72%]
2026-09-29T22:16:03.0104039Z tests/unit/test_dumps_private_cache.py ................................  [ 73%]
2026-09-29T22:16:04.1061612Z tests/unit/test_dumps_reentrancy.py .................................... [ 74%]
2026-09-29T22:16:06.2252955Z ......................................................................   [ 76%]
2026-09-29T22:16:07.6101988Z tests/unit/test_dumps_reentrancy_review.py ............................. [ 76%]
2026-09-29T22:16:07.8542406Z ..                                                                       [ 76%]
2026-09-29T22:16:07.9159823Z tests/unit/test_dumps_schema_failure.py ...........................      [ 77%]
2026-09-29T22:16:08.6647067Z tests/unit/test_dumps_user_step_counter.py ..........................    [ 78%]
2026-09-29T22:16:08.6973333Z tests/unit/test_dumps_with_default.py .................................. [ 79%]
2026-09-29T22:16:08.7642642Z ........................................................................ [ 80%]
2026-09-29T22:16:08.9098515Z .........................................................                [ 82%]
2026-09-29T22:16:08.9340008Z tests/unit/test_dumps_with_default_state.py ............................ [ 83%]
2026-09-29T22:16:09.0318761Z ........................................................................ [ 84%]
2026-09-29T22:16:09.1766696Z ..............                                                           [ 85%]
2026-09-29T22:16:09.2606633Z tests/unit/test_folder.py .............................................. [ 86%]
2026-09-29T22:16:09.3471872Z .........................................                                [ 87%]
2026-09-29T22:16:09.3513379Z tests/unit/test_fused_verification.py ..                                 [ 87%]
2026-09-29T22:16:09.4073210Z tests/unit/test_hook_build_scope.py ...............................      [ 88%]
2026-09-29T22:16:09.5537019Z tests/unit/test_json_cursor.py ...........................               [ 89%]
2026-09-29T22:16:09.5867507Z tests/unit/test_jsonpath.py ............................................ [ 90%]
2026-09-29T22:16:09.7404162Z .......................................................................  [ 91%]
2026-09-29T22:16:09.8418679Z tests/unit/test_load_dump.py ........................................... [ 93%]
2026-09-29T22:16:09.8424654Z                                                                          [ 93%]
2026-09-29T22:16:09.8794409Z tests/unit/test_loads.py ............................................... [ 94%]
2026-09-29T22:16:09.9759263Z ........................................................................ [ 96%]
2026-09-29T22:16:11.0687277Z ................                                                         [ 96%]
2026-09-29T22:16:11.0757516Z tests/unit/test_native_interleaved_profile.py ...                        [ 96%]
2026-09-29T22:16:11.1719320Z tests/unit/test_nested_container_probe.py ....                           [ 96%]
2026-09-29T22:16:11.2374844Z tests/unit/test_path_dispatch.py ................................        [ 97%]
2026-09-29T22:16:11.2816903Z tests/unit/test_provenance.py ..................                         [ 97%]
2026-09-29T22:16:11.3429953Z tests/unit/test_regression_check.py ..........................           [ 98%]
2026-09-29T22:16:11.4990456Z tests/unit/test_search_stream.py .................                       [ 99%]
2026-09-29T22:16:11.5001305Z tests/unit/test_string_identity_probe.py .                               [ 99%]
2026-09-29T22:16:11.5848113Z tests/unit/test_supplementary.py .............                           [ 99%]
2026-09-29T22:16:11.6489414Z tests/unit/test_supportability_check.py ....................             [ 99%]
2026-09-29T22:16:11.7571833Z tests/unit/test_version.py ....                                          [100%]
2026-09-29T22:16:11.7572494Z 
2026-09-29T22:16:11.7572800Z ====================== 3911 passed, 13 skipped in 18.71s =======================
2026-09-29T22:16:12.0700664Z ==> PGO phase 3a: instrumented hook
2026-09-29T22:16:12.3890232Z Obtaining file:///home/runner/work/strata/strata
2026-09-29T22:16:12.3911010Z   Installing build dependencies: started
2026-09-29T22:16:14.2036132Z   Installing build dependencies: finished with status 'done'
2026-09-29T22:16:14.2042179Z   Checking if build backend supports build_editable: started
2026-09-29T22:16:14.4927072Z   Checking if build backend supports build_editable: finished with status 'done'
2026-09-29T22:16:14.4934424Z   Getting requirements to build editable: started
2026-09-29T22:16:14.8838947Z   Getting requirements to build editable: finished with status 'done'
2026-09-29T22:16:14.8847661Z   Preparing editable metadata (pyproject.toml): started
2026-09-29T22:16:15.1299151Z   Preparing editable metadata (pyproject.toml): finished with status 'done'
2026-09-29T22:16:15.1356287Z Building wheels for collected packages: strata
2026-09-29T22:16:15.1364162Z   Building editable for strata (pyproject.toml): started
2026-09-29T22:17:02.2792394Z   Building editable for strata (pyproject.toml): finished with status 'done'
2026-09-29T22:17:02.2802125Z   Created wheel for strata: filename=strata-2026.8.10-0.editable-cp312-cp312-linux_x86_64.whl size=4445 sha256=bba4d9abd2ba038b368483b4d8a4984a1dc75ee41171627a378a00a0290c1b74
2026-09-29T22:17:02.2803965Z   Stored in directory: /tmp/pip-ephem-wheel-cache-5t2jpo3u/wheels/ab/73/9c/71109b0f5a731622820d2f6d25f1f3cfd677e39fdd3b3110b6
2026-09-29T22:17:02.2832511Z Successfully built strata
2026-09-29T22:17:02.2954301Z Installing collected packages: strata
2026-09-29T22:17:02.2955493Z   Attempting uninstall: strata
2026-09-29T22:17:02.2978348Z     Found existing installation: strata 2026.8.10
2026-09-29T22:17:02.2997533Z     Uninstalling strata-2026.8.10:
2026-09-29T22:17:02.3280869Z       Successfully uninstalled strata-2026.8.10
2026-09-29T22:17:02.3416866Z Successfully installed strata-2026.8.10
2026-09-29T22:17:03.2520708Z ==> PGO: the hook's native training workload
2026-09-29T22:17:04.1162332Z ==> PGO phase 3b: the hook against its own profile (+ LTO)
2026-09-29T22:17:04.4385564Z Obtaining file:///home/runner/work/strata/strata
2026-09-29T22:17:04.4406313Z   Installing build dependencies: started
2026-09-29T22:17:06.2782816Z   Installing build dependencies: finished with status 'done'
2026-09-29T22:17:06.2789409Z   Checking if build backend supports build_editable: started
2026-09-29T22:17:06.5941815Z   Checking if build backend supports build_editable: finished with status 'done'
2026-09-29T22:17:06.5950441Z   Getting requirements to build editable: started
2026-09-29T22:17:06.9976464Z   Getting requirements to build editable: finished with status 'done'
2026-09-29T22:17:06.9985266Z   Preparing editable metadata (pyproject.toml): started
2026-09-29T22:17:07.2591962Z   Preparing editable metadata (pyproject.toml): finished with status 'done'
2026-09-29T22:17:07.2676086Z Building wheels for collected packages: strata
2026-09-29T22:17:07.2685634Z   Building editable for strata (pyproject.toml): started
2026-09-29T22:17:51.2156025Z   Building editable for strata (pyproject.toml): finished with status 'done'
2026-09-29T22:17:51.2164184Z   Created wheel for strata: filename=strata-2026.8.10-0.editable-cp312-cp312-linux_x86_64.whl size=4445 sha256=f742b4e6e676f5bbf79d93e7cb836497f6d352ceb6a22b590bfd41e125c5c4ae
2026-09-29T22:17:51.2167978Z   Stored in directory: /tmp/pip-ephem-wheel-cache-p8m1nscv/wheels/ab/73/9c/71109b0f5a731622820d2f6d25f1f3cfd677e39fdd3b3110b6
2026-09-29T22:17:51.2192800Z Successfully built strata
2026-09-29T22:17:51.2304739Z Installing collected packages: strata
2026-09-29T22:17:51.2306921Z   Attempting uninstall: strata
2026-09-29T22:17:51.2327454Z     Found existing installation: strata 2026.8.10
2026-09-29T22:17:51.2344680Z     Uninstalling strata-2026.8.10:
2026-09-29T22:17:51.2621380Z       Successfully uninstalled strata-2026.8.10
2026-09-29T22:17:51.2718486Z Successfully installed strata-2026.8.10
2026-09-29T22:17:52.0244337Z ==> PGO: _strata unchanged, the hook on its own profile alone
2026-09-29T22:17:52.1076995Z + strata._dumps_hook is built against hook.profdata alone and links no profile runtime
2026-09-29T22:17:52.1682403Z + strata._strata is built against strata.profdata alone and links no profile runtime
2026-09-29T22:17:52.1748437Z ==> PGO: gate tests on the optimized hook
2026-09-29T22:17:52.2085449Z + /home/runner/work/strata/strata/.venv/bin/cmake -S . -B build/cmake -DCMAKE_BUILD_TYPE=Release
2026-09-29T22:17:52.3701180Z -- Configuring done (0.0s)
2026-09-29T22:17:52.4339454Z -- Generating done (0.1s)
2026-09-29T22:17:52.4344824Z -- Build files have been written to: /home/runner/work/strata/strata/build/cmake
2026-09-29T22:17:52.4357839Z + /home/runner/work/strata/strata/.venv/bin/cmake --build build/cmake --config Release
2026-09-29T22:17:52.5905223Z gmake[1]: Entering directory '/home/runner/work/strata/strata/build/cmake'
2026-09-29T22:17:52.5983112Z gmake[2]: Entering directory '/home/runner/work/strata/strata/build/cmake'
2026-09-29T22:17:52.5995909Z gmake[3]: Entering directory '/home/runner/work/strata/strata/build/cmake'
2026-09-29T22:17:52.6119477Z gmake[3]: Leaving directory '/home/runner/work/strata/strata/build/cmake'
2026-09-29T22:17:52.6161614Z gmake[3]: Entering directory '/home/runner/work/strata/strata/build/cmake'
2026-09-29T22:17:52.6190410Z [  0%] Linking CXX executable smoke_tests
2026-09-29T22:17:52.6841147Z gmake[3]: Leaving directory '/home/runner/work/strata/strata/build/cmake'
2026-09-29T22:17:52.6877300Z [  6%] Built target smoke_tests
2026-09-29T22:17:52.6895415Z gmake[3]: Entering directory '/home/runner/work/strata/strata/build/cmake'
2026-09-29T22:17:52.7019557Z gmake[3]: Leaving directory '/home/runner/work/strata/strata/build/cmake'
2026-09-29T22:17:52.7062140Z gmake[3]: Entering directory '/home/runner/work/strata/strata/build/cmake'
2026-09-29T22:17:52.7091544Z [  7%] Linking CXX executable json_core_tests
2026-09-29T22:17:52.7744937Z gmake[3]: Leaving directory '/home/runner/work/strata/strata/build/cmake'
2026-09-29T22:17:52.7781536Z [ 13%] Built target json_core_tests
2026-09-29T22:17:52.7799777Z gmake[3]: Entering directory '/home/runner/work/strata/strata/build/cmake'
2026-09-29T22:17:52.7926520Z gmake[3]: Leaving directory '/home/runner/work/strata/strata/build/cmake'
2026-09-29T22:17:52.7969910Z gmake[3]: Entering directory '/home/runner/work/strata/strata/build/cmake'
2026-09-29T22:17:52.7999297Z [ 13%] Linking CXX executable json_parse_tests
2026-09-29T22:17:52.8644880Z gmake[3]: Leaving directory '/home/runner/work/strata/strata/build/cmake'
2026-09-29T22:17:52.8680411Z [ 19%] Built target json_parse_tests
2026-09-29T22:17:52.8698198Z gmake[3]: Entering directory '/home/runner/work/strata/strata/build/cmake'
2026-09-29T22:17:52.8836441Z gmake[3]: Leaving directory '/home/runner/work/strata/strata/build/cmake'
2026-09-29T22:17:52.8879308Z gmake[3]: Entering directory '/home/runner/work/strata/strata/build/cmake'
2026-09-29T22:17:52.8908557Z [ 20%] Linking CXX executable fast_parse_tests
2026-09-29T22:17:52.9545051Z gmake[3]: Leaving directory '/home/runner/work/strata/strata/build/cmake'
2026-09-29T22:17:52.9581517Z [ 25%] Built target fast_parse_tests
2026-09-29T22:17:52.9599986Z gmake[3]: Entering directory '/home/runner/work/strata/strata/build/cmake'
2026-09-29T22:17:52.9726327Z gmake[3]: Leaving directory '/home/runner/work/strata/strata/build/cmake'
2026-09-29T22:17:52.9768799Z gmake[3]: Entering directory '/home/runner/work/strata/strata/build/cmake'
2026-09-29T22:17:52.9796926Z [ 26%] Linking CXX executable value_cursor_tests
2026-09-29T22:17:53.0443360Z gmake[3]: Leaving directory '/home/runner/work/strata/strata/build/cmake'
2026-09-29T22:17:53.0480157Z [ 32%] Built target value_cursor_tests
2026-09-29T22:17:53.0498869Z gmake[3]: Entering directory '/home/runner/work/strata/strata/build/cmake'
2026-09-29T22:17:53.0625510Z gmake[3]: Leaving directory '/home/runner/work/strata/strata/build/cmake'
2026-09-29T22:17:53.0669893Z gmake[3]: Entering directory '/home/runner/work/strata/strata/build/cmake'
2026-09-29T22:17:53.0702545Z [ 32%] Linking CXX executable json_serialize_tests
2026-09-29T22:17:53.1352702Z gmake[3]: Leaving directory '/home/runner/work/strata/strata/build/cmake'
2026-09-29T22:17:53.1389502Z [ 38%] Built target json_serialize_tests
2026-09-29T22:17:53.1407816Z gmake[3]: Entering directory '/home/runner/work/strata/strata/build/cmake'
2026-09-29T22:17:53.1532890Z gmake[3]: Leaving directory '/home/runner/work/strata/strata/build/cmake'
2026-09-29T22:17:53.1575943Z gmake[3]: Entering directory '/home/runner/work/strata/strata/build/cmake'
2026-09-29T22:17:53.1607048Z [ 39%] Linking CXX executable float_precision_tests
2026-09-29T22:17:53.2247199Z gmake[3]: Leaving directory '/home/runner/work/strata/strata/build/cmake'
2026-09-29T22:17:53.2284354Z [ 44%] Built target float_precision_tests
2026-09-29T22:17:53.2302805Z gmake[3]: Entering directory '/home/runner/work/strata/strata/build/cmake'
2026-09-29T22:17:53.2430714Z gmake[3]: Leaving directory '/home/runner/work/strata/strata/build/cmake'
2026-09-29T22:17:53.2473736Z gmake[3]: Entering directory '/home/runner/work/strata/strata/build/cmake'
2026-09-29T22:17:53.2502252Z [ 45%] Linking CXX executable json_cursor_tests
2026-09-29T22:17:53.3134958Z gmake[3]: Leaving directory '/home/runner/work/strata/strata/build/cmake'
2026-09-29T22:17:53.3172081Z [ 50%] Built target json_cursor_tests
2026-09-29T22:17:53.3190978Z gmake[3]: Entering directory '/home/runner/work/strata/strata/build/cmake'
2026-09-29T22:17:53.3317967Z gmake[3]: Leaving directory '/home/runner/work/strata/strata/build/cmake'
2026-09-29T22:17:53.3360636Z gmake[3]: Entering directory '/home/runner/work/strata/strata/build/cmake'
2026-09-29T22:17:53.3390332Z [ 51%] Linking CXX executable ndjson_tests
2026-09-29T22:17:53.4021920Z gmake[3]: Leaving directory '/home/runner/work/strata/strata/build/cmake'
2026-09-29T22:17:53.4058969Z [ 56%] Built target ndjson_tests
2026-09-29T22:17:53.4077267Z gmake[3]: Entering directory '/home/runner/work/strata/strata/build/cmake'
2026-09-29T22:17:53.4203864Z gmake[3]: Leaving directory '/home/runner/work/strata/strata/build/cmake'
2026-09-29T22:17:53.4247126Z gmake[3]: Entering directory '/home/runner/work/strata/strata/build/cmake'
2026-09-29T22:17:53.4276080Z [ 57%] Linking CXX executable jsonpath_tests
2026-09-29T22:17:53.4921949Z gmake[3]: Leaving directory '/home/runner/work/strata/strata/build/cmake'
2026-09-29T22:17:53.4959588Z [ 63%] Built target jsonpath_tests
2026-09-29T22:17:53.4979054Z gmake[3]: Entering directory '/home/runner/work/strata/strata/build/cmake'
2026-09-29T22:17:53.5103351Z gmake[3]: Leaving directory '/home/runner/work/strata/strata/build/cmake'
2026-09-29T22:17:53.5146099Z gmake[3]: Entering directory '/home/runner/work/strata/strata/build/cmake'
2026-09-29T22:17:53.5175267Z [ 63%] Linking CXX executable jsonpath_stream_tests
2026-09-29T22:17:53.5838959Z gmake[3]: Leaving directory '/home/runner/work/strata/strata/build/cmake'
2026-09-29T22:17:53.5877291Z [ 69%] Built target jsonpath_stream_tests
2026-09-29T22:17:53.5895140Z gmake[3]: Entering directory '/home/runner/work/strata/strata/build/cmake'
2026-09-29T22:17:53.6023801Z gmake[3]: Leaving directory '/home/runner/work/strata/strata/build/cmake'
2026-09-29T22:17:53.6067556Z gmake[3]: Entering directory '/home/runner/work/strata/strata/build/cmake'
2026-09-29T22:17:53.6098552Z [ 69%] Linking CXX executable scan_tests
2026-09-29T22:17:53.6737791Z gmake[3]: Leaving directory '/home/runner/work/strata/strata/build/cmake'
2026-09-29T22:17:53.6774116Z [ 75%] Built target scan_tests
2026-09-29T22:17:53.6791720Z gmake[3]: Entering directory '/home/runner/work/strata/strata/build/cmake'
2026-09-29T22:17:53.6918465Z gmake[3]: Leaving directory '/home/runner/work/strata/strata/build/cmake'
2026-09-29T22:17:53.6961760Z gmake[3]: Entering directory '/home/runner/work/strata/strata/build/cmake'
2026-09-29T22:17:53.6990934Z [ 75%] Linking CXX executable temporal_tests
2026-09-29T22:17:53.7644896Z gmake[3]: Leaving directory '/home/runner/work/strata/strata/build/cmake'
2026-09-29T22:17:53.7681818Z [ 81%] Built target temporal_tests
2026-09-29T22:17:53.7699633Z gmake[3]: Entering directory '/home/runner/work/strata/strata/build/cmake'
2026-09-29T22:17:53.7826636Z gmake[3]: Leaving directory '/home/runner/work/strata/strata/build/cmake'
2026-09-29T22:17:53.7869556Z gmake[3]: Entering directory '/home/runner/work/strata/strata/build/cmake'
2026-09-29T22:17:53.7898209Z [ 81%] Linking CXX executable folder_tests
2026-09-29T22:17:53.8541544Z gmake[3]: Leaving directory '/home/runner/work/strata/strata/build/cmake'
2026-09-29T22:17:53.8577881Z [ 87%] Built target folder_tests
2026-09-29T22:17:53.8596258Z gmake[3]: Entering directory '/home/runner/work/strata/strata/build/cmake'
2026-09-29T22:17:53.8725266Z gmake[3]: Leaving directory '/home/runner/work/strata/strata/build/cmake'
2026-09-29T22:17:53.8768534Z gmake[3]: Entering directory '/home/runner/work/strata/strata/build/cmake'
2026-09-29T22:17:53.8797393Z [ 87%] Linking CXX executable fuzz_corpus_tests
2026-09-29T22:17:53.9451456Z gmake[3]: Leaving directory '/home/runner/work/strata/strata/build/cmake'
2026-09-29T22:17:53.9488275Z [ 93%] Built target fuzz_corpus_tests
2026-09-29T22:17:53.9506267Z gmake[3]: Entering directory '/home/runner/work/strata/strata/build/cmake'
2026-09-29T22:17:53.9630773Z gmake[3]: Leaving directory '/home/runner/work/strata/strata/build/cmake'
2026-09-29T22:17:53.9673519Z gmake[3]: Entering directory '/home/runner/work/strata/strata/build/cmake'
2026-09-29T22:17:53.9703268Z [ 94%] Linking CXX executable stress_deep_tests
2026-09-29T22:17:54.0346123Z gmake[3]: Leaving directory '/home/runner/work/strata/strata/build/cmake'
2026-09-29T22:17:54.0384841Z [100%] Built target stress_deep_tests
2026-09-29T22:17:54.0390275Z gmake[2]: Leaving directory '/home/runner/work/strata/strata/build/cmake'
2026-09-29T22:17:54.0450189Z gmake[1]: Leaving directory '/home/runner/work/strata/strata/build/cmake'
2026-09-29T22:17:54.0461312Z + /home/runner/work/strata/strata/.venv/bin/ctest --test-dir build/cmake --build-config Release --output-on-failure --no-tests=error
2026-09-29T22:17:54.1969777Z Test project /home/runner/work/strata/strata/build/cmake
2026-09-29T22:17:54.1975757Z       Start  1: smoke_tests
2026-09-29T22:17:54.1992847Z  1/16 Test  #1: smoke_tests ......................   Passed    0.00 sec
2026-09-29T22:17:54.1994707Z       Start  2: json_core_tests
2026-09-29T22:17:54.2011169Z  2/16 Test  #2: json_core_tests ..................   Passed    0.00 sec
2026-09-29T22:17:54.2012306Z       Start  3: json_parse_tests
2026-09-29T22:17:54.2028820Z  3/16 Test  #3: json_parse_tests .................   Passed    0.00 sec
2026-09-29T22:17:54.2030224Z       Start  4: fast_parse_tests
2026-09-29T22:17:54.2747589Z  4/16 Test  #4: fast_parse_tests .................   Passed    0.07 sec
2026-09-29T22:17:54.2749328Z       Start  5: value_cursor_tests
2026-09-29T22:17:54.2825226Z  5/16 Test  #5: value_cursor_tests ...............   Passed    0.01 sec
2026-09-29T22:17:54.2826880Z       Start  6: json_serialize_tests
2026-09-29T22:17:54.2845569Z  6/16 Test  #6: json_serialize_tests .............   Passed    0.00 sec
2026-09-29T22:17:54.2847124Z       Start  7: float_precision_tests
2026-09-29T22:17:57.3655422Z  7/16 Test  #7: float_precision_tests ............   Passed    3.08 sec
2026-09-29T22:17:57.3657775Z       Start  8: json_cursor_tests
2026-09-29T22:17:57.3679708Z  8/16 Test  #8: json_cursor_tests ................   Passed    0.00 sec
2026-09-29T22:17:57.3681090Z       Start  9: ndjson_tests
2026-09-29T22:17:57.3733773Z  9/16 Test  #9: ndjson_tests .....................   Passed    0.01 sec
2026-09-29T22:17:57.3735525Z       Start 10: jsonpath_tests
2026-09-29T22:17:57.3753192Z 10/16 Test #10: jsonpath_tests ...................   Passed    0.00 sec
2026-09-29T22:17:57.3755043Z       Start 11: jsonpath_stream_tests
2026-09-29T22:17:57.3777476Z 11/16 Test #11: jsonpath_stream_tests ............   Passed    0.00 sec
2026-09-29T22:17:57.3779396Z       Start 12: scan_tests
2026-09-29T22:17:57.3959737Z 12/16 Test #12: scan_tests .......................   Passed    0.02 sec
2026-09-29T22:17:57.3961575Z       Start 13: temporal_tests
2026-09-29T22:17:57.4147370Z 13/16 Test #13: temporal_tests ...................   Passed    0.02 sec
2026-09-29T22:17:57.4149205Z       Start 14: folder_tests
2026-09-29T22:17:57.4197099Z 14/16 Test #14: folder_tests .....................   Passed    0.00 sec
2026-09-29T22:17:57.4198898Z       Start 15: fuzz_corpus_tests
2026-09-29T22:17:57.4242573Z 15/16 Test #15: fuzz_corpus_tests ................   Passed    0.00 sec
2026-09-29T22:17:57.4244396Z       Start 16: stress_deep_tests
2026-09-29T22:17:57.4280066Z 16/16 Test #16: stress_deep_tests ................   Passed    0.00 sec
2026-09-29T22:17:57.4286040Z 
2026-09-29T22:17:57.4286314Z 100% tests passed out of 16
2026-09-29T22:17:57.4286593Z 
2026-09-29T22:17:57.4751724Z Total Test time (real) =   3.23 sec
2026-09-29T22:17:57.4752285Z + pytest tests/py tests/unit --basetemp=/tmp/pytest-of-runner/yozgp51t
2026-09-29T22:17:58.2802697Z ============================= test session starts ==============================
2026-09-29T22:17:58.2803321Z platform linux -- Python 3.12.14, pytest-9.1.1, pluggy-1.6.0
2026-09-29T22:17:58.2803880Z rootdir: /home/runner/work/strata/strata
2026-09-29T22:17:58.2804729Z configfile: pyproject.toml
2026-09-29T22:17:58.2805174Z plugins: platformdirs-4.12.2, cov-7.1.0
2026-09-29T22:17:58.2807070Z collected 3924 items
2026-09-29T22:17:58.2807345Z 
2026-09-29T22:17:58.2993950Z tests/py/native_types/test_native_dump.py ..............                 [  0%]
2026-09-29T22:17:58.4028390Z tests/py/native_types/test_native_fast_paths.py ........ssssssssss...... [  0%]
2026-09-29T22:17:58.6769739Z .............................                                            [  1%]
2026-09-29T22:17:58.7437809Z tests/py/native_types/test_native_import.py ...                          [  1%]
2026-09-29T22:17:58.7924681Z tests/py/native_types/test_native_opt_out.py ........................... [  2%]
2026-09-29T22:17:58.7931263Z                                                                          [  2%]
2026-09-29T22:17:58.8960360Z tests/py/native_types/test_native_oracle.py .........                    [  2%]
2026-09-29T22:17:59.4342747Z tests/py/native_types/test_native_reentrancy.py ........................ [  3%]
2026-09-29T22:18:00.6182180Z ..................................................                       [  4%]
2026-09-29T22:18:00.6612026Z tests/py/native_types/test_parse_types.py .............................. [  5%]
2026-09-29T22:18:01.1147927Z ............................................................             [  6%]
2026-09-29T22:18:01.1347678Z tests/py/test_dumps_brace_fold.py .........                              [  7%]
2026-09-29T22:18:01.1728487Z tests/py/test_dumps_cycles_fused.py .................................... [  8%]
2026-09-29T22:18:01.2311910Z ....................................................                     [  9%]
2026-09-29T22:18:01.6334610Z tests/py/test_dumps_general_tables.py ............................       [ 10%]
2026-09-29T22:18:02.3227673Z tests/py/test_dumps_with_default.py .................................... [ 10%]
2026-09-29T22:18:02.7312513Z .............................ss                                          [ 11%]
2026-09-29T22:18:02.7679865Z tests/py/test_dumps_with_default_contract.py ........................... [ 12%]
2026-09-29T22:18:02.8693521Z ........................................................................ [ 14%]
2026-09-29T22:18:02.9713855Z ........................................................................ [ 16%]
2026-09-29T22:18:03.0261827Z ..........................                                               [ 16%]
2026-09-29T22:18:03.0301833Z tests/py/test_fused_verification.py ..                                   [ 16%]
2026-09-29T22:18:03.0636128Z tests/py/test_json_parity.py ........................................... [ 17%]
2026-09-29T22:18:03.1187275Z ........................................................................ [ 19%]
2026-09-29T22:18:03.1737381Z ........................................................................ [ 21%]
2026-09-29T22:18:03.2283784Z ........................................................................ [ 23%]
2026-09-29T22:18:03.2832136Z ........................................................................ [ 25%]
2026-09-29T22:18:03.3377869Z ........................................................................ [ 27%]
2026-09-29T22:18:03.3918642Z ........................................................................ [ 28%]
2026-09-29T22:18:03.4448117Z ........................................................................ [ 30%]
2026-09-29T22:18:03.4980198Z ........................................................................ [ 32%]
2026-09-29T22:18:03.5531452Z ........................................................................ [ 34%]
2026-09-29T22:18:03.6063098Z ........................................................................ [ 36%]
2026-09-29T22:18:03.6588768Z ........................................................................ [ 38%]
2026-09-29T22:18:03.7112228Z ........................................................................ [ 39%]
2026-09-29T22:18:03.7631423Z ........................................................................ [ 41%]
2026-09-29T22:18:03.8150854Z ........................................................................ [ 43%]
2026-09-29T22:18:03.8672158Z ........................................................................ [ 45%]
2026-09-29T22:18:03.9195560Z ........................................................................ [ 47%]
2026-09-29T22:18:03.9479302Z .................................                                        [ 48%]
2026-09-29T22:18:03.9950721Z tests/py/test_path_dispatch.py ................................          [ 48%]
2026-09-29T22:18:03.9971132Z tests/py/test_py_tests_basetemp.py ..                                    [ 49%]
2026-09-29T22:18:03.9994260Z tests/py/test_smoke.py ...                                               [ 49%]
2026-09-29T22:18:04.0250595Z tests/unit/native_types/test_build_sources.py .......                    [ 49%]
2026-09-29T22:18:04.1814309Z tests/unit/native_types/test_hook_import_gating.py .......               [ 49%]
2026-09-29T22:18:04.2662737Z tests/unit/native_types/test_hook_profile_build.py ...............       [ 49%]
2026-09-29T22:18:04.2783421Z tests/unit/native_types/test_native_benchmark_agreement.py ...........   [ 50%]
2026-09-29T22:18:04.3969320Z tests/unit/native_types/test_native_benchmark_dataset.py .....           [ 50%]
2026-09-29T22:18:04.4021590Z tests/unit/native_types/test_native_benchmark_rows.py .......            [ 50%]
2026-09-29T22:18:04.4204802Z tests/unit/native_types/test_native_ci_fetch.py ....                     [ 50%]
2026-09-29T22:18:04.4340350Z tests/unit/native_types/test_native_ci_summary.py .....                  [ 50%]
2026-09-29T22:18:04.4865102Z tests/unit/native_types/test_native_flag.py ..........................s. [ 51%]
2026-09-29T22:18:04.5274703Z ..                                                                       [ 51%]
2026-09-29T22:18:04.5423136Z tests/unit/native_types/test_native_identity_ab.py .......               [ 51%]
2026-09-29T22:18:04.5674328Z tests/unit/native_types/test_native_opt_out.py ......................... [ 52%]
2026-09-29T22:18:04.6386138Z ........................................................................ [ 54%]
2026-09-29T22:18:04.6848097Z ..................................................                       [ 55%]
2026-09-29T22:18:04.7028918Z tests/unit/native_types/test_parse_contract.py ......................... [ 55%]
2026-09-29T22:18:04.7898697Z .................................................                        [ 57%]
2026-09-29T22:18:04.8060104Z tests/unit/native_types/test_serializer_contract.py .................... [ 57%]
2026-09-29T22:18:05.2877138Z ........................................................................ [ 59%]
2026-09-29T22:18:05.3376564Z ................................................                         [ 60%]
2026-09-29T22:18:05.3925274Z tests/unit/native_types/test_training_scope.py ............              [ 61%]
2026-09-29T22:18:05.8424684Z tests/unit/test_ab_analysis.py ......................................    [ 62%]
2026-09-29T22:18:05.8574960Z tests/unit/test_build_manifest.py ...........                            [ 62%]
2026-09-29T22:18:05.8710918Z tests/unit/test_canonical_builds.py ....                                 [ 62%]
2026-09-29T22:18:06.0835130Z tests/unit/test_ci_fetch.py ........................                     [ 63%]
2026-09-29T22:18:06.1839409Z tests/unit/test_ci_summary.py .......................                    [ 63%]
2026-09-29T22:18:06.2058820Z tests/unit/test_config.py ...........................                    [ 64%]
2026-09-29T22:18:06.2250475Z tests/unit/test_core_purity.py ....                                      [ 64%]
2026-09-29T22:18:06.2383732Z tests/unit/test_cross_sample.py ......                                   [ 64%]
2026-09-29T22:18:06.2970383Z tests/unit/test_dumps.py ............................................... [ 65%]
2026-09-29T22:18:06.3129095Z ..........                                                               [ 66%]
2026-09-29T22:18:06.3326315Z tests/unit/test_dumps_brace_fold.py .........                            [ 66%]
2026-09-29T22:18:06.5535560Z tests/unit/test_dumps_cold_start.py ....                                 [ 66%]
2026-09-29T22:18:06.5885501Z tests/unit/test_dumps_contract.py ...................................... [ 67%]
2026-09-29T22:18:06.6521523Z .............................................................            [ 68%]
2026-09-29T22:18:06.6881983Z tests/unit/test_dumps_cycles_fused.py .................................. [ 69%]
2026-09-29T22:18:06.7485021Z ......................................................                   [ 71%]
2026-09-29T22:18:07.1873429Z tests/unit/test_dumps_general_tables.py ............................     [ 71%]
2026-09-29T22:18:07.8629815Z tests/unit/test_dumps_latch.py ............................              [ 72%]
2026-09-29T22:18:07.9672875Z tests/unit/test_dumps_private_cache.py ................................  [ 73%]
2026-09-29T22:18:09.2151464Z tests/unit/test_dumps_reentrancy.py .................................... [ 74%]
2026-09-29T22:18:11.3205573Z ......................................................................   [ 76%]
2026-09-29T22:18:12.4705549Z tests/unit/test_dumps_reentrancy_review.py ............................. [ 76%]
2026-09-29T22:18:12.8208961Z ..                                                                       [ 76%]
2026-09-29T22:18:12.8973191Z tests/unit/test_dumps_schema_failure.py ...........................      [ 77%]
2026-09-29T22:18:13.8194477Z tests/unit/test_dumps_user_step_counter.py ..........................    [ 78%]
2026-09-29T22:18:13.8503369Z tests/unit/test_dumps_with_default.py .................................. [ 79%]
2026-09-29T22:18:13.9154362Z ........................................................................ [ 80%]
2026-09-29T22:18:14.0624748Z .........................................................                [ 82%]
2026-09-29T22:18:14.0862597Z tests/unit/test_dumps_with_default_state.py ............................ [ 83%]
2026-09-29T22:18:14.1796910Z ........................................................................ [ 84%]
2026-09-29T22:18:14.3226840Z ..............                                                           [ 85%]
2026-09-29T22:18:14.4126411Z tests/unit/test_folder.py .............................................. [ 86%]
2026-09-29T22:18:14.5079135Z .........................................                                [ 87%]
2026-09-29T22:18:14.5121617Z tests/unit/test_fused_verification.py ..                                 [ 87%]
2026-09-29T22:18:14.5669196Z tests/unit/test_hook_build_scope.py ...............................      [ 88%]
2026-09-29T22:18:14.7228209Z tests/unit/test_json_cursor.py ...........................               [ 89%]
2026-09-29T22:18:14.7550256Z tests/unit/test_jsonpath.py ............................................ [ 90%]
2026-09-29T22:18:14.9124713Z .......................................................................  [ 91%]
2026-09-29T22:18:15.0122622Z tests/unit/test_load_dump.py ........................................... [ 93%]
2026-09-29T22:18:15.0128519Z                                                                          [ 93%]
2026-09-29T22:18:15.0491221Z tests/unit/test_loads.py ............................................... [ 94%]
2026-09-29T22:18:15.1435812Z ........................................................................ [ 96%]
2026-09-29T22:18:16.2337641Z ................                                                         [ 96%]
2026-09-29T22:18:16.2404287Z tests/unit/test_native_interleaved_profile.py ...                        [ 96%]
2026-09-29T22:18:16.3441847Z tests/unit/test_nested_container_probe.py ....                           [ 96%]
2026-09-29T22:18:16.4101208Z tests/unit/test_path_dispatch.py ................................        [ 97%]
2026-09-29T22:18:16.4540545Z tests/unit/test_provenance.py ..................                         [ 97%]
2026-09-29T22:18:16.5149411Z tests/unit/test_regression_check.py ..........................           [ 98%]
2026-09-29T22:18:16.6678978Z tests/unit/test_search_stream.py .................                       [ 99%]
2026-09-29T22:18:16.6689896Z tests/unit/test_string_identity_probe.py .                               [ 99%]
2026-09-29T22:18:16.7506564Z tests/unit/test_supplementary.py .............                           [ 99%]
2026-09-29T22:18:16.8130525Z tests/unit/test_supportability_check.py ....................             [ 99%]
2026-09-29T22:18:16.9202119Z tests/unit/test_version.py ....                                          [100%]
2026-09-29T22:18:16.9202537Z 
2026-09-29T22:18:16.9202739Z ====================== 3911 passed, 13 skipped in 19.18s =======================
2026-09-29T22:18:17.1590306Z ==> PGO: generating benchmark data
2026-09-29T22:18:17.1608257Z make[1]: Entering directory '/home/runner/work/strata/strata'
2026-09-29T22:18:17.1609420Z PYTHONPATH=. .venv/bin/python -m benchmarks.data.generate_bench_data --out-dir benchmarks/data/generated/small  --num-users 1000 --max-orders 10 --max-items 5  --records 500
2026-09-29T22:18:17.4822387Z   benchmarks/data/generated/small/users.json  (1680 KB)
2026-09-29T22:18:17.4823136Z   benchmarks/data/generated/small/users.ndjson  (1679 KB)
2026-09-29T22:18:17.4823664Z   benchmarks/data/generated/small/flat.json  (209 KB)
2026-09-29T22:18:17.4824108Z   benchmarks/data/generated/small/nested.json  (148 KB)
2026-09-29T22:18:17.4824545Z   benchmarks/data/generated/small/wide_arrays.json  (1218 KB)
2026-09-29T22:18:17.4824993Z   benchmarks/data/generated/small/mixed.json  (34 KB)
2026-09-29T22:18:17.4890718Z PYTHONPATH=. .venv/bin/python -m benchmarks.data.generate_bench_data --out-dir benchmarks/data/generated/medium --num-users 2000 --max-orders 20 --max-items 10 --records 2000
2026-09-29T22:18:19.0490629Z   benchmarks/data/generated/medium/users.json  (9883 KB)
2026-09-29T22:18:19.0491314Z   benchmarks/data/generated/medium/users.ndjson  (9881 KB)
2026-09-29T22:18:19.0491904Z   benchmarks/data/generated/medium/flat.json  (836 KB)
2026-09-29T22:18:19.0492478Z   benchmarks/data/generated/medium/nested.json  (594 KB)
2026-09-29T22:18:19.0493545Z   benchmarks/data/generated/medium/wide_arrays.json  (4874 KB)
2026-09-29T22:18:19.0494139Z   benchmarks/data/generated/medium/mixed.json  (138 KB)
2026-09-29T22:18:19.0570126Z PYTHONPATH=. .venv/bin/python -m benchmarks.data.generate_bench_data --out-dir benchmarks/data/generated/large  --num-users 4000 --max-orders 40 --max-items 20 --records 5000
2026-09-29T22:18:28.1483880Z   benchmarks/data/generated/large/users.json  (68083 KB)
2026-09-29T22:18:28.1484580Z   benchmarks/data/generated/large/users.ndjson  (68079 KB)
2026-09-29T22:18:28.1497870Z   benchmarks/data/generated/large/flat.json  (2092 KB)
2026-09-29T22:18:28.1498532Z   benchmarks/data/generated/large/nested.json  (1488 KB)
2026-09-29T22:18:28.1499154Z   benchmarks/data/generated/large/wide_arrays.json  (12185 KB)
2026-09-29T22:18:28.1499752Z   benchmarks/data/generated/large/mixed.json  (347 KB)
2026-09-29T22:18:28.1608584Z make[1]: Leaving directory '/home/runner/work/strata/strata'
2026-09-29T22:18:28.1611045Z ==> PGO: verification benchmarks
2026-09-29T22:18:50.6960649Z wrote build/pgo/bench_results_pgo.md
2026-09-29T22:18:50.7128510Z ==> PGO complete
2026-09-29T22:18:50.7129038Z     profile: /home/runner/work/strata/strata/build/pgo/strata.profdata
2026-09-29T22:18:50.7129510Z     results: build/pgo/bench_results_pgo.md
2026-09-29T22:18:50.7129908Z     The installed extension is now the PGO+LTO build.
2026-09-29T22:18:50.7167925Z ##[group]Run PYTHONPATH=. .venv/bin/python -m benchmarks.data.generate_bench_data \
2026-09-29T22:18:50.7168582Z PYTHONPATH=. .venv/bin/python -m benchmarks.data.generate_bench_data \
2026-09-29T22:18:50.7169042Z   --out-dir benchmarks/data/generated/small \
2026-09-29T22:18:50.7169449Z   --num-users 1000 --max-orders 10 --max-items 5 --records 500
2026-09-29T22:18:50.7236679Z shell: /usr/bin/bash -e {0}
2026-09-29T22:18:50.7236931Z env:
2026-09-29T22:18:50.7237114Z   ARCHFLAGS: 
2026-09-29T22:18:50.7237393Z   pythonLocation: /opt/hostedtoolcache/Python/3.12.14/x64
2026-09-29T22:18:50.7237838Z   PKG_CONFIG_PATH: /opt/hostedtoolcache/Python/3.12.14/x64/lib/pkgconfig
2026-09-29T22:18:50.7238258Z   Python_ROOT_DIR: /opt/hostedtoolcache/Python/3.12.14/x64
2026-09-29T22:18:50.7238633Z   Python2_ROOT_DIR: /opt/hostedtoolcache/Python/3.12.14/x64
2026-09-29T22:18:50.7239010Z   Python3_ROOT_DIR: /opt/hostedtoolcache/Python/3.12.14/x64
2026-09-29T22:18:50.7239630Z   LD_LIBRARY_PATH: /opt/hostedtoolcache/Python/3.12.14/x64/lib
2026-09-29T22:18:50.7239949Z ##[endgroup]
2026-09-29T22:18:51.0656246Z   benchmarks/data/generated/small/users.json  (1680 KB)
2026-09-29T22:18:51.0657374Z   benchmarks/data/generated/small/users.ndjson  (1679 KB)
2026-09-29T22:18:51.0658109Z   benchmarks/data/generated/small/flat.json  (209 KB)
2026-09-29T22:18:51.0658666Z   benchmarks/data/generated/small/nested.json  (148 KB)
2026-09-29T22:18:51.0659162Z   benchmarks/data/generated/small/wide_arrays.json  (1218 KB)
2026-09-29T22:18:51.0659651Z   benchmarks/data/generated/small/mixed.json  (34 KB)
2026-09-29T22:18:51.0774653Z ##[group]Run PYTHONPATH=. .venv/bin/python -m benchmarks.bench_main \
2026-09-29T22:18:51.0775181Z PYTHONPATH=. .venv/bin/python -m benchmarks.bench_main \
2026-09-29T22:18:51.0775548Z   --name "ci-linux-x86_64" \
2026-09-29T22:18:51.0776126Z   --repeat 10 --warmup 2 \
2026-09-29T22:18:51.0776485Z   --dataset benchmarks/data/generated/small/users.json \
2026-09-29T22:18:51.0776907Z   --dataset benchmarks/data/generated/small/users.ndjson \
2026-09-29T22:18:51.0777323Z   --dataset benchmarks/data/generated/small/flat.json \
2026-09-29T22:18:51.0777731Z   --dataset benchmarks/data/generated/small/nested.json \
2026-09-29T22:18:51.0778160Z   --dataset benchmarks/data/generated/small/wide_arrays.json \
2026-09-29T22:18:51.0778583Z   --dataset benchmarks/data/generated/small/mixed.json \
2026-09-29T22:18:51.0778939Z   --output "bench_ci_linux-x86_64.md"
2026-09-29T22:18:51.0845236Z shell: /usr/bin/bash -e {0}
2026-09-29T22:18:51.0845489Z env:
2026-09-29T22:18:51.0845927Z   ARCHFLAGS: 
2026-09-29T22:18:51.0846221Z   pythonLocation: /opt/hostedtoolcache/Python/3.12.14/x64
2026-09-29T22:18:51.0846652Z   PKG_CONFIG_PATH: /opt/hostedtoolcache/Python/3.12.14/x64/lib/pkgconfig
2026-09-29T22:18:51.0847072Z   Python_ROOT_DIR: /opt/hostedtoolcache/Python/3.12.14/x64
2026-09-29T22:18:51.0847461Z   Python2_ROOT_DIR: /opt/hostedtoolcache/Python/3.12.14/x64
2026-09-29T22:18:51.0847843Z   Python3_ROOT_DIR: /opt/hostedtoolcache/Python/3.12.14/x64
2026-09-29T22:18:51.0848214Z   LD_LIBRARY_PATH: /opt/hostedtoolcache/Python/3.12.14/x64/lib
2026-09-29T22:18:51.0848532Z   PGO_MODE: use
2026-09-29T22:18:51.0848724Z   STRATA_ENABLE_LTO: 1
2026-09-29T22:18:51.0848927Z ##[endgroup]
2026-09-29T22:19:18.1924923Z wrote bench_ci_linux-x86_64.md
2026-09-29T22:19:18.2140775Z ##[group]Run PYTHONPATH=. .venv/bin/python -m benchmarks.supportability_check \
2026-09-29T22:19:18.2141399Z PYTHONPATH=. .venv/bin/python -m benchmarks.supportability_check \
2026-09-29T22:19:18.2141813Z   "bench_ci_linux-x86_64.md"
2026-09-29T22:19:18.2206783Z shell: /usr/bin/bash -e {0}
2026-09-29T22:19:18.2207025Z env:
2026-09-29T22:19:18.2207205Z   ARCHFLAGS: 
2026-09-29T22:19:18.2207477Z   pythonLocation: /opt/hostedtoolcache/Python/3.12.14/x64
2026-09-29T22:19:18.2207924Z   PKG_CONFIG_PATH: /opt/hostedtoolcache/Python/3.12.14/x64/lib/pkgconfig
2026-09-29T22:19:18.2208345Z   Python_ROOT_DIR: /opt/hostedtoolcache/Python/3.12.14/x64
2026-09-29T22:19:18.2208719Z   Python2_ROOT_DIR: /opt/hostedtoolcache/Python/3.12.14/x64
2026-09-29T22:19:18.2209090Z   Python3_ROOT_DIR: /opt/hostedtoolcache/Python/3.12.14/x64
2026-09-29T22:19:18.2209469Z   LD_LIBRARY_PATH: /opt/hostedtoolcache/Python/3.12.14/x64/lib
2026-09-29T22:19:18.2209784Z ##[endgroup]
2026-09-29T22:19:18.3161177Z supportability: bench_ci_linux-x86_64.md: 27/27 declared rows, no problems; 27 rows within 3.0x, no ERROR rows
2026-09-29T22:19:18.3302338Z ##[group]Run PYTHONPATH=. .venv/bin/python -m benchmarks.native_v1 \
2026-09-29T22:19:18.3302852Z PYTHONPATH=. .venv/bin/python -m benchmarks.native_v1 \
2026-09-29T22:19:18.3303259Z   --data benchmarks/data/generated --tiers small \
2026-09-29T22:19:18.3303590Z   --repeat 30 --warmup 2 \
2026-09-29T22:19:18.3303881Z   --output "bench_native_linux-x86_64.md"
2026-09-29T22:19:18.3368936Z shell: /usr/bin/bash -e {0}
2026-09-29T22:19:18.3369174Z env:
2026-09-29T22:19:18.3369352Z   ARCHFLAGS: 
2026-09-29T22:19:18.3369623Z   pythonLocation: /opt/hostedtoolcache/Python/3.12.14/x64
2026-09-29T22:19:18.3370054Z   PKG_CONFIG_PATH: /opt/hostedtoolcache/Python/3.12.14/x64/lib/pkgconfig
2026-09-29T22:19:18.3370486Z   Python_ROOT_DIR: /opt/hostedtoolcache/Python/3.12.14/x64
2026-09-29T22:19:18.3370887Z   Python2_ROOT_DIR: /opt/hostedtoolcache/Python/3.12.14/x64
2026-09-29T22:19:18.3371267Z   Python3_ROOT_DIR: /opt/hostedtoolcache/Python/3.12.14/x64
2026-09-29T22:19:18.3371701Z   LD_LIBRARY_PATH: /opt/hostedtoolcache/Python/3.12.14/x64/lib
2026-09-29T22:19:18.3372023Z   PGO_MODE: use
2026-09-29T22:19:18.3372220Z   STRATA_ENABLE_LTO: 1
2026-09-29T22:19:18.3372433Z ##[endgroup]
2026-09-29T22:19:20.1984328Z native-v1: 2/2 declared rows, 1 extra
2026-09-29T22:19:20.1984902Z native-v1: 1/1 declared rows, 2 extra
2026-09-29T22:19:20.1985354Z native-v1: 1/1 declared rows, 2 extra
2026-09-29T22:19:20.2166350Z ##[group]Run PYTHONPATH=. .venv/bin/python scripts/identity_ab.py \
2026-09-29T22:19:20.2166885Z PYTHONPATH=. .venv/bin/python scripts/identity_ab.py \
2026-09-29T22:19:20.2167309Z   --base "234ea15861d2f37b1b55c6251281a49021864441" \
2026-09-29T22:19:20.2167706Z   --arm-dir "/home/runner/work/_temp/identity-arm" \
2026-09-29T22:19:20.2168044Z   --out "identity-linux-x86_64"
2026-09-29T22:19:20.2168424Z cp "identity-linux-x86_64/identity.txt" "identity-linux-x86_64.txt"
2026-09-29T22:19:20.2233488Z shell: /usr/bin/bash -e {0}
2026-09-29T22:19:20.2233731Z env:
2026-09-29T22:19:20.2233910Z   ARCHFLAGS: 
2026-09-29T22:19:20.2234180Z   pythonLocation: /opt/hostedtoolcache/Python/3.12.14/x64
2026-09-29T22:19:20.2234620Z   PKG_CONFIG_PATH: /opt/hostedtoolcache/Python/3.12.14/x64/lib/pkgconfig
2026-09-29T22:19:20.2235031Z   Python_ROOT_DIR: /opt/hostedtoolcache/Python/3.12.14/x64
2026-09-29T22:19:20.2235454Z   Python2_ROOT_DIR: /opt/hostedtoolcache/Python/3.12.14/x64
2026-09-29T22:19:20.2236126Z   Python3_ROOT_DIR: /opt/hostedtoolcache/Python/3.12.14/x64
2026-09-29T22:19:20.2236505Z   LD_LIBRARY_PATH: /opt/hostedtoolcache/Python/3.12.14/x64/lib
2026-09-29T22:19:20.2236824Z ##[endgroup]
2026-09-29T22:19:20.2695140Z + git worktree add --force --detach /home/runner/work/_temp/identity-arm 234ea15861d2f37b1b55c6251281a49021864441
2026-09-29T22:19:20.2716304Z Preparing worktree (detached HEAD 234ea15)
2026-09-29T22:19:20.4630896Z HEAD is now at 234ea15 Merge M13: framework adapters, reconciled with native precedence
2026-09-29T22:19:20.4653427Z + make install-bench
2026-09-29T22:19:20.4673806Z python3 -m venv .venv
2026-09-29T22:19:22.9341261Z .venv/bin/python -m pip install -U pip setuptools wheel
2026-09-29T22:19:23.3063630Z Requirement already satisfied: pip in ./.venv/lib/python3.12/site-packages (25.0.1)
2026-09-29T22:19:23.3721843Z Collecting pip
2026-09-29T22:19:23.3735481Z   Using cached pip-26.2.1-py3-none-any.whl.metadata (4.6 kB)
2026-09-29T22:19:23.4846700Z Collecting setuptools
2026-09-29T22:19:23.4859363Z   Using cached setuptools-84.0.0-py3-none-any.whl.metadata (6.6 kB)
2026-09-29T22:19:23.5131804Z Collecting wheel
2026-09-29T22:19:23.5143063Z   Using cached wheel-0.48.0-py3-none-any.whl.metadata (2.3 kB)
2026-09-29T22:19:23.5298598Z Collecting packaging>=24.0 (from wheel)
2026-09-29T22:19:23.5309753Z   Using cached packaging-26.3-py3-none-any.whl.metadata (3.5 kB)
2026-09-29T22:19:23.5340420Z Using cached pip-26.2.1-py3-none-any.whl (1.8 MB)
2026-09-29T22:19:23.5357718Z Using cached setuptools-84.0.0-py3-none-any.whl (818 kB)
2026-09-29T22:19:23.5371338Z Using cached wheel-0.48.0-py3-none-any.whl (33 kB)
2026-09-29T22:19:23.5382068Z Using cached packaging-26.3-py3-none-any.whl (129 kB)
2026-09-29T22:19:23.5634937Z Installing collected packages: setuptools, pip, packaging, wheel
2026-09-29T22:19:24.0302408Z   Attempting uninstall: pip
2026-09-29T22:19:24.0327881Z     Found existing installation: pip 25.0.1
2026-09-29T22:19:24.0683184Z     Uninstalling pip-25.0.1:
2026-09-29T22:19:24.0741064Z       Successfully uninstalled pip-25.0.1
2026-09-29T22:19:25.0432092Z Successfully installed packaging-26.3 pip-26.2.1 setuptools-84.0.0 wheel-0.48.0
2026-09-29T22:19:25.1796206Z .venv/bin/python -m pip install -e '.[dev,bench]'
2026-09-29T22:19:25.5005633Z Obtaining file:///home/runner/work/_temp/identity-arm
2026-09-29T22:19:25.5025643Z   Installing build dependencies: started
2026-09-29T22:19:27.3596314Z   Installing build dependencies: finished with status 'done'
2026-09-29T22:19:27.3602199Z   Checking if build backend supports build_editable: started
2026-09-29T22:19:27.6494618Z   Checking if build backend supports build_editable: finished with status 'done'
2026-09-29T22:19:27.6503408Z   Getting requirements to build editable: started
2026-09-29T22:19:28.0238433Z   Getting requirements to build editable: finished with status 'done'
2026-09-29T22:19:28.0248228Z   Preparing editable metadata (pyproject.toml): started
2026-09-29T22:19:28.2665310Z   Preparing editable metadata (pyproject.toml): finished with status 'done'
2026-09-29T22:19:28.3712468Z Collecting cmake>=3.20 (from strata==2026.8.10)
2026-09-29T22:19:28.3728460Z   Using cached cmake-4.4.3-py3-none-manylinux2014_x86_64.manylinux_2_17_x86_64.whl.metadata (7.0 kB)
2026-09-29T22:19:28.3923441Z Collecting pytest>=7 (from strata==2026.8.10)
2026-09-29T22:19:28.3936592Z   Using cached pytest-9.1.1-py3-none-any.whl.metadata (7.6 kB)
2026-09-29T22:19:28.4516939Z Collecting pytest-cov>=4 (from strata==2026.8.10)
2026-09-29T22:19:28.4529730Z   Using cached pytest_cov-7.1.0-py3-none-any.whl.metadata (32 kB)
2026-09-29T22:19:28.7772873Z Collecting ruff>=0.5 (from strata==2026.8.10)
2026-09-29T22:19:28.7787380Z   Using cached ruff-0.16.9-py3-none-manylinux_2_17_x86_64.manylinux2014_x86_64.whl.metadata (20 kB)
2026-09-29T22:19:28.8041188Z Collecting pre-commit>=3.5 (from strata==2026.8.10)
2026-09-29T22:19:28.8053541Z   Using cached pre_commit-4.6.2-py2.py3-none-any.whl.metadata (1.2 kB)
2026-09-29T22:19:28.8579449Z Collecting clang-format<22,>=21 (from strata==2026.8.10)
2026-09-29T22:19:28.8593211Z   Using cached clang_format-21.1.8-py2.py3-none-manylinux_2_27_x86_64.manylinux_2_28_x86_64.whl.metadata (4.7 kB)
2026-09-29T22:19:29.0763002Z Collecting orjson (from strata==2026.8.10)
2026-09-29T22:19:29.0777640Z   Using cached orjson-3.12.0-cp312-cp312-manylinux_2_17_x86_64.manylinux2014_x86_64.whl.metadata (41 kB)
2026-09-29T22:19:29.1487142Z Collecting msgspec (from strata==2026.8.10)
2026-09-29T22:19:29.1501414Z   Using cached msgspec-0.22.0-cp312-cp312-manylinux2014_x86_64.manylinux_2_17_x86_64.manylinux_2_28_x86_64.whl.metadata (6.0 kB)
2026-09-29T22:19:29.2136899Z Collecting ujson (from strata==2026.8.10)
2026-09-29T22:19:29.2151147Z   Using cached ujson-6.0.0-cp312-cp312-manylinux_2_24_x86_64.manylinux_2_28_x86_64.whl.metadata (10.0 kB)
2026-09-29T22:19:29.2546770Z Collecting pysimdjson (from strata==2026.8.10)
2026-09-29T22:19:29.2560082Z   Using cached pysimdjson-7.0.2-cp312-cp312-manylinux_2_17_x86_64.manylinux2014_x86_64.whl.metadata (1.1 kB)
2026-09-29T22:19:29.2651971Z Collecting jmespath (from strata==2026.8.10)
2026-09-29T22:19:29.2664159Z   Using cached jmespath-1.1.0-py3-none-any.whl.metadata (7.6 kB)
2026-09-29T22:19:29.2759774Z Collecting jsonpath-ng (from strata==2026.8.10)
2026-09-29T22:19:29.2771375Z   Using cached jsonpath_ng-1.8.0-py3-none-any.whl.metadata (18 kB)
2026-09-29T22:19:29.3390683Z Collecting psutil>=5 (from strata==2026.8.10)
2026-09-29T22:19:29.3405217Z   Using cached psutil-7.2.2-cp36-abi3-manylinux2010_x86_64.manylinux_2_12_x86_64.manylinux_2_28_x86_64.whl.metadata (22 kB)
2026-09-29T22:19:29.3548856Z Collecting cfgv>=2.0.0 (from pre-commit>=3.5->strata==2026.8.10)
2026-09-29T22:19:29.3570358Z   Using cached cfgv-3.5.0-py2.py3-none-any.whl.metadata (8.9 kB)
2026-09-29T22:19:29.3872748Z Collecting identify>=1.0.0 (from pre-commit>=3.5->strata==2026.8.10)
2026-09-29T22:19:29.3885558Z   Using cached identify-2.6.20-py2.py3-none-any.whl.metadata (4.4 kB)
2026-09-29T22:19:29.4004524Z Collecting nodeenv>=0.11.1 (from pre-commit>=3.5->strata==2026.8.10)
2026-09-29T22:19:29.4017169Z   Using cached nodeenv-1.11.0-py2.py3-none-any.whl.metadata (40 kB)
2026-09-29T22:19:29.4396848Z Collecting pyyaml>=5.1 (from pre-commit>=3.5->strata==2026.8.10)
2026-09-29T22:19:29.4409908Z   Using cached pyyaml-6.0.3-cp312-cp312-manylinux2014_x86_64.manylinux_2_17_x86_64.manylinux_2_28_x86_64.whl.metadata (2.4 kB)
2026-09-29T22:19:29.4758418Z Collecting virtualenv>=20.10.0 (from pre-commit>=3.5->strata==2026.8.10)
2026-09-29T22:19:29.4770739Z   Using cached virtualenv-21.14.0-py3-none-any.whl.metadata (4.1 kB)
2026-09-29T22:19:29.4838841Z Collecting iniconfig>=1.0.1 (from pytest>=7->strata==2026.8.10)
2026-09-29T22:19:29.4850577Z   Using cached iniconfig-2.3.0-py3-none-any.whl.metadata (2.5 kB)
2026-09-29T22:19:29.4868190Z Requirement already satisfied: packaging>=22 in ./.venv/lib/python3.12/site-packages (from pytest>=7->strata==2026.8.10) (26.3)
2026-09-29T22:19:29.4910586Z Collecting pluggy<2,>=1.5 (from pytest>=7->strata==2026.8.10)
2026-09-29T22:19:29.4922000Z   Using cached pluggy-1.6.0-py3-none-any.whl.metadata (4.8 kB)
2026-09-29T22:19:29.5032077Z Collecting pygments>=2.7.2 (from pytest>=7->strata==2026.8.10)
2026-09-29T22:19:29.5043801Z   Using cached pygments-2.21.0-py3-none-any.whl.metadata (2.5 kB)
2026-09-29T22:19:29.9191329Z Collecting coverage>=7.10.6 (from coverage[toml]>=7.10.6->pytest-cov>=4->strata==2026.8.10)
2026-09-29T22:19:29.9206317Z   Using cached coverage-7.16.2-cp312-cp312-manylinux1_x86_64.manylinux_2_28_x86_64.manylinux_2_5_x86_64.whl.metadata (8.2 kB)
2026-09-29T22:19:29.9341841Z Collecting distlib<1,>=0.3.7 (from virtualenv>=20.10.0->pre-commit>=3.5->strata==2026.8.10)
2026-09-29T22:19:29.9353983Z   Using cached distlib-0.4.3-py2.py3-none-any.whl.metadata (5.3 kB)
2026-09-29T22:19:29.9575001Z Collecting filelock<5,>=3.24.2 (from virtualenv>=20.10.0->pre-commit>=3.5->strata==2026.8.10)
2026-09-29T22:19:29.9587396Z   Using cached filelock-4.0.6-py3-none-any.whl.metadata (2.0 kB)
2026-09-29T22:19:29.9770692Z Collecting platformdirs<5,>=3.9.1 (from virtualenv>=20.10.0->pre-commit>=3.5->strata==2026.8.10)
2026-09-29T22:19:29.9782484Z   Using cached platformdirs-4.12.2-py3-none-any.whl.metadata (5.5 kB)
2026-09-29T22:19:29.9896119Z Collecting python-discovery>=1.6 (from virtualenv>=20.10.0->pre-commit>=3.5->strata==2026.8.10)
2026-09-29T22:19:29.9908279Z   Using cached python_discovery-1.6.1-py3-none-any.whl.metadata (5.1 kB)
2026-09-29T22:19:30.0001237Z Using cached clang_format-21.1.8-py2.py3-none-manylinux_2_27_x86_64.manylinux_2_28_x86_64.whl (1.8 MB)
2026-09-29T22:19:30.0020687Z Using cached cmake-4.4.3-py3-none-manylinux2014_x86_64.manylinux_2_17_x86_64.whl (30.2 MB)
2026-09-29T22:19:30.0155704Z Using cached pre_commit-4.6.2-py2.py3-none-any.whl (226 kB)
2026-09-29T22:19:30.0169315Z Using cached cfgv-3.5.0-py2.py3-none-any.whl (7.4 kB)
2026-09-29T22:19:30.0181741Z Using cached identify-2.6.20-py2.py3-none-any.whl (99 kB)
2026-09-29T22:19:30.0195056Z Using cached nodeenv-1.11.0-py2.py3-none-any.whl (34 kB)
2026-09-29T22:19:30.0208305Z Using cached psutil-7.2.2-cp36-abi3-manylinux2010_x86_64.manylinux_2_12_x86_64.manylinux_2_28_x86_64.whl (155 kB)
2026-09-29T22:19:30.0221790Z Using cached pytest-9.1.1-py3-none-any.whl (386 kB)
2026-09-29T22:19:30.0235422Z Using cached pluggy-1.6.0-py3-none-any.whl (20 kB)
2026-09-29T22:19:30.0247931Z Using cached iniconfig-2.3.0-py3-none-any.whl (7.5 kB)
2026-09-29T22:19:30.0259613Z Using cached pygments-2.21.0-py3-none-any.whl (1.3 MB)
2026-09-29T22:19:30.0275487Z Using cached pytest_cov-7.1.0-py3-none-any.whl (22 kB)
2026-09-29T22:19:30.0287738Z Using cached coverage-7.16.2-cp312-cp312-manylinux1_x86_64.manylinux_2_28_x86_64.manylinux_2_5_x86_64.whl (258 kB)
2026-09-29T22:19:30.0299964Z Using cached pyyaml-6.0.3-cp312-cp312-manylinux2014_x86_64.manylinux_2_17_x86_64.manylinux_2_28_x86_64.whl (807 kB)
2026-09-29T22:19:30.0313900Z Using cached ruff-0.16.9-py3-none-manylinux_2_17_x86_64.manylinux2014_x86_64.whl (10.4 MB)
2026-09-29T22:19:30.0366945Z Using cached virtualenv-21.14.0-py3-none-any.whl (5.5 MB)
2026-09-29T22:19:30.0399297Z Using cached distlib-0.4.3-py2.py3-none-any.whl (470 kB)
2026-09-29T22:19:30.0412945Z Using cached filelock-4.0.6-py3-none-any.whl (109 kB)
2026-09-29T22:19:30.0424930Z Using cached platformdirs-4.12.2-py3-none-any.whl (32 kB)
2026-09-29T22:19:30.0436978Z Using cached python_discovery-1.6.1-py3-none-any.whl (38 kB)
2026-09-29T22:19:30.0448366Z Using cached jmespath-1.1.0-py3-none-any.whl (20 kB)
2026-09-29T22:19:30.0459753Z Using cached jsonpath_ng-1.8.0-py3-none-any.whl (67 kB)
2026-09-29T22:19:30.0472110Z Using cached msgspec-0.22.0-cp312-cp312-manylinux2014_x86_64.manylinux_2_17_x86_64.manylinux_2_28_x86_64.whl (230 kB)
2026-09-29T22:19:30.0484290Z Using cached orjson-3.12.0-cp312-cp312-manylinux_2_17_x86_64.manylinux2014_x86_64.whl (131 kB)
2026-09-29T22:19:30.0496187Z Using cached pysimdjson-7.0.2-cp312-cp312-manylinux_2_17_x86_64.manylinux2014_x86_64.whl (3.2 MB)
2026-09-29T22:19:30.0521027Z Using cached ujson-6.0.0-cp312-cp312-manylinux_2_24_x86_64.manylinux_2_28_x86_64.whl (56 kB)
2026-09-29T22:19:30.1798276Z Building wheels for collected packages: strata
2026-09-29T22:19:30.1806279Z   Building editable for strata (pyproject.toml): started
2026-09-29T22:20:30.5118664Z   Building editable for strata (pyproject.toml): still running...
2026-09-29T22:21:31.0049638Z   Building editable for strata (pyproject.toml): still running...
2026-09-29T22:22:31.8796197Z   Building editable for strata (pyproject.toml): still running...
2026-09-29T22:23:13.6243131Z   Building editable for strata (pyproject.toml): finished with status 'done'
2026-09-29T22:23:13.6251626Z   Created wheel for strata: filename=strata-2026.8.10-0.editable-cp312-cp312-linux_x86_64.whl size=4457 sha256=3b32b1b0199cdc314f59e9abb08a688cc98d5536ce819f8e630c720a18444459
2026-09-29T22:23:13.6253459Z   Stored in directory: /tmp/pip-ephem-wheel-cache-a02ln5u6/wheels/4b/14/de/c01d5c98e482dba508ed0b80beaf37c3b37034de18f4d8fbd4
2026-09-29T22:23:13.6274123Z Successfully built strata
2026-09-29T22:23:13.7062128Z Installing collected packages: jsonpath-ng, distlib, clang-format, ujson, strata, ruff, pyyaml, pysimdjson, pygments, psutil, pluggy, platformdirs, orjson, nodeenv, msgspec, jmespath, iniconfig, identify, filelock, coverage, cmake, cfgv, python-discovery, pytest, virtualenv, pytest-cov, pre-commit
2026-09-29T22:23:16.5613605Z 
2026-09-29T22:23:16.5645003Z Successfully installed cfgv-3.5.0 clang-format-21.1.8 cmake-4.4.3 coverage-7.16.2 distlib-0.4.3 filelock-4.0.6 identify-2.6.20 iniconfig-2.3.0 jmespath-1.1.0 jsonpath-ng-1.8.0 msgspec-0.22.0 nodeenv-1.11.0 orjson-3.12.0 platformdirs-4.12.2 pluggy-1.6.0 pre-commit-4.6.2 psutil-7.2.2 pygments-2.21.0 pysimdjson-7.0.2 pytest-9.1.1 pytest-cov-7.1.0 python-discovery-1.6.1 pyyaml-6.0.3 ruff-0.16.9 strata-2026.8.10 ujson-6.0.0 virtualenv-21.14.0
2026-09-29T22:23:17.4943381Z + make pgo
2026-09-29T22:23:17.5190588Z ==> PGO: compiler is clang
2026-09-29T22:23:17.5218345Z ==> PGO phase 1: instrumented build
2026-09-29T22:23:17.8634179Z Obtaining file:///home/runner/work/_temp/identity-arm
2026-09-29T22:23:17.8656564Z   Installing build dependencies: started
2026-09-29T22:23:19.7137108Z   Installing build dependencies: finished with status 'done'
2026-09-29T22:23:19.7143211Z   Checking if build backend supports build_editable: started
2026-09-29T22:23:20.0044278Z   Checking if build backend supports build_editable: finished with status 'done'
2026-09-29T22:23:20.0052662Z   Getting requirements to build editable: started
2026-09-29T22:23:20.3958294Z   Getting requirements to build editable: finished with status 'done'
2026-09-29T22:23:20.3966520Z   Preparing editable metadata (pyproject.toml): started
2026-09-29T22:23:20.6427321Z   Preparing editable metadata (pyproject.toml): finished with status 'done'
2026-09-29T22:23:20.6485548Z Building wheels for collected packages: strata
2026-09-29T22:23:20.6493177Z   Building editable for strata (pyproject.toml): started
2026-09-29T22:24:21.1871110Z   Building editable for strata (pyproject.toml): still running...
2026-09-29T22:24:24.7547481Z   Building editable for strata (pyproject.toml): finished with status 'done'
2026-09-29T22:24:24.7555570Z   Created wheel for strata: filename=strata-2026.8.10-0.editable-cp312-cp312-linux_x86_64.whl size=4457 sha256=b820e692d76f3d253010a71796a94ad7599c68ac75ff5402ab10fc34a6208526
2026-09-29T22:24:24.7557179Z   Stored in directory: /tmp/pip-ephem-wheel-cache-ao1jab17/wheels/4b/14/de/c01d5c98e482dba508ed0b80beaf37c3b37034de18f4d8fbd4
2026-09-29T22:24:24.7582856Z Successfully built strata
2026-09-29T22:24:24.7690436Z Installing collected packages: strata
2026-09-29T22:24:24.7692187Z   Attempting uninstall: strata
2026-09-29T22:24:24.7713772Z     Found existing installation: strata 2026.8.10
2026-09-29T22:24:24.7730503Z     Uninstalling strata-2026.8.10:
2026-09-29T22:24:24.8046721Z       Successfully uninstalled strata-2026.8.10
2026-09-29T22:24:24.8154346Z Successfully installed strata-2026.8.10
2026-09-29T22:24:25.7486310Z ==> PGO: the hook image must carry no profile
2026-09-29T22:24:25.8017679Z + strata._dumps_hook is unprofiled: _dumps_hook.cpython-312-x86_64-linux-gnu.so.build.json records no profile or profile flag,
2026-09-29T22:24:25.8018613Z   and the image links no profile runtime
2026-09-29T22:24:25.8083544Z ==> PGO: generating training data
2026-09-29T22:24:26.2790984Z   build/pgo/train.json (10.0 MB)
2026-09-29T22:24:26.2791539Z   build/pgo/train.ndjson (10.0 MB)
2026-09-29T22:24:26.2846688Z ==> PGO: running the training workload
2026-09-29T22:24:26.5330241Z PGO training workload
2026-09-29T22:24:26.5330722Z   corpus: 4001 records, 10.0 MB
2026-09-29T22:24:26.5331108Z [1/7] loads
2026-09-29T22:24:26.5331325Z   loads(str): 1x in 0.05s
2026-09-29T22:24:26.6113545Z   loads(bytes): 1x in 0.05s
2026-09-29T22:24:26.6458026Z   loads(sample): 5x in 0.01s
2026-09-29T22:24:26.6787298Z   loads(cursor): 5x in 0.01s
2026-09-29T22:24:26.7095557Z   loads(iterator): 3x in 0.01s
2026-09-29T22:24:26.7543523Z [2/7] dumps
2026-09-29T22:24:26.7543977Z   dumps(str): 1x in 0.02s
2026-09-29T22:24:26.8212886Z   dumps(bytes): 3x in 0.03s
2026-09-29T22:24:26.8547547Z   dumps(sample, bytes): 5x in 0.00s
2026-09-29T22:24:26.8804230Z   dumps(sample): 5x in 0.00s
2026-09-29T22:24:26.9036151Z   dumps(parsed sample, bytes): 2x in 0.00s
2026-09-29T22:24:26.9797379Z [3/7] load
2026-09-29T22:24:26.9797763Z   load(json): 1x in 0.05s
2026-09-29T22:24:27.0681107Z   load(ndjson): 1x in 0.06s
2026-09-29T22:24:27.1536820Z   load(ndjson, iterator): 1x in 0.06s
2026-09-29T22:24:27.1860285Z [4/7] dump
2026-09-29T22:24:27.1860665Z   dump(json): 3x in 0.00s
2026-09-29T22:24:27.2097999Z [5/7] query
2026-09-29T22:24:27.2098426Z   query $[0].name: 3x in 0.00s
2026-09-29T22:24:27.2329688Z   query $[*].id: 3x in 0.00s
2026-09-29T22:24:27.2573089Z   query $[*].items[*].sku: 3x in 0.00s
2026-09-29T22:24:27.2792968Z   query $..leaf: 3x in 0.00s
2026-09-29T22:24:27.3000488Z   query $[0:50].score: 3x in 0.00s
2026-09-29T22:24:27.3209361Z   query $[?(@.id > 100)].name: 3x in 0.00s
2026-09-29T22:24:27.3429346Z   query $[?(@.id <= 500)]: 3x in 0.00s
2026-09-29T22:24:27.3640055Z   query $[?(@.name == 'alpha')]: 3x in 0.00s
2026-09-29T22:24:27.3848547Z   query $[?(@.name != 'alpha')].id: 3x in 0.00s
2026-09-29T22:24:27.4060498Z   query $[?(@['id'] >= 0)].name: 3x in 0.00s
2026-09-29T22:24:27.4275224Z   query $[*].nested.child: 3x in 0.00s
2026-09-29T22:24:27.4477522Z   query $[*].tags[0]: 3x in 0.00s
2026-09-29T22:24:27.4688794Z   query $.*: 3x in 0.00s
2026-09-29T22:24:27.4897029Z   query(compiled): 5x in 0.00s
2026-09-29T22:24:27.5264950Z [6/7] search
2026-09-29T22:24:27.5265394Z   search json $[*].id: 1x in 0.02s
2026-09-29T22:24:27.6057724Z   search ndjson $[*].id: 1x in 0.06s
2026-09-29T22:24:27.6874728Z   search json $..leaf: 1x in 0.06s
2026-09-29T22:24:27.7727283Z   search ndjson $..leaf: 1x in 0.06s
2026-09-29T22:24:27.8526813Z   search json $[?(@.id > 100)].name: 1x in 0.05s
2026-09-29T22:24:27.9323334Z   search ndjson $[?(@.id > 100)].name: 1x in 0.05s
2026-09-29T22:24:27.9581802Z [7/7] folder mode
2026-09-29T22:24:27.9582250Z   dump(split_by): 1x in 0.00s
2026-09-29T22:24:27.9819368Z   load(folder): 1x in 0.00s
2026-09-29T22:24:28.0040686Z   search(folder): 1x in 0.00s
2026-09-29T22:24:28.0274954Z PGO training workload complete
2026-09-29T22:24:28.0358972Z ==> PGO: gate tests on the instrumented build
2026-09-29T22:24:28.0706915Z + /home/runner/work/_temp/identity-arm/.venv/bin/cmake -S . -B build/cmake -DCMAKE_BUILD_TYPE=Release
2026-09-29T22:24:28.2329125Z -- Configuring done (0.0s)
2026-09-29T22:24:28.3000530Z -- Generating done (0.1s)
2026-09-29T22:24:28.3005254Z -- Build files have been written to: /home/runner/work/_temp/identity-arm/build/cmake
2026-09-29T22:24:28.3019170Z + /home/runner/work/_temp/identity-arm/.venv/bin/cmake --build build/cmake --config Release
2026-09-29T22:24:28.4565464Z gmake[1]: Entering directory '/home/runner/work/_temp/identity-arm/build/cmake'
2026-09-29T22:24:28.4640372Z gmake[2]: Entering directory '/home/runner/work/_temp/identity-arm/build/cmake'
2026-09-29T22:24:28.4653436Z gmake[3]: Entering directory '/home/runner/work/_temp/identity-arm/build/cmake'
2026-09-29T22:24:28.4783007Z gmake[3]: Leaving directory '/home/runner/work/_temp/identity-arm/build/cmake'
2026-09-29T22:24:28.4824851Z gmake[3]: Entering directory '/home/runner/work/_temp/identity-arm/build/cmake'
2026-09-29T22:24:28.4854511Z [  0%] Linking CXX executable smoke_tests
2026-09-29T22:24:28.5517180Z gmake[3]: Leaving directory '/home/runner/work/_temp/identity-arm/build/cmake'
2026-09-29T22:24:28.5553231Z [  6%] Built target smoke_tests
2026-09-29T22:24:28.5571587Z gmake[3]: Entering directory '/home/runner/work/_temp/identity-arm/build/cmake'
2026-09-29T22:24:28.5696639Z gmake[3]: Leaving directory '/home/runner/work/_temp/identity-arm/build/cmake'
2026-09-29T22:24:28.5739422Z gmake[3]: Entering directory '/home/runner/work/_temp/identity-arm/build/cmake'
2026-09-29T22:24:28.5768825Z [  7%] Linking CXX executable json_core_tests
2026-09-29T22:24:28.6417540Z gmake[3]: Leaving directory '/home/runner/work/_temp/identity-arm/build/cmake'
2026-09-29T22:24:28.6453345Z [ 13%] Built target json_core_tests
2026-09-29T22:24:28.6471925Z gmake[3]: Entering directory '/home/runner/work/_temp/identity-arm/build/cmake'
2026-09-29T22:24:28.6598832Z gmake[3]: Leaving directory '/home/runner/work/_temp/identity-arm/build/cmake'
2026-09-29T22:24:28.6641929Z gmake[3]: Entering directory '/home/runner/work/_temp/identity-arm/build/cmake'
2026-09-29T22:24:28.6671304Z [ 13%] Linking CXX executable json_parse_tests
2026-09-29T22:24:28.7321176Z gmake[3]: Leaving directory '/home/runner/work/_temp/identity-arm/build/cmake'
2026-09-29T22:24:28.7358125Z [ 19%] Built target json_parse_tests
2026-09-29T22:24:28.7376658Z gmake[3]: Entering directory '/home/runner/work/_temp/identity-arm/build/cmake'
2026-09-29T22:24:28.7502636Z gmake[3]: Leaving directory '/home/runner/work/_temp/identity-arm/build/cmake'
2026-09-29T22:24:28.7545082Z gmake[3]: Entering directory '/home/runner/work/_temp/identity-arm/build/cmake'
2026-09-29T22:24:28.7573124Z [ 20%] Linking CXX executable fast_parse_tests
2026-09-29T22:24:28.8213033Z gmake[3]: Leaving directory '/home/runner/work/_temp/identity-arm/build/cmake'
2026-09-29T22:24:28.8248784Z [ 25%] Built target fast_parse_tests
2026-09-29T22:24:28.8267435Z gmake[3]: Entering directory '/home/runner/work/_temp/identity-arm/build/cmake'
2026-09-29T22:24:28.8395330Z gmake[3]: Leaving directory '/home/runner/work/_temp/identity-arm/build/cmake'
2026-09-29T22:24:28.8437966Z gmake[3]: Entering directory '/home/runner/work/_temp/identity-arm/build/cmake'
2026-09-29T22:24:28.8466627Z [ 26%] Linking CXX executable value_cursor_tests
2026-09-29T22:24:28.9104071Z gmake[3]: Leaving directory '/home/runner/work/_temp/identity-arm/build/cmake'
2026-09-29T22:24:28.9141039Z [ 32%] Built target value_cursor_tests
2026-09-29T22:24:28.9159416Z gmake[3]: Entering directory '/home/runner/work/_temp/identity-arm/build/cmake'
2026-09-29T22:24:28.9284691Z gmake[3]: Leaving directory '/home/runner/work/_temp/identity-arm/build/cmake'
2026-09-29T22:24:28.9327923Z gmake[3]: Entering directory '/home/runner/work/_temp/identity-arm/build/cmake'
2026-09-29T22:24:28.9356674Z [ 32%] Linking CXX executable json_serialize_tests
2026-09-29T22:24:28.9992110Z gmake[3]: Leaving directory '/home/runner/work/_temp/identity-arm/build/cmake'
2026-09-29T22:24:29.0028180Z [ 38%] Built target json_serialize_tests
2026-09-29T22:24:29.0046469Z gmake[3]: Entering directory '/home/runner/work/_temp/identity-arm/build/cmake'
2026-09-29T22:24:29.0172652Z gmake[3]: Leaving directory '/home/runner/work/_temp/identity-arm/build/cmake'
2026-09-29T22:24:29.0215455Z gmake[3]: Entering directory '/home/runner/work/_temp/identity-arm/build/cmake'
2026-09-29T22:24:29.0244971Z [ 39%] Linking CXX executable float_precision_tests
2026-09-29T22:24:29.0886830Z gmake[3]: Leaving directory '/home/runner/work/_temp/identity-arm/build/cmake'
2026-09-29T22:24:29.0923162Z [ 44%] Built target float_precision_tests
2026-09-29T22:24:29.0941611Z gmake[3]: Entering directory '/home/runner/work/_temp/identity-arm/build/cmake'
2026-09-29T22:24:29.1069465Z gmake[3]: Leaving directory '/home/runner/work/_temp/identity-arm/build/cmake'
2026-09-29T22:24:29.1112534Z gmake[3]: Entering directory '/home/runner/work/_temp/identity-arm/build/cmake'
2026-09-29T22:24:29.1142272Z [ 45%] Linking CXX executable json_cursor_tests
2026-09-29T22:24:29.1783901Z gmake[3]: Leaving directory '/home/runner/work/_temp/identity-arm/build/cmake'
2026-09-29T22:24:29.1822205Z [ 50%] Built target json_cursor_tests
2026-09-29T22:24:29.1840766Z gmake[3]: Entering directory '/home/runner/work/_temp/identity-arm/build/cmake'
2026-09-29T22:24:29.1970264Z gmake[3]: Leaving directory '/home/runner/work/_temp/identity-arm/build/cmake'
2026-09-29T22:24:29.2012604Z gmake[3]: Entering directory '/home/runner/work/_temp/identity-arm/build/cmake'
2026-09-29T22:24:29.2042246Z [ 51%] Linking CXX executable ndjson_tests
2026-09-29T22:24:29.2703137Z gmake[3]: Leaving directory '/home/runner/work/_temp/identity-arm/build/cmake'
2026-09-29T22:24:29.2741629Z [ 56%] Built target ndjson_tests
2026-09-29T22:24:29.2760607Z gmake[3]: Entering directory '/home/runner/work/_temp/identity-arm/build/cmake'
2026-09-29T22:24:29.2890390Z gmake[3]: Leaving directory '/home/runner/work/_temp/identity-arm/build/cmake'
2026-09-29T22:24:29.2935442Z gmake[3]: Entering directory '/home/runner/work/_temp/identity-arm/build/cmake'
2026-09-29T22:24:29.2966450Z [ 57%] Linking CXX executable jsonpath_tests
2026-09-29T22:24:29.3610164Z gmake[3]: Leaving directory '/home/runner/work/_temp/identity-arm/build/cmake'
2026-09-29T22:24:29.3646635Z [ 63%] Built target jsonpath_tests
2026-09-29T22:24:29.3665386Z gmake[3]: Entering directory '/home/runner/work/_temp/identity-arm/build/cmake'
2026-09-29T22:24:29.3790680Z gmake[3]: Leaving directory '/home/runner/work/_temp/identity-arm/build/cmake'
2026-09-29T22:24:29.3835252Z gmake[3]: Entering directory '/home/runner/work/_temp/identity-arm/build/cmake'
2026-09-29T22:24:29.3863252Z [ 63%] Linking CXX executable jsonpath_stream_tests
2026-09-29T22:24:29.4506752Z gmake[3]: Leaving directory '/home/runner/work/_temp/identity-arm/build/cmake'
2026-09-29T22:24:29.4543004Z [ 69%] Built target jsonpath_stream_tests
2026-09-29T22:24:29.4560931Z gmake[3]: Entering directory '/home/runner/work/_temp/identity-arm/build/cmake'
2026-09-29T22:24:29.4685933Z gmake[3]: Leaving directory '/home/runner/work/_temp/identity-arm/build/cmake'
2026-09-29T22:24:29.4728370Z gmake[3]: Entering directory '/home/runner/work/_temp/identity-arm/build/cmake'
2026-09-29T22:24:29.4756286Z [ 69%] Linking CXX executable scan_tests
2026-09-29T22:24:29.5397800Z gmake[3]: Leaving directory '/home/runner/work/_temp/identity-arm/build/cmake'
2026-09-29T22:24:29.5433649Z [ 75%] Built target scan_tests
2026-09-29T22:24:29.5452042Z gmake[3]: Entering directory '/home/runner/work/_temp/identity-arm/build/cmake'
2026-09-29T22:24:29.5580171Z gmake[3]: Leaving directory '/home/runner/work/_temp/identity-arm/build/cmake'
2026-09-29T22:24:29.5624292Z gmake[3]: Entering directory '/home/runner/work/_temp/identity-arm/build/cmake'
2026-09-29T22:24:29.5653706Z [ 75%] Linking CXX executable temporal_tests
2026-09-29T22:24:29.6299882Z gmake[3]: Leaving directory '/home/runner/work/_temp/identity-arm/build/cmake'
2026-09-29T22:24:29.6337709Z [ 81%] Built target temporal_tests
2026-09-29T22:24:29.6356664Z gmake[3]: Entering directory '/home/runner/work/_temp/identity-arm/build/cmake'
2026-09-29T22:24:29.6491204Z gmake[3]: Leaving directory '/home/runner/work/_temp/identity-arm/build/cmake'
2026-09-29T22:24:29.6535460Z gmake[3]: Entering directory '/home/runner/work/_temp/identity-arm/build/cmake'
2026-09-29T22:24:29.6568234Z [ 81%] Linking CXX executable folder_tests
2026-09-29T22:24:29.7228383Z gmake[3]: Leaving directory '/home/runner/work/_temp/identity-arm/build/cmake'
2026-09-29T22:24:29.7265310Z [ 87%] Built target folder_tests
2026-09-29T22:24:29.7285067Z gmake[3]: Entering directory '/home/runner/work/_temp/identity-arm/build/cmake'
2026-09-29T22:24:29.7422693Z gmake[3]: Leaving directory '/home/runner/work/_temp/identity-arm/build/cmake'
2026-09-29T22:24:29.7469632Z gmake[3]: Entering directory '/home/runner/work/_temp/identity-arm/build/cmake'
2026-09-29T22:24:29.7501123Z [ 87%] Linking CXX executable fuzz_corpus_tests
2026-09-29T22:24:29.8143025Z gmake[3]: Leaving directory '/home/runner/work/_temp/identity-arm/build/cmake'
2026-09-29T22:24:29.8180231Z [ 93%] Built target fuzz_corpus_tests
2026-09-29T22:24:29.8198315Z gmake[3]: Entering directory '/home/runner/work/_temp/identity-arm/build/cmake'
2026-09-29T22:24:29.8324457Z gmake[3]: Leaving directory '/home/runner/work/_temp/identity-arm/build/cmake'
2026-09-29T22:24:29.8368358Z gmake[3]: Entering directory '/home/runner/work/_temp/identity-arm/build/cmake'
2026-09-29T22:24:29.8397912Z [ 94%] Linking CXX executable stress_deep_tests
2026-09-29T22:24:29.9035038Z gmake[3]: Leaving directory '/home/runner/work/_temp/identity-arm/build/cmake'
2026-09-29T22:24:29.9072470Z [100%] Built target stress_deep_tests
2026-09-29T22:24:29.9077974Z gmake[2]: Leaving directory '/home/runner/work/_temp/identity-arm/build/cmake'
2026-09-29T22:24:29.9136561Z gmake[1]: Leaving directory '/home/runner/work/_temp/identity-arm/build/cmake'
2026-09-29T22:24:29.9147257Z + /home/runner/work/_temp/identity-arm/.venv/bin/ctest --test-dir build/cmake --build-config Release --output-on-failure --no-tests=error
2026-09-29T22:24:30.0696951Z Test project /home/runner/work/_temp/identity-arm/build/cmake
2026-09-29T22:24:30.0702689Z       Start  1: smoke_tests
2026-09-29T22:24:30.0721440Z  1/16 Test  #1: smoke_tests ......................   Passed    0.00 sec
2026-09-29T22:24:30.0723472Z       Start  2: json_core_tests
2026-09-29T22:24:30.0740053Z  2/16 Test  #2: json_core_tests ..................   Passed    0.00 sec
2026-09-29T22:24:30.0741694Z       Start  3: json_parse_tests
2026-09-29T22:24:30.0758348Z  3/16 Test  #3: json_parse_tests .................   Passed    0.00 sec
2026-09-29T22:24:30.0759954Z       Start  4: fast_parse_tests
2026-09-29T22:24:30.1478972Z  4/16 Test  #4: fast_parse_tests .................   Passed    0.07 sec
2026-09-29T22:24:30.1480716Z       Start  5: value_cursor_tests
2026-09-29T22:24:30.1557249Z  5/16 Test  #5: value_cursor_tests ...............   Passed    0.01 sec
2026-09-29T22:24:30.1559001Z       Start  6: json_serialize_tests
2026-09-29T22:24:30.1577182Z  6/16 Test  #6: json_serialize_tests .............   Passed    0.00 sec
2026-09-29T22:24:30.1578656Z       Start  7: float_precision_tests
2026-09-29T22:24:33.2456499Z  7/16 Test  #7: float_precision_tests ............   Passed    3.09 sec
2026-09-29T22:24:33.2460542Z       Start  8: json_cursor_tests
2026-09-29T22:24:33.2481487Z  8/16 Test  #8: json_cursor_tests ................   Passed    0.00 sec
2026-09-29T22:24:33.2483163Z       Start  9: ndjson_tests
2026-09-29T22:24:33.2533415Z  9/16 Test  #9: ndjson_tests .....................   Passed    0.00 sec
2026-09-29T22:24:33.2534921Z       Start 10: jsonpath_tests
2026-09-29T22:24:33.2553098Z 10/16 Test #10: jsonpath_tests ...................   Passed    0.00 sec
2026-09-29T22:24:33.2554622Z       Start 11: jsonpath_stream_tests
2026-09-29T22:24:33.2576234Z 11/16 Test #11: jsonpath_stream_tests ............   Passed    0.00 sec
2026-09-29T22:24:33.2577715Z       Start 12: scan_tests
2026-09-29T22:24:33.2759735Z 12/16 Test #12: scan_tests .......................   Passed    0.02 sec
2026-09-29T22:24:33.2761067Z       Start 13: temporal_tests
2026-09-29T22:24:33.2778705Z 13/16 Test #13: temporal_tests ...................   Passed    0.00 sec
2026-09-29T22:24:33.2780009Z       Start 14: folder_tests
2026-09-29T22:24:33.2824597Z 14/16 Test #14: folder_tests .....................   Passed    0.00 sec
2026-09-29T22:24:33.2826072Z       Start 15: fuzz_corpus_tests
2026-09-29T22:24:33.2868085Z 15/16 Test #15: fuzz_corpus_tests ................   Passed    0.00 sec
2026-09-29T22:24:33.2869469Z       Start 16: stress_deep_tests
2026-09-29T22:24:33.2902736Z 16/16 Test #16: stress_deep_tests ................   Passed    0.00 sec
2026-09-29T22:24:33.2908248Z 
2026-09-29T22:24:33.2908911Z 100% tests passed out of 16
2026-09-29T22:24:33.2909123Z 
2026-09-29T22:24:33.2909236Z Total Test time (real) =   3.22 sec
2026-09-29T22:24:33.3361081Z + pytest tests/py tests/unit --ignore=tests/unit/native_types --ignore=tests/py/native_types --basetemp=/tmp/pytest-of-runner/ihkq2ehr
2026-09-29T22:24:34.0008798Z ============================= test session starts ==============================
2026-09-29T22:24:34.0009581Z platform linux -- Python 3.12.14, pytest-9.1.1, pluggy-1.6.0
2026-09-29T22:24:34.0010246Z rootdir: /home/runner/work/_temp/identity-arm
2026-09-29T22:24:34.0010761Z configfile: pyproject.toml
2026-09-29T22:24:34.0011220Z plugins: platformdirs-4.12.2, cov-7.1.0
2026-09-29T22:24:34.0011686Z collected 3183 items
2026-09-29T22:24:34.0011930Z 
2026-09-29T22:24:34.0220262Z tests/py/test_dumps_brace_fold.py .........                              [  0%]
2026-09-29T22:24:34.0603761Z tests/py/test_dumps_cycles_fused.py .................................... [  1%]
2026-09-29T22:24:34.1196909Z ....................................................                     [  3%]
2026-09-29T22:24:34.3477135Z tests/py/test_dumps_general_tables.py ............................       [  3%]
2026-09-29T22:24:34.8300287Z tests/py/test_dumps_with_default.py .................................... [  5%]
2026-09-29T22:24:35.1118790Z .............................ss                                          [  6%]
2026-09-29T22:24:35.1478436Z tests/py/test_dumps_with_default_contract.py ........................... [  6%]
2026-09-29T22:24:35.2484727Z ........................................................................ [  9%]
2026-09-29T22:24:35.3508236Z ........................................................................ [ 11%]
2026-09-29T22:24:35.4066489Z ..........................                                               [ 12%]
2026-09-29T22:24:35.4110776Z tests/py/test_fused_verification.py ..                                   [ 12%]
2026-09-29T22:24:35.4443104Z tests/py/test_json_parity.py ........................................... [ 13%]
2026-09-29T22:24:35.4989832Z ........................................................................ [ 15%]
2026-09-29T22:24:35.5539524Z ........................................................................ [ 18%]
2026-09-29T22:24:35.6084159Z ........................................................................ [ 20%]
2026-09-29T22:24:35.6634128Z ........................................................................ [ 22%]
2026-09-29T22:24:35.7169895Z ........................................................................ [ 24%]
2026-09-29T22:24:35.7708551Z ........................................................................ [ 27%]
2026-09-29T22:24:35.8222205Z ........................................................................ [ 29%]
2026-09-29T22:24:35.8726408Z ........................................................................ [ 31%]
2026-09-29T22:24:35.9247529Z ........................................................................ [ 33%]
2026-09-29T22:24:35.9762080Z ........................................................................ [ 36%]
2026-09-29T22:24:36.0275431Z ........................................................................ [ 38%]
2026-09-29T22:24:36.0783892Z ........................................................................ [ 40%]
2026-09-29T22:24:36.1292684Z ........................................................................ [ 43%]
2026-09-29T22:24:36.1814907Z ........................................................................ [ 45%]
2026-09-29T22:24:36.2320631Z ........................................................................ [ 47%]
2026-09-29T22:24:36.2825362Z ........................................................................ [ 49%]
2026-09-29T22:24:36.3100970Z .................................                                        [ 50%]
2026-09-29T22:24:36.3543615Z tests/py/test_path_dispatch.py ................................          [ 51%]
2026-09-29T22:24:36.3563740Z tests/py/test_py_tests_basetemp.py ..                                    [ 51%]
2026-09-29T22:24:36.3585382Z tests/py/test_smoke.py ...                                               [ 52%]
2026-09-29T22:24:36.7882162Z tests/unit/test_ab_analysis.py ......................................    [ 53%]
2026-09-29T22:24:36.8030231Z tests/unit/test_build_manifest.py ...........                            [ 53%]
2026-09-29T22:24:36.8163921Z tests/unit/test_canonical_builds.py ....                                 [ 53%]
2026-09-29T22:24:37.0304082Z tests/unit/test_ci_fetch.py ........................                     [ 54%]
2026-09-29T22:24:37.1286763Z tests/unit/test_ci_summary.py .......................                    [ 55%]
2026-09-29T22:24:37.1486693Z tests/unit/test_config.py ...........................                    [ 56%]
2026-09-29T22:24:37.1678755Z tests/unit/test_core_purity.py ....                                      [ 56%]
2026-09-29T22:24:37.1802931Z tests/unit/test_cross_sample.py ......                                   [ 56%]
2026-09-29T22:24:37.2388057Z tests/unit/test_dumps.py ............................................... [ 57%]
2026-09-29T22:24:37.2555018Z ..........                                                               [ 58%]
2026-09-29T22:24:37.2759760Z tests/unit/test_dumps_brace_fold.py .........                            [ 58%]
2026-09-29T22:24:37.5036198Z tests/unit/test_dumps_cold_start.py ....                                 [ 58%]
2026-09-29T22:24:37.5400123Z tests/unit/test_dumps_contract.py ...................................... [ 59%]
2026-09-29T22:24:37.6068576Z .............................................................            [ 61%]
2026-09-29T22:24:37.6450155Z tests/unit/test_dumps_cycles_fused.py .................................. [ 62%]
2026-09-29T22:24:37.7063779Z ......................................................                   [ 64%]
2026-09-29T22:24:38.0051102Z tests/unit/test_dumps_general_tables.py ............................     [ 65%]
2026-09-29T22:24:38.4002842Z tests/unit/test_dumps_latch.py ............................              [ 66%]
2026-09-29T22:24:38.4792503Z tests/unit/test_dumps_private_cache.py ................................  [ 67%]
2026-09-29T22:24:39.0533900Z tests/unit/test_dumps_reentrancy.py .................................... [ 68%]
2026-09-29T22:24:40.1767515Z ......................................................................   [ 70%]
2026-09-29T22:24:40.8266583Z tests/unit/test_dumps_reentrancy_review.py ............................. [ 71%]
2026-09-29T22:24:40.9670547Z ..                                                                       [ 71%]
2026-09-29T22:24:41.0158925Z tests/unit/test_dumps_schema_failure.py ...........................      [ 72%]
2026-09-29T22:24:41.5004225Z tests/unit/test_dumps_user_step_counter.py ..........................    [ 73%]
2026-09-29T22:24:41.5296088Z tests/unit/test_dumps_with_default.py .................................. [ 74%]
2026-09-29T22:24:41.5900249Z ........................................................................ [ 76%]
2026-09-29T22:24:41.7311168Z .........................................................                [ 78%]
2026-09-29T22:24:41.7541694Z tests/unit/test_dumps_with_default_state.py ............................ [ 79%]
2026-09-29T22:24:41.8460918Z ........................................................................ [ 81%]
2026-09-29T22:24:41.9890491Z ..............                                                           [ 81%]
2026-09-29T22:24:42.0650027Z tests/unit/test_folder.py .............................................. [ 83%]
2026-09-29T22:24:42.1440563Z .........................................                                [ 84%]
2026-09-29T22:24:42.1481916Z tests/unit/test_fused_verification.py ..                                 [ 84%]
2026-09-29T22:24:42.1996956Z tests/unit/test_hook_build_scope.py ...............................      [ 85%]
2026-09-29T22:24:42.3004350Z tests/unit/test_json_cursor.py ...........................               [ 86%]
2026-09-29T22:24:42.3316874Z tests/unit/test_jsonpath.py ............................................ [ 87%]
2026-09-29T22:24:42.4698510Z .......................................................................  [ 90%]
2026-09-29T22:24:42.5626734Z tests/unit/test_load_dump.py ........................................... [ 91%]
2026-09-29T22:24:42.5632829Z                                                                          [ 91%]
2026-09-29T22:24:42.5976773Z tests/unit/test_loads.py ............................................... [ 92%]
2026-09-29T22:24:42.6917580Z ........................................................................ [ 95%]
2026-09-29T22:24:43.7405287Z ................                                                         [ 95%]
2026-09-29T22:24:43.7471770Z tests/unit/test_native_interleaved_profile.py ...                        [ 95%]
2026-09-29T22:24:43.8326444Z tests/unit/test_nested_container_probe.py ....                           [ 95%]
2026-09-29T22:24:43.8924885Z tests/unit/test_path_dispatch.py ................................        [ 96%]
2026-09-29T22:24:43.9336212Z tests/unit/test_provenance.py ..................                         [ 97%]
2026-09-29T22:24:43.9918059Z tests/unit/test_regression_check.py ..........................           [ 98%]
2026-09-29T22:24:44.1635341Z tests/unit/test_search_stream.py .................                       [ 98%]
2026-09-29T22:24:44.1646290Z tests/unit/test_string_identity_probe.py .                               [ 98%]
2026-09-29T22:24:44.2457091Z tests/unit/test_supplementary.py .............                           [ 99%]
2026-09-29T22:24:44.3056209Z tests/unit/test_supportability_check.py ....................             [ 99%]
2026-09-29T22:24:44.3812925Z tests/unit/test_version.py ....                                          [100%]
2026-09-29T22:24:44.3813611Z 
2026-09-29T22:24:44.3813944Z ======================= 3181 passed, 2 skipped in 10.78s =======================
2026-09-29T22:24:44.5405226Z ==> PGO: merging 17 raw profiles
2026-09-29T22:24:44.6363681Z ==> PGO phase 2: optimized build (profile + LTO)
2026-09-29T22:24:44.9593394Z Obtaining file:///home/runner/work/_temp/identity-arm
2026-09-29T22:24:44.9614149Z   Installing build dependencies: started
2026-09-29T22:24:46.7698196Z   Installing build dependencies: finished with status 'done'
2026-09-29T22:24:46.7704129Z   Checking if build backend supports build_editable: started
2026-09-29T22:24:47.0662341Z   Checking if build backend supports build_editable: finished with status 'done'
2026-09-29T22:24:47.0671279Z   Getting requirements to build editable: started
2026-09-29T22:24:47.4515566Z   Getting requirements to build editable: finished with status 'done'
2026-09-29T22:24:47.4524043Z   Preparing editable metadata (pyproject.toml): started
2026-09-29T22:24:47.6945893Z   Preparing editable metadata (pyproject.toml): finished with status 'done'
2026-09-29T22:24:47.7008073Z Building wheels for collected packages: strata
2026-09-29T22:24:47.7015960Z   Building editable for strata (pyproject.toml): started
2026-09-29T22:25:47.9856827Z   Building editable for strata (pyproject.toml): still running...
2026-09-29T22:25:57.9334004Z   Building editable for strata (pyproject.toml): finished with status 'done'
2026-09-29T22:25:57.9342288Z   Created wheel for strata: filename=strata-2026.8.10-0.editable-cp312-cp312-linux_x86_64.whl size=4457 sha256=fba96f16a7ca31bd195853f193ef110a8f69af0de716dd23f206fedc743f1da4
2026-09-29T22:25:57.9344557Z   Stored in directory: /tmp/pip-ephem-wheel-cache-pd14nwhh/wheels/4b/14/de/c01d5c98e482dba508ed0b80beaf37c3b37034de18f4d8fbd4
2026-09-29T22:25:57.9372227Z Successfully built strata
2026-09-29T22:25:57.9489470Z Installing collected packages: strata
2026-09-29T22:25:57.9491748Z   Attempting uninstall: strata
2026-09-29T22:25:57.9515205Z     Found existing installation: strata 2026.8.10
2026-09-29T22:25:57.9533278Z     Uninstalling strata-2026.8.10:
2026-09-29T22:25:57.9826707Z       Successfully uninstalled strata-2026.8.10
2026-09-29T22:25:57.9933129Z Successfully installed strata-2026.8.10
2026-09-29T22:25:58.9753861Z ==> PGO: the hook image must carry no profile
2026-09-29T22:25:59.0250200Z + strata._dumps_hook is unprofiled: _dumps_hook.cpython-312-x86_64-linux-gnu.so.build.json records no profile or profile flag,
2026-09-29T22:25:59.0251339Z   and the image links no profile runtime
2026-09-29T22:25:59.0309281Z ==> PGO: gate tests on the optimized build
2026-09-29T22:25:59.0644299Z + /home/runner/work/_temp/identity-arm/.venv/bin/cmake -S . -B build/cmake -DCMAKE_BUILD_TYPE=Release
2026-09-29T22:25:59.2246247Z -- Configuring done (0.0s)
2026-09-29T22:25:59.2870092Z -- Generating done (0.1s)
2026-09-29T22:25:59.2876805Z -- Build files have been written to: /home/runner/work/_temp/identity-arm/build/cmake
2026-09-29T22:25:59.2890001Z + /home/runner/work/_temp/identity-arm/.venv/bin/cmake --build build/cmake --config Release
2026-09-29T22:25:59.4436572Z gmake[1]: Entering directory '/home/runner/work/_temp/identity-arm/build/cmake'
2026-09-29T22:25:59.4513603Z gmake[2]: Entering directory '/home/runner/work/_temp/identity-arm/build/cmake'
2026-09-29T22:25:59.4526362Z gmake[3]: Entering directory '/home/runner/work/_temp/identity-arm/build/cmake'
2026-09-29T22:25:59.4649970Z gmake[3]: Leaving directory '/home/runner/work/_temp/identity-arm/build/cmake'
2026-09-29T22:25:59.4691759Z gmake[3]: Entering directory '/home/runner/work/_temp/identity-arm/build/cmake'
2026-09-29T22:25:59.4721099Z [  0%] Linking CXX executable smoke_tests
2026-09-29T22:25:59.5367331Z gmake[3]: Leaving directory '/home/runner/work/_temp/identity-arm/build/cmake'
2026-09-29T22:25:59.5403089Z [  6%] Built target smoke_tests
2026-09-29T22:25:59.5421149Z gmake[3]: Entering directory '/home/runner/work/_temp/identity-arm/build/cmake'
2026-09-29T22:25:59.5547723Z gmake[3]: Leaving directory '/home/runner/work/_temp/identity-arm/build/cmake'
2026-09-29T22:25:59.5590571Z gmake[3]: Entering directory '/home/runner/work/_temp/identity-arm/build/cmake'
2026-09-29T22:25:59.5621238Z [  7%] Linking CXX executable json_core_tests
2026-09-29T22:25:59.6258561Z gmake[3]: Leaving directory '/home/runner/work/_temp/identity-arm/build/cmake'
2026-09-29T22:25:59.6295354Z [ 13%] Built target json_core_tests
2026-09-29T22:25:59.6313821Z gmake[3]: Entering directory '/home/runner/work/_temp/identity-arm/build/cmake'
2026-09-29T22:25:59.6441290Z gmake[3]: Leaving directory '/home/runner/work/_temp/identity-arm/build/cmake'
2026-09-29T22:25:59.6484181Z gmake[3]: Entering directory '/home/runner/work/_temp/identity-arm/build/cmake'
2026-09-29T22:25:59.6512227Z [ 13%] Linking CXX executable json_parse_tests
2026-09-29T22:25:59.7165636Z gmake[3]: Leaving directory '/home/runner/work/_temp/identity-arm/build/cmake'
2026-09-29T22:25:59.7202160Z [ 19%] Built target json_parse_tests
2026-09-29T22:25:59.7220471Z gmake[3]: Entering directory '/home/runner/work/_temp/identity-arm/build/cmake'
2026-09-29T22:25:59.7349904Z gmake[3]: Leaving directory '/home/runner/work/_temp/identity-arm/build/cmake'
2026-09-29T22:25:59.7392913Z gmake[3]: Entering directory '/home/runner/work/_temp/identity-arm/build/cmake'
2026-09-29T22:25:59.7422061Z [ 20%] Linking CXX executable fast_parse_tests
2026-09-29T22:25:59.8056934Z gmake[3]: Leaving directory '/home/runner/work/_temp/identity-arm/build/cmake'
2026-09-29T22:25:59.8093081Z [ 25%] Built target fast_parse_tests
2026-09-29T22:25:59.8111527Z gmake[3]: Entering directory '/home/runner/work/_temp/identity-arm/build/cmake'
2026-09-29T22:25:59.8237823Z gmake[3]: Leaving directory '/home/runner/work/_temp/identity-arm/build/cmake'
2026-09-29T22:25:59.8280809Z gmake[3]: Entering directory '/home/runner/work/_temp/identity-arm/build/cmake'
2026-09-29T22:25:59.8309513Z [ 26%] Linking CXX executable value_cursor_tests
2026-09-29T22:25:59.8954685Z gmake[3]: Leaving directory '/home/runner/work/_temp/identity-arm/build/cmake'
2026-09-29T22:25:59.8992248Z [ 32%] Built target value_cursor_tests
2026-09-29T22:25:59.9010656Z gmake[3]: Entering directory '/home/runner/work/_temp/identity-arm/build/cmake'
2026-09-29T22:25:59.9136811Z gmake[3]: Leaving directory '/home/runner/work/_temp/identity-arm/build/cmake'
2026-09-29T22:25:59.9179845Z gmake[3]: Entering directory '/home/runner/work/_temp/identity-arm/build/cmake'
2026-09-29T22:25:59.9208115Z [ 32%] Linking CXX executable json_serialize_tests
2026-09-29T22:25:59.9861293Z gmake[3]: Leaving directory '/home/runner/work/_temp/identity-arm/build/cmake'
2026-09-29T22:25:59.9898941Z [ 38%] Built target json_serialize_tests
2026-09-29T22:25:59.9917687Z gmake[3]: Entering directory '/home/runner/work/_temp/identity-arm/build/cmake'
2026-09-29T22:26:00.0057498Z gmake[3]: Leaving directory '/home/runner/work/_temp/identity-arm/build/cmake'
2026-09-29T22:26:00.0108138Z gmake[3]: Entering directory '/home/runner/work/_temp/identity-arm/build/cmake'
2026-09-29T22:26:00.0144023Z [ 39%] Linking CXX executable float_precision_tests
2026-09-29T22:26:00.0817452Z gmake[3]: Leaving directory '/home/runner/work/_temp/identity-arm/build/cmake'
2026-09-29T22:26:00.0856375Z [ 44%] Built target float_precision_tests
2026-09-29T22:26:00.0874929Z gmake[3]: Entering directory '/home/runner/work/_temp/identity-arm/build/cmake'
2026-09-29T22:26:00.1006221Z gmake[3]: Leaving directory '/home/runner/work/_temp/identity-arm/build/cmake'
2026-09-29T22:26:00.1051039Z gmake[3]: Entering directory '/home/runner/work/_temp/identity-arm/build/cmake'
2026-09-29T22:26:00.1083878Z [ 45%] Linking CXX executable json_cursor_tests
2026-09-29T22:26:00.1740888Z gmake[3]: Leaving directory '/home/runner/work/_temp/identity-arm/build/cmake'
2026-09-29T22:26:00.1780517Z [ 50%] Built target json_cursor_tests
2026-09-29T22:26:00.1801216Z gmake[3]: Entering directory '/home/runner/work/_temp/identity-arm/build/cmake'
2026-09-29T22:26:00.1931878Z gmake[3]: Leaving directory '/home/runner/work/_temp/identity-arm/build/cmake'
2026-09-29T22:26:00.1975072Z gmake[3]: Entering directory '/home/runner/work/_temp/identity-arm/build/cmake'
2026-09-29T22:26:00.2005227Z [ 51%] Linking CXX executable ndjson_tests
2026-09-29T22:26:00.2647366Z gmake[3]: Leaving directory '/home/runner/work/_temp/identity-arm/build/cmake'
2026-09-29T22:26:00.2683619Z [ 56%] Built target ndjson_tests
2026-09-29T22:26:00.2701742Z gmake[3]: Entering directory '/home/runner/work/_temp/identity-arm/build/cmake'
2026-09-29T22:26:00.2829948Z gmake[3]: Leaving directory '/home/runner/work/_temp/identity-arm/build/cmake'
2026-09-29T22:26:00.2872500Z gmake[3]: Entering directory '/home/runner/work/_temp/identity-arm/build/cmake'
2026-09-29T22:26:00.2900852Z [ 57%] Linking CXX executable jsonpath_tests
2026-09-29T22:26:00.3543420Z gmake[3]: Leaving directory '/home/runner/work/_temp/identity-arm/build/cmake'
2026-09-29T22:26:00.3579803Z [ 63%] Built target jsonpath_tests
2026-09-29T22:26:00.3598181Z gmake[3]: Entering directory '/home/runner/work/_temp/identity-arm/build/cmake'
2026-09-29T22:26:00.3729877Z gmake[3]: Leaving directory '/home/runner/work/_temp/identity-arm/build/cmake'
2026-09-29T22:26:00.3772809Z gmake[3]: Entering directory '/home/runner/work/_temp/identity-arm/build/cmake'
2026-09-29T22:26:00.3801268Z [ 63%] Linking CXX executable jsonpath_stream_tests
2026-09-29T22:26:00.4441880Z gmake[3]: Leaving directory '/home/runner/work/_temp/identity-arm/build/cmake'
2026-09-29T22:26:00.4477695Z [ 69%] Built target jsonpath_stream_tests
2026-09-29T22:26:00.4495432Z gmake[3]: Entering directory '/home/runner/work/_temp/identity-arm/build/cmake'
2026-09-29T22:26:00.4620153Z gmake[3]: Leaving directory '/home/runner/work/_temp/identity-arm/build/cmake'
2026-09-29T22:26:00.4662965Z gmake[3]: Entering directory '/home/runner/work/_temp/identity-arm/build/cmake'
2026-09-29T22:26:00.4691793Z [ 69%] Linking CXX executable scan_tests
2026-09-29T22:26:00.5334214Z gmake[3]: Leaving directory '/home/runner/work/_temp/identity-arm/build/cmake'
2026-09-29T22:26:00.5370118Z [ 75%] Built target scan_tests
2026-09-29T22:26:00.5388620Z gmake[3]: Entering directory '/home/runner/work/_temp/identity-arm/build/cmake'
2026-09-29T22:26:00.5529217Z gmake[3]: Leaving directory '/home/runner/work/_temp/identity-arm/build/cmake'
2026-09-29T22:26:00.5571152Z gmake[3]: Entering directory '/home/runner/work/_temp/identity-arm/build/cmake'
2026-09-29T22:26:00.5603382Z [ 75%] Linking CXX executable temporal_tests
2026-09-29T22:26:00.6272070Z gmake[3]: Leaving directory '/home/runner/work/_temp/identity-arm/build/cmake'
2026-09-29T22:26:00.6308727Z [ 81%] Built target temporal_tests
2026-09-29T22:26:00.6326680Z gmake[3]: Entering directory '/home/runner/work/_temp/identity-arm/build/cmake'
2026-09-29T22:26:00.6454502Z gmake[3]: Leaving directory '/home/runner/work/_temp/identity-arm/build/cmake'
2026-09-29T22:26:00.6497878Z gmake[3]: Entering directory '/home/runner/work/_temp/identity-arm/build/cmake'
2026-09-29T22:26:00.6526082Z [ 81%] Linking CXX executable folder_tests
2026-09-29T22:26:00.7170742Z gmake[3]: Leaving directory '/home/runner/work/_temp/identity-arm/build/cmake'
2026-09-29T22:26:00.7199182Z [ 87%] Built target folder_tests
2026-09-29T22:26:00.7216901Z gmake[3]: Entering directory '/home/runner/work/_temp/identity-arm/build/cmake'
2026-09-29T22:26:00.7347818Z gmake[3]: Leaving directory '/home/runner/work/_temp/identity-arm/build/cmake'
2026-09-29T22:26:00.7390357Z gmake[3]: Entering directory '/home/runner/work/_temp/identity-arm/build/cmake'
2026-09-29T22:26:00.7419355Z [ 87%] Linking CXX executable fuzz_corpus_tests
2026-09-29T22:26:00.8061545Z gmake[3]: Leaving directory '/home/runner/work/_temp/identity-arm/build/cmake'
2026-09-29T22:26:00.8098200Z [ 93%] Built target fuzz_corpus_tests
2026-09-29T22:26:00.8115833Z gmake[3]: Entering directory '/home/runner/work/_temp/identity-arm/build/cmake'
2026-09-29T22:26:00.8242426Z gmake[3]: Leaving directory '/home/runner/work/_temp/identity-arm/build/cmake'
2026-09-29T22:26:00.8284564Z gmake[3]: Entering directory '/home/runner/work/_temp/identity-arm/build/cmake'
2026-09-29T22:26:00.8315548Z [ 94%] Linking CXX executable stress_deep_tests
2026-09-29T22:26:00.8963329Z gmake[3]: Leaving directory '/home/runner/work/_temp/identity-arm/build/cmake'
2026-09-29T22:26:00.9001352Z [100%] Built target stress_deep_tests
2026-09-29T22:26:00.9006217Z gmake[2]: Leaving directory '/home/runner/work/_temp/identity-arm/build/cmake'
2026-09-29T22:26:00.9065480Z gmake[1]: Leaving directory '/home/runner/work/_temp/identity-arm/build/cmake'
2026-09-29T22:26:00.9076836Z + /home/runner/work/_temp/identity-arm/.venv/bin/ctest --test-dir build/cmake --build-config Release --output-on-failure --no-tests=error
2026-09-29T22:26:01.0615653Z Test project /home/runner/work/_temp/identity-arm/build/cmake
2026-09-29T22:26:01.0622384Z       Start  1: smoke_tests
2026-09-29T22:26:01.0641200Z  1/16 Test  #1: smoke_tests ......................   Passed    0.00 sec
2026-09-29T22:26:01.0643346Z       Start  2: json_core_tests
2026-09-29T22:26:01.0659583Z  2/16 Test  #2: json_core_tests ..................   Passed    0.00 sec
2026-09-29T22:26:01.0661342Z       Start  3: json_parse_tests
2026-09-29T22:26:01.0677613Z  3/16 Test  #3: json_parse_tests .................   Passed    0.00 sec
2026-09-29T22:26:01.0679132Z       Start  4: fast_parse_tests
2026-09-29T22:26:01.1401153Z  4/16 Test  #4: fast_parse_tests .................   Passed    0.07 sec
2026-09-29T22:26:01.1402656Z       Start  5: value_cursor_tests
2026-09-29T22:26:01.1479831Z  5/16 Test  #5: value_cursor_tests ...............   Passed    0.01 sec
2026-09-29T22:26:01.1481115Z       Start  6: json_serialize_tests
2026-09-29T22:26:01.1499465Z  6/16 Test  #6: json_serialize_tests .............   Passed    0.00 sec
2026-09-29T22:26:01.1500798Z       Start  7: float_precision_tests
2026-09-29T22:26:04.2360967Z  7/16 Test  #7: float_precision_tests ............   Passed    3.09 sec
2026-09-29T22:26:04.2362201Z       Start  8: json_cursor_tests
2026-09-29T22:26:04.2383045Z  8/16 Test  #8: json_cursor_tests ................   Passed    0.00 sec
2026-09-29T22:26:04.2384605Z       Start  9: ndjson_tests
2026-09-29T22:26:04.2433429Z  9/16 Test  #9: ndjson_tests .....................   Passed    0.00 sec
2026-09-29T22:26:04.2434988Z       Start 10: jsonpath_tests
2026-09-29T22:26:04.2451100Z 10/16 Test #10: jsonpath_tests ...................   Passed    0.00 sec
2026-09-29T22:26:04.2452247Z       Start 11: jsonpath_stream_tests
2026-09-29T22:26:04.2472709Z 11/16 Test #11: jsonpath_stream_tests ............   Passed    0.00 sec
2026-09-29T22:26:04.2473810Z       Start 12: scan_tests
2026-09-29T22:26:04.2654165Z 12/16 Test #12: scan_tests .......................   Passed    0.02 sec
2026-09-29T22:26:04.2655340Z       Start 13: temporal_tests
2026-09-29T22:26:04.2671596Z 13/16 Test #13: temporal_tests ...................   Passed    0.00 sec
2026-09-29T22:26:04.2672696Z       Start 14: folder_tests
2026-09-29T22:26:04.2715491Z 14/16 Test #14: folder_tests .....................   Passed    0.00 sec
2026-09-29T22:26:04.2716916Z       Start 15: fuzz_corpus_tests
2026-09-29T22:26:04.2758288Z 15/16 Test #15: fuzz_corpus_tests ................   Passed    0.00 sec
2026-09-29T22:26:04.2759480Z       Start 16: stress_deep_tests
2026-09-29T22:26:04.2792199Z 16/16 Test #16: stress_deep_tests ................   Passed    0.00 sec
2026-09-29T22:26:04.2798367Z 
2026-09-29T22:26:04.2798559Z 100% tests passed out of 16
2026-09-29T22:26:04.2798830Z 
2026-09-29T22:26:04.2799000Z Total Test time (real) =   3.22 sec
2026-09-29T22:26:04.3245184Z + pytest tests/py tests/unit --basetemp=/tmp/pytest-of-runner/ivo1fe_5
2026-09-29T22:26:05.1239202Z ============================= test session starts ==============================
2026-09-29T22:26:05.1239968Z platform linux -- Python 3.12.14, pytest-9.1.1, pluggy-1.6.0
2026-09-29T22:26:05.1240629Z rootdir: /home/runner/work/_temp/identity-arm
2026-09-29T22:26:05.1241169Z configfile: pyproject.toml
2026-09-29T22:26:05.1241633Z plugins: platformdirs-4.12.2, cov-7.1.0
2026-09-29T22:26:05.1242139Z collected 3848 items
2026-09-29T22:26:05.1242397Z 
2026-09-29T22:26:05.1430127Z tests/py/native_types/test_native_dump.py ..............                 [  0%]
2026-09-29T22:26:05.2451308Z tests/py/native_types/test_native_fast_paths.py ........ssssssssss..     [  0%]
2026-09-29T22:26:05.3156199Z tests/py/native_types/test_native_import.py ...                          [  0%]
2026-09-29T22:26:05.3656772Z tests/py/native_types/test_native_opt_out.py ........................... [  1%]
2026-09-29T22:26:05.3662644Z                                                                          [  1%]
2026-09-29T22:26:05.4718528Z tests/py/native_types/test_native_oracle.py .........                    [  1%]
2026-09-29T22:26:05.8448179Z tests/py/native_types/test_native_reentrancy.py ........................ [  2%]
2026-09-29T22:26:06.7528288Z ..................................................                       [  3%]
2026-09-29T22:26:06.7963149Z tests/py/native_types/test_parse_types.py .............................. [  4%]
2026-09-29T22:26:07.1646349Z ............................................................             [  6%]
2026-09-29T22:26:07.1842435Z tests/py/test_dumps_brace_fold.py .........                              [  6%]
2026-09-29T22:26:07.2229285Z tests/py/test_dumps_cycles_fused.py .................................... [  7%]
2026-09-29T22:26:07.2817378Z ....................................................                     [  8%]
2026-09-29T22:26:07.5749858Z tests/py/test_dumps_general_tables.py ............................       [  9%]
2026-09-29T22:26:08.1899203Z tests/py/test_dumps_with_default.py .................................... [ 10%]
2026-09-29T22:26:08.6475448Z .............................ss                                          [ 11%]
2026-09-29T22:26:08.6852739Z tests/py/test_dumps_with_default_contract.py ........................... [ 11%]
2026-09-29T22:26:08.7886444Z ........................................................................ [ 13%]
2026-09-29T22:26:08.8918685Z ........................................................................ [ 15%]
2026-09-29T22:26:08.9460612Z ..........................                                               [ 16%]
2026-09-29T22:26:08.9502415Z tests/py/test_fused_verification.py ..                                   [ 16%]
2026-09-29T22:26:08.9826694Z tests/py/test_json_parity.py ........................................... [ 17%]
2026-09-29T22:26:09.0365397Z ........................................................................ [ 19%]
2026-09-29T22:26:09.0905607Z ........................................................................ [ 21%]
2026-09-29T22:26:09.1436931Z ........................................................................ [ 23%]
2026-09-29T22:26:09.1977498Z ........................................................................ [ 24%]
2026-09-29T22:26:09.2507027Z ........................................................................ [ 26%]
2026-09-29T22:26:09.3043431Z ........................................................................ [ 28%]
2026-09-29T22:26:09.3577058Z ........................................................................ [ 30%]
2026-09-29T22:26:09.4100700Z ........................................................................ [ 32%]
2026-09-29T22:26:09.4628773Z ........................................................................ [ 34%]
2026-09-29T22:26:09.5149571Z ........................................................................ [ 36%]
2026-09-29T22:26:09.5686460Z ........................................................................ [ 38%]
2026-09-29T22:26:09.6217328Z ........................................................................ [ 39%]
2026-09-29T22:26:09.6745898Z ........................................................................ [ 41%]
2026-09-29T22:26:09.7275292Z ........................................................................ [ 43%]
2026-09-29T22:26:09.7811543Z ........................................................................ [ 45%]
2026-09-29T22:26:09.8347740Z ........................................................................ [ 47%]
2026-09-29T22:26:09.8633994Z .................................                                        [ 48%]
2026-09-29T22:26:09.9110606Z tests/py/test_path_dispatch.py ................................          [ 49%]
2026-09-29T22:26:09.9130817Z tests/py/test_py_tests_basetemp.py ..                                    [ 49%]
2026-09-29T22:26:09.9154140Z tests/py/test_smoke.py ...                                               [ 49%]
2026-09-29T22:26:09.9389619Z tests/unit/native_types/test_build_sources.py .......                    [ 49%]
2026-09-29T22:26:10.0953939Z tests/unit/native_types/test_hook_import_gating.py .......               [ 49%]
2026-09-29T22:26:10.1075450Z tests/unit/native_types/test_native_benchmark_agreement.py ...........   [ 49%]
2026-09-29T22:26:10.2283270Z tests/unit/native_types/test_native_benchmark_dataset.py .....           [ 49%]
2026-09-29T22:26:10.2336427Z tests/unit/native_types/test_native_benchmark_rows.py .......            [ 50%]
2026-09-29T22:26:10.2510434Z tests/unit/native_types/test_native_ci_fetch.py ....                     [ 50%]
2026-09-29T22:26:10.2642856Z tests/unit/native_types/test_native_ci_summary.py .....                  [ 50%]
2026-09-29T22:26:10.3161346Z tests/unit/native_types/test_native_flag.py ..........................s. [ 51%]
2026-09-29T22:26:10.3564917Z ..                                                                       [ 51%]
2026-09-29T22:26:10.3714236Z tests/unit/native_types/test_native_identity_ab.py .......               [ 51%]
2026-09-29T22:26:10.3963745Z tests/unit/native_types/test_native_opt_out.py ......................... [ 52%]
2026-09-29T22:26:10.4674179Z ........................................................................ [ 53%]
2026-09-29T22:26:10.5141908Z ..................................................                       [ 55%]
2026-09-29T22:26:10.5326066Z tests/unit/native_types/test_parse_contract.py ......................... [ 55%]
2026-09-29T22:26:10.6061608Z .................................................                        [ 57%]
2026-09-29T22:26:10.6219575Z tests/unit/native_types/test_serializer_contract.py .................... [ 57%]
2026-09-29T22:26:11.1125051Z ........................................................................ [ 59%]
2026-09-29T22:26:11.1319042Z ....................                                                     [ 60%]
2026-09-29T22:26:11.1829746Z tests/unit/native_types/test_training_scope.py ............              [ 60%]
2026-09-29T22:26:11.6374134Z tests/unit/test_ab_analysis.py ......................................    [ 61%]
2026-09-29T22:26:11.6522671Z tests/unit/test_build_manifest.py ...........                            [ 61%]
2026-09-29T22:26:11.6659937Z tests/unit/test_canonical_builds.py ....                                 [ 61%]
2026-09-29T22:26:11.8792075Z tests/unit/test_ci_fetch.py ........................                     [ 62%]
2026-09-29T22:26:11.9792186Z tests/unit/test_ci_summary.py .......................                    [ 62%]
2026-09-29T22:26:12.0001581Z tests/unit/test_config.py ...........................                    [ 63%]
2026-09-29T22:26:12.0190101Z tests/unit/test_core_purity.py ....                                      [ 63%]
2026-09-29T22:26:12.0322962Z tests/unit/test_cross_sample.py ......                                   [ 63%]
2026-09-29T22:26:12.0925553Z tests/unit/test_dumps.py ............................................... [ 65%]
2026-09-29T22:26:12.1088024Z ..........                                                               [ 65%]
2026-09-29T22:26:12.1286678Z tests/unit/test_dumps_brace_fold.py .........                            [ 65%]
2026-09-29T22:26:12.3485155Z tests/unit/test_dumps_cold_start.py ....                                 [ 65%]
2026-09-29T22:26:12.3847624Z tests/unit/test_dumps_contract.py ...................................... [ 66%]
2026-09-29T22:26:12.4486534Z .............................................................            [ 68%]
2026-09-29T22:26:12.4858174Z tests/unit/test_dumps_cycles_fused.py .................................. [ 69%]
2026-09-29T22:26:12.5479272Z ......................................................                   [ 70%]
2026-09-29T22:26:12.9057322Z tests/unit/test_dumps_general_tables.py ............................     [ 71%]
2026-09-29T22:26:13.5155576Z tests/unit/test_dumps_latch.py ............................              [ 72%]
2026-09-29T22:26:13.6118056Z tests/unit/test_dumps_private_cache.py ................................  [ 72%]
2026-09-29T22:26:14.5117857Z tests/unit/test_dumps_reentrancy.py .................................... [ 73%]
2026-09-29T22:26:16.0373148Z ......................................................................   [ 75%]
2026-09-29T22:26:16.9812954Z tests/unit/test_dumps_reentrancy_review.py ............................. [ 76%]
2026-09-29T22:26:17.2250124Z ..                                                                       [ 76%]
2026-09-29T22:26:17.2875948Z tests/unit/test_dumps_schema_failure.py ...........................      [ 77%]
2026-09-29T22:26:17.9122673Z tests/unit/test_dumps_user_step_counter.py ..........................    [ 77%]
2026-09-29T22:26:17.9444199Z tests/unit/test_dumps_with_default.py .................................. [ 78%]
2026-09-29T22:26:18.0103652Z ........................................................................ [ 80%]
2026-09-29T22:26:18.1562446Z .........................................................                [ 82%]
2026-09-29T22:26:18.1809731Z tests/unit/test_dumps_with_default_state.py ............................ [ 82%]
2026-09-29T22:26:18.2782483Z ........................................................................ [ 84%]
2026-09-29T22:26:18.4194105Z ..............                                                           [ 84%]
2026-09-29T22:26:18.5031621Z tests/unit/test_folder.py .............................................. [ 86%]
2026-09-29T22:26:18.5892041Z .........................................                                [ 87%]
2026-09-29T22:26:18.5932735Z tests/unit/test_fused_verification.py ..                                 [ 87%]
2026-09-29T22:26:18.6469155Z tests/unit/test_hook_build_scope.py ...............................      [ 88%]
2026-09-29T22:26:18.7779101Z tests/unit/test_json_cursor.py ...........................               [ 88%]
2026-09-29T22:26:18.8123121Z tests/unit/test_jsonpath.py ............................................ [ 89%]
2026-09-29T22:26:18.9623863Z .......................................................................  [ 91%]
2026-09-29T22:26:19.0616244Z tests/unit/test_load_dump.py ........................................... [ 92%]
2026-09-29T22:26:19.0622114Z                                                                          [ 92%]
2026-09-29T22:26:19.1002103Z tests/unit/test_loads.py ............................................... [ 94%]
2026-09-29T22:26:19.1988676Z ........................................................................ [ 95%]
2026-09-29T22:26:20.2575559Z ................                                                         [ 96%]
2026-09-29T22:26:20.2640822Z tests/unit/test_native_interleaved_profile.py ...                        [ 96%]
2026-09-29T22:26:20.3598907Z tests/unit/test_nested_container_probe.py ....                           [ 96%]
2026-09-29T22:26:20.4256411Z tests/unit/test_path_dispatch.py ................................        [ 97%]
2026-09-29T22:26:20.4699690Z tests/unit/test_provenance.py ..................                         [ 97%]
2026-09-29T22:26:20.5313948Z tests/unit/test_regression_check.py ..........................           [ 98%]
2026-09-29T22:26:20.7032878Z tests/unit/test_search_stream.py .................                       [ 99%]
2026-09-29T22:26:20.7043591Z tests/unit/test_string_identity_probe.py .                               [ 99%]
2026-09-29T22:26:20.7868738Z tests/unit/test_supplementary.py .............                           [ 99%]
2026-09-29T22:26:20.8510618Z tests/unit/test_supportability_check.py ....................             [ 99%]
2026-09-29T22:26:20.9437113Z tests/unit/test_version.py ....                                          [100%]
2026-09-29T22:26:20.9437848Z 
2026-09-29T22:26:20.9438168Z ====================== 3835 passed, 13 skipped in 16.37s =======================
2026-09-29T22:26:21.1692017Z ==> PGO: generating benchmark data
2026-09-29T22:26:21.1710034Z make[1]: Entering directory '/home/runner/work/_temp/identity-arm'
2026-09-29T22:26:21.1711890Z PYTHONPATH=. .venv/bin/python -m benchmarks.data.generate_bench_data --out-dir benchmarks/data/generated/small  --num-users 1000 --max-orders 10 --max-items 5  --records 500
2026-09-29T22:26:21.4916031Z   benchmarks/data/generated/small/users.json  (1680 KB)
2026-09-29T22:26:21.4916974Z   benchmarks/data/generated/small/users.ndjson  (1679 KB)
2026-09-29T22:26:21.4917423Z   benchmarks/data/generated/small/flat.json  (209 KB)
2026-09-29T22:26:21.4917853Z   benchmarks/data/generated/small/nested.json  (148 KB)
2026-09-29T22:26:21.4918311Z   benchmarks/data/generated/small/wide_arrays.json  (1218 KB)
2026-09-29T22:26:21.4918759Z   benchmarks/data/generated/small/mixed.json  (34 KB)
2026-09-29T22:26:21.4984290Z PYTHONPATH=. .venv/bin/python -m benchmarks.data.generate_bench_data --out-dir benchmarks/data/generated/medium --num-users 2000 --max-orders 20 --max-items 10 --records 2000
2026-09-29T22:26:23.0774663Z   benchmarks/data/generated/medium/users.json  (9883 KB)
2026-09-29T22:26:23.0775207Z   benchmarks/data/generated/medium/users.ndjson  (9881 KB)
2026-09-29T22:26:23.0775675Z   benchmarks/data/generated/medium/flat.json  (836 KB)
2026-09-29T22:26:23.0776493Z   benchmarks/data/generated/medium/nested.json  (594 KB)
2026-09-29T22:26:23.0776963Z   benchmarks/data/generated/medium/wide_arrays.json  (4874 KB)
2026-09-29T22:26:23.0777423Z   benchmarks/data/generated/medium/mixed.json  (138 KB)
2026-09-29T22:26:23.0853115Z PYTHONPATH=. .venv/bin/python -m benchmarks.data.generate_bench_data --out-dir benchmarks/data/generated/large  --num-users 4000 --max-orders 40 --max-items 20 --records 5000
2026-09-29T22:26:32.1904489Z   benchmarks/data/generated/large/users.json  (68083 KB)
2026-09-29T22:26:32.1905658Z   benchmarks/data/generated/large/users.ndjson  (68079 KB)
2026-09-29T22:26:32.1906542Z   benchmarks/data/generated/large/flat.json  (2092 KB)
2026-09-29T22:26:32.1907102Z   benchmarks/data/generated/large/nested.json  (1488 KB)
2026-09-29T22:26:32.1907687Z   benchmarks/data/generated/large/wide_arrays.json  (12185 KB)
2026-09-29T22:26:32.1908258Z   benchmarks/data/generated/large/mixed.json  (347 KB)
2026-09-29T22:26:32.2018210Z make[1]: Leaving directory '/home/runner/work/_temp/identity-arm'
2026-09-29T22:26:32.2020869Z ==> PGO: verification benchmarks
2026-09-29T22:26:55.0105133Z wrote build/pgo/bench_results_pgo.md
2026-09-29T22:26:55.0270939Z ==> PGO complete
2026-09-29T22:26:55.0271831Z     profile: /home/runner/work/_temp/identity-arm/build/pgo/strata.profdata
2026-09-29T22:26:55.0272815Z     results: build/pgo/bench_results_pgo.md
2026-09-29T22:26:55.0273622Z     The installed extension is now the PGO+LTO build.
2026-09-29T22:26:55.0296537Z + git worktree remove --force /home/runner/work/_temp/identity-arm
2026-09-29T22:26:56.5833566Z + git worktree prune
2026-09-29T22:26:56.5850403Z + git worktree add --force --detach /home/runner/work/_temp/identity-arm HEAD
2026-09-29T22:26:56.5867398Z Preparing worktree (detached HEAD 33465c2)
2026-09-29T22:26:56.7851505Z HEAD is now at 33465c2 Record M15c's five-leg sample 36632472320
2026-09-29T22:26:56.7874446Z + make install-bench
2026-09-29T22:26:56.7895089Z python3 -m venv .venv
2026-09-29T22:26:59.2414149Z .venv/bin/python -m pip install -U pip setuptools wheel
2026-09-29T22:26:59.6139169Z Requirement already satisfied: pip in ./.venv/lib/python3.12/site-packages (25.0.1)
2026-09-29T22:26:59.6756514Z Collecting pip
2026-09-29T22:26:59.6769837Z   Using cached pip-26.2.1-py3-none-any.whl.metadata (4.6 kB)
2026-09-29T22:26:59.7898417Z Collecting setuptools
2026-09-29T22:26:59.7911523Z   Using cached setuptools-84.0.0-py3-none-any.whl.metadata (6.6 kB)
2026-09-29T22:26:59.8169088Z Collecting wheel
2026-09-29T22:26:59.8180620Z   Using cached wheel-0.48.0-py3-none-any.whl.metadata (2.3 kB)
2026-09-29T22:26:59.8340174Z Collecting packaging>=24.0 (from wheel)
2026-09-29T22:26:59.8351951Z   Using cached packaging-26.3-py3-none-any.whl.metadata (3.5 kB)
2026-09-29T22:26:59.8384013Z Using cached pip-26.2.1-py3-none-any.whl (1.8 MB)
2026-09-29T22:26:59.8401521Z Using cached setuptools-84.0.0-py3-none-any.whl (818 kB)
2026-09-29T22:26:59.8415597Z Using cached wheel-0.48.0-py3-none-any.whl (33 kB)
2026-09-29T22:26:59.8426827Z Using cached packaging-26.3-py3-none-any.whl (129 kB)
2026-09-29T22:26:59.8682943Z Installing collected packages: setuptools, pip, packaging, wheel
2026-09-29T22:27:00.3416915Z   Attempting uninstall: pip
2026-09-29T22:27:00.3442210Z     Found existing installation: pip 25.0.1
2026-09-29T22:27:00.3800746Z     Uninstalling pip-25.0.1:
2026-09-29T22:27:00.3858976Z       Successfully uninstalled pip-25.0.1
2026-09-29T22:27:01.3537289Z Successfully installed packaging-26.3 pip-26.2.1 setuptools-84.0.0 wheel-0.48.0
2026-09-29T22:27:01.4293815Z .venv/bin/python -m pip install -e '.[dev,bench]'
2026-09-29T22:27:01.7499861Z Obtaining file:///home/runner/work/_temp/identity-arm
2026-09-29T22:27:01.7520680Z   Installing build dependencies: started
2026-09-29T22:27:03.5539072Z   Installing build dependencies: finished with status 'done'
2026-09-29T22:27:03.5545206Z   Checking if build backend supports build_editable: started
2026-09-29T22:27:03.8427121Z   Checking if build backend supports build_editable: finished with status 'done'
2026-09-29T22:27:03.8435018Z   Getting requirements to build editable: started
2026-09-29T22:27:04.2235404Z   Getting requirements to build editable: finished with status 'done'
2026-09-29T22:27:04.2244496Z   Preparing editable metadata (pyproject.toml): started
2026-09-29T22:27:04.4648109Z   Preparing editable metadata (pyproject.toml): finished with status 'done'
2026-09-29T22:27:04.5735042Z Collecting cmake>=3.20 (from strata==2026.8.10)
2026-09-29T22:27:04.5751078Z   Using cached cmake-4.4.3-py3-none-manylinux2014_x86_64.manylinux_2_17_x86_64.whl.metadata (7.0 kB)
2026-09-29T22:27:04.5942215Z Collecting pytest>=7 (from strata==2026.8.10)
2026-09-29T22:27:04.5954306Z   Using cached pytest-9.1.1-py3-none-any.whl.metadata (7.6 kB)
2026-09-29T22:27:04.6041490Z Collecting pytest-cov>=4 (from strata==2026.8.10)
2026-09-29T22:27:04.6053092Z   Using cached pytest_cov-7.1.0-py3-none-any.whl.metadata (32 kB)
2026-09-29T22:27:04.9193032Z Collecting ruff>=0.5 (from strata==2026.8.10)
2026-09-29T22:27:04.9207646Z   Using cached ruff-0.16.9-py3-none-manylinux_2_17_x86_64.manylinux2014_x86_64.whl.metadata (20 kB)
2026-09-29T22:27:04.9408640Z Collecting pre-commit>=3.5 (from strata==2026.8.10)
2026-09-29T22:27:04.9420839Z   Using cached pre_commit-4.6.2-py2.py3-none-any.whl.metadata (1.2 kB)
2026-09-29T22:27:04.9927215Z Collecting clang-format<22,>=21 (from strata==2026.8.10)
2026-09-29T22:27:04.9941256Z   Using cached clang_format-21.1.8-py2.py3-none-manylinux_2_27_x86_64.manylinux_2_28_x86_64.whl.metadata (4.7 kB)
2026-09-29T22:27:05.2063256Z Collecting orjson (from strata==2026.8.10)
2026-09-29T22:27:05.2077826Z   Using cached orjson-3.12.0-cp312-cp312-manylinux_2_17_x86_64.manylinux2014_x86_64.whl.metadata (41 kB)
2026-09-29T22:27:05.2743435Z Collecting msgspec (from strata==2026.8.10)
2026-09-29T22:27:05.2758519Z   Using cached msgspec-0.22.0-cp312-cp312-manylinux2014_x86_64.manylinux_2_17_x86_64.manylinux_2_28_x86_64.whl.metadata (6.0 kB)
2026-09-29T22:27:05.3352244Z Collecting ujson (from strata==2026.8.10)
2026-09-29T22:27:05.3366291Z   Using cached ujson-6.0.0-cp312-cp312-manylinux_2_24_x86_64.manylinux_2_28_x86_64.whl.metadata (10.0 kB)
2026-09-29T22:27:05.3717065Z Collecting pysimdjson (from strata==2026.8.10)
2026-09-29T22:27:05.3730109Z   Using cached pysimdjson-7.0.2-cp312-cp312-manylinux_2_17_x86_64.manylinux2014_x86_64.whl.metadata (1.1 kB)
2026-09-29T22:27:05.3781997Z Collecting jmespath (from strata==2026.8.10)
2026-09-29T22:27:05.3794085Z   Using cached jmespath-1.1.0-py3-none-any.whl.metadata (7.6 kB)
2026-09-29T22:27:05.3843906Z Collecting jsonpath-ng (from strata==2026.8.10)
2026-09-29T22:27:05.3855840Z   Using cached jsonpath_ng-1.8.0-py3-none-any.whl.metadata (18 kB)
2026-09-29T22:27:05.4409663Z Collecting psutil>=5 (from strata==2026.8.10)
2026-09-29T22:27:05.4423315Z   Using cached psutil-7.2.2-cp36-abi3-manylinux2010_x86_64.manylinux_2_12_x86_64.manylinux_2_28_x86_64.whl.metadata (22 kB)
2026-09-29T22:27:05.4525460Z Collecting cfgv>=2.0.0 (from pre-commit>=3.5->strata==2026.8.10)
2026-09-29T22:27:05.4537872Z   Using cached cfgv-3.5.0-py2.py3-none-any.whl.metadata (8.9 kB)
2026-09-29T22:27:05.4792328Z Collecting identify>=1.0.0 (from pre-commit>=3.5->strata==2026.8.10)
2026-09-29T22:27:05.4804929Z   Using cached identify-2.6.20-py2.py3-none-any.whl.metadata (4.4 kB)
2026-09-29T22:27:05.4877077Z Collecting nodeenv>=0.11.1 (from pre-commit>=3.5->strata==2026.8.10)
2026-09-29T22:27:05.4888660Z   Using cached nodeenv-1.11.0-py2.py3-none-any.whl.metadata (40 kB)
2026-09-29T22:27:05.5184014Z Collecting pyyaml>=5.1 (from pre-commit>=3.5->strata==2026.8.10)
2026-09-29T22:27:05.5196695Z   Using cached pyyaml-6.0.3-cp312-cp312-manylinux2014_x86_64.manylinux_2_17_x86_64.manylinux_2_28_x86_64.whl.metadata (2.4 kB)
2026-09-29T22:27:05.5495105Z Collecting virtualenv>=20.10.0 (from pre-commit>=3.5->strata==2026.8.10)
2026-09-29T22:27:05.5507827Z   Using cached virtualenv-21.14.0-py3-none-any.whl.metadata (4.1 kB)
2026-09-29T22:27:05.5574663Z Collecting iniconfig>=1.0.1 (from pytest>=7->strata==2026.8.10)
2026-09-29T22:27:05.5585707Z   Using cached iniconfig-2.3.0-py3-none-any.whl.metadata (2.5 kB)
2026-09-29T22:27:05.5602965Z Requirement already satisfied: packaging>=22 in ./.venv/lib/python3.12/site-packages (from pytest>=7->strata==2026.8.10) (26.3)
2026-09-29T22:27:05.5644786Z Collecting pluggy<2,>=1.5 (from pytest>=7->strata==2026.8.10)
2026-09-29T22:27:05.5656096Z   Using cached pluggy-1.6.0-py3-none-any.whl.metadata (4.8 kB)
2026-09-29T22:27:05.5765816Z Collecting pygments>=2.7.2 (from pytest>=7->strata==2026.8.10)
2026-09-29T22:27:05.5777704Z   Using cached pygments-2.21.0-py3-none-any.whl.metadata (2.5 kB)
2026-09-29T22:27:05.9729377Z Collecting coverage>=7.10.6 (from coverage[toml]>=7.10.6->pytest-cov>=4->strata==2026.8.10)
2026-09-29T22:27:05.9742286Z   Using cached coverage-7.16.2-cp312-cp312-manylinux1_x86_64.manylinux_2_28_x86_64.manylinux_2_5_x86_64.whl.metadata (8.2 kB)
2026-09-29T22:27:05.9830903Z Collecting distlib<1,>=0.3.7 (from virtualenv>=20.10.0->pre-commit>=3.5->strata==2026.8.10)
2026-09-29T22:27:05.9842116Z   Using cached distlib-0.4.3-py2.py3-none-any.whl.metadata (5.3 kB)
2026-09-29T22:27:05.9979697Z Collecting filelock<5,>=3.24.2 (from virtualenv>=20.10.0->pre-commit>=3.5->strata==2026.8.10)
2026-09-29T22:27:05.9991244Z   Using cached filelock-4.0.6-py3-none-any.whl.metadata (2.0 kB)
2026-09-29T22:27:06.0112054Z Collecting platformdirs<5,>=3.9.1 (from virtualenv>=20.10.0->pre-commit>=3.5->strata==2026.8.10)
2026-09-29T22:27:06.0123515Z   Using cached platformdirs-4.12.2-py3-none-any.whl.metadata (5.5 kB)
2026-09-29T22:27:06.0174984Z Collecting python-discovery>=1.6 (from virtualenv>=20.10.0->pre-commit>=3.5->strata==2026.8.10)
2026-09-29T22:27:06.0186250Z   Using cached python_discovery-1.6.1-py3-none-any.whl.metadata (5.1 kB)
2026-09-29T22:27:06.0276524Z Using cached clang_format-21.1.8-py2.py3-none-manylinux_2_27_x86_64.manylinux_2_28_x86_64.whl (1.8 MB)
2026-09-29T22:27:06.0294121Z Using cached cmake-4.4.3-py3-none-manylinux2014_x86_64.manylinux_2_17_x86_64.whl (30.2 MB)
2026-09-29T22:27:06.0415270Z Using cached pre_commit-4.6.2-py2.py3-none-any.whl (226 kB)
2026-09-29T22:27:06.0428310Z Using cached cfgv-3.5.0-py2.py3-none-any.whl (7.4 kB)
2026-09-29T22:27:06.0439539Z Using cached identify-2.6.20-py2.py3-none-any.whl (99 kB)
2026-09-29T22:27:06.0451113Z Using cached nodeenv-1.11.0-py2.py3-none-any.whl (34 kB)
2026-09-29T22:27:06.0462823Z Using cached psutil-7.2.2-cp36-abi3-manylinux2010_x86_64.manylinux_2_12_x86_64.manylinux_2_28_x86_64.whl (155 kB)
2026-09-29T22:27:06.0474203Z Using cached pytest-9.1.1-py3-none-any.whl (386 kB)
2026-09-29T22:27:06.0486819Z Using cached pluggy-1.6.0-py3-none-any.whl (20 kB)
2026-09-29T22:27:06.0497907Z Using cached iniconfig-2.3.0-py3-none-any.whl (7.5 kB)
2026-09-29T22:27:06.0508989Z Using cached pygments-2.21.0-py3-none-any.whl (1.3 MB)
2026-09-29T22:27:06.0524419Z Using cached pytest_cov-7.1.0-py3-none-any.whl (22 kB)
2026-09-29T22:27:06.0535831Z Using cached coverage-7.16.2-cp312-cp312-manylinux1_x86_64.manylinux_2_28_x86_64.manylinux_2_5_x86_64.whl (258 kB)
2026-09-29T22:27:06.0548021Z Using cached pyyaml-6.0.3-cp312-cp312-manylinux2014_x86_64.manylinux_2_17_x86_64.manylinux_2_28_x86_64.whl (807 kB)
2026-09-29T22:27:06.0561812Z Using cached ruff-0.16.9-py3-none-manylinux_2_17_x86_64.manylinux2014_x86_64.whl (10.4 MB)
2026-09-29T22:27:06.0612934Z Using cached virtualenv-21.14.0-py3-none-any.whl (5.5 MB)
2026-09-29T22:27:06.0643642Z Using cached distlib-0.4.3-py2.py3-none-any.whl (470 kB)
2026-09-29T22:27:06.0656266Z Using cached filelock-4.0.6-py3-none-any.whl (109 kB)
2026-09-29T22:27:06.0668265Z Using cached platformdirs-4.12.2-py3-none-any.whl (32 kB)
2026-09-29T22:27:06.0679493Z Using cached python_discovery-1.6.1-py3-none-any.whl (38 kB)
2026-09-29T22:27:06.0690698Z Using cached jmespath-1.1.0-py3-none-any.whl (20 kB)
2026-09-29T22:27:06.0701791Z Using cached jsonpath_ng-1.8.0-py3-none-any.whl (67 kB)
2026-09-29T22:27:06.0713433Z Using cached msgspec-0.22.0-cp312-cp312-manylinux2014_x86_64.manylinux_2_17_x86_64.manylinux_2_28_x86_64.whl (230 kB)
2026-09-29T22:27:06.0725034Z Using cached orjson-3.12.0-cp312-cp312-manylinux_2_17_x86_64.manylinux2014_x86_64.whl (131 kB)
2026-09-29T22:27:06.0736416Z Using cached pysimdjson-7.0.2-cp312-cp312-manylinux_2_17_x86_64.manylinux2014_x86_64.whl (3.2 MB)
2026-09-29T22:27:06.0758781Z Using cached ujson-6.0.0-cp312-cp312-manylinux_2_24_x86_64.manylinux_2_28_x86_64.whl (56 kB)
2026-09-29T22:27:06.2015308Z Building wheels for collected packages: strata
2026-09-29T22:27:06.2023558Z   Building editable for strata (pyproject.toml): started
2026-09-29T22:28:06.5999774Z   Building editable for strata (pyproject.toml): still running...
2026-09-29T22:29:07.2981168Z   Building editable for strata (pyproject.toml): still running...
2026-09-29T22:30:08.5352316Z   Building editable for strata (pyproject.toml): still running...
2026-09-29T22:30:55.6650492Z   Building editable for strata (pyproject.toml): finished with status 'done'
2026-09-29T22:30:55.6658533Z   Created wheel for strata: filename=strata-2026.8.10-0.editable-cp312-cp312-linux_x86_64.whl size=4457 sha256=3d8c3e65c1bdbbc04e7e5f1e49b96bdb77199afec771453e03438e4d4366d5ee
2026-09-29T22:30:55.6660666Z   Stored in directory: /tmp/pip-ephem-wheel-cache-_qug6xdg/wheels/4b/14/de/c01d5c98e482dba508ed0b80beaf37c3b37034de18f4d8fbd4
2026-09-29T22:30:55.6680941Z Successfully built strata
2026-09-29T22:30:55.7478376Z Installing collected packages: jsonpath-ng, distlib, clang-format, ujson, strata, ruff, pyyaml, pysimdjson, pygments, psutil, pluggy, platformdirs, orjson, nodeenv, msgspec, jmespath, iniconfig, identify, filelock, coverage, cmake, cfgv, python-discovery, pytest, virtualenv, pytest-cov, pre-commit
2026-09-29T22:30:58.6683347Z 
2026-09-29T22:30:58.6715067Z Successfully installed cfgv-3.5.0 clang-format-21.1.8 cmake-4.4.3 coverage-7.16.2 distlib-0.4.3 filelock-4.0.6 identify-2.6.20 iniconfig-2.3.0 jmespath-1.1.0 jsonpath-ng-1.8.0 msgspec-0.22.0 nodeenv-1.11.0 orjson-3.12.0 platformdirs-4.12.2 pluggy-1.6.0 pre-commit-4.6.2 psutil-7.2.2 pygments-2.21.0 pysimdjson-7.0.2 pytest-9.1.1 pytest-cov-7.1.0 python-discovery-1.6.1 pyyaml-6.0.3 ruff-0.16.9 strata-2026.8.10 ujson-6.0.0 virtualenv-21.14.0
2026-09-29T22:30:59.6660591Z + /home/runner/work/_temp/identity-arm/.venv/bin/python -m pip install --force-reinstall --no-deps -e .
2026-09-29T22:30:59.9904312Z Obtaining file:///home/runner/work/_temp/identity-arm
2026-09-29T22:30:59.9925282Z   Installing build dependencies: started
2026-09-29T22:31:01.9034773Z   Installing build dependencies: finished with status 'done'
2026-09-29T22:31:01.9040854Z   Checking if build backend supports build_editable: started
2026-09-29T22:31:02.1979971Z   Checking if build backend supports build_editable: finished with status 'done'
2026-09-29T22:31:02.1988881Z   Getting requirements to build editable: started
2026-09-29T22:31:02.5916806Z   Getting requirements to build editable: finished with status 'done'
2026-09-29T22:31:02.5926318Z   Preparing editable metadata (pyproject.toml): started
2026-09-29T22:31:02.8438316Z   Preparing editable metadata (pyproject.toml): finished with status 'done'
2026-09-29T22:31:02.8498725Z Building wheels for collected packages: strata
2026-09-29T22:31:02.8506414Z   Building editable for strata (pyproject.toml): started
2026-09-29T22:32:02.8786161Z   Building editable for strata (pyproject.toml): still running...
2026-09-29T22:32:17.1631563Z   Building editable for strata (pyproject.toml): finished with status 'done'
2026-09-29T22:32:17.1640547Z   Created wheel for strata: filename=strata-2026.8.10-0.editable-cp312-cp312-linux_x86_64.whl size=4457 sha256=b4c866c06ab09d3d2a5f5558ced6b2f1565fca38c6635ccd3a64e11b1beb82a3
2026-09-29T22:32:17.1642560Z   Stored in directory: /tmp/pip-ephem-wheel-cache-wwavhdss/wheels/4b/14/de/c01d5c98e482dba508ed0b80beaf37c3b37034de18f4d8fbd4
2026-09-29T22:32:17.1668661Z Successfully built strata
2026-09-29T22:32:17.1781943Z Installing collected packages: strata
2026-09-29T22:32:17.1783440Z   Attempting uninstall: strata
2026-09-29T22:32:17.1805380Z     Found existing installation: strata 2026.8.10
2026-09-29T22:32:17.1822850Z     Uninstalling strata-2026.8.10:
2026-09-29T22:32:17.2111331Z       Successfully uninstalled strata-2026.8.10
2026-09-29T22:32:17.2220589Z Successfully installed strata-2026.8.10
2026-09-29T22:32:18.0957144Z + git worktree remove --force /home/runner/work/_temp/identity-arm
2026-09-29T22:32:19.6261163Z .data                            bd50dc5e25736bd3 bd50dc5e25736bd3 identical
2026-09-29T22:32:19.6262277Z .data.rel.ro                     1904dc04cd3b932f 1904dc04cd3b932f identical
2026-09-29T22:32:19.6263483Z .dynamic                         1036dfd7c565f7a3 1036dfd7c565f7a3 identical
2026-09-29T22:32:19.6264335Z .dynstr                          a8ee2aa255d8c693 a8ee2aa255d8c693 identical
2026-09-29T22:32:19.6265156Z .dynsym                          249bb9fb5c51b583 249bb9fb5c51b583 identical
2026-09-29T22:32:19.6266008Z .eh_frame                        8070fd9662ea918a 8070fd9662ea918a identical
2026-09-29T22:32:19.6266666Z .eh_frame_hdr                    b5f8180c0bcc2089 b5f8180c0bcc2089 identical
2026-09-29T22:32:19.6267180Z .fini                            6a4f3e5efc7c1f7e 6a4f3e5efc7c1f7e identical
2026-09-29T22:32:19.6267688Z .fini_array                      d139819605ef0f55 d139819605ef0f55 identical
2026-09-29T22:32:19.6268224Z .gcc_except_table                c052e711c22f4f5f c052e711c22f4f5f identical
2026-09-29T22:32:19.6268763Z .gnu.hash                        74bf2d00237d924a 74bf2d00237d924a identical
2026-09-29T22:32:19.6269283Z .gnu.version                     333a783136bc6ecb 333a783136bc6ecb identical
2026-09-29T22:32:19.6269834Z .gnu.version_r                   165d0bca64f698fc 165d0bca64f698fc identical
2026-09-29T22:32:19.6270335Z .got                             5c55c8f4db4010ba 5c55c8f4db4010ba identical
2026-09-29T22:32:19.6270818Z .got.plt                         665244663a49db0d 665244663a49db0d identical
2026-09-29T22:32:19.6271315Z .init                            72e37d64267cba72 72e37d64267cba72 identical
2026-09-29T22:32:19.6271811Z .init_array                      2749b4fe66549358 2749b4fe66549358 identical
2026-09-29T22:32:19.6272347Z .note.gnu.build-id               a9fb48f044105d9b a1c0a3e3f888e39c differs
2026-09-29T22:32:19.6272873Z .plt                             31de8cd64d0df582 31de8cd64d0df582 identical
2026-09-29T22:32:19.6273367Z .plt.got                         af48a305271440ef af48a305271440ef identical
2026-09-29T22:32:19.6273864Z .rela.dyn                        cc931081f5dcaf3c cc931081f5dcaf3c identical
2026-09-29T22:32:19.6274370Z .rela.plt                        1ce4d7d913622c75 1ce4d7d913622c75 identical
2026-09-29T22:32:19.6274872Z .rodata                          8a43c1f2a3a8948a 8a43c1f2a3a8948a identical
2026-09-29T22:32:19.6275366Z .tdata                           fef02424157f106b fef02424157f106b identical
2026-09-29T22:32:19.6276135Z .text                            7037891ecdb50711 7037891ecdb50711 identical
2026-09-29T22:32:19.6276676Z CODE IDENTICAL
2026-09-29T22:32:19.6277059Z .data                            30fa3215fbb5b8b0 30fa3215fbb5b8b0 identical
2026-09-29T22:32:19.6277632Z .data.rel.ro                     77f7c0dac1c9db2b 77f7c0dac1c9db2b identical
2026-09-29T22:32:19.6278141Z .dynamic                         d6d100a58961987f d6d100a58961987f identical
2026-09-29T22:32:19.6278628Z .dynstr                          4d9713484a90058e 4d9713484a90058e identical
2026-09-29T22:32:19.6279116Z .dynsym                          4be534f9ef45c713 4be534f9ef45c713 identical
2026-09-29T22:32:19.6279607Z .eh_frame                        3290478cdef97e63 3290478cdef97e63 identical
2026-09-29T22:32:19.6280391Z .eh_frame_hdr                    ef4af9c9abdf0e17 ef4af9c9abdf0e17 identical
2026-09-29T22:32:19.6280802Z .fini                            6a4f3e5efc7c1f7e 6a4f3e5efc7c1f7e identical
2026-09-29T22:32:19.6281186Z .fini_array                      c29b9ffca06c6ecb c29b9ffca06c6ecb identical
2026-09-29T22:32:19.6281609Z .gcc_except_table                936a1ee8401808eb 936a1ee8401808eb identical
2026-09-29T22:32:19.6282016Z .gnu.hash                        d6a3d95996df5df9 d6a3d95996df5df9 identical
2026-09-29T22:32:19.6282412Z .gnu.version                     633068e1c75b1142 633068e1c75b1142 identical
2026-09-29T22:32:19.6282809Z .gnu.version_r                   7796889a3af8c8a2 7796889a3af8c8a2 identical
2026-09-29T22:32:19.6283177Z .got                             71818ecc26433c32 71818ecc26433c32 identical
2026-09-29T22:32:19.6283539Z .got.plt                         e5dc0ece494681a3 e5dc0ece494681a3 identical
2026-09-29T22:32:19.6284044Z .init                            f802af80d0689c20 f802af80d0689c20 identical
2026-09-29T22:32:19.6284467Z .init_array                      5bf56e3ffde05ae8 5bf56e3ffde05ae8 identical
2026-09-29T22:32:19.6284877Z .note.gnu.build-id               1c2e8265b5d94a50 fd0506afec9bdf09 differs
2026-09-29T22:32:19.6285274Z .plt                             c002070c92a7f790 c002070c92a7f790 identical
2026-09-29T22:32:19.6285640Z .plt.got                         ae84e5ab37b90500 ae84e5ab37b90500 identical
2026-09-29T22:32:19.6286355Z .rela.dyn                        e85bef6ce72116b2 e85bef6ce72116b2 identical
2026-09-29T22:32:19.6286734Z .rela.plt                        df3140cfa8a90739 df3140cfa8a90739 identical
2026-09-29T22:32:19.6287102Z .rodata                          7200ebff6e0ac825 7200ebff6e0ac825 identical
2026-09-29T22:32:19.6287473Z .tdata                           fef02424157f106b fef02424157f106b identical
2026-09-29T22:32:19.6287829Z .text                            dea73725226891a7 dea73725226891a7 identical
2026-09-29T22:32:19.6288137Z CODE IDENTICAL
2026-09-29T22:32:19.6288326Z {
2026-09-29T22:32:19.6288544Z  "base": "234ea15861d2f37b1b55c6251281a49021864441",
2026-09-29T22:32:19.6288824Z  "plain_exit": 0,
2026-09-29T22:32:19.6289021Z  "held_pgo_exit": 0
2026-09-29T22:32:19.6289205Z }
2026-09-29T22:32:19.6289373Z plain build: exit 0
2026-09-29T22:32:19.6289589Z held-profile pgo+lto build: exit 0
2026-09-29T22:32:19.6289768Z 
2026-09-29T22:32:19.6417141Z ##[group]Run actions/upload-artifact@v4
2026-09-29T22:32:19.6417437Z with:
2026-09-29T22:32:19.6417634Z   name: benchmark-linux-x86_64
2026-09-29T22:32:19.6418036Z   path: bench_ci_*.md
bench_ci_*.json
bench_native_*.md
bench_native_*.json
identity-*.txt

2026-09-29T22:32:19.6418459Z   if-no-files-found: ignore
2026-09-29T22:32:19.6418691Z   compression-level: 6
2026-09-29T22:32:19.6418898Z   overwrite: false
2026-09-29T22:32:19.6419110Z   include-hidden-files: false
2026-09-29T22:32:19.6419334Z env:
2026-09-29T22:32:19.6419505Z   ARCHFLAGS: 
2026-09-29T22:32:19.6419764Z   pythonLocation: /opt/hostedtoolcache/Python/3.12.14/x64
2026-09-29T22:32:19.6420200Z   PKG_CONFIG_PATH: /opt/hostedtoolcache/Python/3.12.14/x64/lib/pkgconfig
2026-09-29T22:32:19.6420617Z   Python_ROOT_DIR: /opt/hostedtoolcache/Python/3.12.14/x64
2026-09-29T22:32:19.6420986Z   Python2_ROOT_DIR: /opt/hostedtoolcache/Python/3.12.14/x64
2026-09-29T22:32:19.6421396Z   Python3_ROOT_DIR: /opt/hostedtoolcache/Python/3.12.14/x64
2026-09-29T22:32:19.6421775Z   LD_LIBRARY_PATH: /opt/hostedtoolcache/Python/3.12.14/x64/lib
2026-09-29T22:32:19.6422101Z ##[endgroup]
2026-09-29T22:32:19.8138003Z (node:19545) [DEP0040] DeprecationWarning: The `punycode` module is deprecated. Please use a userland alternative instead.
2026-09-29T22:32:19.8138875Z (Use `node --trace-deprecation ...` to show where the warning was created)
2026-09-29T22:32:19.8256449Z With the provided path, there will be 5 files uploaded
2026-09-29T22:32:19.8263183Z Artifact name is valid!
2026-09-29T22:32:19.8264179Z Root directory input is valid!
2026-09-29T22:32:20.0365347Z Beginning upload of artifact content to blob storage
2026-09-29T22:32:20.0746239Z (node:19545) [DEP0169] DeprecationWarning: `url.parse()` behavior is not standardized and prone to errors that have security implications. Use the WHATWG URL API instead. CVEs are not issued for `url.parse()` vulnerabilities.
2026-09-29T22:32:20.1360005Z Uploaded bytes 67241
2026-09-29T22:32:20.1717702Z Finished uploading artifact content to blob storage!
2026-09-29T22:32:20.1718788Z SHA256 digest of uploaded artifact zip is be88beada47e1fdfd17f88c50e40242039a24996f50f3533cdab2c05c78b4fe3
2026-09-29T22:32:20.1720840Z Finalizing artifact upload
2026-09-29T22:32:20.3845993Z Artifact benchmark-linux-x86_64.zip successfully finalized. Artifact ID 11066790794
2026-09-29T22:32:20.3847540Z Artifact benchmark-linux-x86_64 has been successfully uploaded! Final size is 67241 bytes. Artifact ID is 11066790794
2026-09-29T22:32:20.3854031Z Artifact download URL: https://github.com/PrimeLab-Foundation/strata/actions/runs/36637770136/artifacts/11066790794
2026-09-29T22:32:20.4040519Z Post job cleanup.
2026-09-29T22:32:20.5246015Z (node:19559) [DEP0040] DeprecationWarning: The `punycode` module is deprecated. Please use a userland alternative instead.
2026-09-29T22:32:20.5246965Z (Use `node --trace-deprecation ...` to show where the warning was created)
2026-09-29T22:32:20.5421835Z Post job cleanup.
2026-09-29T22:32:20.6386730Z [command]/usr/bin/git version
2026-09-29T22:32:20.6446467Z git version 2.55.0
2026-09-29T22:32:20.6517028Z Temporarily overriding HOME='/home/runner/work/_temp/4d19849c-ea0f-4c62-8d7b-7c8de5f059d8' before making global git config changes
2026-09-29T22:32:20.6536413Z Adding repository directory to the temporary git global config as a safe directory
2026-09-29T22:32:20.6566705Z [command]/usr/bin/git config --global --add safe.directory /home/runner/work/strata/strata
2026-09-29T22:32:20.6568492Z [command]/usr/bin/git config --local --name-only --get-regexp core\.sshCommand
2026-09-29T22:32:20.6636812Z [command]/usr/bin/git submodule foreach --recursive sh -c "git config --local --name-only --get-regexp 'core\.sshCommand' && git config --local --unset-all 'core.sshCommand' || :"
2026-09-29T22:32:20.6989701Z [command]/usr/bin/git config --local --name-only --get-regexp http\.https\:\/\/github\.com\/\.extraheader
2026-09-29T22:32:20.7020298Z http.https://github.com/.extraheader
2026-09-29T22:32:20.7034586Z [command]/usr/bin/git config --local --unset-all http.https://github.com/.extraheader
2026-09-29T22:32:20.7080072Z [command]/usr/bin/git submodule foreach --recursive sh -c "git config --local --name-only --get-regexp 'http\.https\:\/\/github\.com\/\.extraheader' && git config --local --unset-all 'http.https://github.com/.extraheader' || :"
2026-09-29T22:32:20.7361936Z [command]/usr/bin/git config --local --name-only --get-regexp ^includeIf\.gitdir:
2026-09-29T22:32:20.7405443Z [command]/usr/bin/git submodule foreach --recursive git config --local --show-origin --name-only --get-regexp remote.origin.url
2026-09-29T22:32:20.7801063Z Cleaning up orphan processes
2026-09-29T22:32:20.8218361Z ##[warning]Node.js 20 is deprecated. The following actions target Node.js 20 but are being forced to run on Node.js 24: actions/checkout@v4, actions/setup-python@v5, actions/upload-artifact@v4. For more information see: https://github.blog/changelog/2025-09-19-deprecation-of-node-20-on-github-actions-runners/
