2026-09-29T22:08:39.7461300Z Current runner version: '2.337.0'
2026-09-29T22:08:39.7480440Z ##[group]Runner Image Provisioner
2026-09-29T22:08:39.7481260Z Hosted Compute Agent
2026-09-29T22:08:39.7481720Z Version: 20260828.587
2026-09-29T22:08:39.7482180Z Commit: abac92662cab4cc7352de4f9f9d2e2419aad9c29
2026-09-29T22:08:39.7482680Z Build Date: 2026-08-28T16:44:25Z
2026-09-29T22:08:39.7483210Z Worker ID: {428ec8c2-8758-42d8-b9a5-6a9283e80011}
2026-09-29T22:08:39.7483770Z Azure Region: westus
2026-09-29T22:08:39.7484170Z ##[endgroup]
2026-09-29T22:08:39.7485270Z ##[group]Operating System
2026-09-29T22:08:39.7485670Z macOS
2026-09-29T22:08:39.7486000Z 26.6.2
2026-09-29T22:08:39.7486330Z 25G83
2026-09-29T22:08:39.7486660Z ##[endgroup]
2026-09-29T22:08:39.7487020Z ##[group]Runner Image
2026-09-29T22:08:39.7487400Z Image: macos-26-arm64
2026-09-29T22:08:39.7487890Z Version: 20260907.0351.1
2026-09-29T22:08:39.7488780Z Included Software: https://github.com/actions/runner-images/blob/macos-26-arm64/20260907.0351/images/macos/macos-26-arm64-Readme.md
2026-09-29T22:08:39.7489830Z Image Release: https://github.com/actions/runner-images/releases/tag/macos-26-arm64%2F20260907.0351
2026-09-29T22:08:39.7490490Z ##[endgroup]
2026-09-29T22:08:39.7491360Z ##[group]GITHUB_TOKEN Permissions
2026-09-29T22:08:39.7492760Z Contents: read
2026-09-29T22:08:39.7493130Z Metadata: read
2026-09-29T22:08:39.7493490Z Packages: read
2026-09-29T22:08:39.7493850Z ##[endgroup]
2026-09-29T22:08:39.7495370Z Secret source: Actions
2026-09-29T22:08:39.7495990Z Cache mode: write
2026-09-29T22:08:39.7496420Z Prepare workflow directory
2026-09-29T22:08:39.7938220Z Prepare all required actions
2026-09-29T22:08:39.8013090Z Getting action download info
2026-09-29T22:08:40.0058930Z Download action repository 'actions/checkout@v4' (SHA:11d5960a326750d5838078e36cf38b85af677262)
2026-09-29T22:08:40.3165500Z Download action repository 'actions/setup-python@v5' (SHA:a26af69be951a213d495a4c3e4e4022e16d87065)
2026-09-29T22:08:40.4449340Z Download action repository 'actions/upload-artifact@v4' (SHA:ea165f8d65b6e75b540449e92b4886f43607fa02)
2026-09-29T22:08:40.6735000Z Complete job name: supportability (macos-arm64)
2026-09-29T22:08:40.7191210Z ##[group]Run actions/checkout@v4
2026-09-29T22:08:40.7191750Z with:
2026-09-29T22:08:40.7192060Z   fetch-depth: 0
2026-09-29T22:08:40.7192390Z   repository: PrimeLab-Foundation/strata
2026-09-29T22:08:40.7195040Z   token: ***
2026-09-29T22:08:40.7195340Z   ssh-strict: true
2026-09-29T22:08:40.7195650Z   ssh-user: git
2026-09-29T22:08:40.7195960Z   persist-credentials: true
2026-09-29T22:08:40.7196300Z   clean: true
2026-09-29T22:08:40.7196620Z   sparse-checkout-cone-mode: true
2026-09-29T22:08:40.7196980Z   fetch-tags: false
2026-09-29T22:08:40.7197290Z   show-progress: true
2026-09-29T22:08:40.7197610Z   lfs: false
2026-09-29T22:08:40.7197900Z   submodules: false
2026-09-29T22:08:40.7198280Z   set-safe-directory: true
2026-09-29T22:08:40.7198650Z   allow-unsafe-pr-checkout: false
2026-09-29T22:08:40.7199100Z env:
2026-09-29T22:08:40.7199420Z   ARCHFLAGS: -arch arm64
2026-09-29T22:08:40.7199870Z ##[endgroup]
2026-09-29T22:08:41.0351190Z Syncing repository: PrimeLab-Foundation/strata
2026-09-29T22:08:41.0352720Z ##[group]Getting Git version info
2026-09-29T22:08:41.0353250Z Working directory is '/Users/runner/work/strata/strata'
2026-09-29T22:08:41.0354000Z [command]/opt/homebrew/bin/git version
2026-09-29T22:08:41.0937560Z git version 2.55.0
2026-09-29T22:08:41.0951670Z ##[endgroup]
2026-09-29T22:08:41.0963070Z Copying '/Users/runner/.gitconfig' to '/Users/runner/work/_temp/d4e11a44-ad04-44a8-91f5-dd65c13df383/.gitconfig'
2026-09-29T22:08:41.0968890Z Temporarily overriding HOME='/Users/runner/work/_temp/d4e11a44-ad04-44a8-91f5-dd65c13df383' before making global git config changes
2026-09-29T22:08:41.0971630Z Adding repository directory to the temporary git global config as a safe directory
2026-09-29T22:08:41.0973950Z [command]/opt/homebrew/bin/git config --global --add safe.directory /Users/runner/work/strata/strata
2026-09-29T22:08:41.1125550Z Deleting the contents of '/Users/runner/work/strata/strata'
2026-09-29T22:08:41.1129830Z ##[group]Initializing the repository
2026-09-29T22:08:41.1133150Z [command]/opt/homebrew/bin/git init /Users/runner/work/strata/strata
2026-09-29T22:08:41.1423190Z hint: Using 'master' as the name for the initial branch. This default branch name
2026-09-29T22:08:41.1425800Z hint: will change to "main" in Git 3.0. To configure the initial branch name
2026-09-29T22:08:41.1427910Z hint: to use in all of your new repositories, which will suppress this warning,
2026-09-29T22:08:41.1429700Z hint: call:
2026-09-29T22:08:41.1430690Z hint:
2026-09-29T22:08:41.1431800Z hint: 	git config --global init.defaultBranch <name>
2026-09-29T22:08:41.1433140Z hint:
2026-09-29T22:08:41.1434340Z hint: Names commonly chosen instead of 'master' are 'main', 'trunk' and
2026-09-29T22:08:41.1436430Z hint: 'development'. The just-created branch can be renamed via this command:
2026-09-29T22:08:41.1438040Z hint:
2026-09-29T22:08:41.1439340Z hint: 	git branch -m <name>
2026-09-29T22:08:41.1440520Z hint:
2026-09-29T22:08:41.1441820Z hint: Disable this message with "git config set advice.defaultBranchName false"
2026-09-29T22:08:41.1443980Z Initialized empty Git repository in /Users/runner/work/strata/strata/.git/
2026-09-29T22:08:41.1450570Z [command]/opt/homebrew/bin/git remote add origin https://github.com/PrimeLab-Foundation/strata
2026-09-29T22:08:41.1528950Z ##[endgroup]
2026-09-29T22:08:41.1530940Z ##[group]Disabling automatic garbage collection
2026-09-29T22:08:41.1532490Z [command]/opt/homebrew/bin/git config --local gc.auto 0
2026-09-29T22:08:41.1613220Z ##[endgroup]
2026-09-29T22:08:41.1614820Z ##[group]Setting up auth
2026-09-29T22:08:41.1633790Z [command]/opt/homebrew/bin/git config --local --name-only --get-regexp core\.sshCommand
2026-09-29T22:08:41.1719430Z [command]/opt/homebrew/bin/git submodule foreach --recursive sh -c "git config --local --name-only --get-regexp 'core\.sshCommand' && git config --local --unset-all 'core.sshCommand' || :"
2026-09-29T22:08:41.3087370Z [command]/opt/homebrew/bin/git config --local --name-only --get-regexp http\.https\:\/\/github\.com\/\.extraheader
2026-09-29T22:08:41.3193850Z [command]/opt/homebrew/bin/git submodule foreach --recursive sh -c "git config --local --name-only --get-regexp 'http\.https\:\/\/github\.com\/\.extraheader' && git config --local --unset-all 'http.https://github.com/.extraheader' || :"
2026-09-29T22:08:41.4275100Z [command]/opt/homebrew/bin/git config --local --name-only --get-regexp ^includeIf\.gitdir:
2026-09-29T22:08:41.4353580Z [command]/opt/homebrew/bin/git submodule foreach --recursive git config --local --show-origin --name-only --get-regexp remote.origin.url
2026-09-29T22:08:41.5429180Z [command]/opt/homebrew/bin/git config --local http.https://github.com/.extraheader AUTHORIZATION: basic ***
2026-09-29T22:08:41.5574500Z ##[endgroup]
2026-09-29T22:08:41.5575690Z ##[group]Fetching the repository
2026-09-29T22:08:41.5578310Z [command]/opt/homebrew/bin/git -c protocol.version=2 fetch --prune --no-recurse-submodules origin +refs/heads/*:refs/remotes/origin/* +refs/tags/*:refs/tags/*
2026-09-29T22:08:44.4439590Z From https://github.com/PrimeLab-Foundation/strata
2026-09-29T22:08:44.4441280Z  * [new branch]      exp/ab-historic-base        -> origin/exp/ab-historic-base
2026-09-29T22:08:44.4442580Z  * [new branch]      exp/cold-entry              -> origin/exp/cold-entry
2026-09-29T22:08:44.4443780Z  * [new branch]      exp/cold-slot-interleave    -> origin/exp/cold-slot-interleave
2026-09-29T22:08:44.4444920Z  * [new branch]      exp/cross-sample            -> origin/exp/cross-sample
2026-09-29T22:08:44.4445930Z  * [new branch]      exp/emit-n2                 -> origin/exp/emit-n2
2026-09-29T22:08:44.4447110Z  * [new branch]      exp/m12-ab-arm              -> origin/exp/m12-ab-arm
2026-09-29T22:08:44.4448450Z  * [new branch]      exp/m12-base-pin            -> origin/exp/m12-base-pin
2026-09-29T22:08:44.4449610Z  * [new branch]      exp/m12-base-pin2           -> origin/exp/m12-base-pin2
2026-09-29T22:08:44.4451980Z  * [new branch]      exp/m12-default-hook        -> origin/exp/m12-default-hook
2026-09-29T22:08:44.4453320Z  * [new branch]      exp/m12-default-hook-2      -> origin/exp/m12-default-hook-2
2026-09-29T22:08:44.4454550Z  * [new branch]      exp/m12-source-ab           -> origin/exp/m12-source-ab
2026-09-29T22:08:44.4455690Z  * [new branch]      exp/m12b-ab-arm             -> origin/exp/m12b-ab-arm
2026-09-29T22:08:44.4457020Z  * [new branch]      exp/m12b-dumps-with-default -> origin/exp/m12b-dumps-with-default
2026-09-29T22:08:44.4458720Z  * [new branch]      exp/m13-adapters            -> origin/exp/m13-adapters
2026-09-29T22:08:44.4460080Z  * [new branch]      exp/m15-ab-arm              -> origin/exp/m15-ab-arm
2026-09-29T22:08:44.4461420Z  * [new branch]      exp/main-repair             -> origin/exp/main-repair
2026-09-29T22:08:44.4462760Z  * [new branch]      exp/native-gap              -> origin/exp/native-gap
2026-09-29T22:08:44.4464160Z  * [new branch]      exp/native-types            -> origin/exp/native-types
2026-09-29T22:08:44.4465750Z  * [new branch]      exp/p0-integration          -> origin/exp/p0-integration
2026-09-29T22:08:44.4467320Z  * [new branch]      exp/p0p6-integration        -> origin/exp/p0p6-integration
2026-09-29T22:08:44.4469550Z  * [new branch]      exp/p23-b1                  -> origin/exp/p23-b1
2026-09-29T22:08:44.4471460Z  * [new branch]      exp/p23-b1-tests            -> origin/exp/p23-b1-tests
2026-09-29T22:08:44.4473380Z  * [new branch]      exp/p23-general-tables      -> origin/exp/p23-general-tables
2026-09-29T22:08:44.4475300Z  * [new branch]      exp/p23-tests-only          -> origin/exp/p23-tests-only
2026-09-29T22:08:44.4477200Z  * [new branch]      exp/p24-open-cost           -> origin/exp/p24-open-cost
2026-09-29T22:08:44.4479230Z  * [new branch]      exp/p24-tests-only          -> origin/exp/p24-tests-only
2026-09-29T22:08:44.4481250Z  * [new branch]      exp/p26-tests-arm           -> origin/exp/p26-tests-arm
2026-09-29T22:08:44.4490400Z  * [new branch]      exp/p26-win-abi             -> origin/exp/p26-win-abi
2026-09-29T22:08:44.4496570Z  * [new branch]      exp/p6-acceptance2          -> origin/exp/p6-acceptance2
2026-09-29T22:08:44.4500810Z  * [new branch]      exp/p6-windows-ab           -> origin/exp/p6-windows-ab
2026-09-29T22:08:44.4504810Z  * [new branch]      exp/p6-x86-ab               -> origin/exp/p6-x86-ab
2026-09-29T22:08:44.4508450Z  * [new branch]      exp/p6-x86-regs             -> origin/exp/p6-x86-regs
2026-09-29T22:08:44.4513810Z  * [new branch]      exp/p6p7-integration        -> origin/exp/p6p7-integration
2026-09-29T22:08:44.4515980Z  * [new branch]      exp/p7-x86-nofp             -> origin/exp/p7-x86-nofp
2026-09-29T22:08:44.4518550Z  * [new branch]      exp/p7b-tests-only          -> origin/exp/p7b-tests-only
2026-09-29T22:08:44.4520430Z  * [new branch]      exp/p8-b1                   -> origin/exp/p8-b1
2026-09-29T22:08:44.4521930Z  * [new branch]      exp/p8-b12                  -> origin/exp/p8-b12
2026-09-29T22:08:44.4523660Z  * [new branch]      exp/p8-b2                   -> origin/exp/p8-b2
2026-09-29T22:08:44.4525320Z  * [new branch]      exp/p9-fused-dicts          -> origin/exp/p9-fused-dicts
2026-09-29T22:08:44.4527060Z  * [new branch]      exp/p9-probe-flag           -> origin/exp/p9-probe-flag
2026-09-29T22:08:44.4528810Z  * [new branch]      exp/p9-probe-placement      -> origin/exp/p9-probe-placement
2026-09-29T22:08:44.4530660Z  * [new branch]      exp/pin-discovery-ab        -> origin/exp/pin-discovery-ab
2026-09-29T22:08:44.4532380Z  * [new branch]      exp/pin-discovery-test      -> origin/exp/pin-discovery-test
2026-09-29T22:08:44.4534100Z  * [new branch]      exp/t1-ab                   -> origin/exp/t1-ab
2026-09-29T22:08:44.4535840Z  * [new branch]      exp/t1-private-cache-leak   -> origin/exp/t1-private-cache-leak
2026-09-29T22:08:44.4537530Z  * [new branch]      exp/t1-source-ab            -> origin/exp/t1-source-ab
2026-09-29T22:08:44.4539230Z  * [new branch]      exp/t1-tests-only           -> origin/exp/t1-tests-only
2026-09-29T22:08:44.4541370Z  * [new branch]      exp/t2-evidence-gates       -> origin/exp/t2-evidence-gates
2026-09-29T22:08:44.4543260Z  * [new branch]      exp/t3-ab-estimator         -> origin/exp/t3-ab-estimator
2026-09-29T22:08:44.4545210Z  * [new branch]      exp/win-mixed-probe         -> origin/exp/win-mixed-probe
2026-09-29T22:08:44.4547160Z  * [new branch]      exp/win-rawwalk-check       -> origin/exp/win-rawwalk-check
2026-09-29T22:08:44.4548750Z  * [new branch]      main                        -> origin/main
2026-09-29T22:08:44.4550230Z  * [new branch]      work/benchmark-lead         -> origin/work/benchmark-lead
2026-09-29T22:08:44.4552160Z  * [new branch]      work/september-7-plan       -> origin/work/september-7-plan
2026-09-29T22:08:44.4553850Z  * [new tag]         archive/exp/audit-tests     -> archive/exp/audit-tests
2026-09-29T22:08:44.4555330Z  * [new tag]         archive/exp/cursor          -> archive/exp/cursor
2026-09-29T22:08:44.4579990Z  * [new tag]         archive/exp/cursor2         -> archive/exp/cursor2
2026-09-29T22:08:44.4582230Z  * [new tag]         archive/exp/digitchain      -> archive/exp/digitchain
2026-09-29T22:08:44.4583930Z  * [new tag]         archive/exp/dump-flat-macos -> archive/exp/dump-flat-macos
2026-09-29T22:08:44.4585590Z  * [new tag]         archive/exp/dumps-n2        -> archive/exp/dumps-n2
2026-09-29T22:08:44.4587470Z  * [new tag]         archive/exp/e26-p2-profile  -> archive/exp/e26-p2-profile
2026-09-29T22:08:44.4589610Z  * [new tag]         archive/exp/fix1-reentrant-mutation -> archive/exp/fix1-reentrant-mutation
2026-09-29T22:08:44.4591820Z  * [new tag]         archive/exp/fix1-reentrant-mutation-v2 -> archive/exp/fix1-reentrant-mutation-v2
2026-09-29T22:08:44.4594300Z  * [new tag]         archive/exp/fix1-reentrant-mutation-v3 -> archive/exp/fix1-reentrant-mutation-v3
2026-09-29T22:08:44.4596700Z  * [new tag]         archive/exp/fix1-reentrant-mutation-v4 -> archive/exp/fix1-reentrant-mutation-v4
2026-09-29T22:08:44.4599110Z  * [new tag]         archive/exp/fix2-surrogate-key -> archive/exp/fix2-surrogate-key
2026-09-29T22:08:44.4601470Z  * [new tag]         archive/exp/p0-controls     -> archive/exp/p0-controls
2026-09-29T22:08:44.4603220Z  * [new tag]         archive/exp/p1-attribution  -> archive/exp/p1-attribution
2026-09-29T22:08:44.4605430Z  * [new tag]         archive/exp/shrink-cold-instruction-footprint -> archive/exp/shrink-cold-instruction-footprint
2026-09-29T22:08:44.4608000Z  * [new tag]         archive/exp/shrink-write-stack-frames -> archive/exp/shrink-write-stack-frames
2026-09-29T22:08:44.4609770Z  * [new tag]         archive/exp/terminator      -> archive/exp/terminator
2026-09-29T22:08:44.4611810Z  * [new tag]         archive/exp/width-flat-format-int64-above-1e4 -> archive/exp/width-flat-format-int64-above-1e4
2026-09-29T22:08:44.4613790Z  * [new tag]         archive/main-from-scratch-v1 -> archive/main-from-scratch-v1
2026-09-29T22:08:44.4615240Z  * [new tag]         archive/main-v2             -> archive/main-v2
2026-09-29T22:08:44.4616970Z  * [new tag]         archive/main-v2-0.1         -> archive/main-v2-0.1
2026-09-29T22:08:44.4618610Z  * [new tag]         archive/main-v2-long-run-do-nothing -> archive/main-v2-long-run-do-nothing
2026-09-29T22:08:44.4620450Z  * [new tag]         archive/main-v2-prompt-1    -> archive/main-v2-prompt-1
2026-09-29T22:08:44.4622170Z  * [new tag]         archive/main-v2-prompt-2    -> archive/main-v2-prompt-2
2026-09-29T22:08:44.4625870Z  * [new tag]         archive/main-v2-prompt-3    -> archive/main-v2-prompt-3
2026-09-29T22:08:44.4627400Z  * [new tag]         archive/main-v2-prompt-4    -> archive/main-v2-prompt-4
2026-09-29T22:08:44.4630810Z [command]/opt/homebrew/bin/git branch --list --remote origin/exp/native-gap
2026-09-29T22:08:44.4632210Z   origin/exp/native-gap
2026-09-29T22:08:44.4634460Z [command]/opt/homebrew/bin/git rev-parse refs/remotes/origin/exp/native-gap
2026-09-29T22:08:44.4645270Z 33465c22eee0fda8e1b52898c16aac6982901a21
2026-09-29T22:08:44.4651460Z ##[endgroup]
2026-09-29T22:08:44.4655570Z ##[group]Determining the checkout info
2026-09-29T22:08:44.4660040Z ##[endgroup]
2026-09-29T22:08:44.4662630Z [command]/opt/homebrew/bin/git sparse-checkout disable
2026-09-29T22:08:44.4744710Z [command]/opt/homebrew/bin/git config --local --unset-all extensions.worktreeConfig
2026-09-29T22:08:44.4823810Z ##[group]Checking out the ref
2026-09-29T22:08:44.4825510Z [command]/opt/homebrew/bin/git checkout --progress --force -B exp/native-gap refs/remotes/origin/exp/native-gap
2026-09-29T22:08:44.8518410Z Switched to a new branch 'exp/native-gap'
2026-09-29T22:08:44.8521550Z branch 'exp/native-gap' set up to track 'origin/exp/native-gap'.
2026-09-29T22:08:44.8531450Z ##[endgroup]
2026-09-29T22:08:44.8670210Z [command]/opt/homebrew/bin/git log -1 --format=%H
2026-09-29T22:08:44.8761130Z 33465c22eee0fda8e1b52898c16aac6982901a21
2026-09-29T22:08:44.8996340Z ##[group]Run actions/setup-python@v5
2026-09-29T22:08:44.8996660Z with:
2026-09-29T22:08:44.8996860Z   python-version: 3.12
2026-09-29T22:08:44.8997090Z   check-latest: false
2026-09-29T22:08:44.8999280Z   token: ***
2026-09-29T22:08:44.8999480Z   update-environment: true
2026-09-29T22:08:44.8999720Z   allow-prereleases: false
2026-09-29T22:08:44.8999950Z   freethreaded: false
2026-09-29T22:08:44.9000150Z env:
2026-09-29T22:08:44.9000340Z   ARCHFLAGS: -arch arm64
2026-09-29T22:08:44.9000630Z ##[endgroup]
2026-09-29T22:08:45.0720530Z ##[group]Installed versions
2026-09-29T22:08:45.0816310Z (node:1277) [DEP0040] DeprecationWarning: The `punycode` module is deprecated. Please use a userland alternative instead.
2026-09-29T22:08:45.0818710Z (Use `node --trace-deprecation ...` to show where the warning was created)
2026-09-29T22:08:45.0819240Z Successfully set up CPython (3.12.10)
2026-09-29T22:08:45.0838850Z ##[endgroup]
2026-09-29T22:08:45.1113020Z ##[group]Run make install-bench
2026-09-29T22:08:45.1114210Z make install-bench
2026-09-29T22:08:45.1255130Z shell: /bin/bash -e {0}
2026-09-29T22:08:45.1255590Z env:
2026-09-29T22:08:45.1255920Z   ARCHFLAGS: -arch arm64
2026-09-29T22:08:45.1256330Z   pythonLocation: /Users/runner/hostedtoolcache/Python/3.12.10/arm64
2026-09-29T22:08:45.1256900Z   PKG_CONFIG_PATH: /Users/runner/hostedtoolcache/Python/3.12.10/arm64/lib/pkgconfig
2026-09-29T22:08:45.1257420Z   Python_ROOT_DIR: /Users/runner/hostedtoolcache/Python/3.12.10/arm64
2026-09-29T22:08:45.1257980Z   Python2_ROOT_DIR: /Users/runner/hostedtoolcache/Python/3.12.10/arm64
2026-09-29T22:08:45.1258500Z   Python3_ROOT_DIR: /Users/runner/hostedtoolcache/Python/3.12.10/arm64
2026-09-29T22:08:45.1258890Z   CC: cc
2026-09-29T22:08:45.1259120Z   CXX: c++
2026-09-29T22:08:45.1259380Z ##[endgroup]
2026-09-29T22:08:46.6995740Z python3 -m venv .venv
2026-09-29T22:08:50.1292040Z .venv/bin/python -m pip install -U pip setuptools wheel
2026-09-29T22:08:50.6114730Z Requirement already satisfied: pip in ./.venv/lib/python3.12/site-packages (25.0.1)
2026-09-29T22:08:50.6714140Z Collecting pip
2026-09-29T22:08:50.6737390Z   Using cached pip-26.2.1-py3-none-any.whl.metadata (4.6 kB)
2026-09-29T22:08:50.7507400Z Collecting setuptools
2026-09-29T22:08:50.7766460Z   Downloading setuptools-84.0.0-py3-none-any.whl.metadata (6.6 kB)
2026-09-29T22:08:50.8009670Z Collecting wheel
2026-09-29T22:08:50.8068900Z   Downloading wheel-0.48.0-py3-none-any.whl.metadata (2.3 kB)
2026-09-29T22:08:50.8321110Z Collecting packaging>=24.0 (from wheel)
2026-09-29T22:08:50.8390940Z   Downloading packaging-26.3-py3-none-any.whl.metadata (3.5 kB)
2026-09-29T22:08:50.8500500Z Using cached pip-26.2.1-py3-none-any.whl (1.8 MB)
2026-09-29T22:08:50.8623730Z Downloading setuptools-84.0.0-py3-none-any.whl (818 kB)
2026-09-29T22:08:50.8871930Z    ━━━━━━━━━━━━━━━━━━━━━━━━━━━━━━━━━━━━━━━━ 818.2/818.2 kB 31.3 MB/s eta 0:00:00
2026-09-29T22:08:50.8919540Z Downloading wheel-0.48.0-py3-none-any.whl (33 kB)
2026-09-29T22:08:50.9044080Z Downloading packaging-26.3-py3-none-any.whl (129 kB)
2026-09-29T22:08:50.9250110Z Installing collected packages: setuptools, pip, packaging, wheel
2026-09-29T22:08:51.3486430Z   Attempting uninstall: pip
2026-09-29T22:08:51.3504240Z     Found existing installation: pip 25.0.1
2026-09-29T22:08:51.3779010Z     Uninstalling pip-25.0.1:
2026-09-29T22:08:51.3851690Z       Successfully uninstalled pip-25.0.1
2026-09-29T22:08:52.2747240Z Successfully installed packaging-26.3 pip-26.2.1 setuptools-84.0.0 wheel-0.48.0
2026-09-29T22:08:52.4359620Z .venv/bin/python -m pip install -e '.[dev,bench]'
2026-09-29T22:08:52.7377550Z Obtaining file:///Users/runner/work/strata/strata
2026-09-29T22:08:52.7397190Z   Installing build dependencies: started
2026-09-29T22:08:55.8265070Z   Installing build dependencies: finished with status 'done'
2026-09-29T22:08:55.8291440Z   Checking if build backend supports build_editable: started
2026-09-29T22:08:56.1484440Z   Checking if build backend supports build_editable: finished with status 'done'
2026-09-29T22:08:56.1497090Z   Getting requirements to build editable: started
2026-09-29T22:08:56.4963640Z   Getting requirements to build editable: finished with status 'done'
2026-09-29T22:08:56.4991670Z   Preparing editable metadata (pyproject.toml): started
2026-09-29T22:08:56.7375830Z   Preparing editable metadata (pyproject.toml): finished with status 'done'
2026-09-29T22:08:56.8260010Z Collecting cmake>=3.20 (from strata==2026.8.10)
2026-09-29T22:08:56.8283600Z   Using cached cmake-4.4.3-py3-none-macosx_10_10_universal2.whl.metadata (7.0 kB)
2026-09-29T22:08:56.8422650Z Collecting pytest>=7 (from strata==2026.8.10)
2026-09-29T22:08:56.8439090Z   Using cached pytest-9.1.1-py3-none-any.whl.metadata (7.6 kB)
2026-09-29T22:08:56.8939240Z Collecting pytest-cov>=4 (from strata==2026.8.10)
2026-09-29T22:08:56.9306700Z   Downloading pytest_cov-7.1.0-py3-none-any.whl.metadata (32 kB)
2026-09-29T22:08:57.1647260Z Collecting ruff>=0.5 (from strata==2026.8.10)
2026-09-29T22:08:57.1707950Z   Downloading ruff-0.16.9-py3-none-macosx_11_0_arm64.whl.metadata (20 kB)
2026-09-29T22:08:57.1949910Z Collecting pre-commit>=3.5 (from strata==2026.8.10)
2026-09-29T22:08:57.2009320Z   Downloading pre_commit-4.6.2-py2.py3-none-any.whl.metadata (1.2 kB)
2026-09-29T22:08:57.2406130Z Collecting clang-format<22,>=21 (from strata==2026.8.10)
2026-09-29T22:08:57.2495570Z   Downloading clang_format-21.1.8-py2.py3-none-macosx_11_0_arm64.whl.metadata (4.7 kB)
2026-09-29T22:08:57.4069660Z Collecting orjson (from strata==2026.8.10)
2026-09-29T22:08:57.4139930Z   Downloading orjson-3.12.0-cp312-cp312-macosx_15_0_arm64.whl.metadata (41 kB)
2026-09-29T22:08:57.5147820Z Collecting msgspec (from strata==2026.8.10)
2026-09-29T22:08:57.5225520Z   Downloading msgspec-0.22.0-cp312-cp312-macosx_11_0_arm64.whl.metadata (6.0 kB)
2026-09-29T22:08:57.5952700Z Collecting ujson (from strata==2026.8.10)
2026-09-29T22:08:57.6101030Z   Downloading ujson-6.0.0-cp312-cp312-macosx_11_0_arm64.whl.metadata (10.0 kB)
2026-09-29T22:08:57.6465380Z Collecting pysimdjson (from strata==2026.8.10)
2026-09-29T22:08:57.6533090Z   Downloading pysimdjson-7.0.2-cp312-cp312-macosx_10_13_universal2.whl.metadata (1.1 kB)
2026-09-29T22:08:57.6672240Z Collecting jmespath (from strata==2026.8.10)
2026-09-29T22:08:57.6714110Z   Downloading jmespath-1.1.0-py3-none-any.whl.metadata (7.6 kB)
2026-09-29T22:08:57.6844290Z Collecting jsonpath-ng (from strata==2026.8.10)
2026-09-29T22:08:57.6881660Z   Downloading jsonpath_ng-1.8.0-py3-none-any.whl.metadata (18 kB)
2026-09-29T22:08:57.7395920Z Collecting psutil>=5 (from strata==2026.8.10)
2026-09-29T22:08:57.7471530Z   Downloading psutil-7.2.2-cp36-abi3-macosx_11_0_arm64.whl.metadata (22 kB)
2026-09-29T22:08:57.7712310Z Collecting cfgv>=2.0.0 (from pre-commit>=3.5->strata==2026.8.10)
2026-09-29T22:08:57.7753840Z   Downloading cfgv-3.5.0-py2.py3-none-any.whl.metadata (8.9 kB)
2026-09-29T22:08:57.8024100Z Collecting identify>=1.0.0 (from pre-commit>=3.5->strata==2026.8.10)
2026-09-29T22:08:57.8069190Z   Downloading identify-2.6.20-py2.py3-none-any.whl.metadata (4.4 kB)
2026-09-29T22:08:57.8243390Z Collecting nodeenv>=0.11.1 (from pre-commit>=3.5->strata==2026.8.10)
2026-09-29T22:08:57.8294390Z   Downloading nodeenv-1.11.0-py2.py3-none-any.whl.metadata (40 kB)
2026-09-29T22:08:57.8606270Z Collecting pyyaml>=5.1 (from pre-commit>=3.5->strata==2026.8.10)
2026-09-29T22:08:57.8645540Z   Downloading pyyaml-6.0.3-cp312-cp312-macosx_11_0_arm64.whl.metadata (2.4 kB)
2026-09-29T22:08:57.8941390Z Collecting virtualenv>=20.10.0 (from pre-commit>=3.5->strata==2026.8.10)
2026-09-29T22:08:57.8983770Z   Downloading virtualenv-21.14.0-py3-none-any.whl.metadata (4.1 kB)
2026-09-29T22:08:57.9066230Z Collecting iniconfig>=1.0.1 (from pytest>=7->strata==2026.8.10)
2026-09-29T22:08:57.9081610Z   Using cached iniconfig-2.3.0-py3-none-any.whl.metadata (2.5 kB)
2026-09-29T22:08:57.9101660Z Requirement already satisfied: packaging>=22 in ./.venv/lib/python3.12/site-packages (from pytest>=7->strata==2026.8.10) (26.3)
2026-09-29T22:08:57.9136180Z Collecting pluggy<2,>=1.5 (from pytest>=7->strata==2026.8.10)
2026-09-29T22:08:57.9152080Z   Using cached pluggy-1.6.0-py3-none-any.whl.metadata (4.8 kB)
2026-09-29T22:08:57.9256220Z Collecting pygments>=2.7.2 (from pytest>=7->strata==2026.8.10)
2026-09-29T22:08:57.9300380Z   Using cached pygments-2.21.0-py3-none-any.whl.metadata (2.5 kB)
2026-09-29T22:08:58.2112700Z Collecting coverage>=7.10.6 (from coverage[toml]>=7.10.6->pytest-cov>=4->strata==2026.8.10)
2026-09-29T22:08:58.2188850Z   Downloading coverage-7.16.2-cp312-cp312-macosx_11_0_arm64.whl.metadata (8.2 kB)
2026-09-29T22:08:58.2416140Z Collecting distlib<1,>=0.3.7 (from virtualenv>=20.10.0->pre-commit>=3.5->strata==2026.8.10)
2026-09-29T22:08:58.2451400Z   Downloading distlib-0.4.3-py2.py3-none-any.whl.metadata (5.3 kB)
2026-09-29T22:08:58.2653540Z Collecting filelock<5,>=3.24.2 (from virtualenv>=20.10.0->pre-commit>=3.5->strata==2026.8.10)
2026-09-29T22:08:58.2707820Z   Downloading filelock-4.0.6-py3-none-any.whl.metadata (2.0 kB)
2026-09-29T22:08:58.2903250Z Collecting platformdirs<5,>=3.9.1 (from virtualenv>=20.10.0->pre-commit>=3.5->strata==2026.8.10)
2026-09-29T22:08:58.2964120Z   Downloading platformdirs-4.12.2-py3-none-any.whl.metadata (5.5 kB)
2026-09-29T22:08:58.3274090Z Collecting python-discovery>=1.6 (from virtualenv>=20.10.0->pre-commit>=3.5->strata==2026.8.10)
2026-09-29T22:08:58.3337160Z   Downloading python_discovery-1.6.1-py3-none-any.whl.metadata (5.1 kB)
2026-09-29T22:08:58.3537500Z Downloading clang_format-21.1.8-py2.py3-none-macosx_11_0_arm64.whl (1.5 MB)
2026-09-29T22:08:58.3759190Z    ━━━━━━━━━━━━━━━━━━━━━━━━━━━━━━━━━━━━━━━━ 1.5/1.5 MB 66.9 MB/s  0:00:00
2026-09-29T22:08:58.3771340Z Using cached cmake-4.4.3-py3-none-macosx_10_10_universal2.whl (54.4 MB)
2026-09-29T22:08:58.4118180Z Downloading pre_commit-4.6.2-py2.py3-none-any.whl (226 kB)
2026-09-29T22:08:58.4230300Z Downloading cfgv-3.5.0-py2.py3-none-any.whl (7.4 kB)
2026-09-29T22:08:58.4329050Z Downloading identify-2.6.20-py2.py3-none-any.whl (99 kB)
2026-09-29T22:08:58.4396200Z Downloading nodeenv-1.11.0-py2.py3-none-any.whl (34 kB)
2026-09-29T22:08:58.4470530Z Downloading psutil-7.2.2-cp36-abi3-macosx_11_0_arm64.whl (129 kB)
2026-09-29T22:08:58.4626740Z Using cached pytest-9.1.1-py3-none-any.whl (386 kB)
2026-09-29T22:08:58.4642030Z Using cached pluggy-1.6.0-py3-none-any.whl (20 kB)
2026-09-29T22:08:58.4655610Z Using cached iniconfig-2.3.0-py3-none-any.whl (7.5 kB)
2026-09-29T22:08:58.4730240Z Using cached pygments-2.21.0-py3-none-any.whl (1.3 MB)
2026-09-29T22:08:58.4922890Z Downloading pytest_cov-7.1.0-py3-none-any.whl (22 kB)
2026-09-29T22:08:58.5017810Z Downloading coverage-7.16.2-cp312-cp312-macosx_11_0_arm64.whl (224 kB)
2026-09-29T22:08:58.5192930Z Downloading pyyaml-6.0.3-cp312-cp312-macosx_11_0_arm64.whl (173 kB)
2026-09-29T22:08:58.5378480Z Downloading ruff-0.16.9-py3-none-macosx_11_0_arm64.whl (9.9 MB)
2026-09-29T22:08:58.6218070Z    ━━━━━━━━━━━━━━━━━━━━━━━━━━━━━━━━━━━━━━━━ 9.9/9.9 MB 118.6 MB/s  0:00:00
2026-09-29T22:08:58.6395030Z Downloading virtualenv-21.14.0-py3-none-any.whl (5.5 MB)
2026-09-29T22:08:58.6906790Z    ━━━━━━━━━━━━━━━━━━━━━━━━━━━━━━━━━━━━━━━━ 5.5/5.5 MB 105.9 MB/s  0:00:00
2026-09-29T22:08:58.7005160Z Downloading distlib-0.4.3-py2.py3-none-any.whl (470 kB)
2026-09-29T22:08:58.7124270Z Downloading filelock-4.0.6-py3-none-any.whl (109 kB)
2026-09-29T22:08:58.7288360Z Downloading platformdirs-4.12.2-py3-none-any.whl (32 kB)
2026-09-29T22:08:58.7410880Z Downloading python_discovery-1.6.1-py3-none-any.whl (38 kB)
2026-09-29T22:08:58.7521130Z Downloading jmespath-1.1.0-py3-none-any.whl (20 kB)
2026-09-29T22:08:58.7650310Z Downloading jsonpath_ng-1.8.0-py3-none-any.whl (67 kB)
2026-09-29T22:08:58.7766850Z Downloading msgspec-0.22.0-cp312-cp312-macosx_11_0_arm64.whl (193 kB)
2026-09-29T22:08:58.7941670Z Downloading orjson-3.12.0-cp312-cp312-macosx_15_0_arm64.whl (123 kB)
2026-09-29T22:08:58.8046370Z Downloading pysimdjson-7.0.2-cp312-cp312-macosx_10_13_universal2.whl (1.9 MB)
2026-09-29T22:08:58.8427250Z    ━━━━━━━━━━━━━━━━━━━━━━━━━━━━━━━━━━━━━━━━ 1.9/1.9 MB 49.3 MB/s  0:00:00
2026-09-29T22:08:58.8572310Z Downloading ujson-6.0.0-cp312-cp312-macosx_11_0_arm64.whl (54 kB)
2026-09-29T22:08:58.9794720Z Building wheels for collected packages: strata
2026-09-29T22:08:58.9805170Z   Building editable for strata (pyproject.toml): started
2026-09-29T22:09:59.1227230Z   Building editable for strata (pyproject.toml): still running...
2026-09-29T22:11:00.0796360Z   Building editable for strata (pyproject.toml): still running...
2026-09-29T22:12:01.3599580Z   Building editable for strata (pyproject.toml): still running...
2026-09-29T22:12:06.7563020Z   Building editable for strata (pyproject.toml): finished with status 'done'
2026-09-29T22:12:06.7564920Z   Created wheel for strata: filename=strata-2026.8.10-0.editable-cp312-cp312-macosx_10_13_universal2.whl size=4456 sha256=ec454b6c12cc21775951faf1dd96990a4612bd570a0687522ae5c90ffbf0779c
2026-09-29T22:12:06.7671540Z   Stored in directory: /private/var/folders/36/tjdph2t965j8snz9_vkdnw0r0000gn/T/pip-ephem-wheel-cache-sfjp8dry/wheels/51/60/a8/6b4b28a81728896ca0cc3cb367b690b439c41c36ebd5cb3307
2026-09-29T22:12:06.7837460Z Successfully built strata
2026-09-29T22:12:06.8872820Z Installing collected packages: jsonpath-ng, distlib, clang-format, ujson, strata, ruff, pyyaml, pysimdjson, pygments, psutil, pluggy, platformdirs, orjson, nodeenv, msgspec, jmespath, iniconfig, identify, filelock, coverage, cmake, cfgv, python-discovery, pytest, virtualenv, pytest-cov, pre-commit
2026-09-29T22:12:10.5063310Z 
2026-09-29T22:12:10.5088390Z Successfully installed cfgv-3.5.0 clang-format-21.1.8 cmake-4.4.3 coverage-7.16.2 distlib-0.4.3 filelock-4.0.6 identify-2.6.20 iniconfig-2.3.0 jmespath-1.1.0 jsonpath-ng-1.8.0 msgspec-0.22.0 nodeenv-1.11.0 orjson-3.12.0 platformdirs-4.12.2 pluggy-1.6.0 pre-commit-4.6.2 psutil-7.2.2 pygments-2.21.0 pysimdjson-7.0.2 pytest-9.1.1 pytest-cov-7.1.0 python-discovery-1.6.1 pyyaml-6.0.3 ruff-0.16.9 strata-2026.8.10 ujson-6.0.0 virtualenv-21.14.0
2026-09-29T22:12:11.5538490Z ##[group]Run make pgo
2026-09-29T22:12:11.5538910Z make pgo
2026-09-29T22:12:11.6265580Z shell: /bin/bash -e {0}
2026-09-29T22:12:11.6266000Z env:
2026-09-29T22:12:11.6268260Z   ARCHFLAGS: -arch arm64
2026-09-29T22:12:11.6269640Z   pythonLocation: /Users/runner/hostedtoolcache/Python/3.12.10/arm64
2026-09-29T22:12:11.6271240Z   PKG_CONFIG_PATH: /Users/runner/hostedtoolcache/Python/3.12.10/arm64/lib/pkgconfig
2026-09-29T22:12:11.6272120Z   Python_ROOT_DIR: /Users/runner/hostedtoolcache/Python/3.12.10/arm64
2026-09-29T22:12:11.6277900Z   Python2_ROOT_DIR: /Users/runner/hostedtoolcache/Python/3.12.10/arm64
2026-09-29T22:12:11.6279210Z   Python3_ROOT_DIR: /Users/runner/hostedtoolcache/Python/3.12.10/arm64
2026-09-29T22:12:11.6281000Z   PYTHON: python
2026-09-29T22:12:11.6281590Z   CC: cc
2026-09-29T22:12:11.6283560Z   CXX: c++
2026-09-29T22:12:11.6284980Z ##[endgroup]
2026-09-29T22:12:11.8520370Z ==> PGO: compiler is clang
2026-09-29T22:12:11.8678290Z ==> PGO phase 1: instrumented build
2026-09-29T22:12:12.5937690Z Obtaining file:///Users/runner/work/strata/strata
2026-09-29T22:12:12.5957310Z   Installing build dependencies: started
2026-09-29T22:12:14.4588980Z   Installing build dependencies: finished with status 'done'
2026-09-29T22:12:14.4598680Z   Checking if build backend supports build_editable: started
2026-09-29T22:12:14.6902490Z   Checking if build backend supports build_editable: finished with status 'done'
2026-09-29T22:12:14.6913960Z   Getting requirements to build editable: started
2026-09-29T22:12:14.9827530Z   Getting requirements to build editable: finished with status 'done'
2026-09-29T22:12:14.9841940Z   Preparing editable metadata (pyproject.toml): started
2026-09-29T22:12:15.1683260Z   Preparing editable metadata (pyproject.toml): finished with status 'done'
2026-09-29T22:12:15.1729930Z Building wheels for collected packages: strata
2026-09-29T22:12:15.1738430Z   Building editable for strata (pyproject.toml): started
2026-09-29T22:13:07.9790640Z   Building editable for strata (pyproject.toml): finished with status 'done'
2026-09-29T22:13:07.9852960Z   Created wheel for strata: filename=strata-2026.8.10-0.editable-cp312-cp312-macosx_10_13_universal2.whl size=4456 sha256=ab7aaa6c66fcfc18dd9afc2156a6e24c35ea01d2e5e2ce5abcea17883eb994c7
2026-09-29T22:13:07.9855120Z   Stored in directory: /private/var/folders/36/tjdph2t965j8snz9_vkdnw0r0000gn/T/pip-ephem-wheel-cache-o8z2hmwy/wheels/51/60/a8/6b4b28a81728896ca0cc3cb367b690b439c41c36ebd5cb3307
2026-09-29T22:13:07.9969180Z Successfully built strata
2026-09-29T22:13:08.0235610Z Installing collected packages: strata
2026-09-29T22:13:08.0236570Z   Attempting uninstall: strata
2026-09-29T22:13:08.0261080Z     Found existing installation: strata 2026.8.10
2026-09-29T22:13:08.0281750Z     Uninstalling strata-2026.8.10:
2026-09-29T22:13:08.1163270Z       Successfully uninstalled strata-2026.8.10
2026-09-29T22:13:08.1221380Z Successfully installed strata-2026.8.10
2026-09-29T22:13:08.5727660Z ==> PGO: the hook image must carry no profile
2026-09-29T22:13:08.6183060Z + strata._dumps_hook is unprofiled: _dumps_hook.cpython-312-darwin.so.build.json records no profile or profile flag,
2026-09-29T22:13:08.6183660Z   and the image links no profile runtime
2026-09-29T22:13:08.6219980Z ==> PGO: generating training data
2026-09-29T22:13:08.9771640Z   build/pgo/train.json (10.0 MB)
2026-09-29T22:13:08.9772010Z   build/pgo/train.ndjson (10.0 MB)
2026-09-29T22:13:08.9807930Z ==> PGO: running the training workload
2026-09-29T22:13:09.1886200Z PGO training workload
2026-09-29T22:13:09.1990980Z   corpus: 4001 records, 10.0 MB
2026-09-29T22:13:09.2093070Z [1/7] loads
2026-09-29T22:13:09.2194470Z   loads(str): 1x in 0.04s
2026-09-29T22:13:09.2853700Z   loads(bytes): 1x in 0.06s
2026-09-29T22:13:09.3175020Z   loads(sample): 5x in 0.01s
2026-09-29T22:13:09.3515530Z   loads(cursor): 5x in 0.01s
2026-09-29T22:13:09.3796290Z   loads(iterator): 3x in 0.00s
2026-09-29T22:13:09.4264660Z [2/7] dumps
2026-09-29T22:13:09.4271140Z   dumps(str): 1x in 0.02s
2026-09-29T22:13:09.5180240Z   dumps(bytes): 3x in 0.06s
2026-09-29T22:13:09.5630020Z   dumps(sample, bytes): 5x in 0.00s
2026-09-29T22:13:09.5938890Z   dumps(sample): 5x in 0.00s
2026-09-29T22:13:09.6207520Z   dumps(parsed sample, bytes): 2x in 0.00s
2026-09-29T22:13:09.6889940Z [3/7] load
2026-09-29T22:13:09.6908610Z   load(json): 1x in 0.04s
2026-09-29T22:13:09.7595180Z   load(ndjson): 1x in 0.04s
2026-09-29T22:13:09.8273600Z   load(ndjson, iterator): 1x in 0.04s
2026-09-29T22:13:09.8576030Z [4/7] dump
2026-09-29T22:13:09.8576790Z   dump(json): 3x in 0.00s
2026-09-29T22:13:09.8835460Z [5/7] query
2026-09-29T22:13:09.8836230Z   query $[0].name: 3x in 0.00s
2026-09-29T22:13:09.9110790Z   query $[*].id: 3x in 0.00s
2026-09-29T22:13:09.9353220Z   query $[*].items[*].sku: 3x in 0.00s
2026-09-29T22:13:09.9587280Z   query $..leaf: 3x in 0.00s
2026-09-29T22:13:09.9863550Z   query $[0:50].score: 3x in 0.00s
2026-09-29T22:13:10.0098270Z   query $[?(@.id > 100)].name: 3x in 0.00s
2026-09-29T22:13:10.0341800Z   query $[?(@.id <= 500)]: 3x in 0.00s
2026-09-29T22:13:10.0525310Z   query $[?(@.name == 'alpha')]: 3x in 0.00s
2026-09-29T22:13:10.0728000Z   query $[?(@.name != 'alpha')].id: 3x in 0.00s
2026-09-29T22:13:10.0964180Z   query $[?(@['id'] >= 0)].name: 3x in 0.00s
2026-09-29T22:13:10.1199170Z   query $[*].nested.child: 3x in 0.00s
2026-09-29T22:13:10.1431690Z   query $[*].tags[0]: 3x in 0.00s
2026-09-29T22:13:10.1662530Z   query $.*: 3x in 0.00s
2026-09-29T22:13:10.1902810Z   query(compiled): 5x in 0.00s
2026-09-29T22:13:10.2333540Z [6/7] search
2026-09-29T22:13:10.2334390Z   search json $[*].id: 1x in 0.02s
2026-09-29T22:13:10.2993890Z   search ndjson $[*].id: 1x in 0.04s
2026-09-29T22:13:10.3608910Z   search json $..leaf: 1x in 0.04s
2026-09-29T22:13:10.4206560Z   search ndjson $..leaf: 1x in 0.04s
2026-09-29T22:13:10.4730540Z   search json $[?(@.id > 100)].name: 1x in 0.03s
2026-09-29T22:13:10.5238640Z   search ndjson $[?(@.id > 100)].name: 1x in 0.03s
2026-09-29T22:13:10.5455540Z [7/7] folder mode
2026-09-29T22:13:10.5456100Z   dump(split_by): 1x in 0.00s
2026-09-29T22:13:10.5660250Z   load(folder): 1x in 0.00s
2026-09-29T22:13:10.5883810Z   search(folder): 1x in 0.00s
2026-09-29T22:13:10.5981430Z PGO training workload complete
2026-09-29T22:13:10.6033560Z ==> PGO: gate tests on the instrumented build
2026-09-29T22:13:10.6419330Z + /Users/runner/work/strata/strata/.venv/bin/cmake -S . -B build/cmake -DCMAKE_BUILD_TYPE=Release
2026-09-29T22:13:11.0913050Z -- Configuring done (0.1s)
2026-09-29T22:13:11.1847390Z -- Generating done (0.1s)
2026-09-29T22:13:11.1852490Z -- Build files have been written to: /Users/runner/work/strata/strata/build/cmake
2026-09-29T22:13:11.1862500Z + /Users/runner/work/strata/strata/.venv/bin/cmake --build build/cmake --config Release
2026-09-29T22:13:11.4367270Z [  0%] Linking CXX executable smoke_tests
2026-09-29T22:13:11.5200640Z [  6%] Built target smoke_tests
2026-09-29T22:13:11.6373320Z [  7%] Linking CXX executable json_core_tests
2026-09-29T22:13:11.7026260Z [ 13%] Built target json_core_tests
2026-09-29T22:13:11.8936340Z [ 13%] Linking CXX executable json_parse_tests
2026-09-29T22:13:11.9849730Z [ 19%] Built target json_parse_tests
2026-09-29T22:13:12.1192420Z [ 20%] Linking CXX executable fast_parse_tests
2026-09-29T22:13:12.2049240Z [ 25%] Built target fast_parse_tests
2026-09-29T22:13:12.3257630Z [ 26%] Linking CXX executable value_cursor_tests
2026-09-29T22:13:12.4144890Z [ 32%] Built target value_cursor_tests
2026-09-29T22:13:12.5456820Z [ 32%] Linking CXX executable json_serialize_tests
2026-09-29T22:13:12.6179020Z [ 38%] Built target json_serialize_tests
2026-09-29T22:13:12.7753100Z [ 39%] Linking CXX executable float_precision_tests
2026-09-29T22:13:12.8432260Z [ 44%] Built target float_precision_tests
2026-09-29T22:13:12.9596880Z [ 45%] Linking CXX executable json_cursor_tests
2026-09-29T22:13:13.0257510Z [ 50%] Built target json_cursor_tests
2026-09-29T22:13:13.1594010Z [ 51%] Linking CXX executable ndjson_tests
2026-09-29T22:13:13.2293450Z [ 56%] Built target ndjson_tests
2026-09-29T22:13:13.3426300Z [ 57%] Linking CXX executable jsonpath_tests
2026-09-29T22:13:13.4079290Z [ 63%] Built target jsonpath_tests
2026-09-29T22:13:13.5248610Z [ 63%] Linking CXX executable jsonpath_stream_tests
2026-09-29T22:13:13.6041180Z [ 69%] Built target jsonpath_stream_tests
2026-09-29T22:13:13.7243230Z [ 69%] Linking CXX executable scan_tests
2026-09-29T22:13:13.7884350Z [ 75%] Built target scan_tests
2026-09-29T22:13:13.9061170Z [ 75%] Linking CXX executable temporal_tests
2026-09-29T22:13:13.9707360Z [ 81%] Built target temporal_tests
2026-09-29T22:13:14.0752740Z [ 81%] Linking CXX executable folder_tests
2026-09-29T22:13:14.1376580Z [ 87%] Built target folder_tests
2026-09-29T22:13:14.2532360Z [ 87%] Linking CXX executable fuzz_corpus_tests
2026-09-29T22:13:14.3195570Z [ 93%] Built target fuzz_corpus_tests
2026-09-29T22:13:14.4275040Z [ 94%] Linking CXX executable stress_deep_tests
2026-09-29T22:13:14.4890510Z [100%] Built target stress_deep_tests
2026-09-29T22:13:14.5030060Z + /Users/runner/work/strata/strata/.venv/bin/ctest --test-dir build/cmake --build-config Release --output-on-failure --no-tests=error
2026-09-29T22:13:14.8604220Z Test project /Users/runner/work/strata/strata/build/cmake
2026-09-29T22:13:14.8642830Z       Start  1: smoke_tests
2026-09-29T22:13:14.8673920Z  1/16 Test  #1: smoke_tests ......................   Passed    0.00 sec
2026-09-29T22:13:14.8675000Z       Start  2: json_core_tests
2026-09-29T22:13:14.8702820Z  2/16 Test  #2: json_core_tests ..................   Passed    0.00 sec
2026-09-29T22:13:14.8703440Z       Start  3: json_parse_tests
2026-09-29T22:13:14.8730640Z  3/16 Test  #3: json_parse_tests .................   Passed    0.00 sec
2026-09-29T22:13:14.8731370Z       Start  4: fast_parse_tests
2026-09-29T22:13:14.9468040Z  4/16 Test  #4: fast_parse_tests .................   Passed    0.07 sec
2026-09-29T22:13:14.9469180Z       Start  5: value_cursor_tests
2026-09-29T22:13:14.9557720Z  5/16 Test  #5: value_cursor_tests ...............   Passed    0.01 sec
2026-09-29T22:13:14.9558630Z       Start  6: json_serialize_tests
2026-09-29T22:13:14.9585920Z  6/16 Test  #6: json_serialize_tests .............   Passed    0.00 sec
2026-09-29T22:13:14.9586440Z       Start  7: float_precision_tests
2026-09-29T22:13:17.0905980Z  7/16 Test  #7: float_precision_tests ............   Passed    2.13 sec
2026-09-29T22:13:17.0907880Z       Start  8: json_cursor_tests
2026-09-29T22:13:17.0938900Z  8/16 Test  #8: json_cursor_tests ................   Passed    0.00 sec
2026-09-29T22:13:17.0939610Z       Start  9: ndjson_tests
2026-09-29T22:13:17.0990260Z  9/16 Test  #9: ndjson_tests .....................   Passed    0.00 sec
2026-09-29T22:13:17.0991320Z       Start 10: jsonpath_tests
2026-09-29T22:13:17.1021180Z 10/16 Test #10: jsonpath_tests ...................   Passed    0.00 sec
2026-09-29T22:13:17.1021720Z       Start 11: jsonpath_stream_tests
2026-09-29T22:13:17.1052580Z 11/16 Test #11: jsonpath_stream_tests ............   Passed    0.00 sec
2026-09-29T22:13:17.1053380Z       Start 12: scan_tests
2026-09-29T22:13:17.1220820Z 12/16 Test #12: scan_tests .......................   Passed    0.02 sec
2026-09-29T22:13:17.1221790Z       Start 13: temporal_tests
2026-09-29T22:13:17.1387040Z 13/16 Test #13: temporal_tests ...................   Passed    0.02 sec
2026-09-29T22:13:17.1388110Z       Start 14: folder_tests
2026-09-29T22:13:17.1464500Z 14/16 Test #14: folder_tests .....................   Passed    0.01 sec
2026-09-29T22:13:17.1465070Z       Start 15: fuzz_corpus_tests
2026-09-29T22:13:17.1577180Z 15/16 Test #15: fuzz_corpus_tests ................   Passed    0.01 sec
2026-09-29T22:13:17.1578360Z       Start 16: stress_deep_tests
2026-09-29T22:13:17.1619070Z 16/16 Test #16: stress_deep_tests ................   Passed    0.00 sec
2026-09-29T22:13:17.1624450Z 
2026-09-29T22:13:17.1624680Z 100% tests passed out of 16
2026-09-29T22:13:17.1624960Z 
2026-09-29T22:13:17.1625040Z Total Test time (real) =   2.30 sec
2026-09-29T22:13:17.2113170Z + pytest tests/py tests/unit --ignore=tests/unit/native_types --ignore=tests/py/native_types --basetemp=/var/folders/36/tjdph2t965j8snz9_vkdnw0r0000gn/T/pytest-of-runner/4g1h2w54
2026-09-29T22:13:17.6764700Z ============================= test session starts ==============================
2026-09-29T22:13:17.6765080Z platform darwin -- Python 3.12.10, pytest-9.1.1, pluggy-1.6.0
2026-09-29T22:13:17.6765670Z rootdir: /Users/runner/work/strata/strata
2026-09-29T22:13:17.6766090Z configfile: pyproject.toml
2026-09-29T22:13:17.6766330Z plugins: platformdirs-4.12.2, cov-7.1.0
2026-09-29T22:13:17.6766680Z collected 3183 items
2026-09-29T22:13:17.6766800Z 
2026-09-29T22:13:17.6888030Z tests/py/test_dumps_brace_fold.py .........                              [  0%]
2026-09-29T22:13:17.7053020Z tests/py/test_dumps_cycles_fused.py .................................... [  1%]
2026-09-29T22:13:17.7313350Z ....................................................                     [  3%]
2026-09-29T22:13:17.9456650Z tests/py/test_dumps_general_tables.py ............................       [  3%]
2026-09-29T22:13:18.3580240Z tests/py/test_dumps_with_default.py .................................... [  5%]
2026-09-29T22:13:18.6311060Z .............................ss                                          [  6%]
2026-09-29T22:13:18.6517100Z tests/py/test_dumps_with_default_contract.py ........................... [  6%]
2026-09-29T22:13:18.7040990Z ........................................................................ [  9%]
2026-09-29T22:13:18.7623780Z ........................................................................ [ 11%]
2026-09-29T22:13:18.8098100Z ..........................                                               [ 12%]
2026-09-29T22:13:18.8131040Z tests/py/test_fused_verification.py ..                                   [ 12%]
2026-09-29T22:13:18.8271860Z tests/py/test_json_parity.py ........................................... [ 13%]
2026-09-29T22:13:18.8503740Z ........................................................................ [ 15%]
2026-09-29T22:13:18.8757140Z ........................................................................ [ 18%]
2026-09-29T22:13:18.8989150Z ........................................................................ [ 20%]
2026-09-29T22:13:18.9222300Z ........................................................................ [ 22%]
2026-09-29T22:13:18.9449160Z ........................................................................ [ 24%]
2026-09-29T22:13:18.9719950Z ........................................................................ [ 27%]
2026-09-29T22:13:18.9955840Z ........................................................................ [ 29%]
2026-09-29T22:13:19.0178410Z ........................................................................ [ 31%]
2026-09-29T22:13:19.0412010Z ........................................................................ [ 33%]
2026-09-29T22:13:19.0626330Z ........................................................................ [ 36%]
2026-09-29T22:13:19.0836550Z ........................................................................ [ 38%]
2026-09-29T22:13:19.1049590Z ........................................................................ [ 40%]
2026-09-29T22:13:19.1256970Z ........................................................................ [ 43%]
2026-09-29T22:13:19.1458580Z ........................................................................ [ 45%]
2026-09-29T22:13:19.1667070Z ........................................................................ [ 47%]
2026-09-29T22:13:19.1885180Z ........................................................................ [ 49%]
2026-09-29T22:13:19.2005690Z .................................                                        [ 50%]
2026-09-29T22:13:19.2280470Z tests/py/test_path_dispatch.py ................................          [ 51%]
2026-09-29T22:13:19.2291830Z tests/py/test_py_tests_basetemp.py ..                                    [ 51%]
2026-09-29T22:13:19.2304160Z tests/py/test_smoke.py ...                                               [ 52%]
2026-09-29T22:13:19.4891910Z tests/unit/test_ab_analysis.py ......................................    [ 53%]
2026-09-29T22:13:19.4963240Z tests/unit/test_build_manifest.py ...........                            [ 53%]
2026-09-29T22:13:19.5122610Z tests/unit/test_canonical_builds.py ....                                 [ 53%]
2026-09-29T22:13:19.6506960Z tests/unit/test_ci_fetch.py ........................                     [ 54%]
2026-09-29T22:13:19.7156790Z tests/unit/test_ci_summary.py .......................                    [ 55%]
2026-09-29T22:13:19.7244310Z tests/unit/test_config.py ...........................                    [ 56%]
2026-09-29T22:13:19.7463890Z tests/unit/test_core_purity.py ....                                      [ 56%]
2026-09-29T22:13:19.7552380Z tests/unit/test_cross_sample.py ......                                   [ 56%]
2026-09-29T22:13:19.7857600Z tests/unit/test_dumps.py ............................................... [ 57%]
2026-09-29T22:13:19.7952080Z ..........                                                               [ 58%]
2026-09-29T22:13:19.8073730Z tests/unit/test_dumps_brace_fold.py .........                            [ 58%]
2026-09-29T22:13:20.0747330Z tests/unit/test_dumps_cold_start.py ....                                 [ 58%]
2026-09-29T22:13:20.0894850Z tests/unit/test_dumps_contract.py ...................................... [ 59%]
2026-09-29T22:13:20.1196880Z .............................................................            [ 61%]
2026-09-29T22:13:20.1360100Z tests/unit/test_dumps_cycles_fused.py .................................. [ 62%]
2026-09-29T22:13:20.1630520Z ......................................................                   [ 64%]
2026-09-29T22:13:20.3940550Z tests/unit/test_dumps_general_tables.py ............................     [ 65%]
2026-09-29T22:13:20.7774870Z tests/unit/test_dumps_latch.py ............................              [ 66%]
2026-09-29T22:13:20.8260040Z tests/unit/test_dumps_private_cache.py ................................  [ 67%]
2026-09-29T22:13:21.3826770Z tests/unit/test_dumps_reentrancy.py .................................... [ 68%]
2026-09-29T22:13:22.5148950Z ......................................................................   [ 70%]
2026-09-29T22:13:23.1889370Z tests/unit/test_dumps_reentrancy_review.py ............................. [ 71%]
2026-09-29T22:13:23.3333840Z ..                                                                       [ 71%]
2026-09-29T22:13:23.3626270Z tests/unit/test_dumps_schema_failure.py ...........................      [ 72%]
2026-09-29T22:13:23.7965980Z tests/unit/test_dumps_user_step_counter.py ..........................    [ 73%]
2026-09-29T22:13:23.8151800Z tests/unit/test_dumps_with_default.py .................................. [ 74%]
2026-09-29T22:13:23.8455080Z ........................................................................ [ 76%]
2026-09-29T22:13:23.9420640Z .........................................................                [ 78%]
2026-09-29T22:13:23.9544450Z tests/unit/test_dumps_with_default_state.py ............................ [ 79%]
2026-09-29T22:13:24.0057640Z ........................................................................ [ 81%]
2026-09-29T22:13:24.1730450Z ..............                                                           [ 81%]
2026-09-29T22:13:24.2383160Z tests/unit/test_folder.py .............................................. [ 83%]
2026-09-29T22:13:24.3026610Z .........................................                                [ 84%]
2026-09-29T22:13:24.3056660Z tests/unit/test_fused_verification.py ..                                 [ 84%]
2026-09-29T22:13:24.3410510Z tests/unit/test_hook_build_scope.py ...............................      [ 85%]
2026-09-29T22:13:24.3983380Z tests/unit/test_json_cursor.py ...........................               [ 86%]
2026-09-29T22:13:24.4100580Z tests/unit/test_jsonpath.py ............................................ [ 87%]
2026-09-29T22:13:24.4800300Z .......................................................................  [ 90%]
2026-09-29T22:13:24.5350140Z tests/unit/test_load_dump.py ........................................... [ 91%]
2026-09-29T22:13:24.5352650Z                                                                          [ 91%]
2026-09-29T22:13:24.5491770Z tests/unit/test_loads.py ............................................... [ 92%]
2026-09-29T22:13:24.5903170Z ........................................................................ [ 95%]
2026-09-29T22:13:25.2577620Z ................                                                         [ 95%]
2026-09-29T22:13:25.2615740Z tests/unit/test_native_interleaved_profile.py ...                        [ 95%]
2026-09-29T22:13:25.3022540Z tests/unit/test_nested_container_probe.py ....                           [ 95%]
2026-09-29T22:13:25.3396620Z tests/unit/test_path_dispatch.py ................................        [ 96%]
2026-09-29T22:13:25.3705780Z tests/unit/test_provenance.py ..................                         [ 97%]
2026-09-29T22:13:25.4154560Z tests/unit/test_regression_check.py ..........................           [ 98%]
2026-09-29T22:13:25.5089750Z tests/unit/test_search_stream.py .................                       [ 98%]
2026-09-29T22:13:25.5094100Z tests/unit/test_string_identity_probe.py .                               [ 98%]
2026-09-29T22:13:25.5809520Z tests/unit/test_supplementary.py .............                           [ 99%]
2026-09-29T22:13:25.6178180Z tests/unit/test_supportability_check.py ....................             [ 99%]
2026-09-29T22:13:25.6725250Z tests/unit/test_version.py ....                                          [100%]
2026-09-29T22:13:25.6725640Z 
2026-09-29T22:13:25.6725850Z ======================= 3181 passed, 2 skipped in 8.22s ========================
2026-09-29T22:13:26.8426940Z ==> PGO: merging 17 raw profiles
2026-09-29T22:13:26.9774020Z ==> PGO phase 2: optimized build (profile + LTO)
2026-09-29T22:13:27.5594810Z Obtaining file:///Users/runner/work/strata/strata
2026-09-29T22:13:27.5613110Z   Installing build dependencies: started
2026-09-29T22:13:29.2568450Z   Installing build dependencies: finished with status 'done'
2026-09-29T22:13:29.2581970Z   Checking if build backend supports build_editable: started
2026-09-29T22:13:29.5340560Z   Checking if build backend supports build_editable: finished with status 'done'
2026-09-29T22:13:29.5351830Z   Getting requirements to build editable: started
2026-09-29T22:13:29.8595340Z   Getting requirements to build editable: finished with status 'done'
2026-09-29T22:13:29.8608710Z   Preparing editable metadata (pyproject.toml): started
2026-09-29T22:13:30.0500270Z   Preparing editable metadata (pyproject.toml): finished with status 'done'
2026-09-29T22:13:30.0545010Z Building wheels for collected packages: strata
2026-09-29T22:13:30.0552250Z   Building editable for strata (pyproject.toml): started
2026-09-29T22:14:25.9488090Z   Building editable for strata (pyproject.toml): finished with status 'done'
2026-09-29T22:14:25.9507310Z   Created wheel for strata: filename=strata-2026.8.10-0.editable-cp312-cp312-macosx_10_13_universal2.whl size=4456 sha256=33a70a6e21e8751b138397856b4feb34f48df759715e820a44d25a88652025fd
2026-09-29T22:14:25.9510530Z   Stored in directory: /private/var/folders/36/tjdph2t965j8snz9_vkdnw0r0000gn/T/pip-ephem-wheel-cache-4isi5635/wheels/51/60/a8/6b4b28a81728896ca0cc3cb367b690b439c41c36ebd5cb3307
2026-09-29T22:14:25.9598290Z Successfully built strata
2026-09-29T22:14:25.9786310Z Installing collected packages: strata
2026-09-29T22:14:25.9787200Z   Attempting uninstall: strata
2026-09-29T22:14:25.9810200Z     Found existing installation: strata 2026.8.10
2026-09-29T22:14:25.9829910Z     Uninstalling strata-2026.8.10:
2026-09-29T22:14:26.0950360Z       Successfully uninstalled strata-2026.8.10
2026-09-29T22:14:26.1030830Z Successfully installed strata-2026.8.10
2026-09-29T22:14:26.4810630Z ==> PGO: the hook image must carry no profile
2026-09-29T22:14:26.5228760Z + strata._dumps_hook is unprofiled: _dumps_hook.cpython-312-darwin.so.build.json records no profile or profile flag,
2026-09-29T22:14:26.5229600Z   and the image links no profile runtime
2026-09-29T22:14:26.5261580Z ==> PGO: gate tests on the optimized build
2026-09-29T22:14:26.5602300Z + /Users/runner/work/strata/strata/.venv/bin/cmake -S . -B build/cmake -DCMAKE_BUILD_TYPE=Release
2026-09-29T22:14:26.7886630Z -- Configuring done (0.1s)
2026-09-29T22:14:26.9935900Z -- Generating done (0.2s)
2026-09-29T22:14:27.0031310Z -- Build files have been written to: /Users/runner/work/strata/strata/build/cmake
2026-09-29T22:14:27.0032000Z + /Users/runner/work/strata/strata/.venv/bin/cmake --build build/cmake --config Release
2026-09-29T22:14:27.2978210Z [  0%] Linking CXX executable smoke_tests
2026-09-29T22:14:27.3884140Z [  6%] Built target smoke_tests
2026-09-29T22:14:27.5152870Z [  7%] Linking CXX executable json_core_tests
2026-09-29T22:14:27.5827590Z [ 13%] Built target json_core_tests
2026-09-29T22:14:27.7001470Z [ 13%] Linking CXX executable json_parse_tests
2026-09-29T22:14:27.7744100Z [ 19%] Built target json_parse_tests
2026-09-29T22:14:27.8923940Z [ 20%] Linking CXX executable fast_parse_tests
2026-09-29T22:14:27.9965300Z [ 25%] Built target fast_parse_tests
2026-09-29T22:14:28.1860070Z [ 26%] Linking CXX executable value_cursor_tests
2026-09-29T22:14:28.3025470Z [ 32%] Built target value_cursor_tests
2026-09-29T22:14:28.4399150Z [ 32%] Linking CXX executable json_serialize_tests
2026-09-29T22:14:28.5156940Z [ 38%] Built target json_serialize_tests
2026-09-29T22:14:28.6398940Z [ 39%] Linking CXX executable float_precision_tests
2026-09-29T22:14:28.7134030Z [ 44%] Built target float_precision_tests
2026-09-29T22:14:28.8260150Z [ 45%] Linking CXX executable json_cursor_tests
2026-09-29T22:14:28.8945700Z [ 50%] Built target json_cursor_tests
2026-09-29T22:14:29.0013960Z [ 51%] Linking CXX executable ndjson_tests
2026-09-29T22:14:29.0704240Z [ 56%] Built target ndjson_tests
2026-09-29T22:14:29.1749630Z [ 57%] Linking CXX executable jsonpath_tests
2026-09-29T22:14:29.2426440Z [ 63%] Built target jsonpath_tests
2026-09-29T22:14:29.3528050Z [ 63%] Linking CXX executable jsonpath_stream_tests
2026-09-29T22:14:29.4217700Z [ 69%] Built target jsonpath_stream_tests
2026-09-29T22:14:29.5362820Z [ 69%] Linking CXX executable scan_tests
2026-09-29T22:14:29.6034530Z [ 75%] Built target scan_tests
2026-09-29T22:14:29.7212730Z [ 75%] Linking CXX executable temporal_tests
2026-09-29T22:14:29.7931210Z [ 81%] Built target temporal_tests
2026-09-29T22:14:29.9010480Z [ 81%] Linking CXX executable folder_tests
2026-09-29T22:14:29.9634530Z [ 87%] Built target folder_tests
2026-09-29T22:14:30.0829540Z [ 87%] Linking CXX executable fuzz_corpus_tests
2026-09-29T22:14:30.5877420Z [ 93%] Built target fuzz_corpus_tests
2026-09-29T22:14:30.7290640Z [ 94%] Linking CXX executable stress_deep_tests
2026-09-29T22:14:30.8244840Z [100%] Built target stress_deep_tests
2026-09-29T22:14:30.8449860Z + /Users/runner/work/strata/strata/.venv/bin/ctest --test-dir build/cmake --build-config Release --output-on-failure --no-tests=error
2026-09-29T22:14:31.0740680Z Test project /Users/runner/work/strata/strata/build/cmake
2026-09-29T22:14:31.0775950Z       Start  1: smoke_tests
2026-09-29T22:14:31.0820210Z  1/16 Test  #1: smoke_tests ......................   Passed    0.00 sec
2026-09-29T22:14:31.0822000Z       Start  2: json_core_tests
2026-09-29T22:14:31.0854190Z  2/16 Test  #2: json_core_tests ..................   Passed    0.00 sec
2026-09-29T22:14:31.0857010Z       Start  3: json_parse_tests
2026-09-29T22:14:31.0972660Z  3/16 Test  #3: json_parse_tests .................   Passed    0.00 sec
2026-09-29T22:14:31.1005980Z       Start  4: fast_parse_tests
2026-09-29T22:14:31.1760940Z  4/16 Test  #4: fast_parse_tests .................   Passed    0.09 sec
2026-09-29T22:14:31.1762070Z       Start  5: value_cursor_tests
2026-09-29T22:14:31.1850290Z  5/16 Test  #5: value_cursor_tests ...............   Passed    0.01 sec
2026-09-29T22:14:31.1851250Z       Start  6: json_serialize_tests
2026-09-29T22:14:31.1882000Z  6/16 Test  #6: json_serialize_tests .............   Passed    0.00 sec
2026-09-29T22:14:31.1884820Z       Start  7: float_precision_tests
2026-09-29T22:14:33.3496820Z  7/16 Test  #7: float_precision_tests ............   Passed    2.16 sec
2026-09-29T22:14:33.3497480Z       Start  8: json_cursor_tests
2026-09-29T22:14:33.3529390Z  8/16 Test  #8: json_cursor_tests ................   Passed    0.00 sec
2026-09-29T22:14:33.3530340Z       Start  9: ndjson_tests
2026-09-29T22:14:33.3582040Z  9/16 Test  #9: ndjson_tests .....................   Passed    0.00 sec
2026-09-29T22:14:33.3583220Z       Start 10: jsonpath_tests
2026-09-29T22:14:33.3611620Z 10/16 Test #10: jsonpath_tests ...................   Passed    0.00 sec
2026-09-29T22:14:33.3612510Z       Start 11: jsonpath_stream_tests
2026-09-29T22:14:33.3645170Z 11/16 Test #11: jsonpath_stream_tests ............   Passed    0.00 sec
2026-09-29T22:14:33.3646040Z       Start 12: scan_tests
2026-09-29T22:14:33.3811130Z 12/16 Test #12: scan_tests .......................   Passed    0.02 sec
2026-09-29T22:14:33.3815480Z       Start 13: temporal_tests
2026-09-29T22:14:33.3988840Z 13/16 Test #13: temporal_tests ...................   Passed    0.02 sec
2026-09-29T22:14:33.3989710Z       Start 14: folder_tests
2026-09-29T22:14:33.4079130Z 14/16 Test #14: folder_tests .....................   Passed    0.01 sec
2026-09-29T22:14:33.4080300Z       Start 15: fuzz_corpus_tests
2026-09-29T22:14:33.4177360Z 15/16 Test #15: fuzz_corpus_tests ................   Passed    0.01 sec
2026-09-29T22:14:33.4178260Z       Start 16: stress_deep_tests
2026-09-29T22:14:33.4219100Z 16/16 Test #16: stress_deep_tests ................   Passed    0.00 sec
2026-09-29T22:14:33.4225030Z 
2026-09-29T22:14:33.4225300Z 100% tests passed out of 16
2026-09-29T22:14:33.4225510Z 
2026-09-29T22:14:33.4225690Z Total Test time (real) =   2.35 sec
2026-09-29T22:14:33.4700880Z + pytest tests/py tests/unit --basetemp=/var/folders/36/tjdph2t965j8snz9_vkdnw0r0000gn/T/pytest-of-runner/xwbue1y9
2026-09-29T22:14:34.0423380Z ============================= test session starts ==============================
2026-09-29T22:14:34.0424380Z platform darwin -- Python 3.12.10, pytest-9.1.1, pluggy-1.6.0
2026-09-29T22:14:34.0425280Z rootdir: /Users/runner/work/strata/strata
2026-09-29T22:14:34.0425930Z configfile: pyproject.toml
2026-09-29T22:14:34.0426610Z plugins: platformdirs-4.12.2, cov-7.1.0
2026-09-29T22:14:34.0427220Z collected 3924 items
2026-09-29T22:14:34.0427550Z 
2026-09-29T22:14:34.0579650Z tests/py/native_types/test_native_dump.py ..............                 [  0%]
2026-09-29T22:14:34.1212500Z tests/py/native_types/test_native_fast_paths.py ........ssssssssss...... [  0%]
2026-09-29T22:14:34.2746790Z .............................                                            [  1%]
2026-09-29T22:14:34.3673650Z tests/py/native_types/test_native_import.py ...                          [  1%]
2026-09-29T22:14:34.3997040Z tests/py/native_types/test_native_opt_out.py ........................... [  2%]
2026-09-29T22:14:34.3998290Z                                                                          [  2%]
2026-09-29T22:14:34.4668140Z tests/py/native_types/test_native_oracle.py .........                    [  2%]
2026-09-29T22:14:34.8656780Z tests/py/native_types/test_native_reentrancy.py ........................ [  3%]
2026-09-29T22:14:35.6943890Z ..................................................                       [  4%]
2026-09-29T22:14:35.7150760Z tests/py/native_types/test_parse_types.py .............................. [  5%]
2026-09-29T22:14:36.0302930Z ............................................................             [  6%]
2026-09-29T22:14:36.0421050Z tests/py/test_dumps_brace_fold.py .........                              [  7%]
2026-09-29T22:14:36.0594750Z tests/py/test_dumps_cycles_fused.py .................................... [  8%]
2026-09-29T22:14:36.0846940Z ....................................................                     [  9%]
2026-09-29T22:14:36.3272850Z tests/py/test_dumps_general_tables.py ............................       [ 10%]
2026-09-29T22:14:36.9060490Z tests/py/test_dumps_with_default.py .................................... [ 10%]
2026-09-29T22:14:37.2677930Z .............................ss                                          [ 11%]
2026-09-29T22:14:37.2834710Z tests/py/test_dumps_with_default_contract.py ........................... [ 12%]
2026-09-29T22:14:37.3263900Z ........................................................................ [ 14%]
2026-09-29T22:14:37.3693360Z ........................................................................ [ 16%]
2026-09-29T22:14:37.4120840Z ..........................                                               [ 16%]
2026-09-29T22:14:37.4147730Z tests/py/test_fused_verification.py ..                                   [ 16%]
2026-09-29T22:14:37.4289070Z tests/py/test_json_parity.py ........................................... [ 17%]
2026-09-29T22:14:37.4502870Z ........................................................................ [ 19%]
2026-09-29T22:14:37.4731720Z ........................................................................ [ 21%]
2026-09-29T22:14:37.4948050Z ........................................................................ [ 23%]
2026-09-29T22:14:37.5164440Z ........................................................................ [ 25%]
2026-09-29T22:14:37.5378830Z ........................................................................ [ 27%]
2026-09-29T22:14:37.5588550Z ........................................................................ [ 28%]
2026-09-29T22:14:37.5802370Z ........................................................................ [ 30%]
2026-09-29T22:14:37.6013690Z ........................................................................ [ 32%]
2026-09-29T22:14:37.6211420Z ........................................................................ [ 34%]
2026-09-29T22:14:37.6405550Z ........................................................................ [ 36%]
2026-09-29T22:14:37.6605730Z ........................................................................ [ 38%]
2026-09-29T22:14:37.6797930Z ........................................................................ [ 39%]
2026-09-29T22:14:37.6987570Z ........................................................................ [ 41%]
2026-09-29T22:14:37.7179060Z ........................................................................ [ 43%]
2026-09-29T22:14:37.7370430Z ........................................................................ [ 45%]
2026-09-29T22:14:37.7560520Z ........................................................................ [ 47%]
2026-09-29T22:14:37.7669340Z .................................                                        [ 48%]
2026-09-29T22:14:37.7926360Z tests/py/test_path_dispatch.py ................................          [ 48%]
2026-09-29T22:14:37.7936870Z tests/py/test_py_tests_basetemp.py ..                                    [ 49%]
2026-09-29T22:14:37.7946980Z tests/py/test_smoke.py ...                                               [ 49%]
2026-09-29T22:14:37.8083200Z tests/unit/native_types/test_build_sources.py .......                    [ 49%]
2026-09-29T22:14:37.9709790Z tests/unit/native_types/test_hook_import_gating.py .......               [ 49%]
2026-09-29T22:14:38.0221210Z tests/unit/native_types/test_hook_profile_build.py ...............       [ 49%]
2026-09-29T22:14:38.0296150Z tests/unit/native_types/test_native_benchmark_agreement.py ...........   [ 50%]
2026-09-29T22:14:38.0851600Z tests/unit/native_types/test_native_benchmark_dataset.py .....           [ 50%]
2026-09-29T22:14:38.0872840Z tests/unit/native_types/test_native_benchmark_rows.py .......            [ 50%]
2026-09-29T22:14:38.0989340Z tests/unit/native_types/test_native_ci_fetch.py ....                     [ 50%]
2026-09-29T22:14:38.1071310Z tests/unit/native_types/test_native_ci_summary.py .....                  [ 50%]
2026-09-29T22:14:38.1425680Z tests/unit/native_types/test_native_flag.py ..........................s. [ 51%]
2026-09-29T22:14:38.1856770Z ..                                                                       [ 51%]
2026-09-29T22:14:38.1962300Z tests/unit/native_types/test_native_identity_ab.py .......               [ 51%]
2026-09-29T22:14:38.2060190Z tests/unit/native_types/test_native_opt_out.py ......................... [ 52%]
2026-09-29T22:14:38.2359560Z ........................................................................ [ 54%]
2026-09-29T22:14:38.2538950Z ..................................................                       [ 55%]
2026-09-29T22:14:38.2609690Z tests/unit/native_types/test_parse_contract.py ......................... [ 55%]
2026-09-29T22:14:38.3119210Z .................................................                        [ 57%]
2026-09-29T22:14:38.3186320Z tests/unit/native_types/test_serializer_contract.py .................... [ 57%]
2026-09-29T22:14:38.5367150Z ........................................................................ [ 59%]
2026-09-29T22:14:38.5625810Z ................................................                         [ 60%]
2026-09-29T22:14:38.5979700Z tests/unit/native_types/test_training_scope.py ............              [ 61%]
2026-09-29T22:14:38.8847780Z tests/unit/test_ab_analysis.py ......................................    [ 62%]
2026-09-29T22:14:38.8931000Z tests/unit/test_build_manifest.py ...........                            [ 62%]
2026-09-29T22:14:38.9076940Z tests/unit/test_canonical_builds.py ....                                 [ 62%]
2026-09-29T22:14:39.0675440Z tests/unit/test_ci_fetch.py ........................                     [ 63%]
2026-09-29T22:14:39.1402500Z tests/unit/test_ci_summary.py .......................                    [ 63%]
2026-09-29T22:14:39.1516220Z tests/unit/test_config.py ...........................                    [ 64%]
2026-09-29T22:14:39.1678770Z tests/unit/test_core_purity.py ....                                      [ 64%]
2026-09-29T22:14:39.1769060Z tests/unit/test_cross_sample.py ......                                   [ 64%]
2026-09-29T22:14:39.2114810Z tests/unit/test_dumps.py ............................................... [ 65%]
2026-09-29T22:14:39.2210580Z ..........                                                               [ 66%]
2026-09-29T22:14:39.2338010Z tests/unit/test_dumps_brace_fold.py .........                            [ 66%]
2026-09-29T22:14:39.5139730Z tests/unit/test_dumps_cold_start.py ....                                 [ 66%]
2026-09-29T22:14:39.5325160Z tests/unit/test_dumps_contract.py ...................................... [ 67%]
2026-09-29T22:14:39.5663560Z .............................................................            [ 68%]
2026-09-29T22:14:39.5865990Z tests/unit/test_dumps_cycles_fused.py .................................. [ 69%]
2026-09-29T22:14:39.6186580Z ......................................................                   [ 71%]
2026-09-29T22:14:39.9282600Z tests/unit/test_dumps_general_tables.py ............................     [ 71%]
2026-09-29T22:14:40.4462430Z tests/unit/test_dumps_latch.py ............................              [ 72%]
2026-09-29T22:14:40.5019190Z tests/unit/test_dumps_private_cache.py ................................  [ 73%]
2026-09-29T22:14:41.2274270Z tests/unit/test_dumps_reentrancy.py .................................... [ 74%]
2026-09-29T22:14:42.6428700Z ......................................................................   [ 76%]
2026-09-29T22:14:43.3057540Z tests/unit/test_dumps_reentrancy_review.py ............................. [ 76%]
2026-09-29T22:14:43.4780290Z ..                                                                       [ 76%]
2026-09-29T22:14:43.5076340Z tests/unit/test_dumps_schema_failure.py ...........................      [ 77%]
2026-09-29T22:14:44.0252400Z tests/unit/test_dumps_user_step_counter.py ..........................    [ 78%]
2026-09-29T22:14:44.0400160Z tests/unit/test_dumps_with_default.py .................................. [ 79%]
2026-09-29T22:14:44.0722800Z ........................................................................ [ 80%]
2026-09-29T22:14:44.1567650Z .........................................................                [ 82%]
2026-09-29T22:14:44.1669980Z tests/unit/test_dumps_with_default_state.py ............................ [ 83%]
2026-09-29T22:14:44.2142880Z ........................................................................ [ 84%]
2026-09-29T22:14:44.4149870Z ..............                                                           [ 85%]
2026-09-29T22:14:44.4869270Z tests/unit/test_folder.py .............................................. [ 86%]
2026-09-29T22:14:44.5568760Z .........................................                                [ 87%]
2026-09-29T22:14:44.5598990Z tests/unit/test_fused_verification.py ..                                 [ 87%]
2026-09-29T22:14:44.5952160Z tests/unit/test_hook_build_scope.py ...............................      [ 88%]
2026-09-29T22:14:44.7224050Z tests/unit/test_json_cursor.py ...........................               [ 89%]
2026-09-29T22:14:44.7380600Z tests/unit/test_jsonpath.py ............................................ [ 90%]
2026-09-29T22:14:44.8555550Z .......................................................................  [ 91%]
2026-09-29T22:14:44.9279680Z tests/unit/test_load_dump.py ........................................... [ 93%]
2026-09-29T22:14:44.9283680Z                                                                          [ 93%]
2026-09-29T22:14:44.9446690Z tests/unit/test_loads.py ............................................... [ 94%]
2026-09-29T22:14:44.9941510Z ........................................................................ [ 96%]
2026-09-29T22:14:45.6358570Z ................                                                         [ 96%]
2026-09-29T22:14:45.6399520Z tests/unit/test_native_interleaved_profile.py ...                        [ 96%]
2026-09-29T22:14:45.6872420Z tests/unit/test_nested_container_probe.py ....                           [ 96%]
2026-09-29T22:14:45.7274420Z tests/unit/test_path_dispatch.py ................................        [ 97%]
2026-09-29T22:14:45.7544490Z tests/unit/test_provenance.py ..................                         [ 97%]
2026-09-29T22:14:45.7926040Z tests/unit/test_regression_check.py ..........................           [ 98%]
2026-09-29T22:14:45.8735160Z tests/unit/test_search_stream.py .................                       [ 99%]
2026-09-29T22:14:45.8739570Z tests/unit/test_string_identity_probe.py .                               [ 99%]
2026-09-29T22:14:45.9428630Z tests/unit/test_supplementary.py .............                           [ 99%]
2026-09-29T22:14:45.9803870Z tests/unit/test_supportability_check.py ....................             [ 99%]
2026-09-29T22:14:46.0471710Z tests/unit/test_version.py ....                                          [100%]
2026-09-29T22:14:46.0472120Z 
2026-09-29T22:14:46.0472300Z ====================== 3911 passed, 13 skipped in 12.35s =======================
2026-09-29T22:14:46.3290680Z ==> PGO phase 3a: instrumented hook
2026-09-29T22:14:46.8853280Z Obtaining file:///Users/runner/work/strata/strata
2026-09-29T22:14:46.8873760Z   Installing build dependencies: started
2026-09-29T22:14:48.4605750Z   Installing build dependencies: finished with status 'done'
2026-09-29T22:14:48.4613170Z   Checking if build backend supports build_editable: started
2026-09-29T22:14:48.7588760Z   Checking if build backend supports build_editable: finished with status 'done'
2026-09-29T22:14:48.7597280Z   Getting requirements to build editable: started
2026-09-29T22:14:49.0572020Z   Getting requirements to build editable: finished with status 'done'
2026-09-29T22:14:49.0585770Z   Preparing editable metadata (pyproject.toml): started
2026-09-29T22:14:49.2409140Z   Preparing editable metadata (pyproject.toml): finished with status 'done'
2026-09-29T22:14:49.2453540Z Building wheels for collected packages: strata
2026-09-29T22:14:49.2462220Z   Building editable for strata (pyproject.toml): started
2026-09-29T22:15:39.5083960Z   Building editable for strata (pyproject.toml): finished with status 'done'
2026-09-29T22:15:39.5088340Z   Created wheel for strata: filename=strata-2026.8.10-0.editable-cp312-cp312-macosx_10_13_universal2.whl size=4456 sha256=8c4683b9953d881f7ef4172a43c9e85ab6fce08bbe1f20b28314c08ffa9f41ef
2026-09-29T22:15:39.5092320Z   Stored in directory: /private/var/folders/36/tjdph2t965j8snz9_vkdnw0r0000gn/T/pip-ephem-wheel-cache-g2ashm4r/wheels/51/60/a8/6b4b28a81728896ca0cc3cb367b690b439c41c36ebd5cb3307
2026-09-29T22:15:39.5211820Z Successfully built strata
2026-09-29T22:15:39.5439270Z Installing collected packages: strata
2026-09-29T22:15:39.5440420Z   Attempting uninstall: strata
2026-09-29T22:15:39.5463900Z     Found existing installation: strata 2026.8.10
2026-09-29T22:15:39.5487490Z     Uninstalling strata-2026.8.10:
2026-09-29T22:15:39.6420290Z       Successfully uninstalled strata-2026.8.10
2026-09-29T22:15:39.6482250Z Successfully installed strata-2026.8.10
2026-09-29T22:15:40.0506920Z ==> PGO: the hook's native training workload
2026-09-29T22:15:40.7418090Z ==> PGO phase 3b: the hook against its own profile (+ LTO)
2026-09-29T22:15:41.4766510Z Obtaining file:///Users/runner/work/strata/strata
2026-09-29T22:15:41.4814460Z   Installing build dependencies: started
2026-09-29T22:15:43.5306780Z   Installing build dependencies: finished with status 'done'
2026-09-29T22:15:43.5316100Z   Checking if build backend supports build_editable: started
2026-09-29T22:15:43.8262600Z   Checking if build backend supports build_editable: finished with status 'done'
2026-09-29T22:15:43.8274090Z   Getting requirements to build editable: started
2026-09-29T22:15:44.1695630Z   Getting requirements to build editable: finished with status 'done'
2026-09-29T22:15:44.1709380Z   Preparing editable metadata (pyproject.toml): started
2026-09-29T22:15:44.4128730Z   Preparing editable metadata (pyproject.toml): finished with status 'done'
2026-09-29T22:15:44.4177390Z Building wheels for collected packages: strata
2026-09-29T22:15:44.4185200Z   Building editable for strata (pyproject.toml): started
2026-09-29T22:16:19.8953630Z   Building editable for strata (pyproject.toml): finished with status 'done'
2026-09-29T22:16:19.9002760Z   Created wheel for strata: filename=strata-2026.8.10-0.editable-cp312-cp312-macosx_10_13_universal2.whl size=4456 sha256=90ab7a88263a1790d44b0f94409a328567cae6c1a383d99ee90ea15bbfadeec9
2026-09-29T22:16:19.9005060Z   Stored in directory: /private/var/folders/36/tjdph2t965j8snz9_vkdnw0r0000gn/T/pip-ephem-wheel-cache-t6ow3gi_/wheels/51/60/a8/6b4b28a81728896ca0cc3cb367b690b439c41c36ebd5cb3307
2026-09-29T22:16:19.9098960Z Successfully built strata
2026-09-29T22:16:19.9291630Z Installing collected packages: strata
2026-09-29T22:16:19.9292650Z   Attempting uninstall: strata
2026-09-29T22:16:19.9316930Z     Found existing installation: strata 2026.8.10
2026-09-29T22:16:19.9339990Z     Uninstalling strata-2026.8.10:
2026-09-29T22:16:19.9998800Z       Successfully uninstalled strata-2026.8.10
2026-09-29T22:16:20.0048620Z Successfully installed strata-2026.8.10
2026-09-29T22:16:20.3444380Z ==> PGO: _strata unchanged, the hook on its own profile alone
2026-09-29T22:16:20.4337190Z + strata._dumps_hook is built against hook.profdata alone and links no profile runtime
2026-09-29T22:16:20.4723740Z + strata._strata is built against strata.profdata alone and links no profile runtime
2026-09-29T22:16:20.4756520Z ==> PGO: gate tests on the optimized hook
2026-09-29T22:16:20.5034710Z + /Users/runner/work/strata/strata/.venv/bin/cmake -S . -B build/cmake -DCMAKE_BUILD_TYPE=Release
2026-09-29T22:16:20.7132100Z -- Configuring done (0.1s)
2026-09-29T22:16:20.7964160Z -- Generating done (0.1s)
2026-09-29T22:16:20.7974970Z -- Build files have been written to: /Users/runner/work/strata/strata/build/cmake
2026-09-29T22:16:20.7983890Z + /Users/runner/work/strata/strata/.venv/bin/cmake --build build/cmake --config Release
2026-09-29T22:16:21.4704580Z [  0%] Linking CXX executable smoke_tests
2026-09-29T22:16:21.5599440Z [  6%] Built target smoke_tests
2026-09-29T22:16:21.6815200Z [  7%] Linking CXX executable json_core_tests
2026-09-29T22:16:21.7664040Z [ 13%] Built target json_core_tests
2026-09-29T22:16:21.8791110Z [ 13%] Linking CXX executable json_parse_tests
2026-09-29T22:16:21.9438390Z [ 19%] Built target json_parse_tests
2026-09-29T22:16:22.0523290Z [ 20%] Linking CXX executable fast_parse_tests
2026-09-29T22:16:22.1143350Z [ 25%] Built target fast_parse_tests
2026-09-29T22:16:22.2209160Z [ 26%] Linking CXX executable value_cursor_tests
2026-09-29T22:16:22.2845240Z [ 32%] Built target value_cursor_tests
2026-09-29T22:16:22.3983550Z [ 32%] Linking CXX executable json_serialize_tests
2026-09-29T22:16:22.4588200Z [ 38%] Built target json_serialize_tests
2026-09-29T22:16:22.5672790Z [ 39%] Linking CXX executable float_precision_tests
2026-09-29T22:16:22.6268690Z [ 44%] Built target float_precision_tests
2026-09-29T22:16:22.7320920Z [ 45%] Linking CXX executable json_cursor_tests
2026-09-29T22:16:22.7932140Z [ 50%] Built target json_cursor_tests
2026-09-29T22:16:22.9001100Z [ 51%] Linking CXX executable ndjson_tests
2026-09-29T22:16:22.9742330Z [ 56%] Built target ndjson_tests
2026-09-29T22:16:23.1152270Z [ 57%] Linking CXX executable jsonpath_tests
2026-09-29T22:16:23.2048430Z [ 63%] Built target jsonpath_tests
2026-09-29T22:16:23.3326600Z [ 63%] Linking CXX executable jsonpath_stream_tests
2026-09-29T22:16:23.4102290Z [ 69%] Built target jsonpath_stream_tests
2026-09-29T22:16:23.5315280Z [ 69%] Linking CXX executable scan_tests
2026-09-29T22:16:23.5980490Z [ 75%] Built target scan_tests
2026-09-29T22:16:23.7381720Z [ 75%] Linking CXX executable temporal_tests
2026-09-29T22:16:23.8199780Z [ 81%] Built target temporal_tests
2026-09-29T22:16:23.9394390Z [ 81%] Linking CXX executable folder_tests
2026-09-29T22:16:24.0161460Z [ 87%] Built target folder_tests
2026-09-29T22:16:24.1386000Z [ 87%] Linking CXX executable fuzz_corpus_tests
2026-09-29T22:16:24.2043430Z [ 93%] Built target fuzz_corpus_tests
2026-09-29T22:16:24.3506390Z [ 94%] Linking CXX executable stress_deep_tests
2026-09-29T22:16:24.4633410Z [100%] Built target stress_deep_tests
2026-09-29T22:16:24.4839340Z + /Users/runner/work/strata/strata/.venv/bin/ctest --test-dir build/cmake --build-config Release --output-on-failure --no-tests=error
2026-09-29T22:16:24.7320830Z Test project /Users/runner/work/strata/strata/build/cmake
2026-09-29T22:16:24.7354270Z       Start  1: smoke_tests
2026-09-29T22:16:24.7392730Z  1/16 Test  #1: smoke_tests ......................   Passed    0.00 sec
2026-09-29T22:16:24.7394250Z       Start  2: json_core_tests
2026-09-29T22:16:24.7428150Z  2/16 Test  #2: json_core_tests ..................   Passed    0.00 sec
2026-09-29T22:16:24.7431140Z       Start  3: json_parse_tests
2026-09-29T22:16:24.7471370Z  3/16 Test  #3: json_parse_tests .................   Passed    0.00 sec
2026-09-29T22:16:24.7473750Z       Start  4: fast_parse_tests
2026-09-29T22:16:24.8333070Z  4/16 Test  #4: fast_parse_tests .................   Passed    0.09 sec
2026-09-29T22:16:24.8334670Z       Start  5: value_cursor_tests
2026-09-29T22:16:24.8445660Z  5/16 Test  #5: value_cursor_tests ...............   Passed    0.01 sec
2026-09-29T22:16:24.8447550Z       Start  6: json_serialize_tests
2026-09-29T22:16:24.8482030Z  6/16 Test  #6: json_serialize_tests .............   Passed    0.00 sec
2026-09-29T22:16:24.8483050Z       Start  7: float_precision_tests
2026-09-29T22:16:27.4938780Z  7/16 Test  #7: float_precision_tests ............   Passed    2.64 sec
2026-09-29T22:16:27.4939670Z       Start  8: json_cursor_tests
2026-09-29T22:16:27.4978760Z  8/16 Test  #8: json_cursor_tests ................   Passed    0.00 sec
2026-09-29T22:16:27.4979570Z       Start  9: ndjson_tests
2026-09-29T22:16:27.5037460Z  9/16 Test  #9: ndjson_tests .....................   Passed    0.01 sec
2026-09-29T22:16:27.5038360Z       Start 10: jsonpath_tests
2026-09-29T22:16:27.5069450Z 10/16 Test #10: jsonpath_tests ...................   Passed    0.00 sec
2026-09-29T22:16:27.5070370Z       Start 11: jsonpath_stream_tests
2026-09-29T22:16:27.5106420Z 11/16 Test #11: jsonpath_stream_tests ............   Passed    0.00 sec
2026-09-29T22:16:27.5107110Z       Start 12: scan_tests
2026-09-29T22:16:27.5313770Z 12/16 Test #12: scan_tests .......................   Passed    0.02 sec
2026-09-29T22:16:27.5316030Z       Start 13: temporal_tests
2026-09-29T22:16:27.5508830Z 13/16 Test #13: temporal_tests ...................   Passed    0.02 sec
2026-09-29T22:16:27.5510790Z       Start 14: folder_tests
2026-09-29T22:16:27.5606720Z 14/16 Test #14: folder_tests .....................   Passed    0.01 sec
2026-09-29T22:16:27.5607290Z       Start 15: fuzz_corpus_tests
2026-09-29T22:16:27.5681510Z 15/16 Test #15: fuzz_corpus_tests ................   Passed    0.01 sec
2026-09-29T22:16:27.5682180Z       Start 16: stress_deep_tests
2026-09-29T22:16:27.5725660Z 16/16 Test #16: stress_deep_tests ................   Passed    0.00 sec
2026-09-29T22:16:27.5731580Z 
2026-09-29T22:16:27.5732060Z 100% tests passed out of 16
2026-09-29T22:16:27.5732530Z 
2026-09-29T22:16:27.5732730Z Total Test time (real) =   2.84 sec
2026-09-29T22:16:27.6286080Z + pytest tests/py tests/unit --basetemp=/var/folders/36/tjdph2t965j8snz9_vkdnw0r0000gn/T/pytest-of-runner/dyh8b441
2026-09-29T22:16:28.3293440Z ============================= test session starts ==============================
2026-09-29T22:16:28.3294250Z platform darwin -- Python 3.12.10, pytest-9.1.1, pluggy-1.6.0
2026-09-29T22:16:28.3295620Z rootdir: /Users/runner/work/strata/strata
2026-09-29T22:16:28.3296090Z configfile: pyproject.toml
2026-09-29T22:16:28.3296390Z plugins: platformdirs-4.12.2, cov-7.1.0
2026-09-29T22:16:28.3296810Z collected 3924 items
2026-09-29T22:16:28.3296960Z 
2026-09-29T22:16:28.3405170Z tests/py/native_types/test_native_dump.py ..............                 [  0%]
2026-09-29T22:16:28.4088230Z tests/py/native_types/test_native_fast_paths.py ........ssssssssss...... [  0%]
2026-09-29T22:16:28.6032640Z .............................                                            [  1%]
2026-09-29T22:16:28.7051340Z tests/py/native_types/test_native_import.py ...                          [  1%]
2026-09-29T22:16:28.7321240Z tests/py/native_types/test_native_opt_out.py ........................... [  2%]
2026-09-29T22:16:28.7326160Z                                                                          [  2%]
2026-09-29T22:16:28.8053550Z tests/py/native_types/test_native_oracle.py .........                    [  2%]
2026-09-29T22:16:29.3895470Z tests/py/native_types/test_native_reentrancy.py ........................ [  3%]
2026-09-29T22:16:30.7513510Z ..................................................                       [  4%]
2026-09-29T22:16:30.7961230Z tests/py/native_types/test_parse_types.py .............................. [  5%]
2026-09-29T22:16:31.1882690Z ............................................................             [  6%]
2026-09-29T22:16:31.2032880Z tests/py/test_dumps_brace_fold.py .........                              [  7%]
2026-09-29T22:16:31.2356240Z tests/py/test_dumps_cycles_fused.py .................................... [  8%]
2026-09-29T22:16:31.2949770Z ....................................................                     [  9%]
2026-09-29T22:16:31.6745220Z tests/py/test_dumps_general_tables.py ............................       [ 10%]
2026-09-29T22:16:32.4078960Z tests/py/test_dumps_with_default.py .................................... [ 10%]
2026-09-29T22:16:32.9071970Z .............................ss                                          [ 11%]
2026-09-29T22:16:32.9284760Z tests/py/test_dumps_with_default_contract.py ........................... [ 12%]
2026-09-29T22:16:32.9973650Z ........................................................................ [ 14%]
2026-09-29T22:16:33.0909770Z ........................................................................ [ 16%]
2026-09-29T22:16:33.1596420Z ..........................                                               [ 16%]
2026-09-29T22:16:33.1630510Z tests/py/test_fused_verification.py ..                                   [ 16%]
2026-09-29T22:16:33.1780110Z tests/py/test_json_parity.py ........................................... [ 17%]
2026-09-29T22:16:33.2012190Z ........................................................................ [ 19%]
2026-09-29T22:16:33.2267590Z ........................................................................ [ 21%]
2026-09-29T22:16:33.2529380Z ........................................................................ [ 23%]
2026-09-29T22:16:33.2774090Z ........................................................................ [ 25%]
2026-09-29T22:16:33.3008770Z ........................................................................ [ 27%]
2026-09-29T22:16:33.3258410Z ........................................................................ [ 28%]
2026-09-29T22:16:33.3511180Z ........................................................................ [ 30%]
2026-09-29T22:16:33.3793680Z ........................................................................ [ 32%]
2026-09-29T22:16:33.4135810Z ........................................................................ [ 34%]
2026-09-29T22:16:33.4456150Z ........................................................................ [ 36%]
2026-09-29T22:16:33.4783780Z ........................................................................ [ 38%]
2026-09-29T22:16:33.5032400Z ........................................................................ [ 39%]
2026-09-29T22:16:33.5264960Z ........................................................................ [ 41%]
2026-09-29T22:16:33.5535690Z ........................................................................ [ 43%]
2026-09-29T22:16:33.5776980Z ........................................................................ [ 45%]
2026-09-29T22:16:33.6044110Z ........................................................................ [ 47%]
2026-09-29T22:16:33.6210010Z .................................                                        [ 48%]
2026-09-29T22:16:33.6995360Z tests/py/test_path_dispatch.py ................................          [ 48%]
2026-09-29T22:16:33.7008420Z tests/py/test_py_tests_basetemp.py ..                                    [ 49%]
2026-09-29T22:16:33.7022320Z tests/py/test_smoke.py ...                                               [ 49%]
2026-09-29T22:16:33.7258120Z tests/unit/native_types/test_build_sources.py .......                    [ 49%]
2026-09-29T22:16:34.0198500Z tests/unit/native_types/test_hook_import_gating.py .......               [ 49%]
2026-09-29T22:16:34.1198720Z tests/unit/native_types/test_hook_profile_build.py ...............       [ 49%]
2026-09-29T22:16:34.1317690Z tests/unit/native_types/test_native_benchmark_agreement.py ...........   [ 50%]
2026-09-29T22:16:34.2045360Z tests/unit/native_types/test_native_benchmark_dataset.py .....           [ 50%]
2026-09-29T22:16:34.2080040Z tests/unit/native_types/test_native_benchmark_rows.py .......            [ 50%]
2026-09-29T22:16:34.2229370Z tests/unit/native_types/test_native_ci_fetch.py ....                     [ 50%]
2026-09-29T22:16:34.2333870Z tests/unit/native_types/test_native_ci_summary.py .....                  [ 50%]
2026-09-29T22:16:34.2830470Z tests/unit/native_types/test_native_flag.py ..........................s. [ 51%]
2026-09-29T22:16:34.3417630Z ..                                                                       [ 51%]
2026-09-29T22:16:34.3564500Z tests/unit/native_types/test_native_identity_ab.py .......               [ 51%]
2026-09-29T22:16:34.3680270Z tests/unit/native_types/test_native_opt_out.py ......................... [ 52%]
2026-09-29T22:16:34.4138500Z ........................................................................ [ 54%]
2026-09-29T22:16:34.4442510Z ..................................................                       [ 55%]
2026-09-29T22:16:34.4542370Z tests/unit/native_types/test_parse_contract.py ......................... [ 55%]
2026-09-29T22:16:34.5255600Z .................................................                        [ 57%]
2026-09-29T22:16:34.5336880Z tests/unit/native_types/test_serializer_contract.py .................... [ 57%]
2026-09-29T22:16:34.8468900Z ........................................................................ [ 59%]
2026-09-29T22:16:34.8738720Z ................................................                         [ 60%]
2026-09-29T22:16:34.9131290Z tests/unit/native_types/test_training_scope.py ............              [ 61%]
2026-09-29T22:16:35.2247230Z tests/unit/test_ab_analysis.py ......................................    [ 62%]
2026-09-29T22:16:35.2427180Z tests/unit/test_build_manifest.py ...........                            [ 62%]
2026-09-29T22:16:35.2797230Z tests/unit/test_canonical_builds.py ....                                 [ 62%]
2026-09-29T22:16:35.4357040Z tests/unit/test_ci_fetch.py ........................                     [ 63%]
2026-09-29T22:16:35.5084870Z tests/unit/test_ci_summary.py .......................                    [ 63%]
2026-09-29T22:16:35.5180220Z tests/unit/test_config.py ...........................                    [ 64%]
2026-09-29T22:16:35.5391020Z tests/unit/test_core_purity.py ....                                      [ 64%]
2026-09-29T22:16:35.5501220Z tests/unit/test_cross_sample.py ......                                   [ 64%]
2026-09-29T22:16:35.5794350Z tests/unit/test_dumps.py ............................................... [ 65%]
2026-09-29T22:16:35.5886050Z ..........                                                               [ 66%]
2026-09-29T22:16:35.6009730Z tests/unit/test_dumps_brace_fold.py .........                            [ 66%]
2026-09-29T22:16:35.9114560Z tests/unit/test_dumps_cold_start.py ....                                 [ 66%]
2026-09-29T22:16:35.9293230Z tests/unit/test_dumps_contract.py ...................................... [ 67%]
2026-09-29T22:16:35.9611950Z .............................................................            [ 68%]
2026-09-29T22:16:35.9796160Z tests/unit/test_dumps_cycles_fused.py .................................. [ 69%]
2026-09-29T22:16:36.0069120Z ......................................................                   [ 71%]
2026-09-29T22:16:36.3333680Z tests/unit/test_dumps_general_tables.py ............................     [ 71%]
2026-09-29T22:16:36.8969420Z tests/unit/test_dumps_latch.py ............................              [ 72%]
2026-09-29T22:16:36.9761850Z tests/unit/test_dumps_private_cache.py ................................  [ 73%]
2026-09-29T22:16:37.9817700Z tests/unit/test_dumps_reentrancy.py .................................... [ 74%]
2026-09-29T22:16:39.6637860Z ......................................................................   [ 76%]
2026-09-29T22:16:40.6201430Z tests/unit/test_dumps_reentrancy_review.py ............................. [ 76%]
2026-09-29T22:16:40.8343820Z ..                                                                       [ 76%]
2026-09-29T22:16:40.8799050Z tests/unit/test_dumps_schema_failure.py ...........................      [ 77%]
2026-09-29T22:16:41.4960840Z tests/unit/test_dumps_user_step_counter.py ..........................    [ 78%]
2026-09-29T22:16:41.5132380Z tests/unit/test_dumps_with_default.py .................................. [ 79%]
2026-09-29T22:16:41.5469520Z ........................................................................ [ 80%]
2026-09-29T22:16:41.6430570Z .........................................................                [ 82%]
2026-09-29T22:16:41.6547590Z tests/unit/test_dumps_with_default_state.py ............................ [ 83%]
2026-09-29T22:16:41.7180520Z ........................................................................ [ 84%]
2026-09-29T22:16:41.9127290Z ..............                                                           [ 85%]
2026-09-29T22:16:41.9906510Z tests/unit/test_folder.py .............................................. [ 86%]
2026-09-29T22:16:42.0705560Z .........................................                                [ 87%]
2026-09-29T22:16:42.0740600Z tests/unit/test_fused_verification.py ..                                 [ 87%]
2026-09-29T22:16:42.1157580Z tests/unit/test_hook_build_scope.py ...............................      [ 88%]
2026-09-29T22:16:42.2302230Z tests/unit/test_json_cursor.py ...........................               [ 89%]
2026-09-29T22:16:42.2477600Z tests/unit/test_jsonpath.py ............................................ [ 90%]
2026-09-29T22:16:42.3643360Z .......................................................................  [ 91%]
2026-09-29T22:16:42.4522800Z tests/unit/test_load_dump.py ........................................... [ 93%]
2026-09-29T22:16:42.4525090Z                                                                          [ 93%]
2026-09-29T22:16:42.4715990Z tests/unit/test_loads.py ............................................... [ 94%]
2026-09-29T22:16:42.5229640Z ........................................................................ [ 96%]
2026-09-29T22:16:43.2818050Z ................                                                         [ 96%]
2026-09-29T22:16:43.2868750Z tests/unit/test_native_interleaved_profile.py ...                        [ 96%]
2026-09-29T22:16:43.3539540Z tests/unit/test_nested_container_probe.py ....                           [ 96%]
2026-09-29T22:16:43.4185040Z tests/unit/test_path_dispatch.py ................................        [ 97%]
2026-09-29T22:16:43.4518120Z tests/unit/test_provenance.py ..................                         [ 97%]
2026-09-29T22:16:43.4931300Z tests/unit/test_regression_check.py ..........................           [ 98%]
2026-09-29T22:16:43.6047810Z tests/unit/test_search_stream.py .................                       [ 99%]
2026-09-29T22:16:43.6053320Z tests/unit/test_string_identity_probe.py .                               [ 99%]
2026-09-29T22:16:43.7294290Z tests/unit/test_supplementary.py .............                           [ 99%]
2026-09-29T22:16:43.7903380Z tests/unit/test_supportability_check.py ....................             [ 99%]
2026-09-29T22:16:43.8962520Z tests/unit/test_version.py ....                                          [100%]
2026-09-29T22:16:43.8963660Z 
2026-09-29T22:16:43.8964560Z ====================== 3911 passed, 13 skipped in 15.92s =======================
2026-09-29T22:16:44.2064390Z ==> PGO: generating benchmark data
2026-09-29T22:16:44.2626710Z PYTHONPATH=. .venv/bin/python -m benchmarks.data.generate_bench_data --out-dir benchmarks/data/generated/small  --num-users 1000 --max-orders 10 --max-items 5  --records 500
2026-09-29T22:16:44.5009710Z   benchmarks/data/generated/small/users.json  (1680 KB)
2026-09-29T22:16:44.5010540Z   benchmarks/data/generated/small/users.ndjson  (1679 KB)
2026-09-29T22:16:44.5011360Z   benchmarks/data/generated/small/flat.json  (209 KB)
2026-09-29T22:16:44.5011870Z   benchmarks/data/generated/small/nested.json  (148 KB)
2026-09-29T22:16:44.5012400Z   benchmarks/data/generated/small/wide_arrays.json  (1218 KB)
2026-09-29T22:16:44.5012970Z   benchmarks/data/generated/small/mixed.json  (34 KB)
2026-09-29T22:16:44.5065280Z PYTHONPATH=. .venv/bin/python -m benchmarks.data.generate_bench_data --out-dir benchmarks/data/generated/medium --num-users 2000 --max-orders 20 --max-items 10 --records 2000
2026-09-29T22:16:45.7979200Z   benchmarks/data/generated/medium/users.json  (9883 KB)
2026-09-29T22:16:45.7980130Z   benchmarks/data/generated/medium/users.ndjson  (9881 KB)
2026-09-29T22:16:45.7980850Z   benchmarks/data/generated/medium/flat.json  (836 KB)
2026-09-29T22:16:45.7981370Z   benchmarks/data/generated/medium/nested.json  (594 KB)
2026-09-29T22:16:45.7982000Z   benchmarks/data/generated/medium/wide_arrays.json  (4874 KB)
2026-09-29T22:16:45.7982540Z   benchmarks/data/generated/medium/mixed.json  (138 KB)
2026-09-29T22:16:45.8033720Z PYTHONPATH=. .venv/bin/python -m benchmarks.data.generate_bench_data --out-dir benchmarks/data/generated/large  --num-users 4000 --max-orders 40 --max-items 20 --records 5000
2026-09-29T22:16:52.2699100Z   benchmarks/data/generated/large/users.json  (68083 KB)
2026-09-29T22:16:52.2700150Z   benchmarks/data/generated/large/users.ndjson  (68079 KB)
2026-09-29T22:16:52.2701270Z   benchmarks/data/generated/large/flat.json  (2092 KB)
2026-09-29T22:16:52.2703300Z   benchmarks/data/generated/large/nested.json  (1488 KB)
2026-09-29T22:16:52.2703810Z   benchmarks/data/generated/large/wide_arrays.json  (12185 KB)
2026-09-29T22:16:52.2704270Z   benchmarks/data/generated/large/mixed.json  (347 KB)
2026-09-29T22:16:52.2765000Z ==> PGO: verification benchmarks
2026-09-29T22:17:10.5155770Z wrote build/pgo/bench_results_pgo.md
2026-09-29T22:17:10.5362980Z ==> PGO complete
2026-09-29T22:17:10.5364580Z     profile: /Users/runner/work/strata/strata/build/pgo/strata.profdata
2026-09-29T22:17:10.5365890Z     results: build/pgo/bench_results_pgo.md
2026-09-29T22:17:10.5366310Z     The installed extension is now the PGO+LTO build.
2026-09-29T22:17:10.5545650Z ##[group]Run PYTHONPATH=. .venv/bin/python -m benchmarks.data.generate_bench_data \
2026-09-29T22:17:10.5546510Z PYTHONPATH=. .venv/bin/python -m benchmarks.data.generate_bench_data \
2026-09-29T22:17:10.5547560Z   --out-dir benchmarks/data/generated/small \
2026-09-29T22:17:10.5548090Z   --num-users 1000 --max-orders 10 --max-items 5 --records 500
2026-09-29T22:17:10.5802850Z shell: /bin/bash -e {0}
2026-09-29T22:17:10.5803430Z env:
2026-09-29T22:17:10.5804350Z   ARCHFLAGS: -arch arm64
2026-09-29T22:17:10.5805250Z   pythonLocation: /Users/runner/hostedtoolcache/Python/3.12.10/arm64
2026-09-29T22:17:10.5807520Z   PKG_CONFIG_PATH: /Users/runner/hostedtoolcache/Python/3.12.10/arm64/lib/pkgconfig
2026-09-29T22:17:10.5808290Z   Python_ROOT_DIR: /Users/runner/hostedtoolcache/Python/3.12.10/arm64
2026-09-29T22:17:10.5808850Z   Python2_ROOT_DIR: /Users/runner/hostedtoolcache/Python/3.12.10/arm64
2026-09-29T22:17:10.5809970Z   Python3_ROOT_DIR: /Users/runner/hostedtoolcache/Python/3.12.10/arm64
2026-09-29T22:17:10.5810780Z ##[endgroup]
2026-09-29T22:17:10.9279480Z   benchmarks/data/generated/small/users.json  (1680 KB)
2026-09-29T22:17:10.9383780Z   benchmarks/data/generated/small/users.ndjson  (1679 KB)
2026-09-29T22:17:10.9726550Z   benchmarks/data/generated/small/flat.json  (209 KB)
2026-09-29T22:17:10.9939350Z   benchmarks/data/generated/small/nested.json  (148 KB)
2026-09-29T22:17:10.9988480Z   benchmarks/data/generated/small/wide_arrays.json  (1218 KB)
2026-09-29T22:17:11.0090330Z   benchmarks/data/generated/small/mixed.json  (34 KB)
2026-09-29T22:17:11.0489780Z ##[group]Run PYTHONPATH=. .venv/bin/python -m benchmarks.bench_main \
2026-09-29T22:17:11.0490350Z PYTHONPATH=. .venv/bin/python -m benchmarks.bench_main \
2026-09-29T22:17:11.0490760Z   --name "ci-macos-arm64" \
2026-09-29T22:17:11.0491060Z   --repeat 10 --warmup 2 \
2026-09-29T22:17:11.0491540Z   --dataset benchmarks/data/generated/small/users.json \
2026-09-29T22:17:11.0491960Z   --dataset benchmarks/data/generated/small/users.ndjson \
2026-09-29T22:17:11.0492420Z   --dataset benchmarks/data/generated/small/flat.json \
2026-09-29T22:17:11.0492910Z   --dataset benchmarks/data/generated/small/nested.json \
2026-09-29T22:17:11.0493410Z   --dataset benchmarks/data/generated/small/wide_arrays.json \
2026-09-29T22:17:11.0493850Z   --dataset benchmarks/data/generated/small/mixed.json \
2026-09-29T22:17:11.0494290Z   --output "bench_ci_macos-arm64.md"
2026-09-29T22:17:11.0532990Z shell: /bin/bash -e {0}
2026-09-29T22:17:11.0533310Z env:
2026-09-29T22:17:11.0533540Z   ARCHFLAGS: -arch arm64
2026-09-29T22:17:11.0533990Z   pythonLocation: /Users/runner/hostedtoolcache/Python/3.12.10/arm64
2026-09-29T22:17:11.0534460Z   PKG_CONFIG_PATH: /Users/runner/hostedtoolcache/Python/3.12.10/arm64/lib/pkgconfig
2026-09-29T22:17:11.0535010Z   Python_ROOT_DIR: /Users/runner/hostedtoolcache/Python/3.12.10/arm64
2026-09-29T22:17:11.0535470Z   Python2_ROOT_DIR: /Users/runner/hostedtoolcache/Python/3.12.10/arm64
2026-09-29T22:17:11.0536080Z   Python3_ROOT_DIR: /Users/runner/hostedtoolcache/Python/3.12.10/arm64
2026-09-29T22:17:11.0536420Z   PGO_MODE: use
2026-09-29T22:17:11.0536750Z   STRATA_ENABLE_LTO: 1
2026-09-29T22:17:11.0536960Z ##[endgroup]
2026-09-29T22:17:35.2179680Z wrote bench_ci_macos-arm64.md
2026-09-29T22:17:35.2405140Z ##[group]Run PYTHONPATH=. .venv/bin/python -m benchmarks.supportability_check \
2026-09-29T22:17:35.2405720Z PYTHONPATH=. .venv/bin/python -m benchmarks.supportability_check \
2026-09-29T22:17:35.2406280Z   "bench_ci_macos-arm64.md"
2026-09-29T22:17:35.2451350Z shell: /bin/bash -e {0}
2026-09-29T22:17:35.2451830Z env:
2026-09-29T22:17:35.2452110Z   ARCHFLAGS: -arch arm64
2026-09-29T22:17:35.2452540Z   pythonLocation: /Users/runner/hostedtoolcache/Python/3.12.10/arm64
2026-09-29T22:17:35.2453010Z   PKG_CONFIG_PATH: /Users/runner/hostedtoolcache/Python/3.12.10/arm64/lib/pkgconfig
2026-09-29T22:17:35.2453520Z   Python_ROOT_DIR: /Users/runner/hostedtoolcache/Python/3.12.10/arm64
2026-09-29T22:17:35.2453940Z   Python2_ROOT_DIR: /Users/runner/hostedtoolcache/Python/3.12.10/arm64
2026-09-29T22:17:35.2454390Z   Python3_ROOT_DIR: /Users/runner/hostedtoolcache/Python/3.12.10/arm64
2026-09-29T22:17:35.2454740Z ##[endgroup]
2026-09-29T22:17:35.3847750Z supportability: bench_ci_macos-arm64.md: 27/27 declared rows, no problems; 27 rows within 3.0x, no ERROR rows
2026-09-29T22:17:35.3988840Z ##[group]Run PYTHONPATH=. .venv/bin/python -m benchmarks.native_v1 \
2026-09-29T22:17:35.3989440Z PYTHONPATH=. .venv/bin/python -m benchmarks.native_v1 \
2026-09-29T22:17:35.3990280Z   --data benchmarks/data/generated --tiers small \
2026-09-29T22:17:35.3990670Z   --repeat 30 --warmup 2 \
2026-09-29T22:17:35.3990950Z   --output "bench_native_macos-arm64.md"
2026-09-29T22:17:35.4058220Z shell: /bin/bash -e {0}
2026-09-29T22:17:35.4058930Z env:
2026-09-29T22:17:35.4059710Z   ARCHFLAGS: -arch arm64
2026-09-29T22:17:35.4060600Z   pythonLocation: /Users/runner/hostedtoolcache/Python/3.12.10/arm64
2026-09-29T22:17:35.4062080Z   PKG_CONFIG_PATH: /Users/runner/hostedtoolcache/Python/3.12.10/arm64/lib/pkgconfig
2026-09-29T22:17:35.4063410Z   Python_ROOT_DIR: /Users/runner/hostedtoolcache/Python/3.12.10/arm64
2026-09-29T22:17:35.4064780Z   Python2_ROOT_DIR: /Users/runner/hostedtoolcache/Python/3.12.10/arm64
2026-09-29T22:17:35.4066290Z   Python3_ROOT_DIR: /Users/runner/hostedtoolcache/Python/3.12.10/arm64
2026-09-29T22:17:35.4067400Z   PGO_MODE: use
2026-09-29T22:17:35.4068090Z   STRATA_ENABLE_LTO: 1
2026-09-29T22:17:35.4068930Z ##[endgroup]
2026-09-29T22:17:37.3075740Z native-v1: 2/2 declared rows, 1 extra
2026-09-29T22:17:37.3076360Z native-v1: 1/1 declared rows, 2 extra
2026-09-29T22:17:37.3076720Z native-v1: 1/1 declared rows, 2 extra
2026-09-29T22:17:37.3256010Z ##[group]Run PYTHONPATH=. .venv/bin/python scripts/identity_ab.py \
2026-09-29T22:17:37.3256420Z PYTHONPATH=. .venv/bin/python scripts/identity_ab.py \
2026-09-29T22:17:37.3256770Z   --base "234ea15861d2f37b1b55c6251281a49021864441" \
2026-09-29T22:17:37.3257090Z   --arm-dir "/Users/runner/work/_temp/identity-arm" \
2026-09-29T22:17:37.3257370Z   --out "identity-macos-arm64"
2026-09-29T22:17:37.3257740Z cp "identity-macos-arm64/identity.txt" "identity-macos-arm64.txt"
2026-09-29T22:17:37.3290200Z shell: /bin/bash -e {0}
2026-09-29T22:17:37.3290440Z env:
2026-09-29T22:17:37.3290590Z   ARCHFLAGS: -arch arm64
2026-09-29T22:17:37.3290870Z   pythonLocation: /Users/runner/hostedtoolcache/Python/3.12.10/arm64
2026-09-29T22:17:37.3291360Z   PKG_CONFIG_PATH: /Users/runner/hostedtoolcache/Python/3.12.10/arm64/lib/pkgconfig
2026-09-29T22:17:37.3292810Z   Python_ROOT_DIR: /Users/runner/hostedtoolcache/Python/3.12.10/arm64
2026-09-29T22:17:37.3293370Z   Python2_ROOT_DIR: /Users/runner/hostedtoolcache/Python/3.12.10/arm64
2026-09-29T22:17:37.3293760Z   Python3_ROOT_DIR: /Users/runner/hostedtoolcache/Python/3.12.10/arm64
2026-09-29T22:17:37.3294070Z ##[endgroup]
2026-09-29T22:17:37.3999570Z + git worktree add --force --detach /Users/runner/work/_temp/identity-arm 234ea15861d2f37b1b55c6251281a49021864441
2026-09-29T22:17:37.4089330Z Preparing worktree (detached HEAD 234ea15)
2026-09-29T22:17:38.0974890Z HEAD is now at 234ea15 Merge M13: framework adapters, reconciled with native precedence
2026-09-29T22:17:38.0998490Z + make install-bench
2026-09-29T22:17:38.1237320Z python3 -m venv .venv
2026-09-29T22:17:41.4631660Z .venv/bin/python -m pip install -U pip setuptools wheel
2026-09-29T22:17:42.0242360Z Requirement already satisfied: pip in ./.venv/lib/python3.12/site-packages (25.0.1)
2026-09-29T22:17:42.0815820Z Collecting pip
2026-09-29T22:17:42.0843610Z   Using cached pip-26.2.1-py3-none-any.whl.metadata (4.6 kB)
2026-09-29T22:17:42.2008220Z Collecting setuptools
2026-09-29T22:17:42.2028750Z   Using cached setuptools-84.0.0-py3-none-any.whl.metadata (6.6 kB)
2026-09-29T22:17:42.2302840Z Collecting wheel
2026-09-29T22:17:42.2340330Z   Using cached wheel-0.48.0-py3-none-any.whl.metadata (2.3 kB)
2026-09-29T22:17:42.2579650Z Collecting packaging>=24.0 (from wheel)
2026-09-29T22:17:42.2608410Z   Using cached packaging-26.3-py3-none-any.whl.metadata (3.5 kB)
2026-09-29T22:17:42.2672340Z Using cached pip-26.2.1-py3-none-any.whl (1.8 MB)
2026-09-29T22:17:42.2761310Z Using cached setuptools-84.0.0-py3-none-any.whl (818 kB)
2026-09-29T22:17:42.2805970Z Using cached wheel-0.48.0-py3-none-any.whl (33 kB)
2026-09-29T22:17:42.2853070Z Using cached packaging-26.3-py3-none-any.whl (129 kB)
2026-09-29T22:17:42.3089570Z Installing collected packages: setuptools, pip, packaging, wheel
2026-09-29T22:17:42.9599400Z   Attempting uninstall: pip
2026-09-29T22:17:42.9616940Z     Found existing installation: pip 25.0.1
2026-09-29T22:17:43.0121060Z     Uninstalling pip-25.0.1:
2026-09-29T22:17:43.0187310Z       Successfully uninstalled pip-25.0.1
2026-09-29T22:17:44.4946290Z Successfully installed packaging-26.3 pip-26.2.1 setuptools-84.0.0 wheel-0.48.0
2026-09-29T22:17:44.7004280Z .venv/bin/python -m pip install -e '.[dev,bench]'
2026-09-29T22:17:45.1279910Z Obtaining file:///Users/runner/work/_temp/identity-arm
2026-09-29T22:17:45.1325720Z   Installing build dependencies: started
2026-09-29T22:17:47.6194730Z   Installing build dependencies: finished with status 'done'
2026-09-29T22:17:47.6231410Z   Checking if build backend supports build_editable: started
2026-09-29T22:17:48.0066770Z   Checking if build backend supports build_editable: finished with status 'done'
2026-09-29T22:17:48.0088520Z   Getting requirements to build editable: started
2026-09-29T22:17:48.5390760Z   Getting requirements to build editable: finished with status 'done'
2026-09-29T22:17:48.5410110Z   Preparing editable metadata (pyproject.toml): started
2026-09-29T22:17:48.9234800Z   Preparing editable metadata (pyproject.toml): finished with status 'done'
2026-09-29T22:17:49.0333590Z Collecting cmake>=3.20 (from strata==2026.8.10)
2026-09-29T22:17:49.0370440Z   Using cached cmake-4.4.3-py3-none-macosx_10_10_universal2.whl.metadata (7.0 kB)
2026-09-29T22:17:49.0574040Z Collecting pytest>=7 (from strata==2026.8.10)
2026-09-29T22:17:49.0590960Z   Using cached pytest-9.1.1-py3-none-any.whl.metadata (7.6 kB)
2026-09-29T22:17:49.0764320Z Collecting pytest-cov>=4 (from strata==2026.8.10)
2026-09-29T22:17:49.0832370Z   Using cached pytest_cov-7.1.0-py3-none-any.whl.metadata (32 kB)
2026-09-29T22:17:49.3933110Z Collecting ruff>=0.5 (from strata==2026.8.10)
2026-09-29T22:17:49.3954920Z   Using cached ruff-0.16.9-py3-none-macosx_11_0_arm64.whl.metadata (20 kB)
2026-09-29T22:17:49.4162060Z Collecting pre-commit>=3.5 (from strata==2026.8.10)
2026-09-29T22:17:49.4201170Z   Using cached pre_commit-4.6.2-py2.py3-none-any.whl.metadata (1.2 kB)
2026-09-29T22:17:49.4599940Z Collecting clang-format<22,>=21 (from strata==2026.8.10)
2026-09-29T22:17:49.4617380Z   Using cached clang_format-21.1.8-py2.py3-none-macosx_11_0_arm64.whl.metadata (4.7 kB)
2026-09-29T22:17:49.6295060Z Collecting orjson (from strata==2026.8.10)
2026-09-29T22:17:49.6315110Z   Using cached orjson-3.12.0-cp312-cp312-macosx_15_0_arm64.whl.metadata (41 kB)
2026-09-29T22:17:49.6960600Z Collecting msgspec (from strata==2026.8.10)
2026-09-29T22:17:49.6982050Z   Using cached msgspec-0.22.0-cp312-cp312-macosx_11_0_arm64.whl.metadata (6.0 kB)
2026-09-29T22:17:49.7463260Z Collecting ujson (from strata==2026.8.10)
2026-09-29T22:17:49.7485740Z   Using cached ujson-6.0.0-cp312-cp312-macosx_11_0_arm64.whl.metadata (10.0 kB)
2026-09-29T22:17:49.7783650Z Collecting pysimdjson (from strata==2026.8.10)
2026-09-29T22:17:49.7808610Z   Using cached pysimdjson-7.0.2-cp312-cp312-macosx_10_13_universal2.whl.metadata (1.1 kB)
2026-09-29T22:17:49.7873490Z Collecting jmespath (from strata==2026.8.10)
2026-09-29T22:17:49.7901340Z   Using cached jmespath-1.1.0-py3-none-any.whl.metadata (7.6 kB)
2026-09-29T22:17:49.7959610Z Collecting jsonpath-ng (from strata==2026.8.10)
2026-09-29T22:17:49.7981400Z   Using cached jsonpath_ng-1.8.0-py3-none-any.whl.metadata (18 kB)
2026-09-29T22:17:49.8426610Z Collecting psutil>=5 (from strata==2026.8.10)
2026-09-29T22:17:49.8444800Z   Using cached psutil-7.2.2-cp36-abi3-macosx_11_0_arm64.whl.metadata (22 kB)
2026-09-29T22:17:49.8529300Z Collecting cfgv>=2.0.0 (from pre-commit>=3.5->strata==2026.8.10)
2026-09-29T22:17:49.8546910Z   Using cached cfgv-3.5.0-py2.py3-none-any.whl.metadata (8.9 kB)
2026-09-29T22:17:49.8872160Z Collecting identify>=1.0.0 (from pre-commit>=3.5->strata==2026.8.10)
2026-09-29T22:17:49.8889160Z   Using cached identify-2.6.20-py2.py3-none-any.whl.metadata (4.4 kB)
2026-09-29T22:17:49.8958280Z Collecting nodeenv>=0.11.1 (from pre-commit>=3.5->strata==2026.8.10)
2026-09-29T22:17:49.8978440Z   Using cached nodeenv-1.11.0-py2.py3-none-any.whl.metadata (40 kB)
2026-09-29T22:17:49.9308380Z Collecting pyyaml>=5.1 (from pre-commit>=3.5->strata==2026.8.10)
2026-09-29T22:17:49.9330810Z   Using cached pyyaml-6.0.3-cp312-cp312-macosx_11_0_arm64.whl.metadata (2.4 kB)
2026-09-29T22:17:49.9835020Z Collecting virtualenv>=20.10.0 (from pre-commit>=3.5->strata==2026.8.10)
2026-09-29T22:17:49.9852260Z   Using cached virtualenv-21.14.0-py3-none-any.whl.metadata (4.1 kB)
2026-09-29T22:17:49.9938410Z Collecting iniconfig>=1.0.1 (from pytest>=7->strata==2026.8.10)
2026-09-29T22:17:49.9966610Z   Using cached iniconfig-2.3.0-py3-none-any.whl.metadata (2.5 kB)
2026-09-29T22:17:49.9984990Z Requirement already satisfied: packaging>=22 in ./.venv/lib/python3.12/site-packages (from pytest>=7->strata==2026.8.10) (26.3)
2026-09-29T22:17:50.0027150Z Collecting pluggy<2,>=1.5 (from pytest>=7->strata==2026.8.10)
2026-09-29T22:17:50.0046290Z   Using cached pluggy-1.6.0-py3-none-any.whl.metadata (4.8 kB)
2026-09-29T22:17:50.0128900Z Collecting pygments>=2.7.2 (from pytest>=7->strata==2026.8.10)
2026-09-29T22:17:50.0144170Z   Using cached pygments-2.21.0-py3-none-any.whl.metadata (2.5 kB)
2026-09-29T22:17:50.3411230Z Collecting coverage>=7.10.6 (from coverage[toml]>=7.10.6->pytest-cov>=4->strata==2026.8.10)
2026-09-29T22:17:50.3444440Z   Using cached coverage-7.16.2-cp312-cp312-macosx_11_0_arm64.whl.metadata (8.2 kB)
2026-09-29T22:17:50.3558290Z Collecting distlib<1,>=0.3.7 (from virtualenv>=20.10.0->pre-commit>=3.5->strata==2026.8.10)
2026-09-29T22:17:50.3576830Z   Using cached distlib-0.4.3-py2.py3-none-any.whl.metadata (5.3 kB)
2026-09-29T22:17:50.3699660Z Collecting filelock<5,>=3.24.2 (from virtualenv>=20.10.0->pre-commit>=3.5->strata==2026.8.10)
2026-09-29T22:17:50.3719600Z   Using cached filelock-4.0.6-py3-none-any.whl.metadata (2.0 kB)
2026-09-29T22:17:50.3861110Z Collecting platformdirs<5,>=3.9.1 (from virtualenv>=20.10.0->pre-commit>=3.5->strata==2026.8.10)
2026-09-29T22:17:50.3890460Z   Using cached platformdirs-4.12.2-py3-none-any.whl.metadata (5.5 kB)
2026-09-29T22:17:50.3966400Z Collecting python-discovery>=1.6 (from virtualenv>=20.10.0->pre-commit>=3.5->strata==2026.8.10)
2026-09-29T22:17:50.3987030Z   Using cached python_discovery-1.6.1-py3-none-any.whl.metadata (5.1 kB)
2026-09-29T22:17:50.4074720Z Using cached clang_format-21.1.8-py2.py3-none-macosx_11_0_arm64.whl (1.5 MB)
2026-09-29T22:17:50.4132950Z Using cached cmake-4.4.3-py3-none-macosx_10_10_universal2.whl (54.4 MB)
2026-09-29T22:17:50.4894670Z Using cached pre_commit-4.6.2-py2.py3-none-any.whl (226 kB)
2026-09-29T22:17:50.4923580Z Using cached cfgv-3.5.0-py2.py3-none-any.whl (7.4 kB)
2026-09-29T22:17:50.4943460Z Using cached identify-2.6.20-py2.py3-none-any.whl (99 kB)
2026-09-29T22:17:50.4978080Z Using cached nodeenv-1.11.0-py2.py3-none-any.whl (34 kB)
2026-09-29T22:17:50.5013560Z Using cached psutil-7.2.2-cp36-abi3-macosx_11_0_arm64.whl (129 kB)
2026-09-29T22:17:50.5041860Z Using cached pytest-9.1.1-py3-none-any.whl (386 kB)
2026-09-29T22:17:50.5098260Z Using cached pluggy-1.6.0-py3-none-any.whl (20 kB)
2026-09-29T22:17:50.5133220Z Using cached iniconfig-2.3.0-py3-none-any.whl (7.5 kB)
2026-09-29T22:17:50.5163480Z Using cached pygments-2.21.0-py3-none-any.whl (1.3 MB)
2026-09-29T22:17:50.5222300Z Using cached pytest_cov-7.1.0-py3-none-any.whl (22 kB)
2026-09-29T22:17:50.5262790Z Using cached coverage-7.16.2-cp312-cp312-macosx_11_0_arm64.whl (224 kB)
2026-09-29T22:17:50.5303790Z Using cached pyyaml-6.0.3-cp312-cp312-macosx_11_0_arm64.whl (173 kB)
2026-09-29T22:17:50.5328050Z Using cached ruff-0.16.9-py3-none-macosx_11_0_arm64.whl (9.9 MB)
2026-09-29T22:17:50.5565860Z Using cached virtualenv-21.14.0-py3-none-any.whl (5.5 MB)
2026-09-29T22:17:50.5719030Z Using cached distlib-0.4.3-py2.py3-none-any.whl (470 kB)
2026-09-29T22:17:50.5755940Z Using cached filelock-4.0.6-py3-none-any.whl (109 kB)
2026-09-29T22:17:50.5782430Z Using cached platformdirs-4.12.2-py3-none-any.whl (32 kB)
2026-09-29T22:17:50.5805470Z Using cached python_discovery-1.6.1-py3-none-any.whl (38 kB)
2026-09-29T22:17:50.5835920Z Using cached jmespath-1.1.0-py3-none-any.whl (20 kB)
2026-09-29T22:17:50.5864070Z Using cached jsonpath_ng-1.8.0-py3-none-any.whl (67 kB)
2026-09-29T22:17:50.5900140Z Using cached msgspec-0.22.0-cp312-cp312-macosx_11_0_arm64.whl (193 kB)
2026-09-29T22:17:50.5924000Z Using cached orjson-3.12.0-cp312-cp312-macosx_15_0_arm64.whl (123 kB)
2026-09-29T22:17:50.5949800Z Using cached pysimdjson-7.0.2-cp312-cp312-macosx_10_13_universal2.whl (1.9 MB)
2026-09-29T22:17:50.6027650Z Using cached ujson-6.0.0-cp312-cp312-macosx_11_0_arm64.whl (54 kB)
2026-09-29T22:17:50.7322490Z Building wheels for collected packages: strata
2026-09-29T22:17:50.7331390Z   Building editable for strata (pyproject.toml): started
2026-09-29T22:18:51.0696130Z   Building editable for strata (pyproject.toml): still running...
2026-09-29T22:19:52.0619980Z   Building editable for strata (pyproject.toml): still running...
2026-09-29T22:20:36.1703290Z   Building editable for strata (pyproject.toml): finished with status 'done'
2026-09-29T22:20:36.1735810Z   Created wheel for strata: filename=strata-2026.8.10-0.editable-cp312-cp312-macosx_10_13_universal2.whl size=4469 sha256=041d8b425353a192109eb9496603399dc03ade42da9559fc02e9917d1e3eea94
2026-09-29T22:20:36.1737520Z   Stored in directory: /private/var/folders/36/tjdph2t965j8snz9_vkdnw0r0000gn/T/pip-ephem-wheel-cache-acfcoep1/wheels/7b/1b/eb/abe54c2d77ec732092c8f62a1f4d1b0633e7a88840a1c7b2be
2026-09-29T22:20:36.1780290Z Successfully built strata
2026-09-29T22:20:36.2380200Z Installing collected packages: jsonpath-ng, distlib, clang-format, ujson, strata, ruff, pyyaml, pysimdjson, pygments, psutil, pluggy, platformdirs, orjson, nodeenv, msgspec, jmespath, iniconfig, identify, filelock, coverage, cmake, cfgv, python-discovery, pytest, virtualenv, pytest-cov, pre-commit
2026-09-29T22:20:39.6112880Z 
2026-09-29T22:20:39.6139140Z Successfully installed cfgv-3.5.0 clang-format-21.1.8 cmake-4.4.3 coverage-7.16.2 distlib-0.4.3 filelock-4.0.6 identify-2.6.20 iniconfig-2.3.0 jmespath-1.1.0 jsonpath-ng-1.8.0 msgspec-0.22.0 nodeenv-1.11.0 orjson-3.12.0 platformdirs-4.12.2 pluggy-1.6.0 pre-commit-4.6.2 psutil-7.2.2 pygments-2.21.0 pysimdjson-7.0.2 pytest-9.1.1 pytest-cov-7.1.0 python-discovery-1.6.1 pyyaml-6.0.3 ruff-0.16.9 strata-2026.8.10 ujson-6.0.0 virtualenv-21.14.0
2026-09-29T22:20:40.1352480Z + make pgo
2026-09-29T22:20:40.2231120Z ==> PGO: compiler is clang
2026-09-29T22:20:40.2372660Z ==> PGO phase 1: instrumented build
2026-09-29T22:20:41.1456280Z Obtaining file:///Users/runner/work/_temp/identity-arm
2026-09-29T22:20:41.1487850Z   Installing build dependencies: started
2026-09-29T22:20:42.8938180Z   Installing build dependencies: finished with status 'done'
2026-09-29T22:20:42.8945340Z   Checking if build backend supports build_editable: started
2026-09-29T22:20:43.1162050Z   Checking if build backend supports build_editable: finished with status 'done'
2026-09-29T22:20:43.1171400Z   Getting requirements to build editable: started
2026-09-29T22:20:43.3979260Z   Getting requirements to build editable: finished with status 'done'
2026-09-29T22:20:43.3990520Z   Preparing editable metadata (pyproject.toml): started
2026-09-29T22:20:43.5712360Z   Preparing editable metadata (pyproject.toml): finished with status 'done'
2026-09-29T22:20:43.5761000Z Building wheels for collected packages: strata
2026-09-29T22:20:43.5769780Z   Building editable for strata (pyproject.toml): started
2026-09-29T22:21:25.3524570Z   Building editable for strata (pyproject.toml): finished with status 'done'
2026-09-29T22:21:25.3554310Z   Created wheel for strata: filename=strata-2026.8.10-0.editable-cp312-cp312-macosx_10_13_universal2.whl size=4469 sha256=7aa0e1a16478c98dc973d44e97ebd33a3650bdb1ceea4e7b11ad5b0bbf55e1ac
2026-09-29T22:21:25.3559070Z   Stored in directory: /private/var/folders/36/tjdph2t965j8snz9_vkdnw0r0000gn/T/pip-ephem-wheel-cache-04nh2tyb/wheels/7b/1b/eb/abe54c2d77ec732092c8f62a1f4d1b0633e7a88840a1c7b2be
2026-09-29T22:21:25.3636940Z Successfully built strata
2026-09-29T22:21:25.3795530Z Installing collected packages: strata
2026-09-29T22:21:25.3797080Z   Attempting uninstall: strata
2026-09-29T22:21:25.3820300Z     Found existing installation: strata 2026.8.10
2026-09-29T22:21:25.3842090Z     Uninstalling strata-2026.8.10:
2026-09-29T22:21:25.4371320Z       Successfully uninstalled strata-2026.8.10
2026-09-29T22:21:25.4453040Z Successfully installed strata-2026.8.10
2026-09-29T22:21:26.0286310Z ==> PGO: the hook image must carry no profile
2026-09-29T22:21:26.1064370Z + strata._dumps_hook is unprofiled: _dumps_hook.cpython-312-darwin.so.build.json records no profile or profile flag,
2026-09-29T22:21:26.1065180Z   and the image links no profile runtime
2026-09-29T22:21:26.1124480Z ==> PGO: generating training data
2026-09-29T22:21:26.5046370Z   build/pgo/train.json (10.0 MB)
2026-09-29T22:21:26.5047190Z   build/pgo/train.ndjson (10.0 MB)
2026-09-29T22:21:26.5092370Z ==> PGO: running the training workload
2026-09-29T22:21:26.7132430Z PGO training workload
2026-09-29T22:21:26.7133120Z   corpus: 4001 records, 10.0 MB
2026-09-29T22:21:26.7133730Z [1/7] loads
2026-09-29T22:21:26.7134440Z   loads(str): 1x in 0.04s
2026-09-29T22:21:26.7732780Z   loads(bytes): 1x in 0.03s
2026-09-29T22:21:26.8044790Z   loads(sample): 5x in 0.01s
2026-09-29T22:21:26.8399430Z   loads(cursor): 5x in 0.01s
2026-09-29T22:21:26.8695990Z   loads(iterator): 3x in 0.00s
2026-09-29T22:21:26.9246990Z [2/7] dumps
2026-09-29T22:21:26.9247620Z   dumps(str): 1x in 0.03s
2026-09-29T22:21:26.9819500Z   dumps(bytes): 3x in 0.03s
2026-09-29T22:21:27.0092800Z   dumps(sample, bytes): 5x in 0.00s
2026-09-29T22:21:27.0364820Z   dumps(sample): 5x in 0.00s
2026-09-29T22:21:27.0641000Z   dumps(parsed sample, bytes): 2x in 0.00s
2026-09-29T22:21:27.1439640Z [3/7] load
2026-09-29T22:21:27.1440980Z   load(json): 1x in 0.04s
2026-09-29T22:21:27.2236890Z   load(ndjson): 1x in 0.04s
2026-09-29T22:21:27.3045850Z   load(ndjson, iterator): 1x in 0.04s
2026-09-29T22:21:27.3407410Z [4/7] dump
2026-09-29T22:21:27.3408070Z   dump(json): 3x in 0.00s
2026-09-29T22:21:27.3860730Z [5/7] query
2026-09-29T22:21:27.3861720Z   query $[0].name: 3x in 0.00s
2026-09-29T22:21:27.4351320Z   query $[*].id: 3x in 0.00s
2026-09-29T22:21:27.4658040Z   query $[*].items[*].sku: 3x in 0.00s
2026-09-29T22:21:27.5046310Z   query $..leaf: 3x in 0.00s
2026-09-29T22:21:27.5394550Z   query $[0:50].score: 3x in 0.00s
2026-09-29T22:21:27.5730080Z   query $[?(@.id > 100)].name: 3x in 0.00s
2026-09-29T22:21:27.6032530Z   query $[?(@.id <= 500)]: 3x in 0.00s
2026-09-29T22:21:27.6358080Z   query $[?(@.name == 'alpha')]: 3x in 0.00s
2026-09-29T22:21:27.6850420Z   query $[?(@.name != 'alpha')].id: 3x in 0.00s
2026-09-29T22:21:27.7210800Z   query $[?(@['id'] >= 0)].name: 3x in 0.00s
2026-09-29T22:21:27.7595070Z   query $[*].nested.child: 3x in 0.00s
2026-09-29T22:21:27.7974080Z   query $[*].tags[0]: 3x in 0.00s
2026-09-29T22:21:27.8243930Z   query $.*: 3x in 0.00s
2026-09-29T22:21:27.8617790Z   query(compiled): 5x in 0.00s
2026-09-29T22:21:27.9226080Z [6/7] search
2026-09-29T22:21:27.9227070Z   search json $[*].id: 1x in 0.02s
2026-09-29T22:21:28.0147300Z   search ndjson $[*].id: 1x in 0.06s
2026-09-29T22:21:28.0962950Z   search json $..leaf: 1x in 0.05s
2026-09-29T22:21:28.1746880Z   search ndjson $..leaf: 1x in 0.05s
2026-09-29T22:21:28.2551060Z   search json $[?(@.id > 100)].name: 1x in 0.05s
2026-09-29T22:21:28.3311750Z   search ndjson $[?(@.id > 100)].name: 1x in 0.05s
2026-09-29T22:21:28.3619800Z [7/7] folder mode
2026-09-29T22:21:28.3620270Z   dump(split_by): 1x in 0.00s
2026-09-29T22:21:28.3938300Z   load(folder): 1x in 0.00s
2026-09-29T22:21:28.4233650Z   search(folder): 1x in 0.00s
2026-09-29T22:21:28.4364270Z PGO training workload complete
2026-09-29T22:21:28.4427090Z ==> PGO: gate tests on the instrumented build
2026-09-29T22:21:28.4914390Z + /Users/runner/work/_temp/identity-arm/.venv/bin/cmake -S . -B build/cmake -DCMAKE_BUILD_TYPE=Release
2026-09-29T22:21:28.8397680Z -- Configuring done (0.1s)
2026-09-29T22:21:29.0280260Z -- Generating done (0.2s)
2026-09-29T22:21:29.0380980Z -- Build files have been written to: /Users/runner/work/_temp/identity-arm/build/cmake
2026-09-29T22:21:29.0482050Z + /Users/runner/work/_temp/identity-arm/.venv/bin/cmake --build build/cmake --config Release
2026-09-29T22:21:29.5089040Z [  0%] Linking CXX executable smoke_tests
2026-09-29T22:21:29.6436420Z [  6%] Built target smoke_tests
2026-09-29T22:21:29.8047580Z [  7%] Linking CXX executable json_core_tests
2026-09-29T22:21:29.9356550Z [ 13%] Built target json_core_tests
2026-09-29T22:21:30.1022040Z [ 13%] Linking CXX executable json_parse_tests
2026-09-29T22:21:30.2411760Z [ 19%] Built target json_parse_tests
2026-09-29T22:21:30.3901500Z [ 20%] Linking CXX executable fast_parse_tests
2026-09-29T22:21:30.4971440Z [ 25%] Built target fast_parse_tests
2026-09-29T22:21:30.6677440Z [ 26%] Linking CXX executable value_cursor_tests
2026-09-29T22:21:30.7673880Z [ 32%] Built target value_cursor_tests
2026-09-29T22:21:30.9152330Z [ 32%] Linking CXX executable json_serialize_tests
2026-09-29T22:21:31.0106390Z [ 38%] Built target json_serialize_tests
2026-09-29T22:21:31.1516880Z [ 39%] Linking CXX executable float_precision_tests
2026-09-29T22:21:31.2599160Z [ 44%] Built target float_precision_tests
2026-09-29T22:21:31.3937570Z [ 45%] Linking CXX executable json_cursor_tests
2026-09-29T22:21:31.4793900Z [ 50%] Built target json_cursor_tests
2026-09-29T22:21:31.6245380Z [ 51%] Linking CXX executable ndjson_tests
2026-09-29T22:21:31.7054510Z [ 56%] Built target ndjson_tests
2026-09-29T22:21:31.8280120Z [ 57%] Linking CXX executable jsonpath_tests
2026-09-29T22:21:31.9144860Z [ 63%] Built target jsonpath_tests
2026-09-29T22:21:32.0456610Z [ 63%] Linking CXX executable jsonpath_stream_tests
2026-09-29T22:21:32.1278570Z [ 69%] Built target jsonpath_stream_tests
2026-09-29T22:21:32.2746980Z [ 69%] Linking CXX executable scan_tests
2026-09-29T22:21:32.3719100Z [ 75%] Built target scan_tests
2026-09-29T22:21:32.5066650Z [ 75%] Linking CXX executable temporal_tests
2026-09-29T22:21:32.5879880Z [ 81%] Built target temporal_tests
2026-09-29T22:21:32.7194110Z [ 81%] Linking CXX executable folder_tests
2026-09-29T22:21:32.8312620Z [ 87%] Built target folder_tests
2026-09-29T22:21:32.9869250Z [ 87%] Linking CXX executable fuzz_corpus_tests
2026-09-29T22:21:33.0860690Z [ 93%] Built target fuzz_corpus_tests
2026-09-29T22:21:33.2208710Z [ 94%] Linking CXX executable stress_deep_tests
2026-09-29T22:21:33.3396660Z [100%] Built target stress_deep_tests
2026-09-29T22:21:33.3799090Z + /Users/runner/work/_temp/identity-arm/.venv/bin/ctest --test-dir build/cmake --build-config Release --output-on-failure --no-tests=error
2026-09-29T22:21:33.6503520Z Test project /Users/runner/work/_temp/identity-arm/build/cmake
2026-09-29T22:21:33.6562740Z       Start  1: smoke_tests
2026-09-29T22:21:33.6643640Z  1/16 Test  #1: smoke_tests ......................   Passed    0.01 sec
2026-09-29T22:21:33.6654020Z       Start  2: json_core_tests
2026-09-29T22:21:33.6716060Z  2/16 Test  #2: json_core_tests ..................   Passed    0.01 sec
2026-09-29T22:21:33.6717460Z       Start  3: json_parse_tests
2026-09-29T22:21:33.6775360Z  3/16 Test  #3: json_parse_tests .................   Passed    0.01 sec
2026-09-29T22:21:33.6776400Z       Start  4: fast_parse_tests
2026-09-29T22:21:33.7900880Z  4/16 Test  #4: fast_parse_tests .................   Passed    0.11 sec
2026-09-29T22:21:33.7901600Z       Start  5: value_cursor_tests
2026-09-29T22:21:33.8037990Z  5/16 Test  #5: value_cursor_tests ...............   Passed    0.01 sec
2026-09-29T22:21:33.8038560Z       Start  6: json_serialize_tests
2026-09-29T22:21:33.8104370Z  6/16 Test  #6: json_serialize_tests .............   Passed    0.01 sec
2026-09-29T22:21:33.8106090Z       Start  7: float_precision_tests
2026-09-29T22:21:36.8012140Z  7/16 Test  #7: float_precision_tests ............   Passed    2.99 sec
2026-09-29T22:21:36.8014950Z       Start  8: json_cursor_tests
2026-09-29T22:21:36.8057950Z  8/16 Test  #8: json_cursor_tests ................   Passed    0.00 sec
2026-09-29T22:21:36.8060730Z       Start  9: ndjson_tests
2026-09-29T22:21:36.8149670Z  9/16 Test  #9: ndjson_tests .....................   Passed    0.01 sec
2026-09-29T22:21:36.8153800Z       Start 10: jsonpath_tests
2026-09-29T22:21:36.8319530Z 10/16 Test #10: jsonpath_tests ...................   Passed    0.02 sec
2026-09-29T22:21:36.8320580Z       Start 11: jsonpath_stream_tests
2026-09-29T22:21:36.8371520Z 11/16 Test #11: jsonpath_stream_tests ............   Passed    0.00 sec
2026-09-29T22:21:36.8372950Z       Start 12: scan_tests
2026-09-29T22:21:36.8608570Z 12/16 Test #12: scan_tests .......................   Passed    0.02 sec
2026-09-29T22:21:36.8610970Z       Start 13: temporal_tests
2026-09-29T22:21:36.8648370Z 13/16 Test #13: temporal_tests ...................   Passed    0.00 sec
2026-09-29T22:21:36.8650160Z       Start 14: folder_tests
2026-09-29T22:21:36.8821540Z 14/16 Test #14: folder_tests .....................   Passed    0.02 sec
2026-09-29T22:21:36.8822700Z       Start 15: fuzz_corpus_tests
2026-09-29T22:21:36.8959200Z 15/16 Test #15: fuzz_corpus_tests ................   Passed    0.01 sec
2026-09-29T22:21:36.8961140Z       Start 16: stress_deep_tests
2026-09-29T22:21:36.9023830Z 16/16 Test #16: stress_deep_tests ................   Passed    0.01 sec
2026-09-29T22:21:36.9030180Z 
2026-09-29T22:21:36.9031020Z 100% tests passed out of 16
2026-09-29T22:21:36.9032120Z 
2026-09-29T22:21:36.9032560Z Total Test time (real) =   3.25 sec
2026-09-29T22:21:36.9943410Z + pytest tests/py tests/unit --ignore=tests/unit/native_types --ignore=tests/py/native_types --basetemp=/var/folders/36/tjdph2t965j8snz9_vkdnw0r0000gn/T/pytest-of-runner/qs4gascj
2026-09-29T22:21:37.8396290Z ============================= test session starts ==============================
2026-09-29T22:21:37.8397280Z platform darwin -- Python 3.12.10, pytest-9.1.1, pluggy-1.6.0
2026-09-29T22:21:37.8398460Z rootdir: /Users/runner/work/_temp/identity-arm
2026-09-29T22:21:37.8399160Z configfile: pyproject.toml
2026-09-29T22:21:37.8399780Z plugins: platformdirs-4.12.2, cov-7.1.0
2026-09-29T22:21:37.8400600Z collected 3183 items
2026-09-29T22:21:37.8400880Z 
2026-09-29T22:21:37.8542170Z tests/py/test_dumps_brace_fold.py .........                              [  0%]
2026-09-29T22:21:37.8750530Z tests/py/test_dumps_cycles_fused.py .................................... [  1%]
2026-09-29T22:21:37.9218760Z ....................................................                     [  3%]
2026-09-29T22:21:38.1397840Z tests/py/test_dumps_general_tables.py ............................       [  3%]
2026-09-29T22:21:38.6807870Z tests/py/test_dumps_with_default.py .................................... [  5%]
2026-09-29T22:21:39.0033230Z .............................ss                                          [  6%]
2026-09-29T22:21:39.0360860Z tests/py/test_dumps_with_default_contract.py ........................... [  6%]
2026-09-29T22:21:39.0907070Z ........................................................................ [  9%]
2026-09-29T22:21:39.1604230Z ........................................................................ [ 11%]
2026-09-29T22:21:39.2227470Z ..........................                                               [ 12%]
2026-09-29T22:21:39.2270170Z tests/py/test_fused_verification.py ..                                   [ 12%]
2026-09-29T22:21:39.2454970Z tests/py/test_json_parity.py ........................................... [ 13%]
2026-09-29T22:21:39.2785590Z ........................................................................ [ 15%]
2026-09-29T22:21:39.3148860Z ........................................................................ [ 18%]
2026-09-29T22:21:39.3590120Z ........................................................................ [ 20%]
2026-09-29T22:21:39.4102660Z ........................................................................ [ 22%]
2026-09-29T22:21:39.4499090Z ........................................................................ [ 24%]
2026-09-29T22:21:39.4907750Z ........................................................................ [ 27%]
2026-09-29T22:21:39.5196800Z ........................................................................ [ 29%]
2026-09-29T22:21:39.5881690Z ........................................................................ [ 31%]
2026-09-29T22:21:39.6617330Z ........................................................................ [ 33%]
2026-09-29T22:21:39.7064760Z ........................................................................ [ 36%]
2026-09-29T22:21:39.7476780Z ........................................................................ [ 38%]
2026-09-29T22:21:39.7981580Z ........................................................................ [ 40%]
2026-09-29T22:21:39.8559150Z ........................................................................ [ 43%]
2026-09-29T22:21:39.8974000Z ........................................................................ [ 45%]
2026-09-29T22:21:39.9441560Z ........................................................................ [ 47%]
2026-09-29T22:21:39.9926000Z ........................................................................ [ 49%]
2026-09-29T22:21:40.0202110Z .................................                                        [ 50%]
2026-09-29T22:21:40.0894650Z tests/py/test_path_dispatch.py ................................          [ 51%]
2026-09-29T22:21:40.0909430Z tests/py/test_py_tests_basetemp.py ..                                    [ 51%]
2026-09-29T22:21:40.0929920Z tests/py/test_smoke.py ...                                               [ 52%]
2026-09-29T22:21:40.5670450Z tests/unit/test_ab_analysis.py ......................................    [ 53%]
2026-09-29T22:21:40.6056380Z tests/unit/test_build_manifest.py ...........                            [ 53%]
2026-09-29T22:21:40.6300930Z tests/unit/test_canonical_builds.py ....                                 [ 53%]
2026-09-29T22:21:40.8644890Z tests/unit/test_ci_fetch.py ........................                     [ 54%]
2026-09-29T22:21:40.9974010Z tests/unit/test_ci_summary.py .......................                    [ 55%]
2026-09-29T22:21:41.0124620Z tests/unit/test_config.py ...........................                    [ 56%]
2026-09-29T22:21:41.0418080Z tests/unit/test_core_purity.py ....                                      [ 56%]
2026-09-29T22:21:41.0529500Z tests/unit/test_cross_sample.py ......                                   [ 56%]
2026-09-29T22:21:41.1010730Z tests/unit/test_dumps.py ............................................... [ 57%]
2026-09-29T22:21:41.1179210Z ..........                                                               [ 58%]
2026-09-29T22:21:41.1362660Z tests/unit/test_dumps_brace_fold.py .........                            [ 58%]
2026-09-29T22:21:41.5102170Z tests/unit/test_dumps_cold_start.py ....                                 [ 58%]
2026-09-29T22:21:41.5414270Z tests/unit/test_dumps_contract.py ...................................... [ 59%]
2026-09-29T22:21:41.5825380Z .............................................................            [ 61%]
2026-09-29T22:21:41.6116640Z tests/unit/test_dumps_cycles_fused.py .................................. [ 62%]
2026-09-29T22:21:41.6776810Z ......................................................                   [ 64%]
2026-09-29T22:21:42.0356660Z tests/unit/test_dumps_general_tables.py ............................     [ 65%]
2026-09-29T22:21:42.5919360Z tests/unit/test_dumps_latch.py ............................              [ 66%]
2026-09-29T22:21:42.6713860Z tests/unit/test_dumps_private_cache.py ................................  [ 67%]
2026-09-29T22:21:43.4928340Z tests/unit/test_dumps_reentrancy.py .................................... [ 68%]
2026-09-29T22:21:45.1137340Z ......................................................................   [ 70%]
2026-09-29T22:21:46.0072580Z tests/unit/test_dumps_reentrancy_review.py ............................. [ 71%]
2026-09-29T22:21:46.1816420Z ..                                                                       [ 71%]
2026-09-29T22:21:46.2178610Z tests/unit/test_dumps_schema_failure.py ...........................      [ 72%]
2026-09-29T22:21:46.7124560Z tests/unit/test_dumps_user_step_counter.py ..........................    [ 73%]
2026-09-29T22:21:46.7293700Z tests/unit/test_dumps_with_default.py .................................. [ 74%]
2026-09-29T22:21:46.7666830Z ........................................................................ [ 76%]
2026-09-29T22:21:46.8745150Z .........................................................                [ 78%]
2026-09-29T22:21:46.8879710Z tests/unit/test_dumps_with_default_state.py ............................ [ 79%]
2026-09-29T22:21:46.9545890Z ........................................................................ [ 81%]
2026-09-29T22:21:47.2136930Z ..............                                                           [ 81%]
2026-09-29T22:21:47.3036880Z tests/unit/test_folder.py .............................................. [ 83%]
2026-09-29T22:21:47.3750160Z .........................................                                [ 84%]
2026-09-29T22:21:47.3779670Z tests/unit/test_fused_verification.py ..                                 [ 84%]
2026-09-29T22:21:47.4295570Z tests/unit/test_hook_build_scope.py ...............................      [ 85%]
2026-09-29T22:21:47.5155200Z tests/unit/test_json_cursor.py ...........................               [ 86%]
2026-09-29T22:21:47.5318340Z tests/unit/test_jsonpath.py ............................................ [ 87%]
2026-09-29T22:21:47.6342360Z .......................................................................  [ 90%]
2026-09-29T22:21:47.7171170Z tests/unit/test_load_dump.py ........................................... [ 91%]
2026-09-29T22:21:47.7173550Z                                                                          [ 91%]
2026-09-29T22:21:47.7336750Z tests/unit/test_loads.py ............................................... [ 92%]
2026-09-29T22:21:47.7940930Z ........................................................................ [ 95%]
2026-09-29T22:21:48.7491340Z ................                                                         [ 95%]
2026-09-29T22:21:48.7599380Z tests/unit/test_native_interleaved_profile.py ...                        [ 95%]
2026-09-29T22:21:48.8259320Z tests/unit/test_nested_container_probe.py ....                           [ 95%]
2026-09-29T22:21:48.8865640Z tests/unit/test_path_dispatch.py ................................        [ 96%]
2026-09-29T22:21:48.9276370Z tests/unit/test_provenance.py ..................                         [ 97%]
2026-09-29T22:21:48.9729130Z tests/unit/test_regression_check.py ..........................           [ 98%]
2026-09-29T22:21:49.1596330Z tests/unit/test_search_stream.py .................                       [ 98%]
2026-09-29T22:21:49.1600000Z tests/unit/test_string_identity_probe.py .                               [ 98%]
2026-09-29T22:21:49.2553720Z tests/unit/test_supplementary.py .............                           [ 99%]
2026-09-29T22:21:49.3005760Z tests/unit/test_supportability_check.py ....................             [ 99%]
2026-09-29T22:21:49.3687870Z tests/unit/test_version.py ....                                          [100%]
2026-09-29T22:21:49.3688620Z 
2026-09-29T22:21:49.3689070Z ======================= 3181 passed, 2 skipped in 11.98s =======================
2026-09-29T22:21:49.6084850Z ==> PGO: merging 17 raw profiles
2026-09-29T22:21:49.7345980Z ==> PGO phase 2: optimized build (profile + LTO)
2026-09-29T22:21:50.0940390Z Obtaining file:///Users/runner/work/_temp/identity-arm
2026-09-29T22:21:50.1091810Z   Installing build dependencies: started
2026-09-29T22:21:52.4266010Z   Installing build dependencies: finished with status 'done'
2026-09-29T22:21:52.4279730Z   Checking if build backend supports build_editable: started
2026-09-29T22:21:52.7636130Z   Checking if build backend supports build_editable: finished with status 'done'
2026-09-29T22:21:52.7647130Z   Getting requirements to build editable: started
2026-09-29T22:21:53.0987140Z   Getting requirements to build editable: finished with status 'done'
2026-09-29T22:21:53.0998800Z   Preparing editable metadata (pyproject.toml): started
2026-09-29T22:21:53.2971860Z   Preparing editable metadata (pyproject.toml): finished with status 'done'
2026-09-29T22:21:53.3031370Z Building wheels for collected packages: strata
2026-09-29T22:21:53.3043060Z   Building editable for strata (pyproject.toml): started
2026-09-29T22:22:36.3969400Z   Building editable for strata (pyproject.toml): finished with status 'done'
2026-09-29T22:22:36.3997070Z   Created wheel for strata: filename=strata-2026.8.10-0.editable-cp312-cp312-macosx_10_13_universal2.whl size=4469 sha256=698811ddcbc91f2e890d1f80f9bbedaf5f86cff883fea4b96b7ac05c28fd86ef
2026-09-29T22:22:36.4004900Z   Stored in directory: /private/var/folders/36/tjdph2t965j8snz9_vkdnw0r0000gn/T/pip-ephem-wheel-cache-05qe3okf/wheels/7b/1b/eb/abe54c2d77ec732092c8f62a1f4d1b0633e7a88840a1c7b2be
2026-09-29T22:22:36.4082180Z Successfully built strata
2026-09-29T22:22:36.4159230Z Installing collected packages: strata
2026-09-29T22:22:36.4159640Z   Attempting uninstall: strata
2026-09-29T22:22:36.4176700Z     Found existing installation: strata 2026.8.10
2026-09-29T22:22:36.4192920Z     Uninstalling strata-2026.8.10:
2026-09-29T22:22:36.4867690Z       Successfully uninstalled strata-2026.8.10
2026-09-29T22:22:36.4918000Z Successfully installed strata-2026.8.10
2026-09-29T22:22:36.7880240Z ==> PGO: the hook image must carry no profile
2026-09-29T22:22:36.8266990Z + strata._dumps_hook is unprofiled: _dumps_hook.cpython-312-darwin.so.build.json records no profile or profile flag,
2026-09-29T22:22:36.8267720Z   and the image links no profile runtime
2026-09-29T22:22:36.8298960Z ==> PGO: gate tests on the optimized build
2026-09-29T22:22:36.8620060Z + /Users/runner/work/_temp/identity-arm/.venv/bin/cmake -S . -B build/cmake -DCMAKE_BUILD_TYPE=Release
2026-09-29T22:22:37.0684420Z -- Configuring done (0.1s)
2026-09-29T22:22:37.1672550Z -- Generating done (0.1s)
2026-09-29T22:22:37.1784200Z -- Build files have been written to: /Users/runner/work/_temp/identity-arm/build/cmake
2026-09-29T22:22:37.1964870Z + /Users/runner/work/_temp/identity-arm/.venv/bin/cmake --build build/cmake --config Release
2026-09-29T22:22:37.5647030Z [  0%] Linking CXX executable smoke_tests
2026-09-29T22:22:37.6561320Z [  6%] Built target smoke_tests
2026-09-29T22:22:37.7560250Z [  7%] Linking CXX executable json_core_tests
2026-09-29T22:22:37.8297910Z [ 13%] Built target json_core_tests
2026-09-29T22:22:37.9261720Z [ 13%] Linking CXX executable json_parse_tests
2026-09-29T22:22:37.9925950Z [ 19%] Built target json_parse_tests
2026-09-29T22:22:38.1072330Z [ 20%] Linking CXX executable fast_parse_tests
2026-09-29T22:22:38.1760530Z [ 25%] Built target fast_parse_tests
2026-09-29T22:22:38.2778630Z [ 26%] Linking CXX executable value_cursor_tests
2026-09-29T22:22:38.3391800Z [ 32%] Built target value_cursor_tests
2026-09-29T22:22:38.4409420Z [ 32%] Linking CXX executable json_serialize_tests
2026-09-29T22:22:38.5051180Z [ 38%] Built target json_serialize_tests
2026-09-29T22:22:38.6053530Z [ 39%] Linking CXX executable float_precision_tests
2026-09-29T22:22:38.6636860Z [ 44%] Built target float_precision_tests
2026-09-29T22:22:38.7613500Z [ 45%] Linking CXX executable json_cursor_tests
2026-09-29T22:22:38.8180110Z [ 50%] Built target json_cursor_tests
2026-09-29T22:22:38.9157550Z [ 51%] Linking CXX executable ndjson_tests
2026-09-29T22:22:38.9701310Z [ 56%] Built target ndjson_tests
2026-09-29T22:22:39.0784690Z [ 57%] Linking CXX executable jsonpath_tests
2026-09-29T22:22:39.1584920Z [ 63%] Built target jsonpath_tests
2026-09-29T22:22:39.2801070Z [ 63%] Linking CXX executable jsonpath_stream_tests
2026-09-29T22:22:39.3625740Z [ 69%] Built target jsonpath_stream_tests
2026-09-29T22:22:39.4888440Z [ 69%] Linking CXX executable scan_tests
2026-09-29T22:22:39.5660450Z [ 75%] Built target scan_tests
2026-09-29T22:22:39.7076710Z [ 75%] Linking CXX executable temporal_tests
2026-09-29T22:22:39.7963610Z [ 81%] Built target temporal_tests
2026-09-29T22:22:39.9135270Z [ 81%] Linking CXX executable folder_tests
2026-09-29T22:22:39.9840620Z [ 87%] Built target folder_tests
2026-09-29T22:22:40.1074240Z [ 87%] Linking CXX executable fuzz_corpus_tests
2026-09-29T22:22:40.1832080Z [ 93%] Built target fuzz_corpus_tests
2026-09-29T22:22:40.2892590Z [ 94%] Linking CXX executable stress_deep_tests
2026-09-29T22:22:40.3883970Z [100%] Built target stress_deep_tests
2026-09-29T22:22:40.4002810Z + /Users/runner/work/_temp/identity-arm/.venv/bin/ctest --test-dir build/cmake --build-config Release --output-on-failure --no-tests=error
2026-09-29T22:22:40.5178170Z Test project /Users/runner/work/_temp/identity-arm/build/cmake
2026-09-29T22:22:40.5190240Z       Start  1: smoke_tests
2026-09-29T22:22:40.5216970Z  1/16 Test  #1: smoke_tests ......................   Passed    0.00 sec
2026-09-29T22:22:40.5218260Z       Start  2: json_core_tests
2026-09-29T22:22:40.5243460Z  2/16 Test  #2: json_core_tests ..................   Passed    0.00 sec
2026-09-29T22:22:40.5244050Z       Start  3: json_parse_tests
2026-09-29T22:22:40.5270000Z  3/16 Test  #3: json_parse_tests .................   Passed    0.00 sec
2026-09-29T22:22:40.5270640Z       Start  4: fast_parse_tests
2026-09-29T22:22:40.6059710Z  4/16 Test  #4: fast_parse_tests .................   Passed    0.08 sec
2026-09-29T22:22:40.6061000Z       Start  5: value_cursor_tests
2026-09-29T22:22:40.6156220Z  5/16 Test  #5: value_cursor_tests ...............   Passed    0.01 sec
2026-09-29T22:22:40.6173210Z       Start  6: json_serialize_tests
2026-09-29T22:22:40.6213820Z  6/16 Test  #6: json_serialize_tests .............   Passed    0.00 sec
2026-09-29T22:22:40.6255240Z       Start  7: float_precision_tests
2026-09-29T22:22:42.6520630Z  7/16 Test  #7: float_precision_tests ............   Passed    2.03 sec
2026-09-29T22:22:42.6522060Z       Start  8: json_cursor_tests
2026-09-29T22:22:42.6550140Z  8/16 Test  #8: json_cursor_tests ................   Passed    0.00 sec
2026-09-29T22:22:42.6550790Z       Start  9: ndjson_tests
2026-09-29T22:22:42.6594420Z  9/16 Test  #9: ndjson_tests .....................   Passed    0.00 sec
2026-09-29T22:22:42.6595020Z       Start 10: jsonpath_tests
2026-09-29T22:22:42.6615500Z 10/16 Test #10: jsonpath_tests ...................   Passed    0.00 sec
2026-09-29T22:22:42.6616120Z       Start 11: jsonpath_stream_tests
2026-09-29T22:22:42.6638790Z 11/16 Test #11: jsonpath_stream_tests ............   Passed    0.00 sec
2026-09-29T22:22:42.6639290Z       Start 12: scan_tests
2026-09-29T22:22:42.6802120Z 12/16 Test #12: scan_tests .......................   Passed    0.02 sec
2026-09-29T22:22:42.6803030Z       Start 13: temporal_tests
2026-09-29T22:22:42.6836480Z 13/16 Test #13: temporal_tests ...................   Passed    0.00 sec
2026-09-29T22:22:42.6839690Z       Start 14: folder_tests
2026-09-29T22:22:42.6941250Z 14/16 Test #14: folder_tests .....................   Passed    0.01 sec
2026-09-29T22:22:42.6942280Z       Start 15: fuzz_corpus_tests
2026-09-29T22:22:42.7011340Z 15/16 Test #15: fuzz_corpus_tests ................   Passed    0.01 sec
2026-09-29T22:22:42.7012450Z       Start 16: stress_deep_tests
2026-09-29T22:22:42.7055750Z 16/16 Test #16: stress_deep_tests ................   Passed    0.00 sec
2026-09-29T22:22:42.7060740Z 
2026-09-29T22:22:42.7061300Z 100% tests passed out of 16
2026-09-29T22:22:42.7061910Z 
2026-09-29T22:22:42.7062130Z Total Test time (real) =   2.19 sec
2026-09-29T22:22:42.7531850Z + pytest tests/py tests/unit --basetemp=/var/folders/36/tjdph2t965j8snz9_vkdnw0r0000gn/T/pytest-of-runner/batrtzsl
2026-09-29T22:22:43.2275110Z ============================= test session starts ==============================
2026-09-29T22:22:43.2276820Z platform darwin -- Python 3.12.10, pytest-9.1.1, pluggy-1.6.0
2026-09-29T22:22:43.2278070Z rootdir: /Users/runner/work/_temp/identity-arm
2026-09-29T22:22:43.2279190Z configfile: pyproject.toml
2026-09-29T22:22:43.2280030Z plugins: platformdirs-4.12.2, cov-7.1.0
2026-09-29T22:22:43.2281000Z collected 3848 items
2026-09-29T22:22:43.2282470Z 
2026-09-29T22:22:43.2469080Z tests/py/native_types/test_native_dump.py ..............                 [  0%]
2026-09-29T22:22:43.3318000Z tests/py/native_types/test_native_fast_paths.py ........ssssssssss..     [  0%]
2026-09-29T22:22:43.4252450Z tests/py/native_types/test_native_import.py ...                          [  0%]
2026-09-29T22:22:43.4599890Z tests/py/native_types/test_native_opt_out.py ........................... [  1%]
2026-09-29T22:22:43.4601530Z                                                                          [  1%]
2026-09-29T22:22:43.5649550Z tests/py/native_types/test_native_oracle.py .........                    [  1%]
2026-09-29T22:22:44.0760230Z tests/py/native_types/test_native_reentrancy.py ........................ [  2%]
2026-09-29T22:22:44.8983910Z ..................................................                       [  3%]
2026-09-29T22:22:44.9190590Z tests/py/native_types/test_parse_types.py .............................. [  4%]
2026-09-29T22:22:45.2413800Z ............................................................             [  6%]
2026-09-29T22:22:45.2564890Z tests/py/test_dumps_brace_fold.py .........                              [  6%]
2026-09-29T22:22:45.2774220Z tests/py/test_dumps_cycles_fused.py .................................... [  7%]
2026-09-29T22:22:45.3030470Z ....................................................                     [  8%]
2026-09-29T22:22:45.5440330Z tests/py/test_dumps_general_tables.py ............................       [  9%]
2026-09-29T22:22:46.0273360Z tests/py/test_dumps_with_default.py .................................... [ 10%]
2026-09-29T22:22:46.3885280Z .............................ss                                          [ 11%]
2026-09-29T22:22:46.4079000Z tests/py/test_dumps_with_default_contract.py ........................... [ 11%]
2026-09-29T22:22:46.4640450Z ........................................................................ [ 13%]
2026-09-29T22:22:46.5134880Z ........................................................................ [ 15%]
2026-09-29T22:22:46.5548220Z ..........................                                               [ 16%]
2026-09-29T22:22:46.5573610Z tests/py/test_fused_verification.py ..                                   [ 16%]
2026-09-29T22:22:46.5710240Z tests/py/test_json_parity.py ........................................... [ 17%]
2026-09-29T22:22:46.5930040Z ........................................................................ [ 19%]
2026-09-29T22:22:46.6173940Z ........................................................................ [ 21%]
2026-09-29T22:22:46.6428100Z ........................................................................ [ 23%]
2026-09-29T22:22:46.6766700Z ........................................................................ [ 24%]
2026-09-29T22:22:46.7087720Z ........................................................................ [ 26%]
2026-09-29T22:22:46.7375310Z ........................................................................ [ 28%]
2026-09-29T22:22:46.7628670Z ........................................................................ [ 30%]
2026-09-29T22:22:46.7879050Z ........................................................................ [ 32%]
2026-09-29T22:22:46.8094960Z ........................................................................ [ 34%]
2026-09-29T22:22:46.8295130Z ........................................................................ [ 36%]
2026-09-29T22:22:46.8505700Z ........................................................................ [ 38%]
2026-09-29T22:22:46.8730490Z ........................................................................ [ 39%]
2026-09-29T22:22:46.8952860Z ........................................................................ [ 41%]
2026-09-29T22:22:46.9175020Z ........................................................................ [ 43%]
2026-09-29T22:22:46.9378130Z ........................................................................ [ 45%]
2026-09-29T22:22:46.9596960Z ........................................................................ [ 47%]
2026-09-29T22:22:46.9730550Z .................................                                        [ 48%]
2026-09-29T22:22:47.0035600Z tests/py/test_path_dispatch.py ................................          [ 49%]
2026-09-29T22:22:47.0045440Z tests/py/test_py_tests_basetemp.py ..                                    [ 49%]
2026-09-29T22:22:47.0054740Z tests/py/test_smoke.py ...                                               [ 49%]
2026-09-29T22:22:47.0173940Z tests/unit/native_types/test_build_sources.py .......                    [ 49%]
2026-09-29T22:22:47.1852880Z tests/unit/native_types/test_hook_import_gating.py .......               [ 49%]
2026-09-29T22:22:47.1961980Z tests/unit/native_types/test_native_benchmark_agreement.py ...........   [ 49%]
2026-09-29T22:22:47.2632600Z tests/unit/native_types/test_native_benchmark_dataset.py .....           [ 49%]
2026-09-29T22:22:47.2657980Z tests/unit/native_types/test_native_benchmark_rows.py .......            [ 50%]
2026-09-29T22:22:47.2827500Z tests/unit/native_types/test_native_ci_fetch.py ....                     [ 50%]
2026-09-29T22:22:47.2941070Z tests/unit/native_types/test_native_ci_summary.py .....                  [ 50%]
2026-09-29T22:22:47.3442950Z tests/unit/native_types/test_native_flag.py ..........................s. [ 51%]
2026-09-29T22:22:47.4036400Z ..                                                                       [ 51%]
2026-09-29T22:22:47.4169600Z tests/unit/native_types/test_native_identity_ab.py .......               [ 51%]
2026-09-29T22:22:47.4292120Z tests/unit/native_types/test_native_opt_out.py ......................... [ 52%]
2026-09-29T22:22:47.4641090Z ........................................................................ [ 53%]
2026-09-29T22:22:47.4859780Z ..................................................                       [ 55%]
2026-09-29T22:22:47.4933210Z tests/unit/native_types/test_parse_contract.py ......................... [ 55%]
2026-09-29T22:22:47.5402760Z .................................................                        [ 57%]
2026-09-29T22:22:47.5467480Z tests/unit/native_types/test_serializer_contract.py .................... [ 57%]
2026-09-29T22:22:47.7478560Z ........................................................................ [ 59%]
2026-09-29T22:22:47.7561970Z ....................                                                     [ 60%]
2026-09-29T22:22:47.7936550Z tests/unit/native_types/test_training_scope.py ............              [ 60%]
2026-09-29T22:22:48.0729130Z tests/unit/test_ab_analysis.py ......................................    [ 61%]
2026-09-29T22:22:48.0827770Z tests/unit/test_build_manifest.py ...........                            [ 61%]
2026-09-29T22:22:48.1009890Z tests/unit/test_canonical_builds.py ....                                 [ 61%]
2026-09-29T22:22:48.2677250Z tests/unit/test_ci_fetch.py ........................                     [ 62%]
2026-09-29T22:22:48.3237120Z tests/unit/test_ci_summary.py .......................                    [ 62%]
2026-09-29T22:22:48.3317450Z tests/unit/test_config.py ...........................                    [ 63%]
2026-09-29T22:22:48.3440550Z tests/unit/test_core_purity.py ....                                      [ 63%]
2026-09-29T22:22:48.3515060Z tests/unit/test_cross_sample.py ......                                   [ 63%]
2026-09-29T22:22:48.3782700Z tests/unit/test_dumps.py ............................................... [ 65%]
2026-09-29T22:22:48.3861320Z ..........                                                               [ 65%]
2026-09-29T22:22:48.3959980Z tests/unit/test_dumps_brace_fold.py .........                            [ 65%]
2026-09-29T22:22:48.6462620Z tests/unit/test_dumps_cold_start.py ....                                 [ 65%]
2026-09-29T22:22:48.6604200Z tests/unit/test_dumps_contract.py ...................................... [ 66%]
2026-09-29T22:22:48.6878050Z .............................................................            [ 68%]
2026-09-29T22:22:48.7020660Z tests/unit/test_dumps_cycles_fused.py .................................. [ 69%]
2026-09-29T22:22:48.7262880Z ......................................................                   [ 70%]
2026-09-29T22:22:49.0495600Z tests/unit/test_dumps_general_tables.py ............................     [ 71%]
2026-09-29T22:22:49.4837610Z tests/unit/test_dumps_latch.py ............................              [ 72%]
2026-09-29T22:22:49.5429790Z tests/unit/test_dumps_private_cache.py ................................  [ 72%]
2026-09-29T22:22:50.3575720Z tests/unit/test_dumps_reentrancy.py .................................... [ 73%]
2026-09-29T22:22:51.7411590Z ......................................................................   [ 75%]
2026-09-29T22:22:52.5737620Z tests/unit/test_dumps_reentrancy_review.py ............................. [ 76%]
2026-09-29T22:22:52.7497400Z ..                                                                       [ 76%]
2026-09-29T22:22:52.7904320Z tests/unit/test_dumps_schema_failure.py ...........................      [ 77%]
2026-09-29T22:22:53.3970530Z tests/unit/test_dumps_user_step_counter.py ..........................    [ 77%]
2026-09-29T22:22:53.4134610Z tests/unit/test_dumps_with_default.py .................................. [ 78%]
2026-09-29T22:22:53.4450130Z ........................................................................ [ 80%]
2026-09-29T22:22:53.5372120Z .........................................................                [ 82%]
2026-09-29T22:22:53.5497390Z tests/unit/test_dumps_with_default_state.py ............................ [ 82%]
2026-09-29T22:22:53.6030980Z ........................................................................ [ 84%]
2026-09-29T22:22:53.7643090Z ..............                                                           [ 84%]
2026-09-29T22:22:53.8148470Z tests/unit/test_folder.py .............................................. [ 86%]
2026-09-29T22:22:53.8711750Z .........................................                                [ 87%]
2026-09-29T22:22:53.8745920Z tests/unit/test_fused_verification.py ..                                 [ 87%]
2026-09-29T22:22:53.9148690Z tests/unit/test_hook_build_scope.py ...............................      [ 88%]
2026-09-29T22:22:54.0377480Z tests/unit/test_json_cursor.py ...........................               [ 88%]
2026-09-29T22:22:54.0541960Z tests/unit/test_jsonpath.py ............................................ [ 89%]
2026-09-29T22:22:54.1437810Z .......................................................................  [ 91%]
2026-09-29T22:22:54.2032080Z tests/unit/test_load_dump.py ........................................... [ 92%]
2026-09-29T22:22:54.2034100Z                                                                          [ 92%]
2026-09-29T22:22:54.2180540Z tests/unit/test_loads.py ............................................... [ 94%]
2026-09-29T22:22:54.2639320Z ........................................................................ [ 95%]
2026-09-29T22:22:55.0943020Z ................                                                         [ 96%]
2026-09-29T22:22:55.1002000Z tests/unit/test_native_interleaved_profile.py ...                        [ 96%]
2026-09-29T22:22:55.1785130Z tests/unit/test_nested_container_probe.py ....                           [ 96%]
2026-09-29T22:22:55.2582310Z tests/unit/test_path_dispatch.py ................................        [ 97%]
2026-09-29T22:22:55.3186020Z tests/unit/test_provenance.py ..................                         [ 97%]
2026-09-29T22:22:55.3742630Z tests/unit/test_regression_check.py ..........................           [ 98%]
2026-09-29T22:22:55.4512280Z tests/unit/test_search_stream.py .................                       [ 99%]
2026-09-29T22:22:55.4516830Z tests/unit/test_string_identity_probe.py .                               [ 99%]
2026-09-29T22:22:55.5288240Z tests/unit/test_supplementary.py .............                           [ 99%]
2026-09-29T22:22:55.5790990Z tests/unit/test_supportability_check.py ....................             [ 99%]
2026-09-29T22:22:55.6454590Z tests/unit/test_version.py ....                                          [100%]
2026-09-29T22:22:55.6455240Z 
2026-09-29T22:22:55.6456270Z ====================== 3835 passed, 13 skipped in 12.68s =======================
2026-09-29T22:22:55.9395630Z ==> PGO: generating benchmark data
2026-09-29T22:22:55.9489070Z PYTHONPATH=. .venv/bin/python -m benchmarks.data.generate_bench_data --out-dir benchmarks/data/generated/small  --num-users 1000 --max-orders 10 --max-items 5  --records 500
2026-09-29T22:22:56.1544090Z   benchmarks/data/generated/small/users.json  (1680 KB)
2026-09-29T22:22:56.1544960Z   benchmarks/data/generated/small/users.ndjson  (1679 KB)
2026-09-29T22:22:56.1545730Z   benchmarks/data/generated/small/flat.json  (209 KB)
2026-09-29T22:22:56.1546480Z   benchmarks/data/generated/small/nested.json  (148 KB)
2026-09-29T22:22:56.1547280Z   benchmarks/data/generated/small/wide_arrays.json  (1218 KB)
2026-09-29T22:22:56.1548100Z   benchmarks/data/generated/small/mixed.json  (34 KB)
2026-09-29T22:22:56.1588050Z PYTHONPATH=. .venv/bin/python -m benchmarks.data.generate_bench_data --out-dir benchmarks/data/generated/medium --num-users 2000 --max-orders 20 --max-items 10 --records 2000
2026-09-29T22:22:57.1494300Z   benchmarks/data/generated/medium/users.json  (9883 KB)
2026-09-29T22:22:57.1495760Z   benchmarks/data/generated/medium/users.ndjson  (9881 KB)
2026-09-29T22:22:57.1497340Z   benchmarks/data/generated/medium/flat.json  (836 KB)
2026-09-29T22:22:57.1498370Z   benchmarks/data/generated/medium/nested.json  (594 KB)
2026-09-29T22:22:57.1499370Z   benchmarks/data/generated/medium/wide_arrays.json  (4874 KB)
2026-09-29T22:22:57.1500380Z   benchmarks/data/generated/medium/mixed.json  (138 KB)
2026-09-29T22:22:57.1592300Z PYTHONPATH=. .venv/bin/python -m benchmarks.data.generate_bench_data --out-dir benchmarks/data/generated/large  --num-users 4000 --max-orders 40 --max-items 20 --records 5000
2026-09-29T22:23:03.6332390Z   benchmarks/data/generated/large/users.json  (68083 KB)
2026-09-29T22:23:03.6333260Z   benchmarks/data/generated/large/users.ndjson  (68079 KB)
2026-09-29T22:23:03.6333620Z   benchmarks/data/generated/large/flat.json  (2092 KB)
2026-09-29T22:23:03.6333970Z   benchmarks/data/generated/large/nested.json  (1488 KB)
2026-09-29T22:23:03.6334310Z   benchmarks/data/generated/large/wide_arrays.json  (12185 KB)
2026-09-29T22:23:03.6334660Z   benchmarks/data/generated/large/mixed.json  (347 KB)
2026-09-29T22:23:03.6404510Z ==> PGO: verification benchmarks
2026-09-29T22:23:19.6295850Z wrote build/pgo/bench_results_pgo.md
2026-09-29T22:23:19.6419790Z ==> PGO complete
2026-09-29T22:23:19.6420130Z     profile: /Users/runner/work/_temp/identity-arm/build/pgo/strata.profdata
2026-09-29T22:23:19.6420520Z     results: build/pgo/bench_results_pgo.md
2026-09-29T22:23:19.6420810Z     The installed extension is now the PGO+LTO build.
2026-09-29T22:23:19.6472680Z + git worktree remove --force /Users/runner/work/_temp/identity-arm
2026-09-29T22:23:20.4752630Z + git worktree prune
2026-09-29T22:23:20.4832680Z + git worktree add --force --detach /Users/runner/work/_temp/identity-arm HEAD
2026-09-29T22:23:20.4917990Z Preparing worktree (detached HEAD 33465c2)
2026-09-29T22:23:21.0430280Z HEAD is now at 33465c2 Record M15c's five-leg sample 36632472320
2026-09-29T22:23:21.0453380Z + make install-bench
2026-09-29T22:23:21.0764840Z python3 -m venv .venv
2026-09-29T22:23:23.4696260Z .venv/bin/python -m pip install -U pip setuptools wheel
2026-09-29T22:23:23.7631430Z Requirement already satisfied: pip in ./.venv/lib/python3.12/site-packages (25.0.1)
2026-09-29T22:23:23.8149940Z Collecting pip
2026-09-29T22:23:23.8167350Z   Using cached pip-26.2.1-py3-none-any.whl.metadata (4.6 kB)
2026-09-29T22:23:23.8894230Z Collecting setuptools
2026-09-29T22:23:23.8913010Z   Using cached setuptools-84.0.0-py3-none-any.whl.metadata (6.6 kB)
2026-09-29T22:23:23.9086280Z Collecting wheel
2026-09-29T22:23:23.9102200Z   Using cached wheel-0.48.0-py3-none-any.whl.metadata (2.3 kB)
2026-09-29T22:23:23.9233860Z Collecting packaging>=24.0 (from wheel)
2026-09-29T22:23:23.9252340Z   Using cached packaging-26.3-py3-none-any.whl.metadata (3.5 kB)
2026-09-29T22:23:23.9289160Z Using cached pip-26.2.1-py3-none-any.whl (1.8 MB)
2026-09-29T22:23:23.9345770Z Using cached setuptools-84.0.0-py3-none-any.whl (818 kB)
2026-09-29T22:23:23.9379500Z Using cached wheel-0.48.0-py3-none-any.whl (33 kB)
2026-09-29T22:23:23.9396200Z Using cached packaging-26.3-py3-none-any.whl (129 kB)
2026-09-29T22:23:23.9548070Z Installing collected packages: setuptools, pip, packaging, wheel
2026-09-29T22:23:24.2957860Z   Attempting uninstall: pip
2026-09-29T22:23:24.2974860Z     Found existing installation: pip 25.0.1
2026-09-29T22:23:24.3179220Z     Uninstalling pip-25.0.1:
2026-09-29T22:23:24.3238190Z       Successfully uninstalled pip-25.0.1
2026-09-29T22:23:25.2547920Z Successfully installed packaging-26.3 pip-26.2.1 setuptools-84.0.0 wheel-0.48.0
2026-09-29T22:23:25.3369260Z .venv/bin/python -m pip install -e '.[dev,bench]'
2026-09-29T22:23:25.5881850Z Obtaining file:///Users/runner/work/_temp/identity-arm
2026-09-29T22:23:25.5908460Z   Installing build dependencies: started
2026-09-29T22:23:27.3815490Z   Installing build dependencies: finished with status 'done'
2026-09-29T22:23:27.3832900Z   Checking if build backend supports build_editable: started
2026-09-29T22:23:27.6341950Z   Checking if build backend supports build_editable: finished with status 'done'
2026-09-29T22:23:27.6362830Z   Getting requirements to build editable: started
2026-09-29T22:23:28.0022150Z   Getting requirements to build editable: finished with status 'done'
2026-09-29T22:23:28.0065240Z   Preparing editable metadata (pyproject.toml): started
2026-09-29T22:23:28.2812650Z   Preparing editable metadata (pyproject.toml): finished with status 'done'
2026-09-29T22:23:28.3465030Z Collecting cmake>=3.20 (from strata==2026.8.10)
2026-09-29T22:23:28.3480100Z   Using cached cmake-4.4.3-py3-none-macosx_10_10_universal2.whl.metadata (7.0 kB)
2026-09-29T22:23:28.3592810Z Collecting pytest>=7 (from strata==2026.8.10)
2026-09-29T22:23:28.3606020Z   Using cached pytest-9.1.1-py3-none-any.whl.metadata (7.6 kB)
2026-09-29T22:23:28.3955070Z Collecting pytest-cov>=4 (from strata==2026.8.10)
2026-09-29T22:23:28.3970080Z   Using cached pytest_cov-7.1.0-py3-none-any.whl.metadata (32 kB)
2026-09-29T22:23:28.5619680Z Collecting ruff>=0.5 (from strata==2026.8.10)
2026-09-29T22:23:28.5635100Z   Using cached ruff-0.16.9-py3-none-macosx_11_0_arm64.whl.metadata (20 kB)
2026-09-29T22:23:28.5800570Z Collecting pre-commit>=3.5 (from strata==2026.8.10)
2026-09-29T22:23:28.5815090Z   Using cached pre_commit-4.6.2-py2.py3-none-any.whl.metadata (1.2 kB)
2026-09-29T22:23:28.6133480Z Collecting clang-format<22,>=21 (from strata==2026.8.10)
2026-09-29T22:23:28.6149970Z   Using cached clang_format-21.1.8-py2.py3-none-macosx_11_0_arm64.whl.metadata (4.7 kB)
2026-09-29T22:23:28.7436770Z Collecting orjson (from strata==2026.8.10)
2026-09-29T22:23:28.7452930Z   Using cached orjson-3.12.0-cp312-cp312-macosx_15_0_arm64.whl.metadata (41 kB)
2026-09-29T22:23:28.7921430Z Collecting msgspec (from strata==2026.8.10)
2026-09-29T22:23:28.7941880Z   Using cached msgspec-0.22.0-cp312-cp312-macosx_11_0_arm64.whl.metadata (6.0 kB)
2026-09-29T22:23:28.8328410Z Collecting ujson (from strata==2026.8.10)
2026-09-29T22:23:28.8345480Z   Using cached ujson-6.0.0-cp312-cp312-macosx_11_0_arm64.whl.metadata (10.0 kB)
2026-09-29T22:23:28.8611300Z Collecting pysimdjson (from strata==2026.8.10)
2026-09-29T22:23:28.8627210Z   Using cached pysimdjson-7.0.2-cp312-cp312-macosx_10_13_universal2.whl.metadata (1.1 kB)
2026-09-29T22:23:28.8725870Z Collecting jmespath (from strata==2026.8.10)
2026-09-29T22:23:28.8740070Z   Using cached jmespath-1.1.0-py3-none-any.whl.metadata (7.6 kB)
2026-09-29T22:23:28.8823440Z Collecting jsonpath-ng (from strata==2026.8.10)
2026-09-29T22:23:28.8837240Z   Using cached jsonpath_ng-1.8.0-py3-none-any.whl.metadata (18 kB)
2026-09-29T22:23:28.9174800Z Collecting psutil>=5 (from strata==2026.8.10)
2026-09-29T22:23:28.9188240Z   Using cached psutil-7.2.2-cp36-abi3-macosx_11_0_arm64.whl.metadata (22 kB)
2026-09-29T22:23:28.9286670Z Collecting cfgv>=2.0.0 (from pre-commit>=3.5->strata==2026.8.10)
2026-09-29T22:23:28.9297200Z   Using cached cfgv-3.5.0-py2.py3-none-any.whl.metadata (8.9 kB)
2026-09-29T22:23:28.9473100Z Collecting identify>=1.0.0 (from pre-commit>=3.5->strata==2026.8.10)
2026-09-29T22:23:28.9485960Z   Using cached identify-2.6.20-py2.py3-none-any.whl.metadata (4.4 kB)
2026-09-29T22:23:28.9575210Z Collecting nodeenv>=0.11.1 (from pre-commit>=3.5->strata==2026.8.10)
2026-09-29T22:23:28.9586250Z   Using cached nodeenv-1.11.0-py2.py3-none-any.whl.metadata (40 kB)
2026-09-29T22:23:28.9849450Z Collecting pyyaml>=5.1 (from pre-commit>=3.5->strata==2026.8.10)
2026-09-29T22:23:28.9864500Z   Using cached pyyaml-6.0.3-cp312-cp312-macosx_11_0_arm64.whl.metadata (2.4 kB)
2026-09-29T22:23:29.0076270Z Collecting virtualenv>=20.10.0 (from pre-commit>=3.5->strata==2026.8.10)
2026-09-29T22:23:29.0087410Z   Using cached virtualenv-21.14.0-py3-none-any.whl.metadata (4.1 kB)
2026-09-29T22:23:29.0129970Z Collecting iniconfig>=1.0.1 (from pytest>=7->strata==2026.8.10)
2026-09-29T22:23:29.0138730Z   Using cached iniconfig-2.3.0-py3-none-any.whl.metadata (2.5 kB)
2026-09-29T22:23:29.0150230Z Requirement already satisfied: packaging>=22 in ./.venv/lib/python3.12/site-packages (from pytest>=7->strata==2026.8.10) (26.3)
2026-09-29T22:23:29.0173250Z Collecting pluggy<2,>=1.5 (from pytest>=7->strata==2026.8.10)
2026-09-29T22:23:29.0181890Z   Using cached pluggy-1.6.0-py3-none-any.whl.metadata (4.8 kB)
2026-09-29T22:23:29.0240640Z Collecting pygments>=2.7.2 (from pytest>=7->strata==2026.8.10)
2026-09-29T22:23:29.0249080Z   Using cached pygments-2.21.0-py3-none-any.whl.metadata (2.5 kB)
2026-09-29T22:23:29.2258250Z Collecting coverage>=7.10.6 (from coverage[toml]>=7.10.6->pytest-cov>=4->strata==2026.8.10)
2026-09-29T22:23:29.2273810Z   Using cached coverage-7.16.2-cp312-cp312-macosx_11_0_arm64.whl.metadata (8.2 kB)
2026-09-29T22:23:29.2400420Z Collecting distlib<1,>=0.3.7 (from virtualenv>=20.10.0->pre-commit>=3.5->strata==2026.8.10)
2026-09-29T22:23:29.2416260Z   Using cached distlib-0.4.3-py2.py3-none-any.whl.metadata (5.3 kB)
2026-09-29T22:23:29.2570380Z Collecting filelock<5,>=3.24.2 (from virtualenv>=20.10.0->pre-commit>=3.5->strata==2026.8.10)
2026-09-29T22:23:29.2587660Z   Using cached filelock-4.0.6-py3-none-any.whl.metadata (2.0 kB)
2026-09-29T22:23:29.2728070Z Collecting platformdirs<5,>=3.9.1 (from virtualenv>=20.10.0->pre-commit>=3.5->strata==2026.8.10)
2026-09-29T22:23:29.2743290Z   Using cached platformdirs-4.12.2-py3-none-any.whl.metadata (5.5 kB)
2026-09-29T22:23:29.2842080Z Collecting python-discovery>=1.6 (from virtualenv>=20.10.0->pre-commit>=3.5->strata==2026.8.10)
2026-09-29T22:23:29.2856860Z   Using cached python_discovery-1.6.1-py3-none-any.whl.metadata (5.1 kB)
2026-09-29T22:23:29.2940430Z Using cached clang_format-21.1.8-py2.py3-none-macosx_11_0_arm64.whl (1.5 MB)
2026-09-29T22:23:29.3025220Z Using cached cmake-4.4.3-py3-none-macosx_10_10_universal2.whl (54.4 MB)
2026-09-29T22:23:29.3277760Z Using cached pre_commit-4.6.2-py2.py3-none-any.whl (226 kB)
2026-09-29T22:23:29.3313880Z Using cached cfgv-3.5.0-py2.py3-none-any.whl (7.4 kB)
2026-09-29T22:23:29.3329220Z Using cached identify-2.6.20-py2.py3-none-any.whl (99 kB)
2026-09-29T22:23:29.3370520Z Using cached nodeenv-1.11.0-py2.py3-none-any.whl (34 kB)
2026-09-29T22:23:29.3388720Z Using cached psutil-7.2.2-cp36-abi3-macosx_11_0_arm64.whl (129 kB)
2026-09-29T22:23:29.3404330Z Using cached pytest-9.1.1-py3-none-any.whl (386 kB)
2026-09-29T22:23:29.3417960Z Using cached pluggy-1.6.0-py3-none-any.whl (20 kB)
2026-09-29T22:23:29.3429610Z Using cached iniconfig-2.3.0-py3-none-any.whl (7.5 kB)
2026-09-29T22:23:29.3442780Z Using cached pygments-2.21.0-py3-none-any.whl (1.3 MB)
2026-09-29T22:23:29.3464620Z Using cached pytest_cov-7.1.0-py3-none-any.whl (22 kB)
2026-09-29T22:23:29.3478190Z Using cached coverage-7.16.2-cp312-cp312-macosx_11_0_arm64.whl (224 kB)
2026-09-29T22:23:29.3507490Z Using cached pyyaml-6.0.3-cp312-cp312-macosx_11_0_arm64.whl (173 kB)
2026-09-29T22:23:29.3531470Z Using cached ruff-0.16.9-py3-none-macosx_11_0_arm64.whl (9.9 MB)
2026-09-29T22:23:29.3669200Z Using cached virtualenv-21.14.0-py3-none-any.whl (5.5 MB)
2026-09-29T22:23:29.3819380Z Using cached distlib-0.4.3-py2.py3-none-any.whl (470 kB)
2026-09-29T22:23:29.3864990Z Using cached filelock-4.0.6-py3-none-any.whl (109 kB)
2026-09-29T22:23:29.3890030Z Using cached platformdirs-4.12.2-py3-none-any.whl (32 kB)
2026-09-29T22:23:29.3905730Z Using cached python_discovery-1.6.1-py3-none-any.whl (38 kB)
2026-09-29T22:23:29.3923190Z Using cached jmespath-1.1.0-py3-none-any.whl (20 kB)
2026-09-29T22:23:29.3940730Z Using cached jsonpath_ng-1.8.0-py3-none-any.whl (67 kB)
2026-09-29T22:23:29.3959590Z Using cached msgspec-0.22.0-cp312-cp312-macosx_11_0_arm64.whl (193 kB)
2026-09-29T22:23:29.3976030Z Using cached orjson-3.12.0-cp312-cp312-macosx_15_0_arm64.whl (123 kB)
2026-09-29T22:23:29.3998410Z Using cached pysimdjson-7.0.2-cp312-cp312-macosx_10_13_universal2.whl (1.9 MB)
2026-09-29T22:23:29.4044310Z Using cached ujson-6.0.0-cp312-cp312-macosx_11_0_arm64.whl (54 kB)
2026-09-29T22:23:29.5041190Z Building wheels for collected packages: strata
2026-09-29T22:23:29.5049130Z   Building editable for strata (pyproject.toml): started
2026-09-29T22:24:30.4974700Z   Building editable for strata (pyproject.toml): still running...
2026-09-29T22:25:30.8926690Z   Building editable for strata (pyproject.toml): still running...
2026-09-29T22:26:02.5080740Z   Building editable for strata (pyproject.toml): finished with status 'done'
2026-09-29T22:26:02.5104950Z   Created wheel for strata: filename=strata-2026.8.10-0.editable-cp312-cp312-macosx_10_13_universal2.whl size=4469 sha256=bc5b69b6911d49ffff3b567ce8807080d9c12f2e13d77da8091407facfec0a83
2026-09-29T22:26:02.5108150Z   Stored in directory: /private/var/folders/36/tjdph2t965j8snz9_vkdnw0r0000gn/T/pip-ephem-wheel-cache-jn_kh08q/wheels/7b/1b/eb/abe54c2d77ec732092c8f62a1f4d1b0633e7a88840a1c7b2be
2026-09-29T22:26:02.5177610Z Successfully built strata
2026-09-29T22:26:02.5843170Z Installing collected packages: jsonpath-ng, distlib, clang-format, ujson, strata, ruff, pyyaml, pysimdjson, pygments, psutil, pluggy, platformdirs, orjson, nodeenv, msgspec, jmespath, iniconfig, identify, filelock, coverage, cmake, cfgv, python-discovery, pytest, virtualenv, pytest-cov, pre-commit
2026-09-29T22:26:05.1400280Z 
2026-09-29T22:26:05.1422410Z Successfully installed cfgv-3.5.0 clang-format-21.1.8 cmake-4.4.3 coverage-7.16.2 distlib-0.4.3 filelock-4.0.6 identify-2.6.20 iniconfig-2.3.0 jmespath-1.1.0 jsonpath-ng-1.8.0 msgspec-0.22.0 nodeenv-1.11.0 orjson-3.12.0 platformdirs-4.12.2 pluggy-1.6.0 pre-commit-4.6.2 psutil-7.2.2 pygments-2.21.0 pysimdjson-7.0.2 pytest-9.1.1 pytest-cov-7.1.0 python-discovery-1.6.1 pyyaml-6.0.3 ruff-0.16.9 strata-2026.8.10 ujson-6.0.0 virtualenv-21.14.0
2026-09-29T22:26:05.7838120Z + /Users/runner/work/_temp/identity-arm/.venv/bin/python -m pip install --force-reinstall --no-deps -e .
2026-09-29T22:26:06.1555610Z Obtaining file:///Users/runner/work/_temp/identity-arm
2026-09-29T22:26:06.1608120Z   Installing build dependencies: started
2026-09-29T22:26:07.9958710Z   Installing build dependencies: finished with status 'done'
2026-09-29T22:26:07.9965990Z   Checking if build backend supports build_editable: started
2026-09-29T22:26:08.2528010Z   Checking if build backend supports build_editable: finished with status 'done'
2026-09-29T22:26:08.2538890Z   Getting requirements to build editable: started
2026-09-29T22:26:08.5541210Z   Getting requirements to build editable: finished with status 'done'
2026-09-29T22:26:08.5552400Z   Preparing editable metadata (pyproject.toml): started
2026-09-29T22:26:08.7355890Z   Preparing editable metadata (pyproject.toml): finished with status 'done'
2026-09-29T22:26:08.7399060Z Building wheels for collected packages: strata
2026-09-29T22:26:08.7406150Z   Building editable for strata (pyproject.toml): started
2026-09-29T22:26:54.7677250Z   Building editable for strata (pyproject.toml): finished with status 'done'
2026-09-29T22:26:54.7701110Z   Created wheel for strata: filename=strata-2026.8.10-0.editable-cp312-cp312-macosx_10_13_universal2.whl size=4469 sha256=f8726fc54c9ddd3c842290497a90bf488ab53d2bc57809b67a95819bc6137077
2026-09-29T22:26:54.7702690Z   Stored in directory: /private/var/folders/36/tjdph2t965j8snz9_vkdnw0r0000gn/T/pip-ephem-wheel-cache-yl9sfoda/wheels/7b/1b/eb/abe54c2d77ec732092c8f62a1f4d1b0633e7a88840a1c7b2be
2026-09-29T22:26:54.7743240Z Successfully built strata
2026-09-29T22:26:54.7836420Z Installing collected packages: strata
2026-09-29T22:26:54.7836890Z   Attempting uninstall: strata
2026-09-29T22:26:54.7854390Z     Found existing installation: strata 2026.8.10
2026-09-29T22:26:54.7871360Z     Uninstalling strata-2026.8.10:
2026-09-29T22:26:54.8341510Z       Successfully uninstalled strata-2026.8.10
2026-09-29T22:26:54.8398010Z Successfully installed strata-2026.8.10
2026-09-29T22:26:55.1293130Z + git worktree remove --force /Users/runner/work/_temp/identity-arm
2026-09-29T22:26:55.6858400Z __DATA,__data                    512465c948312f2e 512465c948312f2e identical
2026-09-29T22:26:55.6859030Z __DATA,__la_symbol_ptr           2feeea697e3541ab 2feeea697e3541ab identical
2026-09-29T22:26:55.6870720Z __DATA,__thread_data             fef02424157f106b fef02424157f106b identical
2026-09-29T22:26:55.6871300Z __DATA,__thread_vars             148e0350e689c8e2 148e0350e689c8e2 identical
2026-09-29T22:26:55.6871700Z __DATA_CONST,__const             34b6d3658f1fc1da 34b6d3658f1fc1da identical
2026-09-29T22:26:55.6872150Z __DATA_CONST,__got               ab8e97eb9c31782e ab8e97eb9c31782e identical
2026-09-29T22:26:55.6872610Z __TEXT,__const                   21c3c7f54a252dd9 21c3c7f54a252dd9 identical
2026-09-29T22:26:55.6873040Z __TEXT,__cstring                 06712c0deed44fc7 06712c0deed44fc7 identical
2026-09-29T22:26:55.6873470Z __TEXT,__gcc_except_tab          2d479ccd85a01b5f 2d479ccd85a01b5f identical
2026-09-29T22:26:55.6873880Z __TEXT,__stub_helper             4dd42c4b55dc62cd 4dd42c4b55dc62cd identical
2026-09-29T22:26:55.6874310Z __TEXT,__stubs                   58723f86ffd90ad1 58723f86ffd90ad1 identical
2026-09-29T22:26:55.6874710Z __TEXT,__text                    20eb0672209e51a6 20eb0672209e51a6 identical
2026-09-29T22:26:55.6875190Z __TEXT,__unwind_info             2bd188b1d7754bd9 2bd188b1d7754bd9 identical
2026-09-29T22:26:55.6875500Z CODE IDENTICAL
2026-09-29T22:26:55.6875780Z __DATA,__data                    c5d3edd81b92fde3 c5d3edd81b92fde3 identical
2026-09-29T22:26:55.6876210Z __DATA,__la_symbol_ptr           6b5cb6d2a4267898 6b5cb6d2a4267898 identical
2026-09-29T22:26:55.6876610Z __DATA,__thread_data             fef02424157f106b fef02424157f106b identical
2026-09-29T22:26:55.6877050Z __DATA,__thread_vars             5346dbcf4f244833 5346dbcf4f244833 identical
2026-09-29T22:26:55.6877440Z __DATA_CONST,__const             b09cf3a7cc686c8f b09cf3a7cc686c8f identical
2026-09-29T22:26:55.6877870Z __DATA_CONST,__got               e26dbe0b5474854e e26dbe0b5474854e identical
2026-09-29T22:26:55.6878250Z __TEXT,__const                   320daa1b1e0e78b3 320daa1b1e0e78b3 identical
2026-09-29T22:26:55.6878690Z __TEXT,__cstring                 5e56a9829ebffeca 5e56a9829ebffeca identical
2026-09-29T22:26:55.6879150Z __TEXT,__gcc_except_tab          f1e4e03d808774d8 f1e4e03d808774d8 identical
2026-09-29T22:26:55.6879650Z __TEXT,__stub_helper             a88ee8f251d8c05a a88ee8f251d8c05a identical
2026-09-29T22:26:55.6880180Z __TEXT,__stubs                   c1a926e73ec43983 c1a926e73ec43983 identical
2026-09-29T22:26:55.6880600Z __TEXT,__text                    0c2b77e8ced09b6d 0c2b77e8ced09b6d identical
2026-09-29T22:26:55.6881030Z __TEXT,__unwind_info             e5aacd3bb78e0bef e5aacd3bb78e0bef identical
2026-09-29T22:26:55.6881430Z CODE IDENTICAL
2026-09-29T22:26:55.6881680Z {
2026-09-29T22:26:55.6882070Z  "base": "234ea15861d2f37b1b55c6251281a49021864441",
2026-09-29T22:26:55.6882420Z  "plain_exit": 0,
2026-09-29T22:26:55.6882720Z  "held_pgo_exit": 0
2026-09-29T22:26:55.6883250Z }
2026-09-29T22:26:55.6883560Z plain build: exit 0
2026-09-29T22:26:55.6883860Z held-profile pgo+lto build: exit 0
2026-09-29T22:26:55.6884000Z 
2026-09-29T22:26:55.7256200Z ##[group]Run actions/upload-artifact@v4
2026-09-29T22:26:55.7256450Z with:
2026-09-29T22:26:55.7256690Z   name: benchmark-macos-arm64
2026-09-29T22:26:55.7257070Z   path: bench_ci_*.md
bench_ci_*.json
bench_native_*.md
bench_native_*.json
identity-*.txt

2026-09-29T22:26:55.7257490Z   if-no-files-found: ignore
2026-09-29T22:26:55.7257710Z   compression-level: 6
2026-09-29T22:26:55.7257950Z   overwrite: false
2026-09-29T22:26:55.7258140Z   include-hidden-files: false
2026-09-29T22:26:55.7258430Z env:
2026-09-29T22:26:55.7258650Z   ARCHFLAGS: -arch arm64
2026-09-29T22:26:55.7258940Z   pythonLocation: /Users/runner/hostedtoolcache/Python/3.12.10/arm64
2026-09-29T22:26:55.7259440Z   PKG_CONFIG_PATH: /Users/runner/hostedtoolcache/Python/3.12.10/arm64/lib/pkgconfig
2026-09-29T22:26:55.7259880Z   Python_ROOT_DIR: /Users/runner/hostedtoolcache/Python/3.12.10/arm64
2026-09-29T22:26:55.7260360Z   Python2_ROOT_DIR: /Users/runner/hostedtoolcache/Python/3.12.10/arm64
2026-09-29T22:26:55.7260790Z   Python3_ROOT_DIR: /Users/runner/hostedtoolcache/Python/3.12.10/arm64
2026-09-29T22:26:55.7261130Z ##[endgroup]
2026-09-29T22:26:56.1990820Z (node:35536) [DEP0040] DeprecationWarning: The `punycode` module is deprecated. Please use a userland alternative instead.
2026-09-29T22:26:56.1992850Z (Use `node --trace-deprecation ...` to show where the warning was created)
2026-09-29T22:26:56.2064350Z With the provided path, there will be 5 files uploaded
2026-09-29T22:26:56.2066930Z Artifact name is valid!
2026-09-29T22:26:56.2067430Z Root directory input is valid!
2026-09-29T22:26:56.4363710Z Beginning upload of artifact content to blob storage
2026-09-29T22:26:56.4785850Z (node:35536) [DEP0169] DeprecationWarning: `url.parse()` behavior is not standardized and prone to errors that have security implications. Use the WHATWG URL API instead. CVEs are not issued for `url.parse()` vulnerabilities.
2026-09-29T22:26:56.5265300Z Uploaded bytes 66689
2026-09-29T22:26:56.5432680Z Finished uploading artifact content to blob storage!
2026-09-29T22:26:56.5434370Z SHA256 digest of uploaded artifact zip is 956b9ea32f14f90a1e59322281593d6be8b3a14121ee5d5250c19cd2aeac9ee6
2026-09-29T22:26:56.5435100Z Finalizing artifact upload
2026-09-29T22:26:56.7708750Z Artifact benchmark-macos-arm64.zip successfully finalized. Artifact ID 11065907164
2026-09-29T22:26:56.7710810Z Artifact benchmark-macos-arm64 has been successfully uploaded! Final size is 66689 bytes. Artifact ID is 11065907164
2026-09-29T22:26:56.7726340Z Artifact download URL: https://github.com/PrimeLab-Foundation/strata/actions/runs/36637770136/artifacts/11065907164
2026-09-29T22:26:56.8075910Z Post job cleanup.
2026-09-29T22:26:57.0133130Z (node:35546) [DEP0040] DeprecationWarning: The `punycode` module is deprecated. Please use a userland alternative instead.
2026-09-29T22:26:57.0135870Z (Use `node --trace-deprecation ...` to show where the warning was created)
2026-09-29T22:26:57.0279450Z Post job cleanup.
2026-09-29T22:26:57.1728020Z [command]/opt/homebrew/bin/git version
2026-09-29T22:26:57.1817490Z git version 2.55.0
2026-09-29T22:26:57.1904650Z Copying '/Users/runner/.gitconfig' to '/Users/runner/work/_temp/fba56391-67d3-44a3-abc6-940a0a7fe388/.gitconfig'
2026-09-29T22:26:57.1916890Z Temporarily overriding HOME='/Users/runner/work/_temp/fba56391-67d3-44a3-abc6-940a0a7fe388' before making global git config changes
2026-09-29T22:26:57.1917690Z Adding repository directory to the temporary git global config as a safe directory
2026-09-29T22:26:57.1918610Z [command]/opt/homebrew/bin/git config --global --add safe.directory /Users/runner/work/strata/strata
2026-09-29T22:26:57.2010420Z [command]/opt/homebrew/bin/git config --local --name-only --get-regexp core\.sshCommand
2026-09-29T22:26:57.2055110Z [command]/opt/homebrew/bin/git submodule foreach --recursive sh -c "git config --local --name-only --get-regexp 'core\.sshCommand' && git config --local --unset-all 'core.sshCommand' || :"
2026-09-29T22:26:57.3265150Z [command]/opt/homebrew/bin/git config --local --name-only --get-regexp http\.https\:\/\/github\.com\/\.extraheader
2026-09-29T22:26:57.3334130Z http.https://github.com/.extraheader
2026-09-29T22:26:57.3348500Z [command]/opt/homebrew/bin/git config --local --unset-all http.https://github.com/.extraheader
2026-09-29T22:26:57.3459040Z [command]/opt/homebrew/bin/git submodule foreach --recursive sh -c "git config --local --name-only --get-regexp 'http\.https\:\/\/github\.com\/\.extraheader' && git config --local --unset-all 'http.https://github.com/.extraheader' || :"
2026-09-29T22:26:57.4397220Z [command]/opt/homebrew/bin/git config --local --name-only --get-regexp ^includeIf\.gitdir:
2026-09-29T22:26:57.4464350Z [command]/opt/homebrew/bin/git submodule foreach --recursive git config --local --show-origin --name-only --get-regexp remote.origin.url
2026-09-29T22:26:57.5519960Z Cleaning up orphan processes
2026-09-29T22:26:59.3797090Z ##[warning]Node.js 20 is deprecated. The following actions target Node.js 20 but are being forced to run on Node.js 24: actions/checkout@v4, actions/setup-python@v5, actions/upload-artifact@v4. For more information see: https://github.blog/changelog/2025-09-19-deprecation-of-node-20-on-github-actions-runners/
