2026-09-29T22:08:36.4557807Z Current runner version: '2.337.0'
2026-09-29T22:08:36.4584852Z ##[group]Runner Image Provisioner
2026-09-29T22:08:36.4585677Z Hosted Compute Agent
2026-09-29T22:08:36.4586272Z Version: 20260828.587
2026-09-29T22:08:36.4587393Z Commit: abac92662cab4cc7352de4f9f9d2e2419aad9c29
2026-09-29T22:08:36.4588091Z Build Date: 2026-08-28T16:44:25Z
2026-09-29T22:08:36.4588783Z Worker ID: {2e54a0bc-a46a-40de-afe9-cd53710dc24c}
2026-09-29T22:08:36.4589489Z Azure Region: northcentralus
2026-09-29T22:08:36.4590064Z ##[endgroup]
2026-09-29T22:08:36.4591679Z ##[group]Operating System
2026-09-29T22:08:36.4592340Z Microsoft Windows Server 2025
2026-09-29T22:08:36.4592991Z 10.0.26100
2026-09-29T22:08:36.4593485Z Datacenter
2026-09-29T22:08:36.4593975Z ##[endgroup]
2026-09-29T22:08:36.4594531Z ##[group]Runner Image
2026-09-29T22:08:36.4595158Z Image: windows-2025-vs2026
2026-09-29T22:08:36.4595765Z Version: 20260922.246.2
2026-09-29T22:08:36.4597930Z Included Software: https://github.com/actions/runner-images/blob/win25-vs2026/20260922.246/images/windows/Windows2025-VS2026-Readme.md
2026-09-29T22:08:36.4601079Z Image Release: https://github.com/actions/runner-images/releases/tag/win25-vs2026%2F20260922.246
2026-09-29T22:08:36.4602831Z ##[endgroup]
2026-09-29T22:08:36.4604899Z ##[group]GITHUB_TOKEN Permissions
2026-09-29T22:08:36.4607399Z Contents: read
2026-09-29T22:08:36.4608463Z Metadata: read
2026-09-29T22:08:36.4609425Z Packages: read
2026-09-29T22:08:36.4610397Z ##[endgroup]
2026-09-29T22:08:36.4613404Z Secret source: Actions
2026-09-29T22:08:36.4614961Z Cache mode: write
2026-09-29T22:08:36.4616143Z Prepare workflow directory
2026-09-29T22:08:36.5066761Z Prepare all required actions
2026-09-29T22:08:36.5118782Z Getting action download info
2026-09-29T22:08:36.7567584Z Download action repository 'actions/checkout@v4' (SHA:11d5960a326750d5838078e36cf38b85af677262)
2026-09-29T22:08:36.8830563Z Download action repository 'actions/setup-python@v5' (SHA:a26af69be951a213d495a4c3e4e4022e16d87065)
2026-09-29T22:08:37.0349578Z Download action repository 'actions/upload-artifact@v4' (SHA:ea165f8d65b6e75b540449e92b4886f43607fa02)
2026-09-29T22:08:37.3723328Z Complete job name: supportability (windows-x86_64)
2026-09-29T22:08:37.5176920Z ##[group]Run actions/checkout@v4
2026-09-29T22:08:37.5178363Z with:
2026-09-29T22:08:37.5178763Z   fetch-depth: 0
2026-09-29T22:08:37.5179212Z   repository: PrimeLab-Foundation/strata
2026-09-29T22:08:37.5183071Z   token: ***
2026-09-29T22:08:37.5183500Z   ssh-strict: true
2026-09-29T22:08:37.5183901Z   ssh-user: git
2026-09-29T22:08:37.5184311Z   persist-credentials: true
2026-09-29T22:08:37.5184754Z   clean: true
2026-09-29T22:08:37.5185165Z   sparse-checkout-cone-mode: true
2026-09-29T22:08:37.5185646Z   fetch-tags: false
2026-09-29T22:08:37.5186052Z   show-progress: true
2026-09-29T22:08:37.5186455Z   lfs: false
2026-09-29T22:08:37.5186825Z   submodules: false
2026-09-29T22:08:37.5187240Z   set-safe-directory: true
2026-09-29T22:08:37.5187712Z   allow-unsafe-pr-checkout: false
2026-09-29T22:08:37.5188493Z ##[endgroup]
2026-09-29T22:08:37.6763146Z Syncing repository: PrimeLab-Foundation/strata
2026-09-29T22:08:37.6765144Z ##[group]Getting Git version info
2026-09-29T22:08:37.6765836Z Working directory is 'D:\a\strata\strata'
2026-09-29T22:08:37.7573460Z [command]"C:\Program Files\Git\bin\git.exe" version
2026-09-29T22:08:37.9278032Z git version 2.55.0.windows.5
2026-09-29T22:08:37.9330902Z ##[endgroup]
2026-09-29T22:08:37.9357147Z Temporarily overriding HOME='D:\a\_temp\dbd99792-2a97-4a21-a70e-4018ee1bab73' before making global git config changes
2026-09-29T22:08:37.9359706Z Adding repository directory to the temporary git global config as a safe directory
2026-09-29T22:08:37.9370257Z [command]"C:\Program Files\Git\bin\git.exe" config --global --add safe.directory D:\a\strata\strata
2026-09-29T22:08:37.9727328Z Deleting the contents of 'D:\a\strata\strata'
2026-09-29T22:08:37.9735213Z ##[group]Initializing the repository
2026-09-29T22:08:37.9746279Z [command]"C:\Program Files\Git\bin\git.exe" init D:\a\strata\strata
2026-09-29T22:08:38.0296413Z Initialized empty Git repository in D:/a/strata/strata/.git/
2026-09-29T22:08:38.0342349Z [command]"C:\Program Files\Git\bin\git.exe" remote add origin https://github.com/PrimeLab-Foundation/strata
2026-09-29T22:08:38.0723988Z ##[endgroup]
2026-09-29T22:08:38.0725240Z ##[group]Disabling automatic garbage collection
2026-09-29T22:08:38.0730976Z [command]"C:\Program Files\Git\bin\git.exe" config --local gc.auto 0
2026-09-29T22:08:38.1077744Z ##[endgroup]
2026-09-29T22:08:38.1078959Z ##[group]Setting up auth
2026-09-29T22:08:38.1089111Z [command]"C:\Program Files\Git\bin\git.exe" config --local --name-only --get-regexp core\.sshCommand
2026-09-29T22:08:38.1412061Z [command]"C:\Program Files\Git\bin\git.exe" submodule foreach --recursive "sh -c \"git config --local --name-only --get-regexp 'core\.sshCommand' && git config --local --unset-all 'core.sshCommand' || :\""
2026-09-29T22:08:39.2344042Z [command]"C:\Program Files\Git\bin\git.exe" config --local --name-only --get-regexp http\.https\:\/\/github\.com\/\.extraheader
2026-09-29T22:08:39.2652279Z [command]"C:\Program Files\Git\bin\git.exe" submodule foreach --recursive "sh -c \"git config --local --name-only --get-regexp 'http\.https\:\/\/github\.com\/\.extraheader' && git config --local --unset-all 'http.https://github.com/.extraheader' || :\""
2026-09-29T22:08:39.8421931Z [command]"C:\Program Files\Git\bin\git.exe" config --local --name-only --get-regexp ^includeIf\.gitdir:
2026-09-29T22:08:39.8729397Z [command]"C:\Program Files\Git\bin\git.exe" submodule foreach --recursive "git config --local --show-origin --name-only --get-regexp remote.origin.url"
2026-09-29T22:08:40.4475091Z [command]"C:\Program Files\Git\bin\git.exe" config --local http.https://github.com/.extraheader "AUTHORIZATION: basic ***"
2026-09-29T22:08:40.4816899Z ##[endgroup]
2026-09-29T22:08:40.4817829Z ##[group]Fetching the repository
2026-09-29T22:08:40.4831159Z [command]"C:\Program Files\Git\bin\git.exe" -c protocol.version=2 fetch --prune --no-recurse-submodules origin +refs/heads/*:refs/remotes/origin/* +refs/tags/*:refs/tags/*
2026-09-29T22:08:42.8441361Z From https://github.com/PrimeLab-Foundation/strata
2026-09-29T22:08:42.8442656Z  * [new branch]      exp/ab-historic-base        -> origin/exp/ab-historic-base
2026-09-29T22:08:42.8443569Z  * [new branch]      exp/cold-entry              -> origin/exp/cold-entry
2026-09-29T22:08:42.8444962Z  * [new branch]      exp/cold-slot-interleave    -> origin/exp/cold-slot-interleave
2026-09-29T22:08:42.8445839Z  * [new branch]      exp/cross-sample            -> origin/exp/cross-sample
2026-09-29T22:08:42.8446541Z  * [new branch]      exp/emit-n2                 -> origin/exp/emit-n2
2026-09-29T22:08:42.8447006Z  * [new branch]      exp/m12-ab-arm              -> origin/exp/m12-ab-arm
2026-09-29T22:08:42.8447489Z  * [new branch]      exp/m12-base-pin            -> origin/exp/m12-base-pin
2026-09-29T22:08:42.8447950Z  * [new branch]      exp/m12-base-pin2           -> origin/exp/m12-base-pin2
2026-09-29T22:08:42.8448534Z  * [new branch]      exp/m12-default-hook        -> origin/exp/m12-default-hook
2026-09-29T22:08:42.8449085Z  * [new branch]      exp/m12-default-hook-2      -> origin/exp/m12-default-hook-2
2026-09-29T22:08:42.8449571Z  * [new branch]      exp/m12-source-ab           -> origin/exp/m12-source-ab
2026-09-29T22:08:42.8450060Z  * [new branch]      exp/m12b-ab-arm             -> origin/exp/m12b-ab-arm
2026-09-29T22:08:42.8450720Z  * [new branch]      exp/m12b-dumps-with-default -> origin/exp/m12b-dumps-with-default
2026-09-29T22:08:42.8451287Z  * [new branch]      exp/m13-adapters            -> origin/exp/m13-adapters
2026-09-29T22:08:42.8452946Z  * [new branch]      exp/m15-ab-arm              -> origin/exp/m15-ab-arm
2026-09-29T22:08:42.8453795Z  * [new branch]      exp/main-repair             -> origin/exp/main-repair
2026-09-29T22:08:42.8454542Z  * [new branch]      exp/native-gap              -> origin/exp/native-gap
2026-09-29T22:08:42.8456297Z  * [new branch]      exp/native-types            -> origin/exp/native-types
2026-09-29T22:08:42.8457070Z  * [new branch]      exp/p0-integration          -> origin/exp/p0-integration
2026-09-29T22:08:42.8457838Z  * [new branch]      exp/p0p6-integration        -> origin/exp/p0p6-integration
2026-09-29T22:08:42.8458610Z  * [new branch]      exp/p23-b1                  -> origin/exp/p23-b1
2026-09-29T22:08:42.8459378Z  * [new branch]      exp/p23-b1-tests            -> origin/exp/p23-b1-tests
2026-09-29T22:08:42.8460167Z  * [new branch]      exp/p23-general-tables      -> origin/exp/p23-general-tables
2026-09-29T22:08:42.8460973Z  * [new branch]      exp/p23-tests-only          -> origin/exp/p23-tests-only
2026-09-29T22:08:42.8461737Z  * [new branch]      exp/p24-open-cost           -> origin/exp/p24-open-cost
2026-09-29T22:08:42.8462470Z  * [new branch]      exp/p24-tests-only          -> origin/exp/p24-tests-only
2026-09-29T22:08:42.8463203Z  * [new branch]      exp/p26-tests-arm           -> origin/exp/p26-tests-arm
2026-09-29T22:08:42.8463950Z  * [new branch]      exp/p26-win-abi             -> origin/exp/p26-win-abi
2026-09-29T22:08:42.8464709Z  * [new branch]      exp/p6-acceptance2          -> origin/exp/p6-acceptance2
2026-09-29T22:08:42.8465467Z  * [new branch]      exp/p6-windows-ab           -> origin/exp/p6-windows-ab
2026-09-29T22:08:42.8466554Z  * [new branch]      exp/p6-x86-ab               -> origin/exp/p6-x86-ab
2026-09-29T22:08:42.8467242Z  * [new branch]      exp/p6-x86-regs             -> origin/exp/p6-x86-regs
2026-09-29T22:08:42.8468016Z  * [new branch]      exp/p6p7-integration        -> origin/exp/p6p7-integration
2026-09-29T22:08:42.8468781Z  * [new branch]      exp/p7-x86-nofp             -> origin/exp/p7-x86-nofp
2026-09-29T22:08:42.8469508Z  * [new branch]      exp/p7b-tests-only          -> origin/exp/p7b-tests-only
2026-09-29T22:08:42.8470225Z  * [new branch]      exp/p8-b1                   -> origin/exp/p8-b1
2026-09-29T22:08:42.8470875Z  * [new branch]      exp/p8-b12                  -> origin/exp/p8-b12
2026-09-29T22:08:42.8471512Z  * [new branch]      exp/p8-b2                   -> origin/exp/p8-b2
2026-09-29T22:08:42.8473057Z  * [new branch]      exp/p9-fused-dicts          -> origin/exp/p9-fused-dicts
2026-09-29T22:08:42.8474189Z  * [new branch]      exp/p9-probe-flag           -> origin/exp/p9-probe-flag
2026-09-29T22:08:42.8474928Z  * [new branch]      exp/p9-probe-placement      -> origin/exp/p9-probe-placement
2026-09-29T22:08:42.8475435Z  * [new branch]      exp/pin-discovery-ab        -> origin/exp/pin-discovery-ab
2026-09-29T22:08:42.8475913Z  * [new branch]      exp/pin-discovery-test      -> origin/exp/pin-discovery-test
2026-09-29T22:08:42.8476350Z  * [new branch]      exp/t1-ab                   -> origin/exp/t1-ab
2026-09-29T22:08:42.8476799Z  * [new branch]      exp/t1-private-cache-leak   -> origin/exp/t1-private-cache-leak
2026-09-29T22:08:42.8477269Z  * [new branch]      exp/t1-source-ab            -> origin/exp/t1-source-ab
2026-09-29T22:08:42.8477741Z  * [new branch]      exp/t1-tests-only           -> origin/exp/t1-tests-only
2026-09-29T22:08:42.8478192Z  * [new branch]      exp/t2-evidence-gates       -> origin/exp/t2-evidence-gates
2026-09-29T22:08:42.8478640Z  * [new branch]      exp/t3-ab-estimator         -> origin/exp/t3-ab-estimator
2026-09-29T22:08:42.8479085Z  * [new branch]      exp/win-mixed-probe         -> origin/exp/win-mixed-probe
2026-09-29T22:08:42.8479533Z  * [new branch]      exp/win-rawwalk-check       -> origin/exp/win-rawwalk-check
2026-09-29T22:08:42.8479941Z  * [new branch]      main                        -> origin/main
2026-09-29T22:08:42.8480337Z  * [new branch]      work/benchmark-lead         -> origin/work/benchmark-lead
2026-09-29T22:08:42.8481002Z  * [new branch]      work/september-7-plan       -> origin/work/september-7-plan
2026-09-29T22:08:42.8481459Z  * [new tag]         archive/exp/audit-tests     -> archive/exp/audit-tests
2026-09-29T22:08:42.8481854Z  * [new tag]         archive/exp/cursor          -> archive/exp/cursor
2026-09-29T22:08:42.8482521Z  * [new tag]         archive/exp/cursor2         -> archive/exp/cursor2
2026-09-29T22:08:42.8482918Z  * [new tag]         archive/exp/digitchain      -> archive/exp/digitchain
2026-09-29T22:08:42.8483344Z  * [new tag]         archive/exp/dump-flat-macos -> archive/exp/dump-flat-macos
2026-09-29T22:08:42.8483761Z  * [new tag]         archive/exp/dumps-n2        -> archive/exp/dumps-n2
2026-09-29T22:08:42.8484515Z  * [new tag]         archive/exp/e26-p2-profile  -> archive/exp/e26-p2-profile
2026-09-29T22:08:42.8485079Z  * [new tag]         archive/exp/fix1-reentrant-mutation -> archive/exp/fix1-reentrant-mutation
2026-09-29T22:08:42.8485707Z  * [new tag]         archive/exp/fix1-reentrant-mutation-v2 -> archive/exp/fix1-reentrant-mutation-v2
2026-09-29T22:08:42.8486743Z  * [new tag]         archive/exp/fix1-reentrant-mutation-v3 -> archive/exp/fix1-reentrant-mutation-v3
2026-09-29T22:08:42.8487891Z  * [new tag]         archive/exp/fix1-reentrant-mutation-v4 -> archive/exp/fix1-reentrant-mutation-v4
2026-09-29T22:08:42.8488697Z  * [new tag]         archive/exp/fix2-surrogate-key -> archive/exp/fix2-surrogate-key
2026-09-29T22:08:42.8489172Z  * [new tag]         archive/exp/p0-controls     -> archive/exp/p0-controls
2026-09-29T22:08:42.8489610Z  * [new tag]         archive/exp/p1-attribution  -> archive/exp/p1-attribution
2026-09-29T22:08:42.8490219Z  * [new tag]         archive/exp/shrink-cold-instruction-footprint -> archive/exp/shrink-cold-instruction-footprint
2026-09-29T22:08:42.8490933Z  * [new tag]         archive/exp/shrink-write-stack-frames -> archive/exp/shrink-write-stack-frames
2026-09-29T22:08:42.8491446Z  * [new tag]         archive/exp/terminator      -> archive/exp/terminator
2026-09-29T22:08:42.8492017Z  * [new tag]         archive/exp/width-flat-format-int64-above-1e4 -> archive/exp/width-flat-format-int64-above-1e4
2026-09-29T22:08:42.8492755Z  * [new tag]         archive/main-from-scratch-v1 -> archive/main-from-scratch-v1
2026-09-29T22:08:42.8493299Z  * [new tag]         archive/main-v2             -> archive/main-v2
2026-09-29T22:08:42.8493914Z  * [new tag]         archive/main-v2-0.1         -> archive/main-v2-0.1
2026-09-29T22:08:42.8494417Z  * [new tag]         archive/main-v2-long-run-do-nothing -> archive/main-v2-long-run-do-nothing
2026-09-29T22:08:42.8494932Z  * [new tag]         archive/main-v2-prompt-1    -> archive/main-v2-prompt-1
2026-09-29T22:08:42.8495591Z  * [new tag]         archive/main-v2-prompt-2    -> archive/main-v2-prompt-2
2026-09-29T22:08:42.8496327Z  * [new tag]         archive/main-v2-prompt-3    -> archive/main-v2-prompt-3
2026-09-29T22:08:42.8496764Z  * [new tag]         archive/main-v2-prompt-4    -> archive/main-v2-prompt-4
2026-09-29T22:08:42.8508293Z [command]"C:\Program Files\Git\bin\git.exe" branch --list --remote origin/exp/native-gap
2026-09-29T22:08:42.8836507Z   origin/exp/native-gap
2026-09-29T22:08:42.8882215Z [command]"C:\Program Files\Git\bin\git.exe" rev-parse refs/remotes/origin/exp/native-gap
2026-09-29T22:08:42.9210290Z 33465c22eee0fda8e1b52898c16aac6982901a21
2026-09-29T22:08:42.9345700Z ##[endgroup]
2026-09-29T22:08:42.9348573Z ##[group]Determining the checkout info
2026-09-29T22:08:42.9349637Z ##[endgroup]
2026-09-29T22:08:42.9350579Z [command]"C:\Program Files\Git\bin\git.exe" sparse-checkout disable
2026-09-29T22:08:42.9648167Z [command]"C:\Program Files\Git\bin\git.exe" config --local --unset-all extensions.worktreeConfig
2026-09-29T22:08:42.9958074Z ##[group]Checking out the ref
2026-09-29T22:08:42.9967511Z [command]"C:\Program Files\Git\bin\git.exe" checkout --progress --force -B exp/native-gap refs/remotes/origin/exp/native-gap
2026-09-29T22:08:43.7263396Z Switched to a new branch 'exp/native-gap'
2026-09-29T22:08:43.7282345Z branch 'exp/native-gap' set up to track 'origin/exp/native-gap'.
2026-09-29T22:08:43.7391540Z ##[endgroup]
2026-09-29T22:08:43.7749509Z [command]"C:\Program Files\Git\bin\git.exe" log -1 --format=%H
2026-09-29T22:08:43.8113029Z 33465c22eee0fda8e1b52898c16aac6982901a21
2026-09-29T22:08:43.8849588Z ##[group]Run actions/setup-python@v5
2026-09-29T22:08:43.8849934Z with:
2026-09-29T22:08:43.8850121Z   python-version: 3.12
2026-09-29T22:08:43.8850344Z   check-latest: false
2026-09-29T22:08:43.8852934Z   token: ***
2026-09-29T22:08:43.8853276Z   update-environment: true
2026-09-29T22:08:43.8853515Z   allow-prereleases: false
2026-09-29T22:08:43.8853726Z   freethreaded: false
2026-09-29T22:08:43.8853920Z ##[endgroup]
2026-09-29T22:08:44.0812446Z ##[group]Installed versions
2026-09-29T22:08:44.0952613Z (node:8692) [DEP0040] DeprecationWarning: The `punycode` module is deprecated. Please use a userland alternative instead.
2026-09-29T22:08:44.0954196Z (Use `node --trace-deprecation ...` to show where the warning was created)
2026-09-29T22:08:44.0954950Z Successfully set up CPython (3.12.10)
2026-09-29T22:08:44.0956152Z ##[endgroup]
2026-09-29T22:08:44.1263247Z ##[group]Run python -m pip install -U pip setuptools wheel
2026-09-29T22:08:44.1263830Z python -m pip install -U pip setuptools wheel
2026-09-29T22:08:44.1264202Z python -m pip install -e ".[dev,bench]"
2026-09-29T22:08:44.1287131Z shell: C:\Program Files\Git\bin\bash.EXE --noprofile --norc -e -o pipefail {0}
2026-09-29T22:08:44.1287545Z env:
2026-09-29T22:08:44.1287814Z   pythonLocation: C:\hostedtoolcache\windows\Python\3.12.10\x64
2026-09-29T22:08:44.1288509Z   PKG_CONFIG_PATH: C:\hostedtoolcache\windows\Python\3.12.10\x64/lib/pkgconfig
2026-09-29T22:08:44.1288989Z   Python_ROOT_DIR: C:\hostedtoolcache\windows\Python\3.12.10\x64
2026-09-29T22:08:44.1289392Z   Python2_ROOT_DIR: C:\hostedtoolcache\windows\Python\3.12.10\x64
2026-09-29T22:08:44.1289787Z   Python3_ROOT_DIR: C:\hostedtoolcache\windows\Python\3.12.10\x64
2026-09-29T22:08:44.1290122Z ##[endgroup]
2026-09-29T22:08:47.4200139Z Requirement already satisfied: pip in C:\hostedtoolcache\windows\Python\3.12.10\x64\Lib\site-packages (26.2.1)
2026-09-29T22:08:47.9828992Z Collecting setuptools
2026-09-29T22:08:48.1698000Z   Downloading setuptools-84.0.0-py3-none-any.whl.metadata (6.6 kB)
2026-09-29T22:08:48.2402919Z Collecting wheel
2026-09-29T22:08:48.2451752Z   Downloading wheel-0.48.0-py3-none-any.whl.metadata (2.3 kB)
2026-09-29T22:08:48.2681809Z Requirement already satisfied: packaging>=24.0 in C:\hostedtoolcache\windows\Python\3.12.10\x64\Lib\site-packages (from wheel) (26.3)
2026-09-29T22:08:48.2796454Z Downloading setuptools-84.0.0-py3-none-any.whl (818 kB)
2026-09-29T22:08:48.4383903Z    ---------------------------------------- 818.2/818.2 kB 17.9 MB/s  0:00:00
2026-09-29T22:08:48.4430219Z Downloading wheel-0.48.0-py3-none-any.whl (33 kB)
2026-09-29T22:08:48.6083384Z Installing collected packages: wheel, setuptools
2026-09-29T22:08:49.8737641Z 
2026-09-29T22:08:49.8755895Z Successfully installed setuptools-84.0.0 wheel-0.48.0
2026-09-29T22:08:51.1133741Z Obtaining file:///D:/a/strata/strata
2026-09-29T22:08:51.1171758Z   Installing build dependencies: started
2026-09-29T22:09:01.1210650Z   Installing build dependencies: finished with status 'done'
2026-09-29T22:09:01.1230973Z   Checking if build backend supports build_editable: started
2026-09-29T22:09:01.8864068Z   Checking if build backend supports build_editable: finished with status 'done'
2026-09-29T22:09:01.8897232Z   Getting requirements to build editable: started
2026-09-29T22:09:02.5253692Z   Getting requirements to build editable: finished with status 'done'
2026-09-29T22:09:02.5286225Z   Preparing editable metadata (pyproject.toml): started
2026-09-29T22:09:02.9756562Z   Preparing editable metadata (pyproject.toml): finished with status 'done'
2026-09-29T22:09:03.0879765Z Collecting cmake>=3.20 (from strata==2026.8.10)
2026-09-29T22:09:03.0909670Z   Using cached cmake-4.4.3-py3-none-win_amd64.whl.metadata (7.0 kB)
2026-09-29T22:09:03.1142036Z Collecting pytest>=7 (from strata==2026.8.10)
2026-09-29T22:09:03.1174480Z   Using cached pytest-9.1.1-py3-none-any.whl.metadata (7.6 kB)
2026-09-29T22:09:03.3978380Z Collecting pytest-cov>=4 (from strata==2026.8.10)
2026-09-29T22:09:03.6024827Z   Downloading pytest_cov-7.1.0-py3-none-any.whl.metadata (32 kB)
2026-09-29T22:09:04.1942182Z Collecting ruff>=0.5 (from strata==2026.8.10)
2026-09-29T22:09:04.1997643Z   Downloading ruff-0.16.9-py3-none-win_amd64.whl.metadata (21 kB)
2026-09-29T22:09:04.2630784Z Collecting pre-commit>=3.5 (from strata==2026.8.10)
2026-09-29T22:09:04.2678270Z   Downloading pre_commit-4.6.2-py2.py3-none-any.whl.metadata (1.2 kB)
2026-09-29T22:09:04.3758285Z Collecting clang-format<22,>=21 (from strata==2026.8.10)
2026-09-29T22:09:04.3817866Z   Downloading clang_format-21.1.8-py2.py3-none-win_amd64.whl.metadata (4.7 kB)
2026-09-29T22:09:04.6954408Z Collecting orjson (from strata==2026.8.10)
2026-09-29T22:09:04.7030463Z   Downloading orjson-3.12.0-cp312-cp312-win_amd64.whl.metadata (43 kB)
2026-09-29T22:09:04.8412286Z Collecting msgspec (from strata==2026.8.10)
2026-09-29T22:09:04.8485906Z   Downloading msgspec-0.22.0-cp312-cp312-win_amd64.whl.metadata (6.1 kB)
2026-09-29T22:09:04.9745579Z Collecting ujson (from strata==2026.8.10)
2026-09-29T22:09:04.9807736Z   Downloading ujson-6.0.0-cp312-cp312-win_amd64.whl.metadata (10 kB)
2026-09-29T22:09:05.0269295Z Collecting jmespath (from strata==2026.8.10)
2026-09-29T22:09:05.0315305Z   Downloading jmespath-1.1.0-py3-none-any.whl.metadata (7.6 kB)
2026-09-29T22:09:05.0746465Z Collecting jsonpath-ng (from strata==2026.8.10)
2026-09-29T22:09:05.0798577Z   Downloading jsonpath_ng-1.8.0-py3-none-any.whl.metadata (18 kB)
2026-09-29T22:09:05.1793526Z Collecting psutil>=5 (from strata==2026.8.10)
2026-09-29T22:09:05.1844900Z   Downloading psutil-7.2.2-cp37-abi3-win_amd64.whl.metadata (22 kB)
2026-09-29T22:09:05.2373039Z Collecting cfgv>=2.0.0 (from pre-commit>=3.5->strata==2026.8.10)
2026-09-29T22:09:05.2418478Z   Downloading cfgv-3.5.0-py2.py3-none-any.whl.metadata (8.9 kB)
2026-09-29T22:09:05.3102421Z Collecting identify>=1.0.0 (from pre-commit>=3.5->strata==2026.8.10)
2026-09-29T22:09:05.3156998Z   Downloading identify-2.6.20-py2.py3-none-any.whl.metadata (4.4 kB)
2026-09-29T22:09:05.3575173Z Collecting nodeenv>=0.11.1 (from pre-commit>=3.5->strata==2026.8.10)
2026-09-29T22:09:05.3623865Z   Downloading nodeenv-1.11.0-py2.py3-none-any.whl.metadata (40 kB)
2026-09-29T22:09:05.4316632Z Collecting pyyaml>=5.1 (from pre-commit>=3.5->strata==2026.8.10)
2026-09-29T22:09:05.4365860Z   Downloading pyyaml-6.0.3-cp312-cp312-win_amd64.whl.metadata (2.4 kB)
2026-09-29T22:09:05.5130427Z Collecting virtualenv>=20.10.0 (from pre-commit>=3.5->strata==2026.8.10)
2026-09-29T22:09:05.5191778Z   Downloading virtualenv-21.14.0-py3-none-any.whl.metadata (4.1 kB)
2026-09-29T22:09:05.5596327Z Requirement already satisfied: colorama>=0.4 in C:\hostedtoolcache\windows\Python\3.12.10\x64\Lib\site-packages (from pytest>=7->strata==2026.8.10) (0.4.6)
2026-09-29T22:09:05.5630097Z Collecting iniconfig>=1.0.1 (from pytest>=7->strata==2026.8.10)
2026-09-29T22:09:05.5652282Z   Using cached iniconfig-2.3.0-py3-none-any.whl.metadata (2.5 kB)
2026-09-29T22:09:05.5692426Z Requirement already satisfied: packaging>=22 in C:\hostedtoolcache\windows\Python\3.12.10\x64\Lib\site-packages (from pytest>=7->strata==2026.8.10) (26.3)
2026-09-29T22:09:05.5739806Z Collecting pluggy<2,>=1.5 (from pytest>=7->strata==2026.8.10)
2026-09-29T22:09:05.5761500Z   Using cached pluggy-1.6.0-py3-none-any.whl.metadata (4.8 kB)
2026-09-29T22:09:05.5919857Z Collecting pygments>=2.7.2 (from pytest>=7->strata==2026.8.10)
2026-09-29T22:09:05.5972481Z   Using cached pygments-2.21.0-py3-none-any.whl.metadata (2.5 kB)
2026-09-29T22:09:06.1133758Z Collecting coverage>=7.10.6 (from coverage[toml]>=7.10.6->pytest-cov>=4->strata==2026.8.10)
2026-09-29T22:09:06.1190659Z   Downloading coverage-7.16.2-cp312-cp312-win_amd64.whl.metadata (8.4 kB)
2026-09-29T22:09:06.1625214Z Collecting distlib<1,>=0.3.7 (from virtualenv>=20.10.0->pre-commit>=3.5->strata==2026.8.10)
2026-09-29T22:09:06.1670787Z   Downloading distlib-0.4.3-py2.py3-none-any.whl.metadata (5.3 kB)
2026-09-29T22:09:06.1903958Z Requirement already satisfied: filelock<5,>=3.24.2 in C:\hostedtoolcache\windows\Python\3.12.10\x64\Lib\site-packages (from virtualenv>=20.10.0->pre-commit>=3.5->strata==2026.8.10) (4.0.1)
2026-09-29T22:09:06.1909545Z Requirement already satisfied: platformdirs<5,>=3.9.1 in C:\hostedtoolcache\windows\Python\3.12.10\x64\Lib\site-packages (from virtualenv>=20.10.0->pre-commit>=3.5->strata==2026.8.10) (4.11.12)
2026-09-29T22:09:06.2142503Z Collecting python-discovery>=1.6 (from virtualenv>=20.10.0->pre-commit>=3.5->strata==2026.8.10)
2026-09-29T22:09:06.2189212Z   Downloading python_discovery-1.6.1-py3-none-any.whl.metadata (5.1 kB)
2026-09-29T22:09:06.2518514Z Downloading clang_format-21.1.8-py2.py3-none-win_amd64.whl (1.4 MB)
2026-09-29T22:09:06.2863322Z    ---------------------------------------- 1.4/1.4 MB 36.4 MB/s  0:00:00
2026-09-29T22:09:06.2905067Z Using cached cmake-4.4.3-py3-none-win_amd64.whl (42.3 MB)
2026-09-29T22:09:06.3174675Z Downloading pre_commit-4.6.2-py2.py3-none-any.whl (226 kB)
2026-09-29T22:09:06.3433787Z Downloading cfgv-3.5.0-py2.py3-none-any.whl (7.4 kB)
2026-09-29T22:09:06.3626529Z Downloading identify-2.6.20-py2.py3-none-any.whl (99 kB)
2026-09-29T22:09:06.3876536Z Downloading nodeenv-1.11.0-py2.py3-none-any.whl (34 kB)
2026-09-29T22:09:06.4082227Z Downloading psutil-7.2.2-cp37-abi3-win_amd64.whl (137 kB)
2026-09-29T22:09:06.4241932Z Using cached pytest-9.1.1-py3-none-any.whl (386 kB)
2026-09-29T22:09:06.4269645Z Using cached pluggy-1.6.0-py3-none-any.whl (20 kB)
2026-09-29T22:09:06.4290720Z Using cached iniconfig-2.3.0-py3-none-any.whl (7.5 kB)
2026-09-29T22:09:06.4310868Z Using cached pygments-2.21.0-py3-none-any.whl (1.3 MB)
2026-09-29T22:09:06.4361786Z Downloading pytest_cov-7.1.0-py3-none-any.whl (22 kB)
2026-09-29T22:09:06.4607529Z Downloading coverage-7.16.2-cp312-cp312-win_amd64.whl (226 kB)
2026-09-29T22:09:06.4814749Z Downloading pyyaml-6.0.3-cp312-cp312-win_amd64.whl (154 kB)
2026-09-29T22:09:06.5033848Z Downloading ruff-0.16.9-py3-none-win_amd64.whl (10.6 MB)
2026-09-29T22:09:06.5774457Z    ---------------------------------------- 10.6/10.6 MB 164.0 MB/s  0:00:00
2026-09-29T22:09:06.5847393Z Downloading virtualenv-21.14.0-py3-none-any.whl (5.5 MB)
2026-09-29T22:09:06.6273395Z    ---------------------------------------- 5.5/5.5 MB 168.5 MB/s  0:00:00
2026-09-29T22:09:06.6318018Z Downloading distlib-0.4.3-py2.py3-none-any.whl (470 kB)
2026-09-29T22:09:06.6581386Z Downloading python_discovery-1.6.1-py3-none-any.whl (38 kB)
2026-09-29T22:09:06.6802812Z Downloading jmespath-1.1.0-py3-none-any.whl (20 kB)
2026-09-29T22:09:06.7008708Z Downloading jsonpath_ng-1.8.0-py3-none-any.whl (67 kB)
2026-09-29T22:09:06.7227167Z Downloading msgspec-0.22.0-cp312-cp312-win_amd64.whl (192 kB)
2026-09-29T22:09:06.7450119Z Downloading orjson-3.12.0-cp312-cp312-win_amd64.whl (122 kB)
2026-09-29T22:09:06.7658736Z Downloading ujson-6.0.0-cp312-cp312-win_amd64.whl (227 kB)
2026-09-29T22:09:07.0063007Z Building wheels for collected packages: strata
2026-09-29T22:09:07.1749469Z   Building editable for strata (pyproject.toml): started
2026-09-29T22:10:08.0219973Z   Building editable for strata (pyproject.toml): still running...
2026-09-29T22:11:09.3864534Z   Building editable for strata (pyproject.toml): still running...
2026-09-29T22:12:09.8919330Z   Building editable for strata (pyproject.toml): still running...
2026-09-29T22:13:10.2987245Z   Building editable for strata (pyproject.toml): still running...
2026-09-29T22:14:10.3010310Z   Building editable for strata (pyproject.toml): still running...
2026-09-29T22:14:34.0917601Z   Building editable for strata (pyproject.toml): finished with status 'done'
2026-09-29T22:14:34.0980920Z   Created wheel for strata: filename=strata-2026.8.10-0.editable-cp312-cp312-win_amd64.whl size=4481 sha256=953d3a2269f5dcefecad367f960486c5ec88b2c3c7634c78322757a99bcdd96d
2026-09-29T22:14:34.0982972Z   Stored in directory: C:\Users\runneradmin\AppData\Local\Temp\pip-ephem-wheel-cache-l1597r1g\wheels\b6\3b\c8\2f2ce7f33d27af776fa93be556bcd24459639b05d76b33473b
2026-09-29T22:14:34.1028186Z Successfully built strata
2026-09-29T22:14:34.2069881Z Installing collected packages: jsonpath-ng, distlib, clang-format, ujson, strata, ruff, pyyaml, python-discovery, pygments, psutil, pluggy, orjson, nodeenv, msgspec, jmespath, iniconfig, identify, coverage, cmake, cfgv, virtualenv, pytest, pytest-cov, pre-commit
2026-09-29T22:14:43.0297154Z 
2026-09-29T22:14:43.0335846Z Successfully installed cfgv-3.5.0 clang-format-21.1.8 cmake-4.4.3 coverage-7.16.2 distlib-0.4.3 identify-2.6.20 iniconfig-2.3.0 jmespath-1.1.0 jsonpath-ng-1.8.0 msgspec-0.22.0 nodeenv-1.11.0 orjson-3.12.0 pluggy-1.6.0 pre-commit-4.6.2 psutil-7.2.2 pygments-2.21.0 pytest-9.1.1 pytest-cov-7.1.0 python-discovery-1.6.1 pyyaml-6.0.3 ruff-0.16.9 strata-2026.8.10 ujson-6.0.0 virtualenv-21.14.0
2026-09-29T22:14:45.8234903Z ##[group]Run export PATH="/c/Program Files/LLVM/bin:$PATH"
2026-09-29T22:14:45.8235532Z export PATH="/c/Program Files/LLVM/bin:$PATH"
2026-09-29T22:14:45.8235966Z python scripts/pgo_build_clang_cl.py
2026-09-29T22:14:45.8254093Z shell: C:\Program Files\Git\bin\bash.EXE --noprofile --norc -e -o pipefail {0}
2026-09-29T22:14:45.8254591Z env:
2026-09-29T22:14:45.8254931Z   pythonLocation: C:\hostedtoolcache\windows\Python\3.12.10\x64
2026-09-29T22:14:45.8255465Z   PKG_CONFIG_PATH: C:\hostedtoolcache\windows\Python\3.12.10\x64/lib/pkgconfig
2026-09-29T22:14:45.8255973Z   Python_ROOT_DIR: C:\hostedtoolcache\windows\Python\3.12.10\x64
2026-09-29T22:14:45.8256430Z   Python2_ROOT_DIR: C:\hostedtoolcache\windows\Python\3.12.10\x64
2026-09-29T22:14:45.8256885Z   Python3_ROOT_DIR: C:\hostedtoolcache\windows\Python\3.12.10\x64
2026-09-29T22:14:45.8257260Z ##[endgroup]
2026-09-29T22:14:45.9371622Z ==> PGO phase 1: instrumented build (clang-cl, -fprofile-generate)
2026-09-29T22:14:45.9379214Z + C:\hostedtoolcache\windows\Python\3.12.10\x64\python.exe -m pip install --force-reinstall --no-deps -e .
2026-09-29T22:14:47.0905860Z Obtaining file:///D:/a/strata/strata
2026-09-29T22:14:47.0945331Z   Installing build dependencies: started
2026-09-29T22:14:55.1633289Z   Installing build dependencies: finished with status 'done'
2026-09-29T22:14:55.1650391Z   Checking if build backend supports build_editable: started
2026-09-29T22:14:55.6404520Z   Checking if build backend supports build_editable: finished with status 'done'
2026-09-29T22:14:55.6434268Z   Getting requirements to build editable: started
2026-09-29T22:14:57.1305970Z   Getting requirements to build editable: finished with status 'done'
2026-09-29T22:14:57.1338136Z   Preparing editable metadata (pyproject.toml): started
2026-09-29T22:14:57.6544971Z   Preparing editable metadata (pyproject.toml): finished with status 'done'
2026-09-29T22:14:57.6633914Z Building wheels for collected packages: strata
2026-09-29T22:14:57.6662952Z   Building editable for strata (pyproject.toml): started
2026-09-29T22:15:57.6737822Z   Building editable for strata (pyproject.toml): still running...
2026-09-29T22:16:12.0912912Z   Building editable for strata (pyproject.toml): finished with status 'done'
2026-09-29T22:16:12.0955184Z   Created wheel for strata: filename=strata-2026.8.10-0.editable-cp312-cp312-win_amd64.whl size=4481 sha256=b2b0b68924a47301fb0030fe62b0de93e92db6ef39d00c8528686e2da5ae1d40
2026-09-29T22:16:12.0957332Z   Stored in directory: C:\Users\runneradmin\AppData\Local\Temp\pip-ephem-wheel-cache-siuo302n\wheels\b6\3b\c8\2f2ce7f33d27af776fa93be556bcd24459639b05d76b33473b
2026-09-29T22:16:12.0997936Z Successfully built strata
2026-09-29T22:16:12.1181763Z Installing collected packages: strata
2026-09-29T22:16:12.1183928Z   Attempting uninstall: strata
2026-09-29T22:16:12.1215072Z     Found existing installation: strata 2026.8.10
2026-09-29T22:16:12.1245357Z     Uninstalling strata-2026.8.10:
2026-09-29T22:16:12.2275584Z       Successfully uninstalled strata-2026.8.10
2026-09-29T22:16:12.2612626Z Successfully installed strata-2026.8.10
2026-09-29T22:16:15.1586885Z + C:\hostedtoolcache\windows\Python\3.12.10\x64\python.exe scripts/build_identity.py --check-unprofiled strata._dumps_hook --instrumented strata._strata
2026-09-29T22:16:15.2284527Z + strata._dumps_hook is unprofiled: _dumps_hook.cp312-win_amd64.pyd.build.json records no profile or profile flag,
2026-09-29T22:16:15.2285391Z   and the image links no profile runtime
2026-09-29T22:16:15.2366076Z ==> PGO: generating training data
2026-09-29T22:16:15.2367782Z + C:\hostedtoolcache\windows\Python\3.12.10\x64\python.exe scripts/pgo_training_data.py --out-dir D:\a\strata\strata\build\pgo
2026-09-29T22:16:15.7510417Z   D:\a\strata\strata\build\pgo\train.json (10.0 MB)
2026-09-29T22:16:15.7510992Z   D:\a\strata\strata\build\pgo\train.ndjson (10.0 MB)
2026-09-29T22:16:15.7585501Z ==> PGO: running the training workload
2026-09-29T22:16:15.7591209Z + C:\hostedtoolcache\windows\Python\3.12.10\x64\python.exe scripts/pgo_training.py --json D:\a\strata\strata\build\pgo\train.json --ndjson D:\a\strata\strata\build\pgo\train.ndjson --work-dir D:\a\strata\strata\build\pgo\work
2026-09-29T22:16:16.0599503Z PGO training workload
2026-09-29T22:16:16.0599894Z   corpus: 4001 records, 10.0 MB
2026-09-29T22:16:16.0600227Z [1/7] loads
2026-09-29T22:16:16.0600507Z   loads(str): 1x in 0.06s
2026-09-29T22:16:16.1586203Z   loads(bytes): 1x in 0.06s
2026-09-29T22:16:16.2006327Z   loads(sample): 5x in 0.01s
2026-09-29T22:16:16.2516158Z   loads(cursor): 5x in 0.02s
2026-09-29T22:16:16.2869539Z   loads(iterator): 3x in 0.01s
2026-09-29T22:16:16.3520323Z [2/7] dumps
2026-09-29T22:16:16.3520672Z   dumps(str): 1x in 0.03s
2026-09-29T22:16:16.4308390Z   dumps(bytes): 3x in 0.05s
2026-09-29T22:16:16.4685392Z   dumps(sample, bytes): 5x in 0.00s
2026-09-29T22:16:16.5035832Z   dumps(sample): 5x in 0.01s
2026-09-29T22:16:16.5328952Z   dumps(parsed sample, bytes): 2x in 0.00s
2026-09-29T22:16:16.6210626Z [3/7] load
2026-09-29T22:16:16.6210987Z   load(json): 1x in 0.06s
2026-09-29T22:16:16.7165016Z   load(ndjson): 1x in 0.06s
2026-09-29T22:16:16.8116401Z   load(ndjson, iterator): 1x in 0.07s
2026-09-29T22:16:16.8462758Z [4/7] dump
2026-09-29T22:16:16.8463205Z   dump(json): 3x in 0.00s
2026-09-29T22:16:16.8721343Z [5/7] query
2026-09-29T22:16:16.8721829Z   query $[0].name: 3x in 0.00s
2026-09-29T22:16:16.8973168Z   query $[*].id: 3x in 0.00s
2026-09-29T22:16:16.9219159Z   query $[*].items[*].sku: 3x in 0.00s
2026-09-29T22:16:16.9506907Z   query $..leaf: 3x in 0.00s
2026-09-29T22:16:16.9789322Z   query $[0:50].score: 3x in 0.00s
2026-09-29T22:16:17.0079787Z   query $[?(@.id > 100)].name: 3x in 0.00s
2026-09-29T22:16:17.0389192Z   query $[?(@.id <= 500)]: 3x in 0.00s
2026-09-29T22:16:17.0667525Z   query $[?(@.name == 'alpha')]: 3x in 0.00s
2026-09-29T22:16:17.0923629Z   query $[?(@.name != 'alpha')].id: 3x in 0.00s
2026-09-29T22:16:17.1192357Z   query $[?(@['id'] >= 0)].name: 3x in 0.00s
2026-09-29T22:16:17.1437711Z   query $[*].nested.child: 3x in 0.00s
2026-09-29T22:16:17.1683890Z   query $[*].tags[0]: 3x in 0.00s
2026-09-29T22:16:17.1934790Z   query $.*: 3x in 0.00s
2026-09-29T22:16:17.2277002Z   query(compiled): 5x in 0.00s
2026-09-29T22:16:17.2832272Z [6/7] search
2026-09-29T22:16:17.2832730Z   search json $[*].id: 1x in 0.02s
2026-09-29T22:16:17.3843088Z   search ndjson $[*].id: 1x in 0.07s
2026-09-29T22:16:17.4858841Z   search json $..leaf: 1x in 0.07s
2026-09-29T22:16:17.5933603Z   search ndjson $..leaf: 1x in 0.07s
2026-09-29T22:16:17.6909471Z   search json $[?(@.id > 100)].name: 1x in 0.06s
2026-09-29T22:16:17.7917342Z   search ndjson $[?(@.id > 100)].name: 1x in 0.07s
2026-09-29T22:16:17.8234589Z [7/7] folder mode
2026-09-29T22:16:17.8234975Z   dump(split_by): 1x in 0.00s
2026-09-29T22:16:17.8562784Z   load(folder): 1x in 0.00s
2026-09-29T22:16:17.8879463Z   search(folder): 1x in 0.00s
2026-09-29T22:16:17.9139887Z PGO training workload complete
2026-09-29T22:16:17.9241063Z ==> PGO: gate tests on the instrumented build
2026-09-29T22:16:17.9242686Z + C:\hostedtoolcache\windows\Python\3.12.10\x64\python.exe scripts/cpp_tests.py
2026-09-29T22:16:17.9814972Z + C:\hostedtoolcache\windows\Python\3.12.10\x64\Scripts\cmake.EXE -S . -B build/cmake -DCMAKE_BUILD_TYPE=Release
2026-09-29T22:16:18.3200474Z -- Configuring done (0.0s)
2026-09-29T22:16:18.4089574Z -- Generating done (0.1s)
2026-09-29T22:16:18.4099142Z -- Build files have been written to: D:/a/strata/strata/build/cmake
2026-09-29T22:16:18.4357015Z + C:\hostedtoolcache\windows\Python\3.12.10\x64\Scripts\cmake.EXE --build build/cmake --config Release
2026-09-29T22:16:18.8379290Z MSBuild version 18.10.1-1.26427.6+3cd27c13e for .NET Framework
2026-09-29T22:16:18.8739209Z 
2026-09-29T22:16:19.1577611Z   1>Checking Build System
2026-09-29T22:16:19.3114736Z   Building Custom Rule D:/a/strata/strata/CMakeLists.txt
2026-09-29T22:16:19.4996429Z   fast_parse_tests.vcxproj -> D:\a\strata\strata\build\cmake\Release\fast_parse_tests.exe
2026-09-29T22:16:19.5728279Z   Building Custom Rule D:/a/strata/strata/CMakeLists.txt
2026-09-29T22:16:19.6234589Z   float_precision_tests.vcxproj -> D:\a\strata\strata\build\cmake\Release\float_precision_tests.exe
2026-09-29T22:16:19.6895022Z   Building Custom Rule D:/a/strata/strata/CMakeLists.txt
2026-09-29T22:16:19.7546399Z   folder_tests.vcxproj -> D:\a\strata\strata\build\cmake\Release\folder_tests.exe
2026-09-29T22:16:19.8196179Z   Building Custom Rule D:/a/strata/strata/CMakeLists.txt
2026-09-29T22:16:19.8747219Z   fuzz_corpus_tests.vcxproj -> D:\a\strata\strata\build\cmake\Release\fuzz_corpus_tests.exe
2026-09-29T22:16:19.9419760Z   Building Custom Rule D:/a/strata/strata/CMakeLists.txt
2026-09-29T22:16:19.9927184Z   json_core_tests.vcxproj -> D:\a\strata\strata\build\cmake\Release\json_core_tests.exe
2026-09-29T22:16:20.0585938Z   Building Custom Rule D:/a/strata/strata/CMakeLists.txt
2026-09-29T22:16:20.1139089Z   json_cursor_tests.vcxproj -> D:\a\strata\strata\build\cmake\Release\json_cursor_tests.exe
2026-09-29T22:16:20.1814497Z   Building Custom Rule D:/a/strata/strata/CMakeLists.txt
2026-09-29T22:16:20.2330423Z   json_parse_tests.vcxproj -> D:\a\strata\strata\build\cmake\Release\json_parse_tests.exe
2026-09-29T22:16:20.3034986Z   Building Custom Rule D:/a/strata/strata/CMakeLists.txt
2026-09-29T22:16:20.3575416Z   json_serialize_tests.vcxproj -> D:\a\strata\strata\build\cmake\Release\json_serialize_tests.exe
2026-09-29T22:16:20.4213275Z   Building Custom Rule D:/a/strata/strata/CMakeLists.txt
2026-09-29T22:16:20.4767503Z   jsonpath_stream_tests.vcxproj -> D:\a\strata\strata\build\cmake\Release\jsonpath_stream_tests.exe
2026-09-29T22:16:20.5503099Z   Building Custom Rule D:/a/strata/strata/CMakeLists.txt
2026-09-29T22:16:20.6050879Z   jsonpath_tests.vcxproj -> D:\a\strata\strata\build\cmake\Release\jsonpath_tests.exe
2026-09-29T22:16:20.6783636Z   Building Custom Rule D:/a/strata/strata/CMakeLists.txt
2026-09-29T22:16:20.7319147Z   ndjson_tests.vcxproj -> D:\a\strata\strata\build\cmake\Release\ndjson_tests.exe
2026-09-29T22:16:20.7969802Z   Building Custom Rule D:/a/strata/strata/CMakeLists.txt
2026-09-29T22:16:20.8557330Z   scan_tests.vcxproj -> D:\a\strata\strata\build\cmake\Release\scan_tests.exe
2026-09-29T22:16:20.9248870Z   Building Custom Rule D:/a/strata/strata/CMakeLists.txt
2026-09-29T22:16:20.9779815Z   smoke_tests.vcxproj -> D:\a\strata\strata\build\cmake\Release\smoke_tests.exe
2026-09-29T22:16:21.0441903Z   Building Custom Rule D:/a/strata/strata/CMakeLists.txt
2026-09-29T22:16:21.1012127Z   stress_deep_tests.vcxproj -> D:\a\strata\strata\build\cmake\Release\stress_deep_tests.exe
2026-09-29T22:16:21.1674281Z   Building Custom Rule D:/a/strata/strata/CMakeLists.txt
2026-09-29T22:16:21.2231065Z   temporal_tests.vcxproj -> D:\a\strata\strata\build\cmake\Release\temporal_tests.exe
2026-09-29T22:16:21.2927464Z   Building Custom Rule D:/a/strata/strata/CMakeLists.txt
2026-09-29T22:16:21.3453735Z   value_cursor_tests.vcxproj -> D:\a\strata\strata\build\cmake\Release\value_cursor_tests.exe
2026-09-29T22:16:21.4235839Z   Building Custom Rule D:/a/strata/strata/CMakeLists.txt
2026-09-29T22:16:21.5386783Z + C:\hostedtoolcache\windows\Python\3.12.10\x64\Scripts\ctest.EXE --test-dir build/cmake --build-config Release --output-on-failure --no-tests=error
2026-09-29T22:16:21.8409170Z Test project D:/a/strata/strata/build/cmake
2026-09-29T22:16:21.8443940Z       Start  1: smoke_tests
2026-09-29T22:16:21.8519359Z  1/16 Test  #1: smoke_tests ......................   Passed    0.01 sec
2026-09-29T22:16:21.8525643Z       Start  2: json_core_tests
2026-09-29T22:16:21.8602648Z  2/16 Test  #2: json_core_tests ..................   Passed    0.01 sec
2026-09-29T22:16:21.8607660Z       Start  3: json_parse_tests
2026-09-29T22:16:21.8683468Z  3/16 Test  #3: json_parse_tests .................   Passed    0.01 sec
2026-09-29T22:16:21.8687806Z       Start  4: fast_parse_tests
2026-09-29T22:16:22.0249226Z  4/16 Test  #4: fast_parse_tests .................   Passed    0.16 sec
2026-09-29T22:16:22.0253527Z       Start  5: value_cursor_tests
2026-09-29T22:16:22.0451995Z  5/16 Test  #5: value_cursor_tests ...............   Passed    0.02 sec
2026-09-29T22:16:22.0456536Z       Start  6: json_serialize_tests
2026-09-29T22:16:22.0529545Z  6/16 Test  #6: json_serialize_tests .............   Passed    0.01 sec
2026-09-29T22:16:22.0534327Z       Start  7: float_precision_tests
2026-09-29T22:16:25.8725785Z  7/16 Test  #7: float_precision_tests ............   Passed    3.82 sec
2026-09-29T22:16:25.8731502Z       Start  8: json_cursor_tests
2026-09-29T22:16:25.8804170Z  8/16 Test  #8: json_cursor_tests ................   Passed    0.01 sec
2026-09-29T22:16:25.8808356Z       Start  9: ndjson_tests
2026-09-29T22:16:25.8923338Z  9/16 Test  #9: ndjson_tests .....................   Passed    0.01 sec
2026-09-29T22:16:25.8927692Z       Start 10: jsonpath_tests
2026-09-29T22:16:25.8995886Z 10/16 Test #10: jsonpath_tests ...................   Passed    0.01 sec
2026-09-29T22:16:25.8999679Z       Start 11: jsonpath_stream_tests
2026-09-29T22:16:25.9076657Z 11/16 Test #11: jsonpath_stream_tests ............   Passed    0.01 sec
2026-09-29T22:16:25.9080666Z       Start 12: scan_tests
2026-09-29T22:16:25.9372940Z 12/16 Test #12: scan_tests .......................   Passed    0.03 sec
2026-09-29T22:16:25.9377215Z       Start 13: temporal_tests
2026-09-29T22:16:25.9679862Z 13/16 Test #13: temporal_tests ...................   Passed    0.03 sec
2026-09-29T22:16:25.9684180Z       Start 14: folder_tests
2026-09-29T22:16:26.0263384Z 14/16 Test #14: folder_tests .....................   Passed    0.06 sec
2026-09-29T22:16:26.0267144Z       Start 15: fuzz_corpus_tests
2026-09-29T22:16:26.0408612Z 15/16 Test #15: fuzz_corpus_tests ................   Passed    0.01 sec
2026-09-29T22:16:26.0412836Z       Start 16: stress_deep_tests
2026-09-29T22:16:26.0517431Z 16/16 Test #16: stress_deep_tests ................   Passed    0.01 sec
2026-09-29T22:16:26.0527854Z 
2026-09-29T22:16:26.0528086Z 100% tests passed out of 16
2026-09-29T22:16:26.0528572Z 
2026-09-29T22:16:26.0529757Z Total Test time (real) =   4.21 sec
2026-09-29T22:16:26.0840922Z + C:\hostedtoolcache\windows\Python\3.12.10\x64\python.exe scripts/py_tests.py --training
2026-09-29T22:16:26.1435984Z + pytest tests/py tests/unit --ignore=tests/unit/native_types --ignore=tests/py/native_types --basetemp=C:\Users\RUNNER~1\AppData\Local\Temp\pytest-of-runneradmin\nzxe80jk
2026-09-29T22:16:26.9217508Z ============================= test session starts =============================
2026-09-29T22:16:26.9218088Z platform win32 -- Python 3.12.10, pytest-9.1.1, pluggy-1.6.0
2026-09-29T22:16:26.9218517Z rootdir: D:\a\strata\strata
2026-09-29T22:16:26.9218820Z configfile: pyproject.toml
2026-09-29T22:16:26.9219092Z plugins: cov-7.1.0
2026-09-29T22:16:26.9219328Z collected 3183 items
2026-09-29T22:16:26.9219485Z 
2026-09-29T22:16:26.9486618Z tests\py\test_dumps_brace_fold.py .........                              [  0%]
2026-09-29T22:16:27.0010145Z tests\py\test_dumps_cycles_fused.py .................................... [  1%]
2026-09-29T22:16:27.0792452Z ....................................................                     [  3%]
2026-09-29T22:16:27.3468839Z tests\py\test_dumps_general_tables.py ............................       [  3%]
2026-09-29T22:16:27.9630955Z tests\py\test_dumps_with_default.py .................................... [  5%]
2026-09-29T22:16:28.3147387Z .............................ss                                          [  6%]
2026-09-29T22:16:28.3583863Z tests\py\test_dumps_with_default_contract.py ........................... [  6%]
2026-09-29T22:16:28.4866489Z ........................................................................ [  9%]
2026-09-29T22:16:28.6241818Z ........................................................................ [ 11%]
2026-09-29T22:16:28.7047888Z ..........................                                               [ 12%]
2026-09-29T22:16:28.7100529Z tests\py\test_fused_verification.py ..                                   [ 12%]
2026-09-29T22:16:28.7531812Z tests\py\test_json_parity.py ........................................... [ 13%]
2026-09-29T22:16:28.8239176Z ........................................................................ [ 15%]
2026-09-29T22:16:28.8954355Z ........................................................................ [ 18%]
2026-09-29T22:16:28.9664512Z ........................................................................ [ 20%]
2026-09-29T22:16:29.0391200Z ........................................................................ [ 22%]
2026-09-29T22:16:29.1130247Z ........................................................................ [ 24%]
2026-09-29T22:16:29.1853105Z ........................................................................ [ 27%]
2026-09-29T22:16:29.2557149Z ........................................................................ [ 29%]
2026-09-29T22:16:29.3260728Z ........................................................................ [ 31%]
2026-09-29T22:16:29.3965510Z ........................................................................ [ 33%]
2026-09-29T22:16:29.4655732Z ........................................................................ [ 36%]
2026-09-29T22:16:29.5347180Z ........................................................................ [ 38%]
2026-09-29T22:16:29.6054448Z ........................................................................ [ 40%]
2026-09-29T22:16:29.6758048Z ........................................................................ [ 43%]
2026-09-29T22:16:29.7449521Z ........................................................................ [ 45%]
2026-09-29T22:16:29.8148518Z ........................................................................ [ 47%]
2026-09-29T22:16:29.8834960Z ........................................................................ [ 49%]
2026-09-29T22:16:29.9193067Z .................................                                        [ 50%]
2026-09-29T22:16:30.0313964Z tests\py\test_path_dispatch.py ................................          [ 51%]
2026-09-29T22:16:30.0352686Z tests\py\test_py_tests_basetemp.py ..                                    [ 51%]
2026-09-29T22:16:30.0382981Z tests\py\test_smoke.py ...                                               [ 52%]
2026-09-29T22:16:31.0843298Z tests\unit\test_ab_analysis.py ......................................    [ 53%]
2026-09-29T22:16:31.1047390Z tests\unit\test_build_manifest.py ...........                            [ 53%]
2026-09-29T22:16:31.1639378Z tests\unit\test_canonical_builds.py ....                                 [ 53%]
2026-09-29T22:16:31.6359172Z tests\unit\test_ci_fetch.py ........................                     [ 54%]
2026-09-29T22:16:31.8268534Z tests\unit\test_ci_summary.py .......................                    [ 55%]
2026-09-29T22:16:31.8535829Z tests\unit\test_config.py ...........................                    [ 56%]
2026-09-29T22:16:31.8861225Z tests\unit\test_core_purity.py ....                                      [ 56%]
2026-09-29T22:16:31.9350280Z tests\unit\test_cross_sample.py ......                                   [ 56%]
2026-09-29T22:16:32.0053657Z tests\unit\test_dumps.py ............................................... [ 57%]
2026-09-29T22:16:32.0246400Z ..........                                                               [ 58%]
2026-09-29T22:16:32.0478585Z tests\unit\test_dumps_brace_fold.py .........                            [ 58%]
2026-09-29T22:16:32.3704213Z tests\unit\test_dumps_cold_start.py ....                                 [ 58%]
2026-09-29T22:16:32.4135474Z tests\unit\test_dumps_contract.py ...................................... [ 59%]
2026-09-29T22:16:32.4949341Z .............................................................            [ 61%]
2026-09-29T22:16:32.5428769Z tests\unit\test_dumps_cycles_fused.py .................................. [ 62%]
2026-09-29T22:16:32.6234538Z ......................................................                   [ 64%]
2026-09-29T22:16:32.9960364Z tests\unit\test_dumps_general_tables.py ............................     [ 65%]
2026-09-29T22:16:33.6719574Z tests\unit\test_dumps_latch.py ............................              [ 66%]
2026-09-29T22:16:33.7802701Z tests\unit\test_dumps_private_cache.py ................................  [ 67%]
2026-09-29T22:16:34.7516009Z tests\unit\test_dumps_reentrancy.py .................................... [ 68%]
2026-09-29T22:16:36.4947607Z ......................................................................   [ 70%]
2026-09-29T22:16:37.5957294Z tests\unit\test_dumps_reentrancy_review.py ............................. [ 71%]
2026-09-29T22:16:37.8152476Z ..                                                                       [ 71%]
2026-09-29T22:16:37.8846508Z tests\unit\test_dumps_schema_failure.py ...........................      [ 72%]
2026-09-29T22:16:38.4757142Z tests\unit\test_dumps_user_step_counter.py ..........................    [ 73%]
2026-09-29T22:16:38.5133423Z tests\unit\test_dumps_with_default.py .................................. [ 74%]
2026-09-29T22:16:38.5920361Z ........................................................................ [ 76%]
2026-09-29T22:16:38.7589955Z .........................................................                [ 78%]
2026-09-29T22:16:38.7882732Z tests\unit\test_dumps_with_default_state.py ............................ [ 79%]
2026-09-29T22:16:38.9145607Z ........................................................................ [ 81%]
2026-09-29T22:16:39.1607832Z ..............                                                           [ 81%]
2026-09-29T22:16:39.4211135Z tests\unit\test_folder.py .....ss....................................... [ 83%]
2026-09-29T22:16:39.7541637Z .........................................                                [ 84%]
2026-09-29T22:16:39.7597104Z tests\unit\test_fused_verification.py ..                                 [ 84%]
2026-09-29T22:16:39.8633593Z tests\unit\test_hook_build_scope.py ...............................      [ 85%]
2026-09-29T22:16:39.9941020Z tests\unit\test_json_cursor.py ...........................               [ 86%]
2026-09-29T22:16:40.0353478Z tests\unit\test_jsonpath.py ............................................ [ 87%]
2026-09-29T22:16:40.3171546Z .......................................................................  [ 90%]
2026-09-29T22:16:40.6013293Z tests\unit\test_load_dump.py ........................s.................. [ 91%]
2026-09-29T22:16:40.6021210Z                                                                          [ 91%]
2026-09-29T22:16:40.6505418Z tests\unit\test_loads.py ............................................... [ 92%]
2026-09-29T22:16:40.7675676Z ........................................................................ [ 95%]
2026-09-29T22:16:41.9059946Z ................                                                         [ 95%]
2026-09-29T22:16:41.9206047Z tests\unit\test_native_interleaved_profile.py ...                        [ 95%]
2026-09-29T22:16:41.9993344Z tests\unit\test_nested_container_probe.py ....                           [ 95%]
2026-09-29T22:16:42.1480223Z tests\unit\test_path_dispatch.py ................................        [ 96%]
2026-09-29T22:16:42.2544005Z tests\unit\test_provenance.py ..................                         [ 97%]
2026-09-29T22:16:42.3762741Z tests\unit\test_regression_check.py ..........................           [ 98%]
2026-09-29T22:16:42.6035268Z tests\unit\test_search_stream.py .................                       [ 98%]
2026-09-29T22:16:42.6047952Z tests\unit\test_string_identity_probe.py .                               [ 98%]
2026-09-29T22:16:42.7391276Z tests\unit\test_supplementary.py .............                           [ 99%]
2026-09-29T22:16:42.8646401Z tests\unit\test_supportability_check.py ....................             [ 99%]
2026-09-29T22:16:43.0066605Z tests\unit\test_version.py ....                                          [100%]
2026-09-29T22:16:43.0067237Z 
2026-09-29T22:16:43.0067856Z ====================== 3178 passed, 5 skipped in 16.48s =======================
2026-09-29T22:16:43.6796992Z ==> PGO: merging 17 raw profiles
2026-09-29T22:16:43.6802090Z + C:\Program Files\LLVM\bin\llvm-profdata.EXE merge -output=D:\a\strata\strata\build\pgo\strata.profdata D:\a\strata\strata\build\pgo\raw\1248.profraw D:\a\strata\strata\build\pgo\raw\1548.profraw D:\a\strata\strata\build\pgo\raw\2460.profraw D:\a\strata\strata\build\pgo\raw\3800.profraw D:\a\strata\strata\build\pgo\raw\4000.profraw D:\a\strata\strata\build\pgo\raw\5868.profraw D:\a\strata\strata\build\pgo\raw\6044.profraw D:\a\strata\strata\build\pgo\raw\6740.profraw D:\a\strata\strata\build\pgo\raw\7884.profraw D:\a\strata\strata\build\pgo\raw\7988.profraw D:\a\strata\strata\build\pgo\raw\8432.profraw D:\a\strata\strata\build\pgo\raw\8572.profraw D:\a\strata\strata\build\pgo\raw\8728.profraw D:\a\strata\strata\build\pgo\raw\9276.profraw D:\a\strata\strata\build\pgo\raw\9312.profraw D:\a\strata\strata\build\pgo\raw\9468.profraw D:\a\strata\strata\build\pgo\raw\9568.profraw
2026-09-29T22:16:43.7371876Z + C:\hostedtoolcache\windows\Python\3.12.10\x64\python.exe scripts/build_identity.py --profile D:\a\strata\strata\build\pgo\strata.profdata --raw D:\a\strata\strata\build\pgo\raw --recipe gate-inclusive-clang-cl-v1
2026-09-29T22:16:43.8963543Z ==> PGO phase 2: optimized build (clang-cl, -fprofile-use)
2026-09-29T22:16:43.8968265Z + C:\hostedtoolcache\windows\Python\3.12.10\x64\python.exe -m pip install --force-reinstall --no-deps -e .
2026-09-29T22:16:44.9889207Z Obtaining file:///D:/a/strata/strata
2026-09-29T22:16:44.9926031Z   Installing build dependencies: started
2026-09-29T22:16:52.5163906Z   Installing build dependencies: finished with status 'done'
2026-09-29T22:16:52.5181126Z   Checking if build backend supports build_editable: started
2026-09-29T22:16:53.0135745Z   Checking if build backend supports build_editable: finished with status 'done'
2026-09-29T22:16:53.0163848Z   Getting requirements to build editable: started
2026-09-29T22:16:53.6740042Z   Getting requirements to build editable: finished with status 'done'
2026-09-29T22:16:53.6772841Z   Preparing editable metadata (pyproject.toml): started
2026-09-29T22:16:54.1350802Z   Preparing editable metadata (pyproject.toml): finished with status 'done'
2026-09-29T22:16:54.1438207Z Building wheels for collected packages: strata
2026-09-29T22:16:54.1466732Z   Building editable for strata (pyproject.toml): started
2026-09-29T22:17:54.1721473Z   Building editable for strata (pyproject.toml): still running...
2026-09-29T22:18:16.9660124Z   Building editable for strata (pyproject.toml): finished with status 'done'
2026-09-29T22:18:16.9728641Z   Created wheel for strata: filename=strata-2026.8.10-0.editable-cp312-cp312-win_amd64.whl size=4481 sha256=9e33a0427d07040d03ef579c54ea053f28ec426d3a27aef0ba606ed15c80123a
2026-09-29T22:18:16.9730653Z   Stored in directory: C:\Users\runneradmin\AppData\Local\Temp\pip-ephem-wheel-cache-cryn6bwl\wheels\b6\3b\c8\2f2ce7f33d27af776fa93be556bcd24459639b05d76b33473b
2026-09-29T22:18:16.9771103Z Successfully built strata
2026-09-29T22:18:16.9954832Z Installing collected packages: strata
2026-09-29T22:18:16.9956473Z   Attempting uninstall: strata
2026-09-29T22:18:16.9986788Z     Found existing installation: strata 2026.8.10
2026-09-29T22:18:17.0016805Z     Uninstalling strata-2026.8.10:
2026-09-29T22:18:17.0979533Z       Successfully uninstalled strata-2026.8.10
2026-09-29T22:18:17.1346201Z Successfully installed strata-2026.8.10
2026-09-29T22:18:19.8797204Z + C:\hostedtoolcache\windows\Python\3.12.10\x64\python.exe -c import strata; strata.loads('{}')
2026-09-29T22:18:19.9934400Z + C:\hostedtoolcache\windows\Python\3.12.10\x64\python.exe scripts/build_identity.py --check-unprofiled strata._dumps_hook
2026-09-29T22:18:20.0599528Z + strata._dumps_hook is unprofiled: _dumps_hook.cp312-win_amd64.pyd.build.json records no profile or profile flag,
2026-09-29T22:18:20.0601086Z   and the image links no profile runtime
2026-09-29T22:18:20.0679447Z ==> PGO: gate tests on the optimized build
2026-09-29T22:18:20.0680591Z + C:\hostedtoolcache\windows\Python\3.12.10\x64\python.exe scripts/cpp_tests.py
2026-09-29T22:18:20.1201538Z + C:\hostedtoolcache\windows\Python\3.12.10\x64\Scripts\cmake.EXE -S . -B build/cmake -DCMAKE_BUILD_TYPE=Release
2026-09-29T22:18:20.4498093Z -- Configuring done (0.0s)
2026-09-29T22:18:20.5454032Z -- Generating done (0.1s)
2026-09-29T22:18:20.5463875Z -- Build files have been written to: D:/a/strata/strata/build/cmake
2026-09-29T22:18:20.5719121Z + C:\hostedtoolcache\windows\Python\3.12.10\x64\Scripts\cmake.EXE --build build/cmake --config Release
2026-09-29T22:18:20.9711736Z MSBuild version 18.10.1-1.26427.6+3cd27c13e for .NET Framework
2026-09-29T22:18:21.0075718Z 
2026-09-29T22:18:21.2951591Z   1>Checking Build System
2026-09-29T22:18:21.4283848Z   Building Custom Rule D:/a/strata/strata/CMakeLists.txt
2026-09-29T22:18:21.6144545Z   fast_parse_tests.vcxproj -> D:\a\strata\strata\build\cmake\Release\fast_parse_tests.exe
2026-09-29T22:18:21.6861590Z   Building Custom Rule D:/a/strata/strata/CMakeLists.txt
2026-09-29T22:18:21.7388246Z   float_precision_tests.vcxproj -> D:\a\strata\strata\build\cmake\Release\float_precision_tests.exe
2026-09-29T22:18:21.8031792Z   Building Custom Rule D:/a/strata/strata/CMakeLists.txt
2026-09-29T22:18:21.8612607Z   folder_tests.vcxproj -> D:\a\strata\strata\build\cmake\Release\folder_tests.exe
2026-09-29T22:18:21.9236648Z   Building Custom Rule D:/a/strata/strata/CMakeLists.txt
2026-09-29T22:18:21.9764494Z   fuzz_corpus_tests.vcxproj -> D:\a\strata\strata\build\cmake\Release\fuzz_corpus_tests.exe
2026-09-29T22:18:22.0445494Z   Building Custom Rule D:/a/strata/strata/CMakeLists.txt
2026-09-29T22:18:22.0977578Z   json_core_tests.vcxproj -> D:\a\strata\strata\build\cmake\Release\json_core_tests.exe
2026-09-29T22:18:22.1640348Z   Building Custom Rule D:/a/strata/strata/CMakeLists.txt
2026-09-29T22:18:22.2191189Z   json_cursor_tests.vcxproj -> D:\a\strata\strata\build\cmake\Release\json_cursor_tests.exe
2026-09-29T22:18:22.2834104Z   Building Custom Rule D:/a/strata/strata/CMakeLists.txt
2026-09-29T22:18:22.3326848Z   json_parse_tests.vcxproj -> D:\a\strata\strata\build\cmake\Release\json_parse_tests.exe
2026-09-29T22:18:22.3982145Z   Building Custom Rule D:/a/strata/strata/CMakeLists.txt
2026-09-29T22:18:22.4510784Z   json_serialize_tests.vcxproj -> D:\a\strata\strata\build\cmake\Release\json_serialize_tests.exe
2026-09-29T22:18:22.5149753Z   Building Custom Rule D:/a/strata/strata/CMakeLists.txt
2026-09-29T22:18:22.5684252Z   jsonpath_stream_tests.vcxproj -> D:\a\strata\strata\build\cmake\Release\jsonpath_stream_tests.exe
2026-09-29T22:18:22.6407703Z   Building Custom Rule D:/a/strata/strata/CMakeLists.txt
2026-09-29T22:18:22.6946343Z   jsonpath_tests.vcxproj -> D:\a\strata\strata\build\cmake\Release\jsonpath_tests.exe
2026-09-29T22:18:22.7725666Z   Building Custom Rule D:/a/strata/strata/CMakeLists.txt
2026-09-29T22:18:22.8266706Z   ndjson_tests.vcxproj -> D:\a\strata\strata\build\cmake\Release\ndjson_tests.exe
2026-09-29T22:18:22.8907073Z   Building Custom Rule D:/a/strata/strata/CMakeLists.txt
2026-09-29T22:18:22.9436194Z   scan_tests.vcxproj -> D:\a\strata\strata\build\cmake\Release\scan_tests.exe
2026-09-29T22:18:23.0080712Z   Building Custom Rule D:/a/strata/strata/CMakeLists.txt
2026-09-29T22:18:23.0577662Z   smoke_tests.vcxproj -> D:\a\strata\strata\build\cmake\Release\smoke_tests.exe
2026-09-29T22:18:23.1217281Z   Building Custom Rule D:/a/strata/strata/CMakeLists.txt
2026-09-29T22:18:23.1735137Z   stress_deep_tests.vcxproj -> D:\a\strata\strata\build\cmake\Release\stress_deep_tests.exe
2026-09-29T22:18:23.2363311Z   Building Custom Rule D:/a/strata/strata/CMakeLists.txt
2026-09-29T22:18:23.2923800Z   temporal_tests.vcxproj -> D:\a\strata\strata\build\cmake\Release\temporal_tests.exe
2026-09-29T22:18:23.3590091Z   Building Custom Rule D:/a/strata/strata/CMakeLists.txt
2026-09-29T22:18:23.4096662Z   value_cursor_tests.vcxproj -> D:\a\strata\strata\build\cmake\Release\value_cursor_tests.exe
2026-09-29T22:18:23.4815382Z   Building Custom Rule D:/a/strata/strata/CMakeLists.txt
2026-09-29T22:18:23.5954762Z + C:\hostedtoolcache\windows\Python\3.12.10\x64\Scripts\ctest.EXE --test-dir build/cmake --build-config Release --output-on-failure --no-tests=error
2026-09-29T22:18:23.8933228Z Test project D:/a/strata/strata/build/cmake
2026-09-29T22:18:23.8965687Z       Start  1: smoke_tests
2026-09-29T22:18:23.9040773Z  1/16 Test  #1: smoke_tests ......................   Passed    0.01 sec
2026-09-29T22:18:23.9046591Z       Start  2: json_core_tests
2026-09-29T22:18:23.9118026Z  2/16 Test  #2: json_core_tests ..................   Passed    0.01 sec
2026-09-29T22:18:23.9122308Z       Start  3: json_parse_tests
2026-09-29T22:18:23.9192152Z  3/16 Test  #3: json_parse_tests .................   Passed    0.01 sec
2026-09-29T22:18:23.9196210Z       Start  4: fast_parse_tests
2026-09-29T22:18:24.0543432Z  4/16 Test  #4: fast_parse_tests .................   Passed    0.13 sec
2026-09-29T22:18:24.0547715Z       Start  5: value_cursor_tests
2026-09-29T22:18:24.0750134Z  5/16 Test  #5: value_cursor_tests ...............   Passed    0.02 sec
2026-09-29T22:18:24.0754625Z       Start  6: json_serialize_tests
2026-09-29T22:18:24.0825328Z  6/16 Test  #6: json_serialize_tests .............   Passed    0.01 sec
2026-09-29T22:18:24.0829380Z       Start  7: float_precision_tests
2026-09-29T22:18:27.8919225Z  7/16 Test  #7: float_precision_tests ............   Passed    3.81 sec
2026-09-29T22:18:27.8923555Z       Start  8: json_cursor_tests
2026-09-29T22:18:27.8995393Z  8/16 Test  #8: json_cursor_tests ................   Passed    0.01 sec
2026-09-29T22:18:27.8999379Z       Start  9: ndjson_tests
2026-09-29T22:18:27.9112289Z  9/16 Test  #9: ndjson_tests .....................   Passed    0.01 sec
2026-09-29T22:18:27.9116603Z       Start 10: jsonpath_tests
2026-09-29T22:18:27.9184859Z 10/16 Test #10: jsonpath_tests ...................   Passed    0.01 sec
2026-09-29T22:18:27.9189545Z       Start 11: jsonpath_stream_tests
2026-09-29T22:18:27.9267161Z 11/16 Test #11: jsonpath_stream_tests ............   Passed    0.01 sec
2026-09-29T22:18:27.9271625Z       Start 12: scan_tests
2026-09-29T22:18:27.9563061Z 12/16 Test #12: scan_tests .......................   Passed    0.03 sec
2026-09-29T22:18:27.9567532Z       Start 13: temporal_tests
2026-09-29T22:18:27.9866474Z 13/16 Test #13: temporal_tests ...................   Passed    0.03 sec
2026-09-29T22:18:27.9871053Z       Start 14: folder_tests
2026-09-29T22:18:28.0423807Z 14/16 Test #14: folder_tests .....................   Passed    0.05 sec
2026-09-29T22:18:28.0427893Z       Start 15: fuzz_corpus_tests
2026-09-29T22:18:28.0570040Z 15/16 Test #15: fuzz_corpus_tests ................   Passed    0.01 sec
2026-09-29T22:18:28.0574305Z       Start 16: stress_deep_tests
2026-09-29T22:18:28.0675637Z 16/16 Test #16: stress_deep_tests ................   Passed    0.01 sec
2026-09-29T22:18:28.0686495Z 
2026-09-29T22:18:28.0686715Z 100% tests passed out of 16
2026-09-29T22:18:28.0687108Z 
2026-09-29T22:18:28.0687922Z Total Test time (real) =   4.17 sec
2026-09-29T22:18:28.0990693Z + C:\hostedtoolcache\windows\Python\3.12.10\x64\python.exe scripts/py_tests.py
2026-09-29T22:18:28.1581955Z + pytest tests/py tests/unit --basetemp=C:\Users\RUNNER~1\AppData\Local\Temp\pytest-of-runneradmin\214rdkm2
2026-09-29T22:18:29.0504161Z ============================= test session starts =============================
2026-09-29T22:18:29.0504777Z platform win32 -- Python 3.12.10, pytest-9.1.1, pluggy-1.6.0
2026-09-29T22:18:29.0505259Z rootdir: D:\a\strata\strata
2026-09-29T22:18:29.0505597Z configfile: pyproject.toml
2026-09-29T22:18:29.0505938Z plugins: cov-7.1.0
2026-09-29T22:18:29.0506230Z collected 3924 items
2026-09-29T22:18:29.0506414Z 
2026-09-29T22:18:29.0982393Z tests\py\native_types\test_native_dump.py ..............                 [  0%]
2026-09-29T22:18:29.2051258Z tests\py\native_types\test_native_fast_paths.py ........ssssssssss...... [  0%]
2026-09-29T22:18:29.5052198Z .............................                                            [  1%]
2026-09-29T22:18:29.6181861Z tests\py\native_types\test_native_import.py ...                          [  1%]
2026-09-29T22:18:29.6874797Z tests\py\native_types\test_native_opt_out.py ........................... [  2%]
2026-09-29T22:18:29.6882290Z                                                                          [  2%]
2026-09-29T22:18:29.8277398Z tests\py\native_types\test_native_oracle.py .........                    [  2%]
2026-09-29T22:18:30.4431456Z tests\py\native_types\test_native_reentrancy.py ........................ [  3%]
2026-09-29T22:18:31.8085675Z ..................................................                       [  4%]
2026-09-29T22:18:31.8623596Z tests\py\native_types\test_parse_types.py .............................. [  5%]
2026-09-29T22:18:32.6595972Z ............................................................             [  6%]
2026-09-29T22:18:32.6831658Z tests\py\test_dumps_brace_fold.py .........                              [  7%]
2026-09-29T22:18:32.7355707Z tests\py\test_dumps_cycles_fused.py .................................... [  8%]
2026-09-29T22:18:32.8139552Z ....................................................                     [  9%]
2026-09-29T22:18:33.1655674Z tests\py\test_dumps_general_tables.py ............................       [ 10%]
2026-09-29T22:18:33.9433190Z tests\py\test_dumps_with_default.py .................................... [ 10%]
2026-09-29T22:18:34.4451945Z .............................ss                                          [ 11%]
2026-09-29T22:18:34.4885953Z tests\py\test_dumps_with_default_contract.py ........................... [ 12%]
2026-09-29T22:18:34.6194229Z ........................................................................ [ 14%]
2026-09-29T22:18:34.7525855Z ........................................................................ [ 16%]
2026-09-29T22:18:34.8367152Z ..........................                                               [ 16%]
2026-09-29T22:18:34.8417109Z tests\py\test_fused_verification.py ..                                   [ 16%]
2026-09-29T22:18:34.8862170Z tests\py\test_json_parity.py ........................................... [ 17%]
2026-09-29T22:18:34.9580637Z ........................................................................ [ 19%]
2026-09-29T22:18:35.0307595Z ........................................................................ [ 21%]
2026-09-29T22:18:35.1025511Z ........................................................................ [ 23%]
2026-09-29T22:18:35.1748813Z ........................................................................ [ 25%]
2026-09-29T22:18:35.2466063Z ........................................................................ [ 27%]
2026-09-29T22:18:35.3243086Z ........................................................................ [ 28%]
2026-09-29T22:18:35.3957837Z ........................................................................ [ 30%]
2026-09-29T22:18:35.4663463Z ........................................................................ [ 32%]
2026-09-29T22:18:35.5385658Z ........................................................................ [ 34%]
2026-09-29T22:18:35.6089612Z ........................................................................ [ 36%]
2026-09-29T22:18:35.6791969Z ........................................................................ [ 38%]
2026-09-29T22:18:35.7485485Z ........................................................................ [ 39%]
2026-09-29T22:18:35.8181116Z ........................................................................ [ 41%]
2026-09-29T22:18:35.8898904Z ........................................................................ [ 43%]
2026-09-29T22:18:35.9604575Z ........................................................................ [ 45%]
2026-09-29T22:18:36.0311721Z ........................................................................ [ 47%]
2026-09-29T22:18:36.0679290Z .................................                                        [ 48%]
2026-09-29T22:18:36.2073533Z tests\py\test_path_dispatch.py ................................          [ 48%]
2026-09-29T22:18:36.2111970Z tests\py\test_py_tests_basetemp.py ..                                    [ 49%]
2026-09-29T22:18:36.2141911Z tests\py\test_smoke.py ...                                               [ 49%]
2026-09-29T22:18:36.2451140Z tests\unit\native_types\test_build_sources.py .......                    [ 49%]
2026-09-29T22:18:36.5373166Z tests\unit\native_types\test_hook_import_gating.py .......               [ 49%]
2026-09-29T22:18:36.7082145Z tests\unit\native_types\test_hook_profile_build.py sss............       [ 49%]
2026-09-29T22:18:36.7409709Z tests\unit\native_types\test_native_benchmark_agreement.py ...........   [ 50%]
2026-09-29T22:18:36.8569970Z tests\unit\native_types\test_native_benchmark_dataset.py .....           [ 50%]
2026-09-29T22:18:36.8638769Z tests\unit\native_types\test_native_benchmark_rows.py .......            [ 50%]
2026-09-29T22:18:36.9185478Z tests\unit\native_types\test_native_ci_fetch.py ....                     [ 50%]
2026-09-29T22:18:36.9550901Z tests\unit\native_types\test_native_ci_summary.py .....                  [ 50%]
2026-09-29T22:18:37.0548842Z tests\unit\native_types\test_native_flag.py ..........................s. [ 51%]
2026-09-29T22:18:37.1323555Z ..                                                                       [ 51%]
2026-09-29T22:18:37.1814144Z tests\unit\native_types\test_native_identity_ab.py .......               [ 51%]
2026-09-29T22:18:37.2122446Z tests\unit\native_types\test_native_opt_out.py ......................... [ 52%]
2026-09-29T22:18:37.3017143Z ........................................................................ [ 54%]
2026-09-29T22:18:37.3609525Z ..................................................                       [ 55%]
2026-09-29T22:18:37.3852262Z tests\unit\native_types\test_parse_contract.py ......................... [ 55%]
2026-09-29T22:18:37.5144986Z .................................................                        [ 57%]
2026-09-29T22:18:37.5393150Z tests\unit\native_types\test_serializer_contract.py .................... [ 57%]
2026-09-29T22:18:38.0574524Z ........................................................................ [ 59%]
2026-09-29T22:18:38.1283957Z ................................................                         [ 60%]
2026-09-29T22:18:38.1986083Z tests\unit\native_types\test_training_scope.py ............              [ 61%]
2026-09-29T22:18:39.2677654Z tests\unit\test_ab_analysis.py ......................................    [ 62%]
2026-09-29T22:18:39.2883917Z tests\unit\test_build_manifest.py ...........                            [ 62%]
2026-09-29T22:18:39.3426951Z tests\unit\test_canonical_builds.py ....                                 [ 62%]
2026-09-29T22:18:39.8003361Z tests\unit\test_ci_fetch.py ........................                     [ 63%]
2026-09-29T22:18:39.9908051Z tests\unit\test_ci_summary.py .......................                    [ 63%]
2026-09-29T22:18:40.0191139Z tests\unit\test_config.py ...........................                    [ 64%]
2026-09-29T22:18:40.0513088Z tests\unit\test_core_purity.py ....                                      [ 64%]
2026-09-29T22:18:40.0845010Z tests\unit\test_cross_sample.py ......                                   [ 64%]
2026-09-29T22:18:40.1554267Z tests\unit\test_dumps.py ............................................... [ 65%]
2026-09-29T22:18:40.1741401Z ..........                                                               [ 66%]
2026-09-29T22:18:40.1971865Z tests\unit\test_dumps_brace_fold.py .........                            [ 66%]
2026-09-29T22:18:40.5231202Z tests\unit\test_dumps_cold_start.py ....                                 [ 66%]
2026-09-29T22:18:40.5667877Z tests\unit\test_dumps_contract.py ...................................... [ 67%]
2026-09-29T22:18:40.6481877Z .............................................................            [ 68%]
2026-09-29T22:18:40.6990169Z tests\unit\test_dumps_cycles_fused.py .................................. [ 69%]
2026-09-29T22:18:40.7836791Z ......................................................                   [ 71%]
2026-09-29T22:18:41.3867138Z tests\unit\test_dumps_general_tables.py ............................     [ 71%]
2026-09-29T22:18:42.3571859Z tests\unit\test_dumps_latch.py ............................              [ 72%]
2026-09-29T22:18:42.4976068Z tests\unit\test_dumps_private_cache.py ................................  [ 73%]
2026-09-29T22:18:43.8039743Z tests\unit\test_dumps_reentrancy.py .................................... [ 74%]
2026-09-29T22:18:46.1440874Z ......................................................................   [ 76%]
2026-09-29T22:18:47.6466827Z tests\unit\test_dumps_reentrancy_review.py ............................. [ 76%]
2026-09-29T22:18:47.9637981Z ..                                                                       [ 76%]
2026-09-29T22:18:48.0583155Z tests\unit\test_dumps_schema_failure.py ...........................      [ 77%]
2026-09-29T22:18:48.9758344Z tests\unit\test_dumps_user_step_counter.py ..........................    [ 78%]
2026-09-29T22:18:49.0155929Z tests\unit\test_dumps_with_default.py .................................. [ 79%]
2026-09-29T22:18:49.1027093Z ........................................................................ [ 80%]
2026-09-29T22:18:49.2711452Z .........................................................                [ 82%]
2026-09-29T22:18:49.3015852Z tests\unit\test_dumps_with_default_state.py ............................ [ 83%]
2026-09-29T22:18:49.4302917Z ........................................................................ [ 84%]
2026-09-29T22:18:49.6769957Z ..............                                                           [ 85%]
2026-09-29T22:18:49.9461026Z tests\unit\test_folder.py .....ss....................................... [ 86%]
2026-09-29T22:18:50.2794420Z .........................................                                [ 87%]
2026-09-29T22:18:50.2844221Z tests\unit\test_fused_verification.py ..                                 [ 87%]
2026-09-29T22:18:50.3884953Z tests\unit\test_hook_build_scope.py ...............................      [ 88%]
2026-09-29T22:18:50.5847570Z tests\unit\test_json_cursor.py ...........................               [ 89%]
2026-09-29T22:18:50.6322007Z tests\unit\test_jsonpath.py ............................................ [ 90%]
2026-09-29T22:18:50.9892391Z .......................................................................  [ 91%]
2026-09-29T22:18:51.2556212Z tests\unit\test_load_dump.py ........................s.................. [ 93%]
2026-09-29T22:18:51.2567754Z                                                                          [ 93%]
2026-09-29T22:18:51.3078623Z tests\unit\test_loads.py ............................................... [ 94%]
2026-09-29T22:18:51.4240399Z ........................................................................ [ 96%]
2026-09-29T22:18:52.5482111Z ................                                                         [ 96%]
2026-09-29T22:18:52.5629008Z tests\unit\test_native_interleaved_profile.py ...                        [ 96%]
2026-09-29T22:18:52.6539107Z tests\unit\test_nested_container_probe.py ....                           [ 96%]
2026-09-29T22:18:52.8084931Z tests\unit\test_path_dispatch.py ................................        [ 97%]
2026-09-29T22:18:52.9187185Z tests\unit\test_provenance.py ..................                         [ 97%]
2026-09-29T22:18:53.0383040Z tests\unit\test_regression_check.py ..........................           [ 98%]
2026-09-29T22:18:53.2683709Z tests\unit\test_search_stream.py .................                       [ 99%]
2026-09-29T22:18:53.2697290Z tests\unit\test_string_identity_probe.py .                               [ 99%]
2026-09-29T22:18:53.4067671Z tests\unit\test_supplementary.py .............                           [ 99%]
2026-09-29T22:18:53.5271393Z tests\unit\test_supportability_check.py ....................             [ 99%]
2026-09-29T22:18:53.7110946Z tests\unit\test_version.py ....                                          [100%]
2026-09-29T22:18:53.7111436Z 
2026-09-29T22:18:53.7111670Z ====================== 3905 passed, 19 skipped in 25.21s ======================
2026-09-29T22:18:54.4586136Z ==> PGO phase 3a: instrumented hook
2026-09-29T22:18:54.4588398Z + C:\hostedtoolcache\windows\Python\3.12.10\x64\python.exe -m pip install --force-reinstall --no-deps -e .
2026-09-29T22:18:55.1119012Z Obtaining file:///D:/a/strata/strata
2026-09-29T22:18:55.1153188Z   Installing build dependencies: started
2026-09-29T22:19:02.6534436Z   Installing build dependencies: finished with status 'done'
2026-09-29T22:19:02.6552199Z   Checking if build backend supports build_editable: started
2026-09-29T22:19:03.1209931Z   Checking if build backend supports build_editable: finished with status 'done'
2026-09-29T22:19:03.1236756Z   Getting requirements to build editable: started
2026-09-29T22:19:03.8985561Z   Getting requirements to build editable: finished with status 'done'
2026-09-29T22:19:03.9017671Z   Preparing editable metadata (pyproject.toml): started
2026-09-29T22:19:04.3918682Z   Preparing editable metadata (pyproject.toml): finished with status 'done'
2026-09-29T22:19:04.4032916Z Building wheels for collected packages: strata
2026-09-29T22:19:04.4041752Z   Building editable for strata (pyproject.toml): started
2026-09-29T22:20:00.8699315Z   Building editable for strata (pyproject.toml): finished with status 'error'
2026-09-29T22:20:00.8987279Z   error: subprocess-exited-with-error
2026-09-29T22:20:00.8987809Z   
2026-09-29T22:20:00.8988995Z   Building editable for strata (pyproject.toml) did not run successfully.
2026-09-29T22:20:00.8990018Z   exit code: 1
2026-09-29T22:20:00.8990748Z   
2026-09-29T22:20:00.8991038Z   [569 lines of output]
2026-09-29T22:20:00.8991392Z   running editable_wheel
2026-09-29T22:20:00.8993170Z   creating C:\Users\runneradmin\AppData\Local\Temp\pip-ephem-wheel-cache-d9258ga2\wheels\b6\3b\c8\2f2ce7f33d27af776fa93be556bcd24459639b05d76b33473b\tmp_7ds8pn6\.tmp-kikqq40f\strata.egg-info
2026-09-29T22:20:00.8995853Z   writing C:\Users\runneradmin\AppData\Local\Temp\pip-ephem-wheel-cache-d9258ga2\wheels\b6\3b\c8\2f2ce7f33d27af776fa93be556bcd24459639b05d76b33473b\tmp_7ds8pn6\.tmp-kikqq40f\strata.egg-info\PKG-INFO
2026-09-29T22:20:00.8998611Z   writing dependency_links to C:\Users\runneradmin\AppData\Local\Temp\pip-ephem-wheel-cache-d9258ga2\wheels\b6\3b\c8\2f2ce7f33d27af776fa93be556bcd24459639b05d76b33473b\tmp_7ds8pn6\.tmp-kikqq40f\strata.egg-info\dependency_links.txt
2026-09-29T22:20:00.9001516Z   writing requirements to C:\Users\runneradmin\AppData\Local\Temp\pip-ephem-wheel-cache-d9258ga2\wheels\b6\3b\c8\2f2ce7f33d27af776fa93be556bcd24459639b05d76b33473b\tmp_7ds8pn6\.tmp-kikqq40f\strata.egg-info\requires.txt
2026-09-29T22:20:00.9004310Z   writing top-level names to C:\Users\runneradmin\AppData\Local\Temp\pip-ephem-wheel-cache-d9258ga2\wheels\b6\3b\c8\2f2ce7f33d27af776fa93be556bcd24459639b05d76b33473b\tmp_7ds8pn6\.tmp-kikqq40f\strata.egg-info\top_level.txt
2026-09-29T22:20:00.9008868Z   writing manifest file 'C:\Users\runneradmin\AppData\Local\Temp\pip-ephem-wheel-cache-d9258ga2\wheels\b6\3b\c8\2f2ce7f33d27af776fa93be556bcd24459639b05d76b33473b\tmp_7ds8pn6\.tmp-kikqq40f\strata.egg-info\SOURCES.txt'
2026-09-29T22:20:00.9011666Z   reading manifest file 'C:\Users\runneradmin\AppData\Local\Temp\pip-ephem-wheel-cache-d9258ga2\wheels\b6\3b\c8\2f2ce7f33d27af776fa93be556bcd24459639b05d76b33473b\tmp_7ds8pn6\.tmp-kikqq40f\strata.egg-info\SOURCES.txt'
2026-09-29T22:20:00.9013321Z   reading manifest template 'MANIFEST.in'
2026-09-29T22:20:00.9013897Z   warning: no files found matching '*.c' under directory 'src'
2026-09-29T22:20:00.9014799Z   warning: no files found matching '*.cc' under directory 'src'
2026-09-29T22:20:00.9015493Z   warning: no files found matching '*.cxx' under directory 'src'
2026-09-29T22:20:00.9016192Z   warning: no files found matching '*.hpp' under directory 'src'
2026-09-29T22:20:00.9016871Z   warning: no files found matching '*.inc' under directory 'src'
2026-09-29T22:20:00.9017553Z   warning: no files found matching '*.h' under directory 'tests'
2026-09-29T22:20:00.9018298Z   warning: no files found matching '*.hpp' under directory 'tests'
2026-09-29T22:20:00.9019019Z   warning: no files found matching '*.json' under directory 'tests'
2026-09-29T22:20:00.9019610Z   adding license file 'LICENSE'
2026-09-29T22:20:00.9023011Z   writing manifest file 'C:\Users\runneradmin\AppData\Local\Temp\pip-ephem-wheel-cache-d9258ga2\wheels\b6\3b\c8\2f2ce7f33d27af776fa93be556bcd24459639b05d76b33473b\tmp_7ds8pn6\.tmp-kikqq40f\strata.egg-info\SOURCES.txt'
2026-09-29T22:20:00.9027326Z   creating 'C:\Users\runneradmin\AppData\Local\Temp\pip-ephem-wheel-cache-d9258ga2\wheels\b6\3b\c8\2f2ce7f33d27af776fa93be556bcd24459639b05d76b33473b\tmp_7ds8pn6\.tmp-kikqq40f\strata-2026.8.10.dist-info'
2026-09-29T22:20:00.9030423Z   C:\Users\runneradmin\AppData\Local\Temp\pip-build-env-p89xwry5\overlay\Lib\site-packages\setuptools\command\bdist_wheel.py:103: RuntimeWarning: Config variable 'Py_DEBUG' is unset, Python ABI tag may be incorrect
2026-09-29T22:20:00.9032272Z     if get_flag("Py_DEBUG", hasattr(sys, "gettotalrefcount"), warn=(impl == "cp")):
2026-09-29T22:20:00.9034119Z   creating C:\Users\runneradmin\AppData\Local\Temp\pip-ephem-wheel-cache-d9258ga2\wheels\b6\3b\c8\2f2ce7f33d27af776fa93be556bcd24459639b05d76b33473b\tmp_7ds8pn6\.tmp-kikqq40f\strata-2026.8.10.dist-info\WHEEL
2026-09-29T22:20:00.9035730Z   running build_py
2026-09-29T22:20:00.9036070Z   running build_ext
2026-09-29T22:20:00.9036393Z   
2026-09-29T22:20:00.9036735Z   ======================================================================
2026-09-29T22:20:00.9037290Z   GATE 1/2: C++ test suite (pre-build)
2026-09-29T22:20:00.9037790Z   ======================================================================
2026-09-29T22:20:00.9038641Z   + C:\hostedtoolcache\windows\Python\3.12.10\x64\python.exe D:\a\strata\strata\scripts\cpp_tests.py
2026-09-29T22:20:00.9040103Z   + C:\Users\runneradmin\AppData\Local\Temp\pip-build-env-p89xwry5\overlay\Scripts\cmake.EXE -S . -B build/cmake -DCMAKE_BUILD_TYPE=Release
2026-09-29T22:20:00.9041218Z   -- Configuring done (0.0s)
2026-09-29T22:20:00.9041609Z   -- Generating done (0.1s)
2026-09-29T22:20:00.9042161Z   -- Build files have been written to: D:/a/strata/strata/build/cmake
2026-09-29T22:20:00.9043389Z   + C:\Users\runneradmin\AppData\Local\Temp\pip-build-env-p89xwry5\overlay\Scripts\cmake.EXE --build build/cmake --config Release
2026-09-29T22:20:00.9044619Z   MSBuild version 18.10.1-1.26427.6+3cd27c13e for .NET Framework
2026-09-29T22:20:00.9045194Z   
2026-09-29T22:20:00.9045477Z     1>Checking Build System
2026-09-29T22:20:00.9045880Z     Building Custom Rule D:/a/strata/strata/CMakeLists.txt
2026-09-29T22:20:00.9046734Z     fast_parse_tests.vcxproj -> D:\a\strata\strata\build\cmake\Release\fast_parse_tests.exe
2026-09-29T22:20:00.9047943Z     Building Custom Rule D:/a/strata/strata/CMakeLists.txt
2026-09-29T22:20:00.9048902Z     float_precision_tests.vcxproj -> D:\a\strata\strata\build\cmake\Release\float_precision_tests.exe
2026-09-29T22:20:00.9050163Z     Building Custom Rule D:/a/strata/strata/CMakeLists.txt
2026-09-29T22:20:00.9050949Z     folder_tests.vcxproj -> D:\a\strata\strata\build\cmake\Release\folder_tests.exe
2026-09-29T22:20:00.9051775Z     Building Custom Rule D:/a/strata/strata/CMakeLists.txt
2026-09-29T22:20:00.9052618Z     fuzz_corpus_tests.vcxproj -> D:\a\strata\strata\build\cmake\Release\fuzz_corpus_tests.exe
2026-09-29T22:20:00.9053474Z     Building Custom Rule D:/a/strata/strata/CMakeLists.txt
2026-09-29T22:20:00.9054315Z     json_core_tests.vcxproj -> D:\a\strata\strata\build\cmake\Release\json_core_tests.exe
2026-09-29T22:20:00.9055403Z     Building Custom Rule D:/a/strata/strata/CMakeLists.txt
2026-09-29T22:20:00.9056304Z     json_cursor_tests.vcxproj -> D:\a\strata\strata\build\cmake\Release\json_cursor_tests.exe
2026-09-29T22:20:00.9057188Z     Building Custom Rule D:/a/strata/strata/CMakeLists.txt
2026-09-29T22:20:00.9058031Z     json_parse_tests.vcxproj -> D:\a\strata\strata\build\cmake\Release\json_parse_tests.exe
2026-09-29T22:20:00.9058879Z     Building Custom Rule D:/a/strata/strata/CMakeLists.txt
2026-09-29T22:20:00.9059762Z     json_serialize_tests.vcxproj -> D:\a\strata\strata\build\cmake\Release\json_serialize_tests.exe
2026-09-29T22:20:00.9060665Z     Building Custom Rule D:/a/strata/strata/CMakeLists.txt
2026-09-29T22:20:00.9061581Z     jsonpath_stream_tests.vcxproj -> D:\a\strata\strata\build\cmake\Release\jsonpath_stream_tests.exe
2026-09-29T22:20:00.9063590Z     Building Custom Rule D:/a/strata/strata/CMakeLists.txt
2026-09-29T22:20:00.9064438Z     jsonpath_tests.vcxproj -> D:\a\strata\strata\build\cmake\Release\jsonpath_tests.exe
2026-09-29T22:20:00.9065283Z     Building Custom Rule D:/a/strata/strata/CMakeLists.txt
2026-09-29T22:20:00.9066226Z     ndjson_tests.vcxproj -> D:\a\strata\strata\build\cmake\Release\ndjson_tests.exe
2026-09-29T22:20:00.9067000Z     Building Custom Rule D:/a/strata/strata/CMakeLists.txt
2026-09-29T22:20:00.9067720Z     scan_tests.vcxproj -> D:\a\strata\strata\build\cmake\Release\scan_tests.exe
2026-09-29T22:20:00.9068462Z     Building Custom Rule D:/a/strata/strata/CMakeLists.txt
2026-09-29T22:20:00.9069201Z     smoke_tests.vcxproj -> D:\a\strata\strata\build\cmake\Release\smoke_tests.exe
2026-09-29T22:20:00.9069951Z     Building Custom Rule D:/a/strata/strata/CMakeLists.txt
2026-09-29T22:20:00.9070766Z     stress_deep_tests.vcxproj -> D:\a\strata\strata\build\cmake\Release\stress_deep_tests.exe
2026-09-29T22:20:00.9071594Z     Building Custom Rule D:/a/strata/strata/CMakeLists.txt
2026-09-29T22:20:00.9072365Z     temporal_tests.vcxproj -> D:\a\strata\strata\build\cmake\Release\temporal_tests.exe
2026-09-29T22:20:00.9073154Z     Building Custom Rule D:/a/strata/strata/CMakeLists.txt
2026-09-29T22:20:00.9073971Z     value_cursor_tests.vcxproj -> D:\a\strata\strata\build\cmake\Release\value_cursor_tests.exe
2026-09-29T22:20:00.9074808Z     Building Custom Rule D:/a/strata/strata/CMakeLists.txt
2026-09-29T22:20:00.9076195Z   + C:\Users\runneradmin\AppData\Local\Temp\pip-build-env-p89xwry5\overlay\Scripts\ctest.EXE --test-dir build/cmake --build-config Release --output-on-failure --no-tests=error
2026-09-29T22:20:00.9077549Z   Test project D:/a/strata/strata/build/cmake
2026-09-29T22:20:00.9078142Z         Start  1: smoke_tests
2026-09-29T22:20:00.9078655Z    1/16 Test  #1: smoke_tests ......................   Passed    0.01 sec
2026-09-29T22:20:00.9079243Z         Start  2: json_core_tests
2026-09-29T22:20:00.9079763Z    2/16 Test  #2: json_core_tests ..................   Passed    0.01 sec
2026-09-29T22:20:00.9080334Z         Start  3: json_parse_tests
2026-09-29T22:20:00.9080857Z    3/16 Test  #3: json_parse_tests .................   Passed    0.01 sec
2026-09-29T22:20:00.9081420Z         Start  4: fast_parse_tests
2026-09-29T22:20:00.9082172Z    4/16 Test  #4: fast_parse_tests .................   Passed    0.13 sec
2026-09-29T22:20:00.9082747Z         Start  5: value_cursor_tests
2026-09-29T22:20:00.9083562Z    5/16 Test  #5: value_cursor_tests ...............   Passed    0.02 sec
2026-09-29T22:20:00.9084249Z         Start  6: json_serialize_tests
2026-09-29T22:20:00.9084871Z    6/16 Test  #6: json_serialize_tests .............   Passed    0.01 sec
2026-09-29T22:20:00.9085519Z         Start  7: float_precision_tests
2026-09-29T22:20:00.9086163Z    7/16 Test  #7: float_precision_tests ............   Passed    3.80 sec
2026-09-29T22:20:00.9086800Z         Start  8: json_cursor_tests
2026-09-29T22:20:00.9087373Z    8/16 Test  #8: json_cursor_tests ................   Passed    0.01 sec
2026-09-29T22:20:00.9087990Z         Start  9: ndjson_tests
2026-09-29T22:20:00.9088747Z    9/16 Test  #9: ndjson_tests .....................   Passed    0.01 sec
2026-09-29T22:20:00.9089371Z         Start 10: jsonpath_tests
2026-09-29T22:20:00.9089963Z   10/16 Test #10: jsonpath_tests ...................   Passed    0.01 sec
2026-09-29T22:20:00.9090621Z         Start 11: jsonpath_stream_tests
2026-09-29T22:20:00.9091254Z   11/16 Test #11: jsonpath_stream_tests ............   Passed    0.01 sec
2026-09-29T22:20:00.9091927Z         Start 12: scan_tests
2026-09-29T22:20:00.9092475Z   12/16 Test #12: scan_tests .......................   Passed    0.03 sec
2026-09-29T22:20:00.9093095Z         Start 13: temporal_tests
2026-09-29T22:20:00.9093669Z   13/16 Test #13: temporal_tests ...................   Passed    0.03 sec
2026-09-29T22:20:00.9094295Z         Start 14: folder_tests
2026-09-29T22:20:00.9094847Z   14/16 Test #14: folder_tests .....................   Passed    0.06 sec
2026-09-29T22:20:00.9095474Z         Start 15: fuzz_corpus_tests
2026-09-29T22:20:00.9096068Z   15/16 Test #15: fuzz_corpus_tests ................   Passed    0.01 sec
2026-09-29T22:20:00.9096695Z         Start 16: stress_deep_tests
2026-09-29T22:20:00.9097309Z   16/16 Test #16: stress_deep_tests ................   Passed    0.01 sec
2026-09-29T22:20:00.9097908Z   
2026-09-29T22:20:00.9098239Z   100% tests passed out of 16
2026-09-29T22:20:00.9098644Z   
2026-09-29T22:20:00.9098981Z   Total Test time (real) =   4.17 sec
2026-09-29T22:20:00.9099420Z   
2026-09-29T22:20:00.9099785Z   ======================================================================
2026-09-29T22:20:00.9100474Z   Building the strata._strata and strata._dumps_hook extensions
2026-09-29T22:20:00.9101144Z   ======================================================================
2026-09-29T22:20:00.9101897Z   + compiling with C:\Program Files\LLVM\bin\clang-cl.EXE, plain /O2 (no LTCG)
2026-09-29T22:20:00.9102660Z   building 'strata._dumps_hook' extension
2026-09-29T22:20:00.9111415Z   "C:\Program Files\LLVM\bin\clang-cl.EXE" /c /nologo /O2 /W3 /DNDEBUG /MD -DSTRATA_DUMPS_HOOK=1 -Iinclude -IC:\hostedtoolcache\windows\Python\3.12.10\x64\Include -IC:\hostedtoolcache\windows\Python\3.12.10\x64\include -IC:\hostedtoolcache\windows\Python\3.12.10\x64\Include "-IC:\Program Files\Microsoft Visual Studio\18\Enterprise\VC\Tools\MSVC\14.51.36231\include" "-IC:\Program Files\Microsoft Visual Studio\18\Enterprise\VC\Tools\MSVC\14.51.36231\ATLMFC\include" "-IC:\Program Files\Microsoft Visual Studio\18\Enterprise\VC\Auxiliary\VS\include" "-IC:\Program Files (x86)\Windows Kits\10\include\10.0.26100.0\ucrt" "-IC:\Program Files (x86)\Windows Kits\10\\include\10.0.26100.0\\um" "-IC:\Program Files (x86)\Windows Kits\10\\include\10.0.26100.0\\shared" "-IC:\Program Files (x86)\Windows Kits\10\\include\10.0.26100.0\\winrt" "-IC:\Program Files (x86)\Windows Kits\10\\include\10.0.26100.0\\cppwinrt" "-IC:\Program Files (x86)\Windows Kits\NETFXSDK\4.8.1\include\um" /EHsc /Tpsrc/strata/bindings/python_dumps_hook.cpp /FoC:\Users\RUNNER~1\AppData\Local\Temp\tmpn5oo2us5.build-temp\Release\strata._dumps_hook\src\strata\bindings\python_dumps_hook.obj /std:c++20 /O2 /Zc:__cplusplus /D_USE_STD_VECTOR_ALGORITHMS=0 /arch:AVX2 /clang:-O3 /clang:-fprofile-generate
2026-09-29T22:20:00.9127381Z   "C:\Program Files\LLVM\bin\clang-cl.EXE" /c /nologo /O2 /W3 /DNDEBUG /MD -DSTRATA_DUMPS_HOOK=1 -Iinclude -IC:\hostedtoolcache\windows\Python\3.12.10\x64\Include -IC:\hostedtoolcache\windows\Python\3.12.10\x64\include -IC:\hostedtoolcache\windows\Python\3.12.10\x64\Include "-IC:\Program Files\Microsoft Visual Studio\18\Enterprise\VC\Tools\MSVC\14.51.36231\include" "-IC:\Program Files\Microsoft Visual Studio\18\Enterprise\VC\Tools\MSVC\14.51.36231\ATLMFC\include" "-IC:\Program Files\Microsoft Visual Studio\18\Enterprise\VC\Auxiliary\VS\include" "-IC:\Program Files (x86)\Windows Kits\10\include\10.0.26100.0\ucrt" "-IC:\Program Files (x86)\Windows Kits\10\\include\10.0.26100.0\\um" "-IC:\Program Files (x86)\Windows Kits\10\\include\10.0.26100.0\\shared" "-IC:\Program Files (x86)\Windows Kits\10\\include\10.0.26100.0\\winrt" "-IC:\Program Files (x86)\Windows Kits\10\\include\10.0.26100.0\\cppwinrt" "-IC:\Program Files (x86)\Windows Kits\NETFXSDK\4.8.1\include\um" /EHsc /Tpsrc/strata/bindings/python_files.cpp /FoC:\Users\RUNNER~1\AppData\Local\Temp\tmpn5oo2us5.build-temp\Release\strata._dumps_hook\src\strata\bindings\python_files.obj /std:c++20 /O2 /Zc:__cplusplus /D_USE_STD_VECTOR_ALGORITHMS=0 /arch:AVX2 /clang:-O3 /clang:-fprofile-generate
2026-09-29T22:20:00.9136792Z   src/strata/bindings/python_files.cpp(359,22): warning: '_open' is deprecated: This function or variable may be unsafe. Consider using _sopen_s instead. To disable deprecation, use _CRT_SECURE_NO_WARNINGS. See online help for details. [-Wdeprecated-declarations]
2026-09-29T22:20:00.9138994Z     359 |     const int fd = ::_open(path, _O_WRONLY | _O_CREAT | _O_TRUNC | _O_BINARY | _O_NOINHERIT,
2026-09-29T22:20:00.9139773Z         |                      ^
2026-09-29T22:20:00.9140789Z   C:\Program Files (x86)\Windows Kits\10\Include\10.0.26100.0\ucrt\corecrt_io.h(391,37): note: '_open' has been explicitly marked deprecated here
2026-09-29T22:20:00.9142013Z     391 |         extern "C++" _Check_return_ _CRT_INSECURE_DEPRECATE(_sopen_s)
2026-09-29T22:20:00.9142715Z         |                                     ^
2026-09-29T22:20:00.9144135Z   C:\Program Files\Microsoft Visual Studio\18\Enterprise\VC\Tools\MSVC\14.51.36231\include\vcruntime.h(358,55): note: expanded from macro '_CRT_INSECURE_DEPRECATE'
2026-09-29T22:20:00.9145606Z     358 |         #define _CRT_INSECURE_DEPRECATE(_Replacement) _CRT_DEPRECATE_TEXT(    \
2026-09-29T22:20:00.9146382Z         |                                                       ^
2026-09-29T22:20:00.9147602Z   C:\Program Files\Microsoft Visual Studio\18\Enterprise\VC\Tools\MSVC\14.51.36231\include\vcruntime.h(348,47): note: expanded from macro '_CRT_DEPRECATE_TEXT'
2026-09-29T22:20:00.9148959Z     348 | #define _CRT_DEPRECATE_TEXT(_Text) __declspec(deprecated(_Text))
2026-09-29T22:20:00.9149661Z         |                                               ^
2026-09-29T22:20:00.9150341Z   1 warning generated.
2026-09-29T22:20:00.9157341Z   "C:\Program Files\LLVM\bin\clang-cl.EXE" /c /nologo /O2 /W3 /DNDEBUG /MD -DSTRATA_DUMPS_HOOK=1 -Iinclude -IC:\hostedtoolcache\windows\Python\3.12.10\x64\Include -IC:\hostedtoolcache\windows\Python\3.12.10\x64\include -IC:\hostedtoolcache\windows\Python\3.12.10\x64\Include "-IC:\Program Files\Microsoft Visual Studio\18\Enterprise\VC\Tools\MSVC\14.51.36231\include" "-IC:\Program Files\Microsoft Visual Studio\18\Enterprise\VC\Tools\MSVC\14.51.36231\ATLMFC\include" "-IC:\Program Files\Microsoft Visual Studio\18\Enterprise\VC\Auxiliary\VS\include" "-IC:\Program Files (x86)\Windows Kits\10\include\10.0.26100.0\ucrt" "-IC:\Program Files (x86)\Windows Kits\10\\include\10.0.26100.0\\um" "-IC:\Program Files (x86)\Windows Kits\10\\include\10.0.26100.0\\shared" "-IC:\Program Files (x86)\Windows Kits\10\\include\10.0.26100.0\\winrt" "-IC:\Program Files (x86)\Windows Kits\10\\include\10.0.26100.0\\cppwinrt" "-IC:\Program Files (x86)\Windows Kits\NETFXSDK\4.8.1\include\um" /EHsc /Tpsrc/strata/bindings/python_folder.cpp /FoC:\Users\RUNNER~1\AppData\Local\Temp\tmpn5oo2us5.build-temp\Release\strata._dumps_hook\src\strata\bindings\python_folder.obj /std:c++20 /O2 /Zc:__cplusplus /D_USE_STD_VECTOR_ALGORITHMS=0 /arch:AVX2 /clang:-O3 /clang:-fprofile-generate
2026-09-29T22:20:00.9167318Z   "C:\Program Files\LLVM\bin\clang-cl.EXE" /c /nologo /O2 /W3 /DNDEBUG /MD -DSTRATA_DUMPS_HOOK=1 -Iinclude -IC:\hostedtoolcache\windows\Python\3.12.10\x64\Include -IC:\hostedtoolcache\windows\Python\3.12.10\x64\include -IC:\hostedtoolcache\windows\Python\3.12.10\x64\Include "-IC:\Program Files\Microsoft Visual Studio\18\Enterprise\VC\Tools\MSVC\14.51.36231\include" "-IC:\Program Files\Microsoft Visual Studio\18\Enterprise\VC\Tools\MSVC\14.51.36231\ATLMFC\include" "-IC:\Program Files\Microsoft Visual Studio\18\Enterprise\VC\Auxiliary\VS\include" "-IC:\Program Files (x86)\Windows Kits\10\include\10.0.26100.0\ucrt" "-IC:\Program Files (x86)\Windows Kits\10\\include\10.0.26100.0\\um" "-IC:\Program Files (x86)\Windows Kits\10\\include\10.0.26100.0\\shared" "-IC:\Program Files (x86)\Windows Kits\10\\include\10.0.26100.0\\winrt" "-IC:\Program Files (x86)\Windows Kits\10\\include\10.0.26100.0\\cppwinrt" "-IC:\Program Files (x86)\Windows Kits\NETFXSDK\4.8.1\include\um" /EHsc /Tpsrc/strata/bindings/python_native_types.cpp /FoC:\Users\RUNNER~1\AppData\Local\Temp\tmpn5oo2us5.build-temp\Release\strata._dumps_hook\src\strata\bindings\python_native_types.obj /std:c++20 /O2 /Zc:__cplusplus /D_USE_STD_VECTOR_ALGORITHMS=0 /arch:AVX2 /clang:-O3 /clang:-fprofile-generate
2026-09-29T22:20:00.9175767Z   "C:\Program Files\LLVM\bin\clang-cl.EXE" /c /nologo /O2 /W3 /DNDEBUG /MD -DSTRATA_DUMPS_HOOK=1 -Iinclude -IC:\hostedtoolcache\windows\Python\3.12.10\x64\Include -IC:\hostedtoolcache\windows\Python\3.12.10\x64\include -IC:\hostedtoolcache\windows\Python\3.12.10\x64\Include "-IC:\Program Files\Microsoft Visual Studio\18\Enterprise\VC\Tools\MSVC\14.51.36231\include" "-IC:\Program Files\Microsoft Visual Studio\18\Enterprise\VC\Tools\MSVC\14.51.36231\ATLMFC\include" "-IC:\Program Files\Microsoft Visual Studio\18\Enterprise\VC\Auxiliary\VS\include" "-IC:\Program Files (x86)\Windows Kits\10\include\10.0.26100.0\ucrt" "-IC:\Program Files (x86)\Windows Kits\10\\include\10.0.26100.0\\um" "-IC:\Program Files (x86)\Windows Kits\10\\include\10.0.26100.0\\shared" "-IC:\Program Files (x86)\Windows Kits\10\\include\10.0.26100.0\\winrt" "-IC:\Program Files (x86)\Windows Kits\10\\include\10.0.26100.0\\cppwinrt" "-IC:\Program Files (x86)\Windows Kits\NETFXSDK\4.8.1\include\um" /EHsc /Tpsrc/strata/bindings/python_numpy_twins.cpp /FoC:\Users\RUNNER~1\AppData\Local\Temp\tmpn5oo2us5.build-temp\Release\strata._dumps_hook\src\strata\bindings\python_numpy_twins.obj /std:c++20 /O2 /Zc:__cplusplus /D_USE_STD_VECTOR_ALGORITHMS=0 /arch:AVX2 /clang:-O3 /clang:-fprofile-generate
2026-09-29T22:20:00.9184362Z   "C:\Program Files\LLVM\bin\clang-cl.EXE" /c /nologo /O2 /W3 /DNDEBUG /MD -DSTRATA_DUMPS_HOOK=1 -Iinclude -IC:\hostedtoolcache\windows\Python\3.12.10\x64\Include -IC:\hostedtoolcache\windows\Python\3.12.10\x64\include -IC:\hostedtoolcache\windows\Python\3.12.10\x64\Include "-IC:\Program Files\Microsoft Visual Studio\18\Enterprise\VC\Tools\MSVC\14.51.36231\include" "-IC:\Program Files\Microsoft Visual Studio\18\Enterprise\VC\Tools\MSVC\14.51.36231\ATLMFC\include" "-IC:\Program Files\Microsoft Visual Studio\18\Enterprise\VC\Auxiliary\VS\include" "-IC:\Program Files (x86)\Windows Kits\10\include\10.0.26100.0\ucrt" "-IC:\Program Files (x86)\Windows Kits\10\\include\10.0.26100.0\\um" "-IC:\Program Files (x86)\Windows Kits\10\\include\10.0.26100.0\\shared" "-IC:\Program Files (x86)\Windows Kits\10\\include\10.0.26100.0\\winrt" "-IC:\Program Files (x86)\Windows Kits\10\\include\10.0.26100.0\\cppwinrt" "-IC:\Program Files (x86)\Windows Kits\NETFXSDK\4.8.1\include\um" /EHsc /Tpsrc/strata/bindings/python_parse_types.cpp /FoC:\Users\RUNNER~1\AppData\Local\Temp\tmpn5oo2us5.build-temp\Release\strata._dumps_hook\src\strata\bindings\python_parse_types.obj /std:c++20 /O2 /Zc:__cplusplus /D_USE_STD_VECTOR_ALGORITHMS=0 /arch:AVX2 /clang:-O3 /clang:-fprofile-generate
2026-09-29T22:20:00.9193224Z   "C:\Program Files\LLVM\bin\clang-cl.EXE" /c /nologo /O2 /W3 /DNDEBUG /MD -DSTRATA_DUMPS_HOOK=1 -Iinclude -IC:\hostedtoolcache\windows\Python\3.12.10\x64\Include -IC:\hostedtoolcache\windows\Python\3.12.10\x64\include -IC:\hostedtoolcache\windows\Python\3.12.10\x64\Include "-IC:\Program Files\Microsoft Visual Studio\18\Enterprise\VC\Tools\MSVC\14.51.36231\include" "-IC:\Program Files\Microsoft Visual Studio\18\Enterprise\VC\Tools\MSVC\14.51.36231\ATLMFC\include" "-IC:\Program Files\Microsoft Visual Studio\18\Enterprise\VC\Auxiliary\VS\include" "-IC:\Program Files (x86)\Windows Kits\10\include\10.0.26100.0\ucrt" "-IC:\Program Files (x86)\Windows Kits\10\\include\10.0.26100.0\\um" "-IC:\Program Files (x86)\Windows Kits\10\\include\10.0.26100.0\\shared" "-IC:\Program Files (x86)\Windows Kits\10\\include\10.0.26100.0\\winrt" "-IC:\Program Files (x86)\Windows Kits\10\\include\10.0.26100.0\\cppwinrt" "-IC:\Program Files (x86)\Windows Kits\NETFXSDK\4.8.1\include\um" /EHsc /Tpsrc/strata/bindings/python_parse_types_walk.cpp /FoC:\Users\RUNNER~1\AppData\Local\Temp\tmpn5oo2us5.build-temp\Release\strata._dumps_hook\src\strata\bindings\python_parse_types_walk.obj /std:c++20 /O2 /Zc:__cplusplus /D_USE_STD_VECTOR_ALGORITHMS=0 /arch:AVX2 /clang:-O3 /clang:-fprofile-generate
2026-09-29T22:20:00.9201542Z   "C:\Program Files\LLVM\bin\clang-cl.EXE" /c /nologo /O2 /W3 /DNDEBUG /MD -DSTRATA_DUMPS_HOOK=1 -Iinclude -IC:\hostedtoolcache\windows\Python\3.12.10\x64\Include -IC:\hostedtoolcache\windows\Python\3.12.10\x64\include -IC:\hostedtoolcache\windows\Python\3.12.10\x64\Include "-IC:\Program Files\Microsoft Visual Studio\18\Enterprise\VC\Tools\MSVC\14.51.36231\include" "-IC:\Program Files\Microsoft Visual Studio\18\Enterprise\VC\Tools\MSVC\14.51.36231\ATLMFC\include" "-IC:\Program Files\Microsoft Visual Studio\18\Enterprise\VC\Auxiliary\VS\include" "-IC:\Program Files (x86)\Windows Kits\10\include\10.0.26100.0\ucrt" "-IC:\Program Files (x86)\Windows Kits\10\\include\10.0.26100.0\\um" "-IC:\Program Files (x86)\Windows Kits\10\\include\10.0.26100.0\\shared" "-IC:\Program Files (x86)\Windows Kits\10\\include\10.0.26100.0\\winrt" "-IC:\Program Files (x86)\Windows Kits\10\\include\10.0.26100.0\\cppwinrt" "-IC:\Program Files (x86)\Windows Kits\NETFXSDK\4.8.1\include\um" /EHsc /Tpsrc/strata/json/json_cursor.cpp /FoC:\Users\RUNNER~1\AppData\Local\Temp\tmpn5oo2us5.build-temp\Release\strata._dumps_hook\src\strata\json\json_cursor.obj /std:c++20 /O2 /Zc:__cplusplus /D_USE_STD_VECTOR_ALGORITHMS=0 /arch:AVX2 /clang:-O3 /clang:-fprofile-generate
2026-09-29T22:20:00.9210085Z   "C:\Program Files\LLVM\bin\clang-cl.EXE" /c /nologo /O2 /W3 /DNDEBUG /MD -DSTRATA_DUMPS_HOOK=1 -Iinclude -IC:\hostedtoolcache\windows\Python\3.12.10\x64\Include -IC:\hostedtoolcache\windows\Python\3.12.10\x64\include -IC:\hostedtoolcache\windows\Python\3.12.10\x64\Include "-IC:\Program Files\Microsoft Visual Studio\18\Enterprise\VC\Tools\MSVC\14.51.36231\include" "-IC:\Program Files\Microsoft Visual Studio\18\Enterprise\VC\Tools\MSVC\14.51.36231\ATLMFC\include" "-IC:\Program Files\Microsoft Visual Studio\18\Enterprise\VC\Auxiliary\VS\include" "-IC:\Program Files (x86)\Windows Kits\10\include\10.0.26100.0\ucrt" "-IC:\Program Files (x86)\Windows Kits\10\\include\10.0.26100.0\\um" "-IC:\Program Files (x86)\Windows Kits\10\\include\10.0.26100.0\\shared" "-IC:\Program Files (x86)\Windows Kits\10\\include\10.0.26100.0\\winrt" "-IC:\Program Files (x86)\Windows Kits\10\\include\10.0.26100.0\\cppwinrt" "-IC:\Program Files (x86)\Windows Kits\NETFXSDK\4.8.1\include\um" /EHsc /Tpsrc/strata/json/json_document.cpp /FoC:\Users\RUNNER~1\AppData\Local\Temp\tmpn5oo2us5.build-temp\Release\strata._dumps_hook\src\strata\json\json_document.obj /std:c++20 /O2 /Zc:__cplusplus /D_USE_STD_VECTOR_ALGORITHMS=0 /arch:AVX2 /clang:-O3 /clang:-fprofile-generate
2026-09-29T22:20:00.9218364Z   "C:\Program Files\LLVM\bin\clang-cl.EXE" /c /nologo /O2 /W3 /DNDEBUG /MD -DSTRATA_DUMPS_HOOK=1 -Iinclude -IC:\hostedtoolcache\windows\Python\3.12.10\x64\Include -IC:\hostedtoolcache\windows\Python\3.12.10\x64\include -IC:\hostedtoolcache\windows\Python\3.12.10\x64\Include "-IC:\Program Files\Microsoft Visual Studio\18\Enterprise\VC\Tools\MSVC\14.51.36231\include" "-IC:\Program Files\Microsoft Visual Studio\18\Enterprise\VC\Tools\MSVC\14.51.36231\ATLMFC\include" "-IC:\Program Files\Microsoft Visual Studio\18\Enterprise\VC\Auxiliary\VS\include" "-IC:\Program Files (x86)\Windows Kits\10\include\10.0.26100.0\ucrt" "-IC:\Program Files (x86)\Windows Kits\10\\include\10.0.26100.0\\um" "-IC:\Program Files (x86)\Windows Kits\10\\include\10.0.26100.0\\shared" "-IC:\Program Files (x86)\Windows Kits\10\\include\10.0.26100.0\\winrt" "-IC:\Program Files (x86)\Windows Kits\10\\include\10.0.26100.0\\cppwinrt" "-IC:\Program Files (x86)\Windows Kits\NETFXSDK\4.8.1\include\um" /EHsc /Tpsrc/strata/json/json_parse.cpp /FoC:\Users\RUNNER~1\AppData\Local\Temp\tmpn5oo2us5.build-temp\Release\strata._dumps_hook\src\strata\json\json_parse.obj /std:c++20 /O2 /Zc:__cplusplus /D_USE_STD_VECTOR_ALGORITHMS=0 /arch:AVX2 /clang:-O3 /clang:-fprofile-generate
2026-09-29T22:20:00.9232511Z   "C:\Program Files\LLVM\bin\clang-cl.EXE" /c /nologo /O2 /W3 /DNDEBUG /MD -DSTRATA_DUMPS_HOOK=1 -Iinclude -IC:\hostedtoolcache\windows\Python\3.12.10\x64\Include -IC:\hostedtoolcache\windows\Python\3.12.10\x64\include -IC:\hostedtoolcache\windows\Python\3.12.10\x64\Include "-IC:\Program Files\Microsoft Visual Studio\18\Enterprise\VC\Tools\MSVC\14.51.36231\include" "-IC:\Program Files\Microsoft Visual Studio\18\Enterprise\VC\Tools\MSVC\14.51.36231\ATLMFC\include" "-IC:\Program Files\Microsoft Visual Studio\18\Enterprise\VC\Auxiliary\VS\include" "-IC:\Program Files (x86)\Windows Kits\10\include\10.0.26100.0\ucrt" "-IC:\Program Files (x86)\Windows Kits\10\\include\10.0.26100.0\\um" "-IC:\Program Files (x86)\Windows Kits\10\\include\10.0.26100.0\\shared" "-IC:\Program Files (x86)\Windows Kits\10\\include\10.0.26100.0\\winrt" "-IC:\Program Files (x86)\Windows Kits\10\\include\10.0.26100.0\\cppwinrt" "-IC:\Program Files (x86)\Windows Kits\NETFXSDK\4.8.1\include\um" /EHsc /Tpsrc/strata/json/json_serialize.cpp /FoC:\Users\RUNNER~1\AppData\Local\Temp\tmpn5oo2us5.build-temp\Release\strata._dumps_hook\src\strata\json\json_serialize.obj /std:c++20 /O2 /Zc:__cplusplus /D_USE_STD_VECTOR_ALGORITHMS=0 /arch:AVX2 /clang:-O3 /clang:-fprofile-generate
2026-09-29T22:20:00.9247430Z   "C:\Program Files\LLVM\bin\clang-cl.EXE" /c /nologo /O2 /W3 /DNDEBUG /MD -DSTRATA_DUMPS_HOOK=1 -Iinclude -IC:\hostedtoolcache\windows\Python\3.12.10\x64\Include -IC:\hostedtoolcache\windows\Python\3.12.10\x64\include -IC:\hostedtoolcache\windows\Python\3.12.10\x64\Include "-IC:\Program Files\Microsoft Visual Studio\18\Enterprise\VC\Tools\MSVC\14.51.36231\include" "-IC:\Program Files\Microsoft Visual Studio\18\Enterprise\VC\Tools\MSVC\14.51.36231\ATLMFC\include" "-IC:\Program Files\Microsoft Visual Studio\18\Enterprise\VC\Auxiliary\VS\include" "-IC:\Program Files (x86)\Windows Kits\10\include\10.0.26100.0\ucrt" "-IC:\Program Files (x86)\Windows Kits\10\\include\10.0.26100.0\\um" "-IC:\Program Files (x86)\Windows Kits\10\\include\10.0.26100.0\\shared" "-IC:\Program Files (x86)\Windows Kits\10\\include\10.0.26100.0\\winrt" "-IC:\Program Files (x86)\Windows Kits\10\\include\10.0.26100.0\\cppwinrt" "-IC:\Program Files (x86)\Windows Kits\NETFXSDK\4.8.1\include\um" /EHsc /Tpsrc/strata/json/ndjson_stream.cpp /FoC:\Users\RUNNER~1\AppData\Local\Temp\tmpn5oo2us5.build-temp\Release\strata._dumps_hook\src\strata\json\ndjson_stream.obj /std:c++20 /O2 /Zc:__cplusplus /D_USE_STD_VECTOR_ALGORITHMS=0 /arch:AVX2 /clang:-O3 /clang:-fprofile-generate
2026-09-29T22:20:00.9262659Z   "C:\Program Files\LLVM\bin\clang-cl.EXE" /c /nologo /O2 /W3 /DNDEBUG /MD -DSTRATA_DUMPS_HOOK=1 -Iinclude -IC:\hostedtoolcache\windows\Python\3.12.10\x64\Include -IC:\hostedtoolcache\windows\Python\3.12.10\x64\include -IC:\hostedtoolcache\windows\Python\3.12.10\x64\Include "-IC:\Program Files\Microsoft Visual Studio\18\Enterprise\VC\Tools\MSVC\14.51.36231\include" "-IC:\Program Files\Microsoft Visual Studio\18\Enterprise\VC\Tools\MSVC\14.51.36231\ATLMFC\include" "-IC:\Program Files\Microsoft Visual Studio\18\Enterprise\VC\Auxiliary\VS\include" "-IC:\Program Files (x86)\Windows Kits\10\include\10.0.26100.0\ucrt" "-IC:\Program Files (x86)\Windows Kits\10\\include\10.0.26100.0\\um" "-IC:\Program Files (x86)\Windows Kits\10\\include\10.0.26100.0\\shared" "-IC:\Program Files (x86)\Windows Kits\10\\include\10.0.26100.0\\winrt" "-IC:\Program Files (x86)\Windows Kits\10\\include\10.0.26100.0\\cppwinrt" "-IC:\Program Files (x86)\Windows Kits\NETFXSDK\4.8.1\include\um" /EHsc /Tpsrc/strata/search/jsonpath_compile.cpp /FoC:\Users\RUNNER~1\AppData\Local\Temp\tmpn5oo2us5.build-temp\Release\strata._dumps_hook\src\strata\search\jsonpath_compile.obj /std:c++20 /O2 /Zc:__cplusplus /D_USE_STD_VECTOR_ALGORITHMS=0 /arch:AVX2 /clang:-O3 /clang:-fprofile-generate
2026-09-29T22:20:00.9278042Z   "C:\Program Files\LLVM\bin\clang-cl.EXE" /c /nologo /O2 /W3 /DNDEBUG /MD -DSTRATA_DUMPS_HOOK=1 -Iinclude -IC:\hostedtoolcache\windows\Python\3.12.10\x64\Include -IC:\hostedtoolcache\windows\Python\3.12.10\x64\include -IC:\hostedtoolcache\windows\Python\3.12.10\x64\Include "-IC:\Program Files\Microsoft Visual Studio\18\Enterprise\VC\Tools\MSVC\14.51.36231\include" "-IC:\Program Files\Microsoft Visual Studio\18\Enterprise\VC\Tools\MSVC\14.51.36231\ATLMFC\include" "-IC:\Program Files\Microsoft Visual Studio\18\Enterprise\VC\Auxiliary\VS\include" "-IC:\Program Files (x86)\Windows Kits\10\include\10.0.26100.0\ucrt" "-IC:\Program Files (x86)\Windows Kits\10\\include\10.0.26100.0\\um" "-IC:\Program Files (x86)\Windows Kits\10\\include\10.0.26100.0\\shared" "-IC:\Program Files (x86)\Windows Kits\10\\include\10.0.26100.0\\winrt" "-IC:\Program Files (x86)\Windows Kits\10\\include\10.0.26100.0\\cppwinrt" "-IC:\Program Files (x86)\Windows Kits\NETFXSDK\4.8.1\include\um" /EHsc /Tpsrc/strata/search/jsonpath_eval.cpp /FoC:\Users\RUNNER~1\AppData\Local\Temp\tmpn5oo2us5.build-temp\Release\strata._dumps_hook\src\strata\search\jsonpath_eval.obj /std:c++20 /O2 /Zc:__cplusplus /D_USE_STD_VECTOR_ALGORITHMS=0 /arch:AVX2 /clang:-O3 /clang:-fprofile-generate
2026-09-29T22:20:00.9292894Z   "C:\Program Files\LLVM\bin\clang-cl.EXE" /c /nologo /O2 /W3 /DNDEBUG /MD -DSTRATA_DUMPS_HOOK=1 -Iinclude -IC:\hostedtoolcache\windows\Python\3.12.10\x64\Include -IC:\hostedtoolcache\windows\Python\3.12.10\x64\include -IC:\hostedtoolcache\windows\Python\3.12.10\x64\Include "-IC:\Program Files\Microsoft Visual Studio\18\Enterprise\VC\Tools\MSVC\14.51.36231\include" "-IC:\Program Files\Microsoft Visual Studio\18\Enterprise\VC\Tools\MSVC\14.51.36231\ATLMFC\include" "-IC:\Program Files\Microsoft Visual Studio\18\Enterprise\VC\Auxiliary\VS\include" "-IC:\Program Files (x86)\Windows Kits\10\include\10.0.26100.0\ucrt" "-IC:\Program Files (x86)\Windows Kits\10\\include\10.0.26100.0\\um" "-IC:\Program Files (x86)\Windows Kits\10\\include\10.0.26100.0\\shared" "-IC:\Program Files (x86)\Windows Kits\10\\include\10.0.26100.0\\winrt" "-IC:\Program Files (x86)\Windows Kits\10\\include\10.0.26100.0\\cppwinrt" "-IC:\Program Files (x86)\Windows Kits\NETFXSDK\4.8.1\include\um" /EHsc /Tpsrc/strata/util/dtoa.cpp /FoC:\Users\RUNNER~1\AppData\Local\Temp\tmpn5oo2us5.build-temp\Release\strata._dumps_hook\src\strata\util\dtoa.obj /std:c++20 /O2 /Zc:__cplusplus /D_USE_STD_VECTOR_ALGORITHMS=0 /arch:AVX2 /clang:-O3 /clang:-fprofile-generate
2026-09-29T22:20:00.9307753Z   "C:\Program Files\LLVM\bin\clang-cl.EXE" /c /nologo /O2 /W3 /DNDEBUG /MD -DSTRATA_DUMPS_HOOK=1 -Iinclude -IC:\hostedtoolcache\windows\Python\3.12.10\x64\Include -IC:\hostedtoolcache\windows\Python\3.12.10\x64\include -IC:\hostedtoolcache\windows\Python\3.12.10\x64\Include "-IC:\Program Files\Microsoft Visual Studio\18\Enterprise\VC\Tools\MSVC\14.51.36231\include" "-IC:\Program Files\Microsoft Visual Studio\18\Enterprise\VC\Tools\MSVC\14.51.36231\ATLMFC\include" "-IC:\Program Files\Microsoft Visual Studio\18\Enterprise\VC\Auxiliary\VS\include" "-IC:\Program Files (x86)\Windows Kits\10\include\10.0.26100.0\ucrt" "-IC:\Program Files (x86)\Windows Kits\10\\include\10.0.26100.0\\um" "-IC:\Program Files (x86)\Windows Kits\10\\include\10.0.26100.0\\shared" "-IC:\Program Files (x86)\Windows Kits\10\\include\10.0.26100.0\\winrt" "-IC:\Program Files (x86)\Windows Kits\10\\include\10.0.26100.0\\cppwinrt" "-IC:\Program Files (x86)\Windows Kits\NETFXSDK\4.8.1\include\um" /EHsc /Tpsrc/strata/util/folder.cpp /FoC:\Users\RUNNER~1\AppData\Local\Temp\tmpn5oo2us5.build-temp\Release\strata._dumps_hook\src\strata\util\folder.obj /std:c++20 /O2 /Zc:__cplusplus /D_USE_STD_VECTOR_ALGORITHMS=0 /arch:AVX2 /clang:-O3 /clang:-fprofile-generate
2026-09-29T22:20:00.9323606Z   "C:\Program Files\LLVM\bin\clang-cl.EXE" /c /nologo /O2 /W3 /DNDEBUG /MD -DSTRATA_DUMPS_HOOK=1 -Iinclude -IC:\hostedtoolcache\windows\Python\3.12.10\x64\Include -IC:\hostedtoolcache\windows\Python\3.12.10\x64\include -IC:\hostedtoolcache\windows\Python\3.12.10\x64\Include "-IC:\Program Files\Microsoft Visual Studio\18\Enterprise\VC\Tools\MSVC\14.51.36231\include" "-IC:\Program Files\Microsoft Visual Studio\18\Enterprise\VC\Tools\MSVC\14.51.36231\ATLMFC\include" "-IC:\Program Files\Microsoft Visual Studio\18\Enterprise\VC\Auxiliary\VS\include" "-IC:\Program Files (x86)\Windows Kits\10\include\10.0.26100.0\ucrt" "-IC:\Program Files (x86)\Windows Kits\10\\include\10.0.26100.0\\um" "-IC:\Program Files (x86)\Windows Kits\10\\include\10.0.26100.0\\shared" "-IC:\Program Files (x86)\Windows Kits\10\\include\10.0.26100.0\\winrt" "-IC:\Program Files (x86)\Windows Kits\10\\include\10.0.26100.0\\cppwinrt" "-IC:\Program Files (x86)\Windows Kits\NETFXSDK\4.8.1\include\um" /EHsc /Tpsrc/strata/util/scan.cpp /FoC:\Users\RUNNER~1\AppData\Local\Temp\tmpn5oo2us5.build-temp\Release\strata._dumps_hook\src\strata\util\scan.obj /std:c++20 /O2 /Zc:__cplusplus /D_USE_STD_VECTOR_ALGORITHMS=0 /arch:AVX2 /clang:-O3 /clang:-fprofile-generate
2026-09-29T22:20:00.9333132Z   "C:\Program Files\LLVM\bin\clang-cl.EXE" /c /nologo /O2 /W3 /DNDEBUG /MD -DSTRATA_DUMPS_HOOK=1 -Iinclude -IC:\hostedtoolcache\windows\Python\3.12.10\x64\Include -IC:\hostedtoolcache\windows\Python\3.12.10\x64\include -IC:\hostedtoolcache\windows\Python\3.12.10\x64\Include "-IC:\Program Files\Microsoft Visual Studio\18\Enterprise\VC\Tools\MSVC\14.51.36231\include" "-IC:\Program Files\Microsoft Visual Studio\18\Enterprise\VC\Tools\MSVC\14.51.36231\ATLMFC\include" "-IC:\Program Files\Microsoft Visual Studio\18\Enterprise\VC\Auxiliary\VS\include" "-IC:\Program Files (x86)\Windows Kits\10\include\10.0.26100.0\ucrt" "-IC:\Program Files (x86)\Windows Kits\10\\include\10.0.26100.0\\um" "-IC:\Program Files (x86)\Windows Kits\10\\include\10.0.26100.0\\shared" "-IC:\Program Files (x86)\Windows Kits\10\\include\10.0.26100.0\\winrt" "-IC:\Program Files (x86)\Windows Kits\10\\include\10.0.26100.0\\cppwinrt" "-IC:\Program Files (x86)\Windows Kits\NETFXSDK\4.8.1\include\um" /EHsc /Tpsrc/strata/util/temporal.cpp /FoC:\Users\RUNNER~1\AppData\Local\Temp\tmpn5oo2us5.build-temp\Release\strata._dumps_hook\src\strata\util\temporal.obj /std:c++20 /O2 /Zc:__cplusplus /D_USE_STD_VECTOR_ALGORITHMS=0 /arch:AVX2 /clang:-O3 /clang:-fprofile-generate
2026-09-29T22:20:00.9348915Z   "C:\Program Files\Microsoft Visual Studio\18\Enterprise\VC\Tools\MSVC\14.51.36231\bin\HostX86\x64\link.exe" /nologo /INCREMENTAL:NO /DLL /MANIFEST:EMBED,ID=2 /MANIFESTUAC:NO /LIBPATH:C:\hostedtoolcache\windows\Python\3.12.10\x64\libs /LIBPATH:C:\hostedtoolcache\windows\Python\3.12.10\x64 /LIBPATH:C:\hostedtoolcache\windows\Python\3.12.10\x64\PCbuild\amd64 "/LIBPATH:C:\Program Files\Microsoft Visual Studio\18\Enterprise\VC\Tools\MSVC\14.51.36231\ATLMFC\lib\x64" "/LIBPATH:C:\Program Files\Microsoft Visual Studio\18\Enterprise\VC\Tools\MSVC\14.51.36231\lib\x64" "/LIBPATH:C:\Program Files (x86)\Windows Kits\NETFXSDK\4.8.1\lib\um\x64" "/LIBPATH:C:\Program Files (x86)\Windows Kits\10\lib\10.0.26100.0\ucrt\x64" "/LIBPATH:C:\Program Files (x86)\Windows Kits\10\\lib\10.0.26100.0\\um\x64" /EXPORT:PyInit__dumps_hook C:\Users\RUNNER~1\AppData\Local\Temp\tmpn5oo2us5.build-temp\Release\strata._dumps_hook\src\strata\bindings\python_dumps_hook.obj C:\Users\RUNNER~1\AppData\Local\Temp\tmpn5oo2us5.build-temp\Release\strata._dumps_hook\src\strata\bindings\python_files.obj C:\Users\RUNNER~1\AppData\Local\Temp\tmpn5oo2us5.build-temp\Release\strata._dumps_hook\src\strata\bindings\python_folder.obj C:\Users\RUNNER~1\AppData\Local\Temp\tmpn5oo2us5.build-temp\Release\strata._dumps_hook\src\strata\bindings\python_native_types.obj C:\Users\RUNNER~1\AppData\Local\Temp\tmpn5oo2us5.build-temp\Release\strata._dumps_hook\src\strata\bindings\python_numpy_twins.obj C:\Users\RUNNER~1\AppData\Local\Temp\tmpn5oo2us5.build-temp\Release\strata._dumps_hook\src\strata\bindings\python_parse_types.obj C:\Users\RUNNER~1\AppData\Local\Temp\tmpn5oo2us5.build-temp\Release\strata._dumps_hook\src\strata\bindings\python_parse_types_walk.obj C:\Users\RUNNER~1\AppData\Local\Temp\tmpn5oo2us5.build-temp\Release\strata._dumps_hook\src\strata\json\json_cursor.obj C:\Users\RUNNER~1\AppData\Local\Temp\tmpn5oo2us5.build-temp\Release\strata._dumps_hook\src\strata\json\json_document.obj C:\Users\RUNNER~1\AppData\Local\Temp\tmpn5oo2us5.build-temp\Release\strata._dumps_hook\src\strata\json\json_parse.obj C:\Users\RUNNER~1\AppData\Local\Temp\tmpn5oo2us5.build-temp\Release\strata._dumps_hook\src\strata\json\json_serialize.obj C:\Users\RUNNER~1\AppData\Local\Temp\tmpn5oo2us5.build-temp\Release\strata._dumps_hook\src\strata\json\ndjson_stream.obj C:\Users\RUNNER~1\AppData\Local\Temp\tmpn5oo2us5.build-temp\Release\strata._dumps_hook\src\strata\search\jsonpath_compile.obj C:\Users\RUNNER~1\AppData\Local\Temp\tmpn5oo2us5.build-temp\Release\strata._dumps_hook\src\strata\search\jsonpath_eval.obj C:\Users\RUNNER~1\AppData\Local\Temp\tmpn5oo2us5.build-temp\Release\strata._dumps_hook\src\strata\util\dtoa.obj C:\Users\RUNNER~1\AppData\Local\Temp\tmpn5oo2us5.build-temp\Release\strata._dumps_hook\src\strata\util\folder.obj C:\Users\RUNNER~1\AppData\Local\Temp\tmpn5oo2us5.build-temp\Release\strata._dumps_hook\src\strata\util\scan.obj C:\Users\RUNNER~1\AppData\Local\Temp\tmpn5oo2us5.build-temp\Release\strata._dumps_hook\src\strata\util\temporal.obj /OUT:C:\Users\RUNNER~1\AppData\Local\Temp\tmpz4unlbh1.build-lib\strata\_dumps_hook.cp312-win_amd64.pyd /IMPLIB:C:\Users\RUNNER~1\AppData\Local\Temp\tmpn5oo2us5.build-temp\Release\strata._dumps_hook\src\strata\bindings\_dumps_hook.cp312-win_amd64.lib "/LIBPATH:C:\Program Files\LLVM\lib\clang\20\lib\windows"
2026-09-29T22:20:00.9361279Z      Creating library C:\Users\RUNNER~1\AppData\Local\Temp\tmpn5oo2us5.build-temp\Release\strata._dumps_hook\src\strata\bindings\_dumps_hook.cp312-win_amd64.lib and object C:\Users\RUNNER~1\AppData\Local\Temp\tmpn5oo2us5.build-temp\Release\strata._dumps_hook\src\strata\bindings\_dumps_hook.cp312-win_amd64.exp
2026-09-29T22:20:00.9363178Z   msvcrt.lib(initializers.obj) : warning LNK4098: defaultlib 'libcmt.lib' conflicts with use of other libs; use /NODEFAULTLIB:library
2026-09-29T22:20:00.9364076Z   copying C:\Users\RUNNER~1\AppData\Local\Temp\tmpz4unlbh1.build-lib\strata\_dumps_hook.cp312-win_amd64.pyd -> python\strata
2026-09-29T22:20:00.9364622Z   
2026-09-29T22:20:00.9364826Z   ======================================================================
2026-09-29T22:20:00.9365152Z   GATE 2/2: Python test suites (post-build)
2026-09-29T22:20:00.9365446Z   ======================================================================
2026-09-29T22:20:00.9366030Z   + C:\hostedtoolcache\windows\Python\3.12.10\x64\python.exe D:\a\strata\strata\scripts\py_tests.py --path D:\a\strata\strata\python
2026-09-29T22:20:00.9366808Z   + pytest tests/py tests/unit --basetemp=C:\Users\RUNNER~1\AppData\Local\Temp\pytest-of-runneradmin\m9t4l8yl
2026-09-29T22:20:00.9367335Z     import path prefix: D:\a\strata\strata\python
2026-09-29T22:20:00.9367663Z   ============================= test session starts =============================
2026-09-29T22:20:00.9368048Z   platform win32 -- Python 3.12.10, pytest-9.1.1, pluggy-1.6.0
2026-09-29T22:20:00.9368381Z   rootdir: D:\a\strata\strata
2026-09-29T22:20:00.9368617Z   configfile: pyproject.toml
2026-09-29T22:20:00.9368857Z   collected 3920 items / 1 skipped
2026-09-29T22:20:00.9369208Z   
2026-09-29T22:20:00.9369493Z   tests\py\native_types\test_native_dump.py ..............                 [  0%]
2026-09-29T22:20:00.9369974Z   tests\py\native_types\test_native_fast_paths.py ........ssssssssss...... [  0%]
2026-09-29T22:20:00.9370400Z   .............................                                            [  1%]
2026-09-29T22:20:00.9370807Z   tests\py\native_types\test_native_import.py ...                          [  1%]
2026-09-29T22:20:00.9371267Z   tests\py\native_types\test_native_opt_out.py ........................... [  2%]
2026-09-29T22:20:00.9371651Z                                                                            [  2%]
2026-09-29T22:20:00.9372031Z   tests\py\native_types\test_native_oracle.py .........                    [  2%]
2026-09-29T22:20:00.9372588Z   tests\py\native_types\test_native_reentrancy.py ........................ [  3%]
2026-09-29T22:20:00.9373004Z   ..................................................                       [  4%]
2026-09-29T22:20:00.9373423Z   tests\py\native_types\test_parse_types.py .............................. [  5%]
2026-09-29T22:20:00.9373827Z   ............................................................             [  6%]
2026-09-29T22:20:00.9374223Z   tests\py\test_dumps_brace_fold.py .........                              [  7%]
2026-09-29T22:20:00.9374668Z   tests\py\test_dumps_cycles_fused.py .................................... [  8%]
2026-09-29T22:20:00.9375066Z   ....................................................                     [  9%]
2026-09-29T22:20:00.9375472Z   tests\py\test_dumps_general_tables.py ............................       [ 10%]
2026-09-29T22:20:00.9375924Z   tests\py\test_dumps_with_default.py .................................... [ 10%]
2026-09-29T22:20:00.9376327Z   .............................ss                                          [ 11%]
2026-09-29T22:20:00.9376740Z   tests\py\test_dumps_with_default_contract.py ........................... [ 12%]
2026-09-29T22:20:00.9377150Z   ........................................................................ [ 14%]
2026-09-29T22:20:00.9377500Z   ........................................................................ [ 16%]
2026-09-29T22:20:00.9377840Z   ..........................                                               [ 16%]
2026-09-29T22:20:00.9378234Z   tests\py\test_fused_verification.py ..                                   [ 16%]
2026-09-29T22:20:00.9378685Z   tests\py\test_json_parity.py ........................................... [ 17%]
2026-09-29T22:20:00.9379288Z   ........................................................................ [ 19%]
2026-09-29T22:20:00.9379649Z   ........................................................................ [ 21%]
2026-09-29T22:20:00.9380009Z   ........................................................................ [ 23%]
2026-09-29T22:20:00.9380963Z   ........................................................................ [ 25%]
2026-09-29T22:20:00.9381668Z   ........................................................................ [ 27%]
2026-09-29T22:20:00.9382635Z   ........................................................................ [ 28%]
2026-09-29T22:20:00.9383034Z   ........................................................................ [ 30%]
2026-09-29T22:20:00.9383409Z   ........................................................................ [ 32%]
2026-09-29T22:20:00.9383787Z   ........................................................................ [ 34%]
2026-09-29T22:20:00.9384143Z   ........................................................................ [ 36%]
2026-09-29T22:20:00.9384492Z   ........................................................................ [ 38%]
2026-09-29T22:20:00.9384852Z   ........................................................................ [ 40%]
2026-09-29T22:20:00.9385221Z   ........................................................................ [ 41%]
2026-09-29T22:20:00.9385871Z   ........................................................................ [ 43%]
2026-09-29T22:20:00.9386294Z   ........................................................................ [ 45%]
2026-09-29T22:20:00.9386700Z   ........................................................................ [ 47%]
2026-09-29T22:20:00.9387113Z   .................................                                        [ 48%]
2026-09-29T22:20:00.9387526Z   tests\py\test_path_dispatch.py ................................          [ 49%]
2026-09-29T22:20:00.9388013Z   tests\py\test_py_tests_basetemp.py ..                                    [ 49%]
2026-09-29T22:20:00.9388451Z   tests\py\test_smoke.py ...                                               [ 49%]
2026-09-29T22:20:00.9388993Z   tests\unit\native_types\test_build_sources.py .......                    [ 49%]
2026-09-29T22:20:00.9389476Z   tests\unit\native_types\test_hook_import_gating.py .......               [ 49%]
2026-09-29T22:20:00.9389956Z   tests\unit\native_types\test_hook_profile_build.py sss............       [ 49%]
2026-09-29T22:20:00.9390435Z   tests\unit\native_types\test_native_benchmark_agreement.py ...........   [ 50%]
2026-09-29T22:20:00.9390961Z   tests\unit\native_types\test_native_benchmark_dataset.py .....           [ 50%]
2026-09-29T22:20:00.9391500Z   tests\unit\native_types\test_native_benchmark_rows.py .......            [ 50%]
2026-09-29T22:20:00.9391978Z   tests\unit\native_types\test_native_ci_fetch.py ....                     [ 50%]
2026-09-29T22:20:00.9392432Z   tests\unit\native_types\test_native_ci_summary.py .....                  [ 50%]
2026-09-29T22:20:00.9392886Z   tests\unit\native_types\test_native_flag.py ..........................s. [ 51%]
2026-09-29T22:20:00.9393264Z   ..                                                                       [ 51%]
2026-09-29T22:20:00.9393699Z   tests\unit\native_types\test_native_identity_ab.py .......               [ 51%]
2026-09-29T22:20:00.9394160Z   tests\unit\native_types\test_native_opt_out.py ......................... [ 52%]
2026-09-29T22:20:00.9394567Z   ........................................................................ [ 54%]
2026-09-29T22:20:00.9394911Z   ..................................................                       [ 55%]
2026-09-29T22:20:00.9395316Z   tests\unit\native_types\test_parse_contract.py ......................... [ 56%]
2026-09-29T22:20:00.9395717Z   .................................................                        [ 57%]
2026-09-29T22:20:00.9396125Z   tests\unit\native_types\test_serializer_contract.py .................... [ 57%]
2026-09-29T22:20:00.9396528Z   ........................................................................ [ 59%]
2026-09-29T22:20:00.9396873Z   ................................................                         [ 60%]
2026-09-29T22:20:00.9397285Z   tests\unit\native_types\test_training_scope.py .......FFFFF              [ 61%]
2026-09-29T22:20:00.9397734Z   tests\unit\test_ab_analysis.py ......................................    [ 62%]
2026-09-29T22:20:00.9398182Z   tests\unit\test_build_manifest.py ...........                            [ 62%]
2026-09-29T22:20:00.9398635Z   tests\unit\test_canonical_builds.py ....                                 [ 62%]
2026-09-29T22:20:00.9399070Z   tests\unit\test_ci_fetch.py ........................                     [ 63%]
2026-09-29T22:20:00.9399499Z   tests\unit\test_ci_summary.py .......................                    [ 63%]
2026-09-29T22:20:00.9400314Z   tests\unit\test_config.py ...........................                    [ 64%]
2026-09-29T22:20:00.9400780Z   tests\unit\test_core_purity.py ....                                      [ 64%]
2026-09-29T22:20:00.9401223Z   tests\unit\test_cross_sample.py ......                                   [ 64%]
2026-09-29T22:20:00.9401660Z   tests\unit\test_dumps.py ............................................... [ 65%]
2026-09-29T22:20:00.9402039Z   ..........                                                               [ 66%]
2026-09-29T22:20:00.9402563Z   tests\unit\test_dumps_brace_fold.py .........                            [ 66%]
2026-09-29T22:20:00.9403025Z   tests\unit\test_dumps_cold_start.py ....                                 [ 66%]
2026-09-29T22:20:00.9403480Z   tests\unit\test_dumps_contract.py ...................................... [ 67%]
2026-09-29T22:20:00.9403879Z   .............................................................            [ 68%]
2026-09-29T22:20:00.9404279Z   tests\unit\test_dumps_cycles_fused.py .................................. [ 69%]
2026-09-29T22:20:00.9404671Z   ......................................................                   [ 71%]
2026-09-29T22:20:00.9405079Z   tests\unit\test_dumps_general_tables.py ............................     [ 71%]
2026-09-29T22:20:00.9405619Z   tests\unit\test_dumps_latch.py ............................              [ 72%]
2026-09-29T22:20:00.9406071Z   tests\unit\test_dumps_private_cache.py ................................  [ 73%]
2026-09-29T22:20:00.9406523Z   tests\unit\test_dumps_reentrancy.py .................................... [ 74%]
2026-09-29T22:20:00.9406917Z   ......................................................................   [ 76%]
2026-09-29T22:20:00.9407320Z   tests\unit\test_dumps_reentrancy_review.py ............................. [ 76%]
2026-09-29T22:20:00.9407700Z   ..                                                                       [ 76%]
2026-09-29T22:20:00.9408075Z   tests\unit\test_dumps_schema_failure.py ...........................      [ 77%]
2026-09-29T22:20:00.9408535Z   tests\unit\test_dumps_user_step_counter.py ..........................    [ 78%]
2026-09-29T22:20:00.9408984Z   tests\unit\test_dumps_with_default.py .................................. [ 79%]
2026-09-29T22:20:00.9409379Z   ........................................................................ [ 80%]
2026-09-29T22:20:00.9409724Z   .........................................................                [ 82%]
2026-09-29T22:20:00.9410127Z   tests\unit\test_dumps_with_default_state.py ............................ [ 83%]
2026-09-29T22:20:00.9410525Z   ........................................................................ [ 85%]
2026-09-29T22:20:00.9410852Z   ..............                                                           [ 85%]
2026-09-29T22:20:00.9411225Z   tests\unit\test_folder.py .....ss....................................... [ 86%]
2026-09-29T22:20:00.9411620Z   .........................................                                [ 87%]
2026-09-29T22:20:00.9412024Z   tests\unit\test_fused_verification.py ..                                 [ 87%]
2026-09-29T22:20:00.9412468Z   tests\unit\test_hook_build_scope.py ...............................      [ 88%]
2026-09-29T22:20:00.9412908Z   tests\unit\test_json_cursor.py ...........................               [ 89%]
2026-09-29T22:20:00.9413342Z   tests\unit\test_jsonpath.py ............................................ [ 90%]
2026-09-29T22:20:00.9413734Z   .......................................................................  [ 92%]
2026-09-29T22:20:00.9414117Z   tests\unit\test_load_dump.py ........................s.................. [ 93%]
2026-09-29T22:20:00.9414488Z                                                                            [ 93%]
2026-09-29T22:20:00.9414853Z   tests\unit\test_loads.py ............................................... [ 94%]
2026-09-29T22:20:00.9415234Z   ........................................................................ [ 96%]
2026-09-29T22:20:00.9415568Z   ................                                                         [ 96%]
2026-09-29T22:20:00.9415963Z   tests\unit\test_native_interleaved_profile.py ...                        [ 96%]
2026-09-29T22:20:00.9416423Z   tests\unit\test_path_dispatch.py ................................        [ 97%]
2026-09-29T22:20:00.9416864Z   tests\unit\test_provenance.py ..................                         [ 97%]
2026-09-29T22:20:00.9418228Z   tests\unit\test_regression_check.py ..........................           [ 98%]
2026-09-29T22:20:00.9418706Z   tests\unit\test_search_stream.py .................                       [ 99%]
2026-09-29T22:20:00.9419166Z   tests\unit\test_string_identity_probe.py .                               [ 99%]
2026-09-29T22:20:00.9419636Z   tests\unit\test_supplementary.py ............s                           [ 99%]
2026-09-29T22:20:00.9420440Z   tests\unit\test_supportability_check.py ....................             [ 99%]
2026-09-29T22:20:00.9420965Z   tests\unit\test_version.py ....                                          [100%]
2026-09-29T22:20:00.9421295Z   
2026-09-29T22:20:00.9421499Z   ================================== FAILURES ===================================
2026-09-29T22:20:00.9422117Z   ______ test_setup_gate_scopes_only_an_instrumented_build[generate-True] _______
2026-09-29T22:20:00.9422500Z   
2026-09-29T22:20:00.9422797Z   monkeypatch = <_pytest.monkeypatch.MonkeyPatch object at 0x000001707F5E5220>
2026-09-29T22:20:00.9423193Z   mode = 'generate', training = True
2026-09-29T22:20:00.9423415Z   
2026-09-29T22:20:00.9423589Z       @pytest.mark.parametrize(
2026-09-29T22:20:00.9423811Z           ("mode", "training"),
2026-09-29T22:20:00.9424155Z           [("generate", True), (" Generate ", True), ("use", False), ("", False), (None, False)],
2026-09-29T22:20:00.9424523Z       )
2026-09-29T22:20:00.9424843Z       def test_setup_gate_scopes_only_an_instrumented_build(monkeypatch, mode, training):
2026-09-29T22:20:00.9425289Z   >       command, facade = _gated_build_ext(monkeypatch)
2026-09-29T22:20:00.9425582Z                             ^^^^^^^^^^^^^^^^^^^^^^^^^^^^^
2026-09-29T22:20:00.9425812Z   
2026-09-29T22:20:00.9426017Z   tests\unit\native_types\test_training_scope.py:139:
2026-09-29T22:20:00.9426356Z   _ _ _ _ _ _ _ _ _ _ _ _ _ _ _ _ _ _ _ _ _ _ _ _ _ _ _ _ _ _ _ _ _ _ _ _ _ _ _ _
2026-09-29T22:20:00.9426756Z   tests\unit\native_types\test_training_scope.py:130: in _gated_build_ext
2026-09-29T22:20:00.9427264Z       namespace = runpy.run_path(str(PROJECT_ROOT / "setup.py"), run_name="setup_under_test")
2026-09-29T22:20:00.9427712Z                   ^^^^^^^^^^^^^^^^^^^^^^^^^^^^^^^^^^^^^^^^^^^^^^^^^^^^^^^^^^^^^^^^^^^^^^^^^^^
2026-09-29T22:20:00.9428014Z   <frozen runpy>:287: in run_path
2026-09-29T22:20:00.9428231Z       ???
2026-09-29T22:20:00.9428405Z   <frozen runpy>:98: in _run_module_code
2026-09-29T22:20:00.9428637Z       ???
2026-09-29T22:20:00.9428803Z   <frozen runpy>:88: in _run_code
2026-09-29T22:20:00.9429009Z       ???
2026-09-29T22:20:00.9429171Z   setup.py:667: in <module>
2026-09-29T22:20:00.9429409Z       extra_compile_args=_hook_compile_args(),
2026-09-29T22:20:00.9429672Z                          ^^^^^^^^^^^^^^^^^^^^
2026-09-29T22:20:00.9429923Z   setup.py:600: in _hook_compile_args
2026-09-29T22:20:00.9430190Z       return args + _hook_optimization_args()[0]
2026-09-29T22:20:00.9430470Z                     ^^^^^^^^^^^^^^^^^^^^^^^^^
2026-09-29T22:20:00.9430765Z   _ _ _ _ _ _ _ _ _ _ _ _ _ _ _ _ _ _ _ _ _ _ _ _ _ _ _ _ _ _ _ _ _ _ _ _ _ _ _ _
2026-09-29T22:20:00.9431057Z   
2026-09-29T22:20:00.9431327Z       def _hook_optimization_args() -> tuple[list[str], list[str]]:
2026-09-29T22:20:00.9431798Z           """The hook image's own profile (docs/architecture/native_types.md, "Hook profile").
2026-09-29T22:20:00.9432179Z   
2026-09-29T22:20:00.9432418Z           Driven by variables of its own, never `_strata`'s: `PGO_MODE`,
2026-09-29T22:20:00.9432844Z           `STRATA_ENABLE_LTO` and `STRATA_PGO_PROFILE` leave the hook plain, so
2026-09-29T22:20:00.9433312Z           nothing it runs can enter `_strata`'s profile and `_strata`'s profile never
2026-09-29T22:20:00.9433748Z           reaches it (scripts/pgo_build.sh phases 1-2 check both).
2026-09-29T22:20:00.9434041Z   
2026-09-29T22:20:00.9434298Z           - `STRATA_HOOK_PGO_MODE=generate` -- instrument the hook alone.
2026-09-29T22:20:00.9434692Z           - `STRATA_HOOK_PGO_MODE=use`      -- optimize it against
2026-09-29T22:20:00.9435218Z             `STRATA_HOOK_PGO_PROFILE`, with LTO where the toolchain spells it (not
2026-09-29T22:20:00.9435597Z             clang-cl, whose LTO needs lld-link).
2026-09-29T22:20:00.9435843Z           """
2026-09-29T22:20:00.9436102Z           mode = os.environ.get("STRATA_HOOK_PGO_MODE", "").strip().lower()
2026-09-29T22:20:00.9436427Z           if not mode:
2026-09-29T22:20:00.9436619Z               return [], []
2026-09-29T22:20:00.9436834Z           if mode not in ("generate", "use"):
2026-09-29T22:20:00.9437236Z               raise SystemExit(f"STRATA_HOOK_PGO_MODE must be 'generate' or 'use', not {mode!r}.")
2026-09-29T22:20:00.9437643Z           kind = _compiler_kind()
2026-09-29T22:20:00.9437863Z           if kind == "msvc":
2026-09-29T22:20:00.9438306Z   >           raise SystemExit("STRATA_HOOK_PGO_MODE is not supported with MSVC; use clang-cl.")
2026-09-29T22:20:00.9438845Z   E           SystemExit: STRATA_HOOK_PGO_MODE is not supported with MSVC; use clang-cl.
2026-09-29T22:20:00.9439216Z   
2026-09-29T22:20:00.9439373Z   setup.py:588: SystemExit
2026-09-29T22:20:00.9439717Z   _____ test_setup_gate_scopes_only_an_instrumented_build[ Generate -True] ______
2026-09-29T22:20:00.9440070Z   
2026-09-29T22:20:00.9440675Z   monkeypatch = <_pytest.monkeypatch.MonkeyPatch object at 0x000001707F5E98E0>
2026-09-29T22:20:00.9441110Z   mode = ' Generate ', training = True
2026-09-29T22:20:00.9441414Z   
2026-09-29T22:20:00.9441672Z       @pytest.mark.parametrize(
2026-09-29T22:20:00.9441967Z           ("mode", "training"),
2026-09-29T22:20:00.9442313Z           [("generate", True), (" Generate ", True), ("use", False), ("", False), (None, False)],
2026-09-29T22:20:00.9442679Z       )
2026-09-29T22:20:00.9442993Z       def test_setup_gate_scopes_only_an_instrumented_build(monkeypatch, mode, training):
2026-09-29T22:20:00.9443439Z   >       command, facade = _gated_build_ext(monkeypatch)
2026-09-29T22:20:00.9443727Z                             ^^^^^^^^^^^^^^^^^^^^^^^^^^^^^
2026-09-29T22:20:00.9443964Z   
2026-09-29T22:20:00.9444170Z   tests\unit\native_types\test_training_scope.py:139:
2026-09-29T22:20:00.9444503Z   _ _ _ _ _ _ _ _ _ _ _ _ _ _ _ _ _ _ _ _ _ _ _ _ _ _ _ _ _ _ _ _ _ _ _ _ _ _ _ _
2026-09-29T22:20:00.9444921Z   tests\unit\native_types\test_training_scope.py:130: in _gated_build_ext
2026-09-29T22:20:00.9445421Z       namespace = runpy.run_path(str(PROJECT_ROOT / "setup.py"), run_name="setup_under_test")
2026-09-29T22:20:00.9445868Z                   ^^^^^^^^^^^^^^^^^^^^^^^^^^^^^^^^^^^^^^^^^^^^^^^^^^^^^^^^^^^^^^^^^^^^^^^^^^^
2026-09-29T22:20:00.9446173Z   <frozen runpy>:287: in run_path
2026-09-29T22:20:00.9446381Z       ???
2026-09-29T22:20:00.9446557Z   <frozen runpy>:98: in _run_module_code
2026-09-29T22:20:00.9446786Z       ???
2026-09-29T22:20:00.9446957Z   <frozen runpy>:88: in _run_code
2026-09-29T22:20:00.9447165Z       ???
2026-09-29T22:20:00.9447326Z   setup.py:667: in <module>
2026-09-29T22:20:00.9447562Z       extra_compile_args=_hook_compile_args(),
2026-09-29T22:20:00.9447824Z                          ^^^^^^^^^^^^^^^^^^^^
2026-09-29T22:20:00.9448094Z   setup.py:600: in _hook_compile_args
2026-09-29T22:20:00.9448375Z       return args + _hook_optimization_args()[0]
2026-09-29T22:20:00.9448643Z                     ^^^^^^^^^^^^^^^^^^^^^^^^^
2026-09-29T22:20:00.9448927Z   _ _ _ _ _ _ _ _ _ _ _ _ _ _ _ _ _ _ _ _ _ _ _ _ _ _ _ _ _ _ _ _ _ _ _ _ _ _ _ _
2026-09-29T22:20:00.9449214Z   
2026-09-29T22:20:00.9449452Z       def _hook_optimization_args() -> tuple[list[str], list[str]]:
2026-09-29T22:20:00.9449923Z           """The hook image's own profile (docs/architecture/native_types.md, "Hook profile").
2026-09-29T22:20:00.9450301Z   
2026-09-29T22:20:00.9450540Z           Driven by variables of its own, never `_strata`'s: `PGO_MODE`,
2026-09-29T22:20:00.9450990Z           `STRATA_ENABLE_LTO` and `STRATA_PGO_PROFILE` leave the hook plain, so
2026-09-29T22:20:00.9451473Z           nothing it runs can enter `_strata`'s profile and `_strata`'s profile never
2026-09-29T22:20:00.9452086Z           reaches it (scripts/pgo_build.sh phases 1-2 check both).
2026-09-29T22:20:00.9452390Z   
2026-09-29T22:20:00.9452636Z           - `STRATA_HOOK_PGO_MODE=generate` -- instrument the hook alone.
2026-09-29T22:20:00.9453027Z           - `STRATA_HOOK_PGO_MODE=use`      -- optimize it against
2026-09-29T22:20:00.9453434Z             `STRATA_HOOK_PGO_PROFILE`, with LTO where the toolchain spells it (not
2026-09-29T22:20:00.9453810Z             clang-cl, whose LTO needs lld-link).
2026-09-29T22:20:00.9454060Z           """
2026-09-29T22:20:00.9454325Z           mode = os.environ.get("STRATA_HOOK_PGO_MODE", "").strip().lower()
2026-09-29T22:20:00.9454651Z           if not mode:
2026-09-29T22:20:00.9454841Z               return [], []
2026-09-29T22:20:00.9455157Z           if mode not in ("generate", "use"):
2026-09-29T22:20:00.9455568Z               raise SystemExit(f"STRATA_HOOK_PGO_MODE must be 'generate' or 'use', not {mode!r}.")
2026-09-29T22:20:00.9455990Z           kind = _compiler_kind()
2026-09-29T22:20:00.9456214Z           if kind == "msvc":
2026-09-29T22:20:00.9456576Z   >           raise SystemExit("STRATA_HOOK_PGO_MODE is not supported with MSVC; use clang-cl.")
2026-09-29T22:20:00.9457109Z   E           SystemExit: STRATA_HOOK_PGO_MODE is not supported with MSVC; use clang-cl.
2026-09-29T22:20:00.9457482Z   
2026-09-29T22:20:00.9457642Z   setup.py:588: SystemExit
2026-09-29T22:20:00.9457970Z   ________ test_setup_gate_scopes_only_an_instrumented_build[use-False] _________
2026-09-29T22:20:00.9458325Z   
2026-09-29T22:20:00.9458615Z   monkeypatch = <_pytest.monkeypatch.MonkeyPatch object at 0x000001707F5E8CE0>
2026-09-29T22:20:00.9458998Z   mode = 'use', training = False
2026-09-29T22:20:00.9459208Z   
2026-09-29T22:20:00.9459383Z       @pytest.mark.parametrize(
2026-09-29T22:20:00.9459613Z           ("mode", "training"),
2026-09-29T22:20:00.9459959Z           [("generate", True), (" Generate ", True), ("use", False), ("", False), (None, False)],
2026-09-29T22:20:00.9460338Z       )
2026-09-29T22:20:00.9461001Z       def test_setup_gate_scopes_only_an_instrumented_build(monkeypatch, mode, training):
2026-09-29T22:20:00.9461452Z   >       command, facade = _gated_build_ext(monkeypatch)
2026-09-29T22:20:00.9461755Z                             ^^^^^^^^^^^^^^^^^^^^^^^^^^^^^
2026-09-29T22:20:00.9461999Z   
2026-09-29T22:20:00.9462206Z   tests\unit\native_types\test_training_scope.py:139:
2026-09-29T22:20:00.9462542Z   _ _ _ _ _ _ _ _ _ _ _ _ _ _ _ _ _ _ _ _ _ _ _ _ _ _ _ _ _ _ _ _ _ _ _ _ _ _ _ _
2026-09-29T22:20:00.9462949Z   tests\unit\native_types\test_training_scope.py:130: in _gated_build_ext
2026-09-29T22:20:00.9463457Z       namespace = runpy.run_path(str(PROJECT_ROOT / "setup.py"), run_name="setup_under_test")
2026-09-29T22:20:00.9463921Z                   ^^^^^^^^^^^^^^^^^^^^^^^^^^^^^^^^^^^^^^^^^^^^^^^^^^^^^^^^^^^^^^^^^^^^^^^^^^^
2026-09-29T22:20:00.9464230Z   <frozen runpy>:287: in run_path
2026-09-29T22:20:00.9464452Z       ???
2026-09-29T22:20:00.9464633Z   <frozen runpy>:98: in _run_module_code
2026-09-29T22:20:00.9464872Z       ???
2026-09-29T22:20:00.9465045Z   <frozen runpy>:88: in _run_code
2026-09-29T22:20:00.9465253Z       ???
2026-09-29T22:20:00.9465420Z   setup.py:667: in <module>
2026-09-29T22:20:00.9465661Z       extra_compile_args=_hook_compile_args(),
2026-09-29T22:20:00.9465920Z                          ^^^^^^^^^^^^^^^^^^^^
2026-09-29T22:20:00.9466170Z   setup.py:600: in _hook_compile_args
2026-09-29T22:20:00.9466435Z       return args + _hook_optimization_args()[0]
2026-09-29T22:20:00.9466698Z                     ^^^^^^^^^^^^^^^^^^^^^^^^^
2026-09-29T22:20:00.9466983Z   _ _ _ _ _ _ _ _ _ _ _ _ _ _ _ _ _ _ _ _ _ _ _ _ _ _ _ _ _ _ _ _ _ _ _ _ _ _ _ _
2026-09-29T22:20:00.9467277Z   
2026-09-29T22:20:00.9467515Z       def _hook_optimization_args() -> tuple[list[str], list[str]]:
2026-09-29T22:20:00.9467977Z           """The hook image's own profile (docs/architecture/native_types.md, "Hook profile").
2026-09-29T22:20:00.9468499Z   
2026-09-29T22:20:00.9468742Z           Driven by variables of its own, never `_strata`'s: `PGO_MODE`,
2026-09-29T22:20:00.9469175Z           `STRATA_ENABLE_LTO` and `STRATA_PGO_PROFILE` leave the hook plain, so
2026-09-29T22:20:00.9469644Z           nothing it runs can enter `_strata`'s profile and `_strata`'s profile never
2026-09-29T22:20:00.9470078Z           reaches it (scripts/pgo_build.sh phases 1-2 check both).
2026-09-29T22:20:00.9470374Z   
2026-09-29T22:20:00.9470623Z           - `STRATA_HOOK_PGO_MODE=generate` -- instrument the hook alone.
2026-09-29T22:20:00.9471016Z           - `STRATA_HOOK_PGO_MODE=use`      -- optimize it against
2026-09-29T22:20:00.9471422Z             `STRATA_HOOK_PGO_PROFILE`, with LTO where the toolchain spells it (not
2026-09-29T22:20:00.9471900Z             clang-cl, whose LTO needs lld-link).
2026-09-29T22:20:00.9472157Z           """
2026-09-29T22:20:00.9472430Z           mode = os.environ.get("STRATA_HOOK_PGO_MODE", "").strip().lower()
2026-09-29T22:20:00.9472763Z           if not mode:
2026-09-29T22:20:00.9472958Z               return [], []
2026-09-29T22:20:00.9473175Z           if mode not in ("generate", "use"):
2026-09-29T22:20:00.9473584Z               raise SystemExit(f"STRATA_HOOK_PGO_MODE must be 'generate' or 'use', not {mode!r}.")
2026-09-29T22:20:00.9474055Z           kind = _compiler_kind()
2026-09-29T22:20:00.9474280Z           if kind == "msvc":
2026-09-29T22:20:00.9474643Z   >           raise SystemExit("STRATA_HOOK_PGO_MODE is not supported with MSVC; use clang-cl.")
2026-09-29T22:20:00.9475175Z   E           SystemExit: STRATA_HOOK_PGO_MODE is not supported with MSVC; use clang-cl.
2026-09-29T22:20:00.9475549Z   
2026-09-29T22:20:00.9475718Z   setup.py:588: SystemExit
2026-09-29T22:20:00.9476047Z   __________ test_setup_gate_scopes_only_an_instrumented_build[-False] __________
2026-09-29T22:20:00.9476401Z   
2026-09-29T22:20:00.9476688Z   monkeypatch = <_pytest.monkeypatch.MonkeyPatch object at 0x000001707F5E99D0>
2026-09-29T22:20:00.9477068Z   mode = '', training = False
2026-09-29T22:20:00.9477265Z   
2026-09-29T22:20:00.9477430Z       @pytest.mark.parametrize(
2026-09-29T22:20:00.9477649Z           ("mode", "training"),
2026-09-29T22:20:00.9477996Z           [("generate", True), (" Generate ", True), ("use", False), ("", False), (None, False)],
2026-09-29T22:20:00.9478370Z       )
2026-09-29T22:20:00.9478684Z       def test_setup_gate_scopes_only_an_instrumented_build(monkeypatch, mode, training):
2026-09-29T22:20:00.9479127Z   >       command, facade = _gated_build_ext(monkeypatch)
2026-09-29T22:20:00.9479420Z                             ^^^^^^^^^^^^^^^^^^^^^^^^^^^^^
2026-09-29T22:20:00.9479655Z   
2026-09-29T22:20:00.9479859Z   tests\unit\native_types\test_training_scope.py:139:
2026-09-29T22:20:00.9480200Z   _ _ _ _ _ _ _ _ _ _ _ _ _ _ _ _ _ _ _ _ _ _ _ _ _ _ _ _ _ _ _ _ _ _ _ _ _ _ _ _
2026-09-29T22:20:00.9480605Z   tests\unit\native_types\test_training_scope.py:130: in _gated_build_ext
2026-09-29T22:20:00.9481472Z       namespace = runpy.run_path(str(PROJECT_ROOT / "setup.py"), run_name="setup_under_test")
2026-09-29T22:20:00.9481931Z                   ^^^^^^^^^^^^^^^^^^^^^^^^^^^^^^^^^^^^^^^^^^^^^^^^^^^^^^^^^^^^^^^^^^^^^^^^^^^
2026-09-29T22:20:00.9482237Z   <frozen runpy>:287: in run_path
2026-09-29T22:20:00.9482457Z       ???
2026-09-29T22:20:00.9482637Z   <frozen runpy>:98: in _run_module_code
2026-09-29T22:20:00.9482868Z       ???
2026-09-29T22:20:00.9483035Z   <frozen runpy>:88: in _run_code
2026-09-29T22:20:00.9483246Z       ???
2026-09-29T22:20:00.9483413Z   setup.py:667: in <module>
2026-09-29T22:20:00.9483652Z       extra_compile_args=_hook_compile_args(),
2026-09-29T22:20:00.9483925Z                          ^^^^^^^^^^^^^^^^^^^^
2026-09-29T22:20:00.9484186Z   setup.py:600: in _hook_compile_args
2026-09-29T22:20:00.9484458Z       return args + _hook_optimization_args()[0]
2026-09-29T22:20:00.9484728Z                     ^^^^^^^^^^^^^^^^^^^^^^^^^
2026-09-29T22:20:00.9485144Z   _ _ _ _ _ _ _ _ _ _ _ _ _ _ _ _ _ _ _ _ _ _ _ _ _ _ _ _ _ _ _ _ _ _ _ _ _ _ _ _
2026-09-29T22:20:00.9485436Z   
2026-09-29T22:20:00.9485674Z       def _hook_optimization_args() -> tuple[list[str], list[str]]:
2026-09-29T22:20:00.9486137Z           """The hook image's own profile (docs/architecture/native_types.md, "Hook profile").
2026-09-29T22:20:00.9486518Z   
2026-09-29T22:20:00.9486765Z           Driven by variables of its own, never `_strata`'s: `PGO_MODE`,
2026-09-29T22:20:00.9487196Z           `STRATA_ENABLE_LTO` and `STRATA_PGO_PROFILE` leave the hook plain, so
2026-09-29T22:20:00.9487664Z           nothing it runs can enter `_strata`'s profile and `_strata`'s profile never
2026-09-29T22:20:00.9488097Z           reaches it (scripts/pgo_build.sh phases 1-2 check both).
2026-09-29T22:20:00.9488482Z   
2026-09-29T22:20:00.9488730Z           - `STRATA_HOOK_PGO_MODE=generate` -- instrument the hook alone.
2026-09-29T22:20:00.9489126Z           - `STRATA_HOOK_PGO_MODE=use`      -- optimize it against
2026-09-29T22:20:00.9489530Z             `STRATA_HOOK_PGO_PROFILE`, with LTO where the toolchain spells it (not
2026-09-29T22:20:00.9489908Z             clang-cl, whose LTO needs lld-link).
2026-09-29T22:20:00.9490166Z           """
2026-09-29T22:20:00.9490422Z           mode = os.environ.get("STRATA_HOOK_PGO_MODE", "").strip().lower()
2026-09-29T22:20:00.9490759Z           if not mode:
2026-09-29T22:20:00.9490951Z               return [], []
2026-09-29T22:20:00.9491169Z           if mode not in ("generate", "use"):
2026-09-29T22:20:00.9491580Z               raise SystemExit(f"STRATA_HOOK_PGO_MODE must be 'generate' or 'use', not {mode!r}.")
2026-09-29T22:20:00.9491996Z           kind = _compiler_kind()
2026-09-29T22:20:00.9492223Z           if kind == "msvc":
2026-09-29T22:20:00.9492597Z   >           raise SystemExit("STRATA_HOOK_PGO_MODE is not supported with MSVC; use clang-cl.")
2026-09-29T22:20:00.9493140Z   E           SystemExit: STRATA_HOOK_PGO_MODE is not supported with MSVC; use clang-cl.
2026-09-29T22:20:00.9493558Z   
2026-09-29T22:20:00.9493723Z   setup.py:588: SystemExit
2026-09-29T22:20:00.9494051Z   ________ test_setup_gate_scopes_only_an_instrumented_build[None-False] ________
2026-09-29T22:20:00.9494407Z   
2026-09-29T22:20:00.9494697Z   monkeypatch = <_pytest.monkeypatch.MonkeyPatch object at 0x000001707F5EA450>
2026-09-29T22:20:00.9495082Z   mode = None, training = False
2026-09-29T22:20:00.9495289Z   
2026-09-29T22:20:00.9495459Z       @pytest.mark.parametrize(
2026-09-29T22:20:00.9495685Z           ("mode", "training"),
2026-09-29T22:20:00.9496040Z           [("generate", True), (" Generate ", True), ("use", False), ("", False), (None, False)],
2026-09-29T22:20:00.9496411Z       )
2026-09-29T22:20:00.9496727Z       def test_setup_gate_scopes_only_an_instrumented_build(monkeypatch, mode, training):
2026-09-29T22:20:00.9497179Z   >       command, facade = _gated_build_ext(monkeypatch)
2026-09-29T22:20:00.9497480Z                             ^^^^^^^^^^^^^^^^^^^^^^^^^^^^^
2026-09-29T22:20:00.9497720Z   
2026-09-29T22:20:00.9497929Z   tests\unit\native_types\test_training_scope.py:139:
2026-09-29T22:20:00.9498268Z   _ _ _ _ _ _ _ _ _ _ _ _ _ _ _ _ _ _ _ _ _ _ _ _ _ _ _ _ _ _ _ _ _ _ _ _ _ _ _ _
2026-09-29T22:20:00.9498675Z   tests\unit\native_types\test_training_scope.py:130: in _gated_build_ext
2026-09-29T22:20:00.9499202Z       namespace = runpy.run_path(str(PROJECT_ROOT / "setup.py"), run_name="setup_under_test")
2026-09-29T22:20:00.9499656Z                   ^^^^^^^^^^^^^^^^^^^^^^^^^^^^^^^^^^^^^^^^^^^^^^^^^^^^^^^^^^^^^^^^^^^^^^^^^^^
2026-09-29T22:20:00.9499965Z   <frozen runpy>:287: in run_path
2026-09-29T22:20:00.9500187Z       ???
2026-09-29T22:20:00.9500368Z   <frozen runpy>:98: in _run_module_code
2026-09-29T22:20:00.9500610Z       ???
2026-09-29T22:20:00.9500787Z   <frozen runpy>:88: in _run_code
2026-09-29T22:20:00.9501353Z       ???
2026-09-29T22:20:00.9501532Z   setup.py:667: in <module>
2026-09-29T22:20:00.9501948Z       extra_compile_args=_hook_compile_args(),
2026-09-29T22:20:00.9502219Z                          ^^^^^^^^^^^^^^^^^^^^
2026-09-29T22:20:00.9502477Z   setup.py:600: in _hook_compile_args
2026-09-29T22:20:00.9502743Z       return args + _hook_optimization_args()[0]
2026-09-29T22:20:00.9503010Z                     ^^^^^^^^^^^^^^^^^^^^^^^^^
2026-09-29T22:20:00.9503297Z   _ _ _ _ _ _ _ _ _ _ _ _ _ _ _ _ _ _ _ _ _ _ _ _ _ _ _ _ _ _ _ _ _ _ _ _ _ _ _ _
2026-09-29T22:20:00.9503586Z   
2026-09-29T22:20:00.9503822Z       def _hook_optimization_args() -> tuple[list[str], list[str]]:
2026-09-29T22:20:00.9504290Z           """The hook image's own profile (docs/architecture/native_types.md, "Hook profile").
2026-09-29T22:20:00.9504679Z   
2026-09-29T22:20:00.9505010Z           Driven by variables of its own, never `_strata`'s: `PGO_MODE`,
2026-09-29T22:20:00.9505455Z           `STRATA_ENABLE_LTO` and `STRATA_PGO_PROFILE` leave the hook plain, so
2026-09-29T22:20:00.9505928Z           nothing it runs can enter `_strata`'s profile and `_strata`'s profile never
2026-09-29T22:20:00.9506367Z           reaches it (scripts/pgo_build.sh phases 1-2 check both).
2026-09-29T22:20:00.9506666Z   
2026-09-29T22:20:00.9506912Z           - `STRATA_HOOK_PGO_MODE=generate` -- instrument the hook alone.
2026-09-29T22:20:00.9507302Z           - `STRATA_HOOK_PGO_MODE=use`      -- optimize it against
2026-09-29T22:20:00.9507719Z             `STRATA_HOOK_PGO_PROFILE`, with LTO where the toolchain spells it (not
2026-09-29T22:20:00.9508110Z             clang-cl, whose LTO needs lld-link).
2026-09-29T22:20:00.9508365Z           """
2026-09-29T22:20:00.9508623Z           mode = os.environ.get("STRATA_HOOK_PGO_MODE", "").strip().lower()
2026-09-29T22:20:00.9508956Z           if not mode:
2026-09-29T22:20:00.9509148Z               return [], []
2026-09-29T22:20:00.9509374Z           if mode not in ("generate", "use"):
2026-09-29T22:20:00.9509789Z               raise SystemExit(f"STRATA_HOOK_PGO_MODE must be 'generate' or 'use', not {mode!r}.")
2026-09-29T22:20:00.9510211Z           kind = _compiler_kind()
2026-09-29T22:20:00.9510438Z           if kind == "msvc":
2026-09-29T22:20:00.9510818Z   >           raise SystemExit("STRATA_HOOK_PGO_MODE is not supported with MSVC; use clang-cl.")
2026-09-29T22:20:00.9511354Z   E           SystemExit: STRATA_HOOK_PGO_MODE is not supported with MSVC; use clang-cl.
2026-09-29T22:20:00.9511729Z   
2026-09-29T22:20:00.9511897Z   setup.py:588: SystemExit
2026-09-29T22:20:00.9512170Z   =========================== short test summary info ===========================
2026-09-29T22:20:00.9513094Z   FAILED tests/unit/native_types/test_training_scope.py::test_setup_gate_scopes_only_an_instrumented_build[generate-True] - SystemExit: STRATA_HOOK_PGO_MODE is not supported with MSVC; use clang-cl.
2026-09-29T22:20:00.9514430Z   FAILED tests/unit/native_types/test_training_scope.py::test_setup_gate_scopes_only_an_instrumented_build[ Generate -True] - SystemExit: STRATA_HOOK_PGO_MODE is not supported with MSVC; use clang-cl.
2026-09-29T22:20:00.9515753Z   FAILED tests/unit/native_types/test_training_scope.py::test_setup_gate_scopes_only_an_instrumented_build[use-False] - SystemExit: STRATA_HOOK_PGO_MODE is not supported with MSVC; use clang-cl.
2026-09-29T22:20:00.9517026Z   FAILED tests/unit/native_types/test_training_scope.py::test_setup_gate_scopes_only_an_instrumented_build[-False] - SystemExit: STRATA_HOOK_PGO_MODE is not supported with MSVC; use clang-cl.
2026-09-29T22:20:00.9518303Z   FAILED tests/unit/native_types/test_training_scope.py::test_setup_gate_scopes_only_an_instrumented_build[None-False] - SystemExit: STRATA_HOOK_PGO_MODE is not supported with MSVC; use clang-cl.
2026-09-29T22:20:00.9519158Z   ================= 5 failed, 3895 passed, 21 skipped in 24.02s =================
2026-09-29T22:20:00.9519725Z     test temp files kept for inspection: C:\Users\RUNNER~1\AppData\Local\Temp\pytest-of-runneradmin\m9t4l8yl
2026-09-29T22:20:00.9521682Z   Python tests failed � aborting build (test-gated build)
2026-09-29T22:20:00.9522161Z   [end of output]
2026-09-29T22:20:00.9522337Z   
2026-09-29T22:20:00.9522654Z   note: This error originates from a subprocess, and is likely not a problem with pip.
2026-09-29T22:20:00.9523087Z   ERROR: Failed building editable for strata
2026-09-29T22:20:00.9523373Z Failed to build strata
2026-09-29T22:20:00.9523629Z error: failed-wheel-build-for-install
2026-09-29T22:20:00.9523818Z 
2026-09-29T22:20:00.9524016Z Failed to build installable wheels for some pyproject.toml based projects
2026-09-29T22:20:00.9524303Z 
2026-09-29T22:20:00.9524372Z strata
2026-09-29T22:20:03.5534803Z command failed (1): C:\hostedtoolcache\windows\Python\3.12.10\x64\python.exe
2026-09-29T22:20:03.5684177Z ##[error]Process completed with exit code 1.
2026-09-29T22:20:03.5928502Z ##[group]Run actions/upload-artifact@v4
2026-09-29T22:20:03.5928831Z with:
2026-09-29T22:20:03.5929025Z   name: benchmark-windows-x86_64
2026-09-29T22:20:03.5929480Z   path: bench_ci_*.md
bench_ci_*.json
bench_native_*.md
bench_native_*.json
identity-*.txt

2026-09-29T22:20:03.5929913Z   if-no-files-found: ignore
2026-09-29T22:20:03.5930132Z   compression-level: 6
2026-09-29T22:20:03.5930332Z   overwrite: false
2026-09-29T22:20:03.5930533Z   include-hidden-files: false
2026-09-29T22:20:03.5930754Z env:
2026-09-29T22:20:03.5930994Z   pythonLocation: C:\hostedtoolcache\windows\Python\3.12.10\x64
2026-09-29T22:20:03.5931438Z   PKG_CONFIG_PATH: C:\hostedtoolcache\windows\Python\3.12.10\x64/lib/pkgconfig
2026-09-29T22:20:03.5931876Z   Python_ROOT_DIR: C:\hostedtoolcache\windows\Python\3.12.10\x64
2026-09-29T22:20:03.5932262Z   Python2_ROOT_DIR: C:\hostedtoolcache\windows\Python\3.12.10\x64
2026-09-29T22:20:03.5932684Z   Python3_ROOT_DIR: C:\hostedtoolcache\windows\Python\3.12.10\x64
2026-09-29T22:20:03.5932983Z ##[endgroup]
2026-09-29T22:20:03.7943960Z (node:1736) [DEP0040] DeprecationWarning: The `punycode` module is deprecated. Please use a userland alternative instead.
2026-09-29T22:20:03.7944700Z (Use `node --trace-deprecation ...` to show where the warning was created)
2026-09-29T22:20:03.8045706Z No files were found with the provided path: bench_ci_*.md
2026-09-29T22:20:03.8046068Z bench_ci_*.json
2026-09-29T22:20:03.8046255Z bench_native_*.md
2026-09-29T22:20:03.8046445Z bench_native_*.json
2026-09-29T22:20:03.8046687Z identity-*.txt. No artifacts will be uploaded.
2026-09-29T22:20:03.8411076Z Post job cleanup.
2026-09-29T22:20:04.0444324Z [command]"C:\Program Files\Git\bin\git.exe" version
2026-09-29T22:20:04.0728163Z git version 2.55.0.windows.5
2026-09-29T22:20:04.0799214Z Temporarily overriding HOME='D:\a\_temp\14d40028-ccbd-4eef-ba80-d621b504cf92' before making global git config changes
2026-09-29T22:20:04.0800325Z Adding repository directory to the temporary git global config as a safe directory
2026-09-29T22:20:04.0811060Z [command]"C:\Program Files\Git\bin\git.exe" config --global --add safe.directory D:\a\strata\strata
2026-09-29T22:20:04.1213088Z [command]"C:\Program Files\Git\bin\git.exe" config --local --name-only --get-regexp core\.sshCommand
2026-09-29T22:20:04.1577326Z [command]"C:\Program Files\Git\bin\git.exe" submodule foreach --recursive "sh -c \"git config --local --name-only --get-regexp 'core\.sshCommand' && git config --local --unset-all 'core.sshCommand' || :\""
2026-09-29T22:20:04.7595616Z [command]"C:\Program Files\Git\bin\git.exe" config --local --name-only --get-regexp http\.https\:\/\/github\.com\/\.extraheader
2026-09-29T22:20:04.7872901Z http.https://github.com/.extraheader
2026-09-29T22:20:04.7920230Z [command]"C:\Program Files\Git\bin\git.exe" config --local --unset-all http.https://github.com/.extraheader
2026-09-29T22:20:04.8248138Z [command]"C:\Program Files\Git\bin\git.exe" submodule foreach --recursive "sh -c \"git config --local --name-only --get-regexp 'http\.https\:\/\/github\.com\/\.extraheader' && git config --local --unset-all 'http.https://github.com/.extraheader' || :\""
2026-09-29T22:20:05.3803181Z [command]"C:\Program Files\Git\bin\git.exe" config --local --name-only --get-regexp ^includeIf\.gitdir:
2026-09-29T22:20:05.4120516Z [command]"C:\Program Files\Git\bin\git.exe" submodule foreach --recursive "git config --local --show-origin --name-only --get-regexp remote.origin.url"
2026-09-29T22:20:05.9948517Z Cleaning up orphan processes
2026-09-29T22:20:06.0249880Z Terminate orphan process: pid (6096) (vctip)
2026-09-29T22:20:06.0349454Z ##[warning]Node.js 20 is deprecated. The following actions target Node.js 20 but are being forced to run on Node.js 24: actions/checkout@v4, actions/setup-python@v5, actions/upload-artifact@v4. For more information see: https://github.blog/changelog/2025-09-19-deprecation-of-node-20-on-github-actions-runners/
